Marital status,Application mode,Application order,Course,Daytime/evening attendance	,Previous qualification,Previous qualification (grade),Nacionality,Mother's qualification,Father's qualification,Mother's occupation,Father's occupation,Admission grade,Displaced,Educational special needs,Debtor,Tuition fees up to date,Gender,Scholarship holder,Age at enrollment,International,Curricular units 1st sem (credited),Curricular units 1st sem (enrolled),Curricular units 1st sem (evaluations),Curricular units 1st sem (approved),Curricular units 1st sem (grade),Curricular units 1st sem (without evaluations),Curricular units 2nd sem (credited),Curricular units 2nd sem (enrolled),Curricular units 2nd sem (evaluations),Curricular units 2nd sem (approved),Curricular units 2nd sem (grade),Curricular units 2nd sem (without evaluations),Unemployment rate,Inflation rate,GDP,Target
1.0,17.0,5.0,171.0,1.0,1.0,122.0,1.0,19.0,12.0,5.0,9.0,127.30000000000001,1.0,0.0,0.0,1.0,1.0,0.0,20.0,0.0,0.0,0.0,0.0,0.0,0.0,0.0,0.0,0.0,0.0,0.0,0.0,0.0,10.8,1.4000000000000001,1.74,Dropout
1.0,15.0,1.0,9254.0,1.0,1.0,160.0,1.0,1.0,3.0,3.0,3.0,142.5,1.0,0.0,0.0,0.0,1.0,0.0,19.0,0.0,0.0,6.0,6.0,6.0,14.0,0.0,0.0,6.0,6.0,6.0,13.6666666666667,0.0,13.9,-0.30000000000000004,0.79,Graduate
1.0,1.0,5.0,9070.0,1.0,1.0,122.0,1.0,37.0,37.0,9.0,9.0,124.80000000000001,1.0,0.0,0.0,0.0,1.0,0.0,19.0,0.0,0.0,6.0,0.0,0.0,0.0,0.0,0.0,6.0,0.0,0.0,0.0,0.0,10.8,1.4000000000000001,1.74,Dropout
1.0,17.0,2.0,9773.0,1.0,1.0,122.0,1.0,38.0,37.0,5.0,3.0,119.60000000000001,1.0,0.0,0.0,1.0,0.0,0.0,20.0,0.0,0.0,6.0,8.0,6.0,13.4285714285714,0.0,0.0,6.0,10.0,5.0,12.4,0.0,9.4,-0.8,-3.12,Graduate
2.0,39.0,1.0,8014.0,0.0,1.0,100.0,1.0,37.0,38.0,9.0,9.0,141.5,0.0,0.0,0.0,1.0,0.0,0.0,45.0,0.0,0.0,6.0,9.0,5.0,12.3333333333333,0.0,0.0,6.0,6.0,6.0,13.0,0.0,13.9,-0.30000000000000004,0.79,Graduate
2.0,39.0,1.0,9991.0,0.0,19.0,133.1,1.0,37.0,37.0,9.0,7.0,114.80000000000001,0.0,0.0,1.0,1.0,1.0,0.0,50.0,0.0,0.0,5.0,10.0,5.0,11.8571428571429,0.0,0.0,5.0,17.0,5.0,11.5,5.0,16.2,0.30000000000000004,-0.92,Graduate
1.0,1.0,1.0,9500.0,1.0,1.0,142.0,1.0,19.0,38.0,7.0,10.0,128.4,1.0,0.0,0.0,1.0,0.0,1.0,18.0,0.0,0.0,7.0,9.0,7.0,13.3,0.0,0.0,8.0,8.0,8.0,14.345,0.0,15.5,2.8000000000000003,-4.0600000000000005,Graduate
1.0,18.0,4.0,9254.0,1.0,1.0,119.0,1.0,37.0,37.0,9.0,9.0,113.10000000000001,1.0,0.0,0.0,0.0,1.0,0.0,22.0,0.0,0.0,5.0,5.0,0.0,0.0,0.0,0.0,5.0,5.0,0.0,0.0,0.0,15.5,2.8000000000000003,-4.0600000000000005,Dropout
1.0,1.0,3.0,9238.0,1.0,1.0,137.0,62.0,1.0,1.0,9.0,9.0,129.3,0.0,0.0,0.0,1.0,0.0,1.0,21.0,1.0,0.0,6.0,8.0,6.0,13.875,0.0,0.0,6.0,7.0,6.0,14.1428571428571,0.0,16.2,0.30000000000000004,-0.92,Graduate
1.0,1.0,1.0,9238.0,1.0,1.0,138.0,1.0,1.0,19.0,4.0,7.0,123.0,1.0,0.0,1.0,0.0,0.0,0.0,18.0,0.0,0.0,6.0,9.0,5.0,11.4,0.0,0.0,6.0,14.0,2.0,13.5,0.0,8.9,1.4000000000000001,3.5100000000000002,Dropout
1.0,1.0,1.0,9670.0,1.0,1.0,139.0,1.0,38.0,19.0,5.0,7.0,130.6,1.0,0.0,0.0,1.0,0.0,0.0,18.0,0.0,0.0,6.0,6.0,6.0,12.3333333333333,0.0,0.0,6.0,7.0,5.0,14.200000000000001,0.0,13.9,-0.30000000000000004,0.79,Graduate
1.0,1.0,1.0,9500.0,1.0,1.0,136.0,1.0,19.0,38.0,9.0,9.0,119.30000000000001,1.0,0.0,0.0,1.0,0.0,1.0,18.0,0.0,0.0,8.0,8.0,7.0,13.214285714285701,0.0,0.0,8.0,8.0,7.0,13.214285714285701,0.0,12.700000000000001,3.7,-1.7000000000000002,Graduate
1.0,1.0,2.0,9853.0,1.0,1.0,133.0,1.0,19.0,37.0,4.0,9.0,130.20000000000002,1.0,0.0,0.0,1.0,0.0,0.0,19.0,0.0,0.0,6.0,6.0,0.0,0.0,0.0,0.0,6.0,0.0,0.0,0.0,0.0,12.700000000000001,3.7,-1.7000000000000002,Dropout
1.0,53.0,1.0,9254.0,1.0,42.0,110.0,1.0,1.0,1.0,4.0,7.0,111.80000000000001,1.0,0.0,0.0,1.0,0.0,1.0,21.0,0.0,0.0,6.0,7.0,6.0,10.5714285714286,0.0,0.0,6.0,8.0,5.0,11.0,0.0,8.9,1.4000000000000001,3.5100000000000002,Graduate
1.0,1.0,1.0,9085.0,1.0,1.0,149.0,1.0,38.0,37.0,5.0,5.0,137.1,1.0,0.0,0.0,1.0,0.0,1.0,18.0,0.0,0.0,5.0,7.0,4.0,13.25,0.0,0.0,5.0,5.0,5.0,12.0,0.0,10.8,1.4000000000000001,1.74,Graduate
1.0,1.0,1.0,9773.0,1.0,1.0,127.0,1.0,19.0,37.0,9.0,3.0,120.7,1.0,0.0,0.0,1.0,0.0,0.0,20.0,0.0,0.0,6.0,6.0,5.0,13.200000000000001,0.0,0.0,6.0,7.0,0.0,0.0,0.0,15.5,2.8000000000000003,-4.0600000000000005,Dropout
1.0,18.0,1.0,9238.0,1.0,1.0,137.0,1.0,19.0,38.0,5.0,8.0,137.4,1.0,0.0,0.0,1.0,0.0,0.0,18.0,0.0,0.0,6.0,10.0,1.0,12.0,0.0,0.0,6.0,14.0,2.0,11.0,0.0,10.8,1.4000000000000001,1.74,Enrolled
1.0,17.0,2.0,9500.0,1.0,1.0,135.0,1.0,19.0,1.0,5.0,4.0,127.30000000000001,1.0,0.0,0.0,1.0,0.0,0.0,18.0,0.0,0.0,7.0,8.0,7.0,13.30625,0.0,0.0,8.0,8.0,8.0,14.545,0.0,15.5,2.8000000000000003,-4.0600000000000005,Graduate
1.0,1.0,1.0,9130.0,1.0,1.0,137.0,1.0,3.0,19.0,3.0,5.0,136.3,1.0,0.0,0.0,1.0,0.0,0.0,20.0,0.0,0.0,5.0,8.0,4.0,12.5,1.0,0.0,5.0,8.0,4.0,12.25,2.0,10.8,1.4000000000000001,1.74,Graduate
1.0,1.0,1.0,9853.0,1.0,1.0,140.0,1.0,19.0,19.0,7.0,7.0,124.60000000000001,1.0,0.0,0.0,1.0,0.0,0.0,18.0,0.0,0.0,7.0,7.0,6.0,11.6666666666667,0.0,0.0,7.0,8.0,6.0,13.5,0.0,16.2,0.30000000000000004,-0.92,Enrolled
1.0,1.0,3.0,171.0,1.0,1.0,122.0,1.0,1.0,1.0,9.0,8.0,120.30000000000001,0.0,0.0,0.0,1.0,0.0,1.0,21.0,0.0,0.0,0.0,0.0,0.0,0.0,0.0,0.0,0.0,0.0,0.0,0.0,0.0,11.100000000000001,0.6000000000000001,2.02,Graduate
1.0,18.0,4.0,9556.0,1.0,1.0,127.0,1.0,1.0,38.0,4.0,7.0,121.80000000000001,1.0,0.0,0.0,1.0,0.0,0.0,20.0,0.0,0.0,7.0,14.0,7.0,11.4375,0.0,0.0,8.0,9.0,8.0,11.425,0.0,12.700000000000001,3.7,-1.7000000000000002,Enrolled
1.0,1.0,4.0,9500.0,1.0,1.0,142.0,1.0,19.0,19.0,1.0,1.0,125.5,1.0,0.0,0.0,1.0,0.0,0.0,18.0,0.0,0.0,8.0,12.0,7.0,12.8571428571429,0.0,0.0,8.0,12.0,7.0,12.8571428571429,0.0,12.700000000000001,3.7,-1.7000000000000002,Graduate
1.0,1.0,4.0,9670.0,1.0,1.0,125.0,1.0,1.0,38.0,4.0,7.0,114.9,1.0,0.0,0.0,1.0,0.0,1.0,19.0,0.0,0.0,6.0,8.0,6.0,13.375,0.0,0.0,6.0,7.0,6.0,12.2857142857143,0.0,11.100000000000001,0.6000000000000001,2.02,Graduate
1.0,1.0,1.0,9500.0,1.0,1.0,126.0,1.0,19.0,19.0,3.0,7.0,123.9,0.0,0.0,0.0,1.0,0.0,0.0,19.0,0.0,0.0,7.0,8.0,6.0,13.2966666666667,0.0,0.0,8.0,9.0,7.0,14.1142857142857,0.0,11.100000000000001,0.6000000000000001,2.02,Graduate
1.0,1.0,1.0,9238.0,1.0,1.0,151.0,1.0,19.0,38.0,9.0,9.0,157.0,1.0,0.0,1.0,1.0,0.0,1.0,18.0,0.0,0.0,6.0,8.0,5.0,11.600000000000001,0.0,0.0,6.0,12.0,4.0,11.0,0.0,7.6000000000000005,2.6,0.32,Enrolled
1.0,17.0,2.0,9238.0,1.0,1.0,115.0,1.0,19.0,38.0,7.0,8.0,116.4,1.0,0.0,0.0,1.0,0.0,0.0,21.0,0.0,0.0,6.0,9.0,6.0,11.375,0.0,0.0,6.0,9.0,6.0,13.2857142857143,0.0,16.2,0.30000000000000004,-0.92,Graduate
1.0,1.0,1.0,9085.0,1.0,1.0,138.0,1.0,19.0,19.0,3.0,3.0,131.0,1.0,0.0,0.0,1.0,0.0,0.0,18.0,0.0,0.0,5.0,9.0,5.0,12.6666666666667,2.0,0.0,5.0,7.0,4.0,13.0,0.0,9.4,-0.8,-3.12,Enrolled
1.0,1.0,1.0,9147.0,1.0,1.0,135.0,1.0,19.0,1.0,9.0,9.0,122.10000000000001,1.0,0.0,0.0,1.0,0.0,0.0,20.0,0.0,0.0,5.0,6.0,5.0,12.0,0.0,0.0,5.0,6.0,5.0,12.3333333333333,0.0,16.2,0.30000000000000004,-0.92,Graduate
1.0,17.0,2.0,9500.0,1.0,1.0,127.0,1.0,3.0,3.0,1.0,10.0,118.80000000000001,1.0,0.0,0.0,1.0,1.0,0.0,19.0,0.0,0.0,7.0,9.0,6.0,12.9333333333333,0.0,0.0,7.0,7.0,6.0,13.7166666666667,0.0,16.2,0.30000000000000004,-0.92,Enrolled
1.0,44.0,1.0,9003.0,1.0,39.0,150.0,1.0,4.0,5.0,4.0,2.0,150.0,0.0,0.0,0.0,1.0,1.0,0.0,21.0,0.0,0.0,6.0,15.0,5.0,11.8571428571429,0.0,0.0,6.0,17.0,5.0,10.5714285714286,0.0,16.2,0.30000000000000004,-0.92,Enrolled
1.0,51.0,1.0,9070.0,1.0,1.0,125.0,1.0,42.0,3.0,125.0,124.0,130.0,1.0,0.0,0.0,1.0,1.0,0.0,20.0,0.0,2.0,6.0,7.0,6.0,12.8333333333333,0.0,0.0,6.0,9.0,4.0,13.4,0.0,8.9,1.4000000000000001,3.5100000000000002,Graduate
1.0,1.0,1.0,9147.0,1.0,1.0,143.0,1.0,1.0,1.0,4.0,6.0,138.8,0.0,0.0,0.0,0.0,1.0,0.0,18.0,0.0,0.0,5.0,9.0,3.0,11.3333333333333,0.0,0.0,5.0,8.0,2.0,13.5,0.0,8.9,1.4000000000000001,3.5100000000000002,Enrolled
1.0,18.0,1.0,8014.0,0.0,1.0,138.0,1.0,19.0,1.0,9.0,5.0,134.5,1.0,0.0,0.0,1.0,0.0,0.0,19.0,0.0,0.0,6.0,6.0,6.0,12.6666666666667,0.0,0.0,6.0,8.0,6.0,14.375,0.0,12.4,0.5,1.79,Graduate
1.0,1.0,1.0,9991.0,0.0,1.0,130.0,1.0,2.0,37.0,3.0,9.0,131.4,0.0,0.0,0.0,1.0,1.0,0.0,34.0,0.0,0.0,5.0,6.0,5.0,12.4,0.0,0.0,5.0,9.0,5.0,13.4285714285714,0.0,13.9,-0.30000000000000004,0.79,Graduate
1.0,39.0,1.0,33.0,1.0,1.0,130.0,1.0,38.0,37.0,9.0,6.0,102.5,0.0,0.0,1.0,0.0,1.0,0.0,37.0,0.0,0.0,7.0,7.0,0.0,0.0,0.0,0.0,7.0,7.0,1.0,10.0,0.0,8.9,1.4000000000000001,3.5100000000000002,Dropout
1.0,39.0,1.0,9119.0,1.0,10.0,133.1,1.0,34.0,37.0,0.0,0.0,128.8,1.0,0.0,0.0,1.0,1.0,0.0,43.0,0.0,0.0,5.0,0.0,0.0,0.0,0.0,0.0,5.0,0.0,0.0,0.0,0.0,7.6000000000000005,2.6,0.32,Dropout
1.0,43.0,1.0,9147.0,1.0,1.0,140.0,1.0,37.0,37.0,6.0,6.0,122.9,0.0,0.0,0.0,1.0,0.0,0.0,55.0,0.0,0.0,5.0,10.0,1.0,10.0,0.0,0.0,5.0,8.0,2.0,12.0,2.0,16.2,0.30000000000000004,-0.92,Dropout
4.0,39.0,1.0,9991.0,0.0,1.0,120.0,1.0,19.0,19.0,9.0,3.0,113.9,1.0,0.0,0.0,1.0,0.0,0.0,39.0,0.0,0.0,5.0,8.0,5.0,11.0,0.0,0.0,5.0,5.0,5.0,11.600000000000001,0.0,7.6000000000000005,2.6,0.32,Graduate
1.0,44.0,1.0,9130.0,1.0,39.0,120.0,6.0,4.0,4.0,3.0,6.0,120.0,0.0,0.0,1.0,0.0,0.0,0.0,20.0,1.0,2.0,6.0,13.0,3.0,11.6666666666667,0.0,1.0,6.0,11.0,3.0,12.0,0.0,12.4,0.5,1.79,Dropout
1.0,1.0,5.0,9773.0,1.0,1.0,126.0,1.0,3.0,3.0,2.0,2.0,121.10000000000001,0.0,0.0,1.0,1.0,0.0,0.0,18.0,0.0,0.0,6.0,6.0,4.0,12.75,0.0,0.0,5.0,5.0,0.0,0.0,0.0,12.700000000000001,3.7,-1.7000000000000002,Dropout
1.0,1.0,2.0,9147.0,1.0,1.0,133.0,1.0,3.0,19.0,2.0,7.0,120.4,1.0,0.0,0.0,1.0,0.0,0.0,22.0,0.0,0.0,5.0,5.0,5.0,14.8,0.0,0.0,5.0,5.0,5.0,15.8,0.0,8.9,1.4000000000000001,3.5100000000000002,Graduate
1.0,1.0,6.0,9500.0,1.0,1.0,103.0,1.0,1.0,3.0,2.0,2.0,100.60000000000001,1.0,1.0,0.0,1.0,0.0,0.0,22.0,0.0,0.0,7.0,9.0,5.0,13.928,0.0,0.0,8.0,9.0,7.0,14.3428571428571,0.0,11.100000000000001,0.6000000000000001,2.02,Graduate
1.0,17.0,1.0,9773.0,1.0,1.0,120.0,1.0,1.0,38.0,5.0,5.0,121.4,0.0,0.0,0.0,0.0,0.0,0.0,20.0,0.0,0.0,6.0,7.0,4.0,13.0,0.0,0.0,6.0,7.0,5.0,13.8,0.0,12.4,0.5,1.79,Dropout
1.0,39.0,1.0,9991.0,0.0,1.0,133.1,1.0,37.0,37.0,9.0,9.0,109.7,0.0,0.0,0.0,1.0,0.0,0.0,29.0,0.0,0.0,5.0,0.0,0.0,0.0,0.0,0.0,5.0,0.0,0.0,0.0,0.0,16.2,0.30000000000000004,-0.92,Dropout
1.0,17.0,1.0,9991.0,0.0,1.0,154.0,1.0,38.0,38.0,4.0,5.0,134.1,0.0,0.0,0.0,1.0,0.0,0.0,24.0,0.0,0.0,5.0,9.0,2.0,11.5,0.0,0.0,5.0,11.0,3.0,14.3333333333333,1.0,7.6000000000000005,2.6,0.32,Enrolled
1.0,17.0,2.0,9238.0,1.0,1.0,130.0,1.0,19.0,19.0,9.0,9.0,127.60000000000001,1.0,0.0,0.0,1.0,0.0,0.0,18.0,0.0,0.0,6.0,6.0,6.0,11.6666666666667,0.0,0.0,6.0,8.0,5.0,13.200000000000001,0.0,11.100000000000001,0.6000000000000001,2.02,Graduate
1.0,17.0,6.0,9500.0,1.0,1.0,132.0,1.0,37.0,19.0,7.0,7.0,132.4,1.0,0.0,0.0,1.0,0.0,1.0,22.0,0.0,0.0,7.0,8.0,6.0,13.516666666666701,0.0,0.0,8.0,9.0,7.0,13.7714285714286,0.0,11.100000000000001,0.6000000000000001,2.02,Graduate
1.0,44.0,1.0,8014.0,0.0,39.0,130.0,1.0,1.0,19.0,9.0,9.0,133.4,0.0,0.0,0.0,1.0,0.0,1.0,21.0,0.0,3.0,6.0,6.0,6.0,11.5,0.0,2.0,6.0,7.0,6.0,13.2857142857143,0.0,12.4,0.5,1.79,Graduate
1.0,1.0,1.0,9238.0,1.0,1.0,139.0,1.0,37.0,38.0,9.0,9.0,126.10000000000001,0.0,0.0,0.0,1.0,0.0,1.0,19.0,0.0,0.0,6.0,7.0,5.0,12.3333333333333,0.0,0.0,6.0,7.0,6.0,12.8333333333333,0.0,12.700000000000001,3.7,-1.7000000000000002,Graduate
1.0,39.0,1.0,9254.0,1.0,1.0,130.0,1.0,19.0,38.0,9.0,7.0,113.5,0.0,0.0,0.0,1.0,0.0,1.0,24.0,0.0,0.0,6.0,6.0,6.0,13.6666666666667,0.0,0.0,6.0,6.0,6.0,14.1666666666667,0.0,12.4,0.5,1.79,Graduate
1.0,1.0,1.0,9500.0,1.0,1.0,139.0,1.0,37.0,38.0,6.0,6.0,121.30000000000001,1.0,0.0,0.0,1.0,0.0,1.0,19.0,0.0,0.0,8.0,10.0,6.0,11.8333333333333,0.0,0.0,8.0,10.0,6.0,11.8333333333333,0.0,9.4,-0.8,-3.12,Enrolled
1.0,1.0,1.0,9773.0,1.0,1.0,127.0,1.0,1.0,19.0,7.0,7.0,121.80000000000001,1.0,0.0,0.0,1.0,0.0,1.0,20.0,0.0,0.0,6.0,11.0,4.0,14.0,0.0,0.0,6.0,12.0,3.0,11.0,0.0,9.4,-0.8,-3.12,Enrolled
1.0,1.0,3.0,9130.0,1.0,1.0,167.0,1.0,37.0,37.0,90.0,90.0,159.3,0.0,0.0,0.0,1.0,0.0,0.0,19.0,0.0,0.0,5.0,7.0,5.0,14.714285714285701,0.0,0.0,5.0,5.0,5.0,15.8,0.0,7.6000000000000005,2.6,0.32,Graduate
1.0,39.0,1.0,9991.0,0.0,1.0,130.0,1.0,38.0,38.0,9.0,9.0,120.0,0.0,0.0,0.0,1.0,0.0,0.0,27.0,0.0,0.0,5.0,12.0,5.0,10.600000000000001,0.0,0.0,5.0,10.0,5.0,11.0,0.0,9.4,-0.8,-3.12,Dropout
1.0,1.0,1.0,9500.0,1.0,1.0,130.0,1.0,1.0,19.0,5.0,5.0,129.1,1.0,0.0,0.0,1.0,0.0,0.0,18.0,0.0,0.0,7.0,9.0,7.0,13.0444444444444,0.0,0.0,8.0,10.0,8.0,13.595,0.0,15.5,2.8000000000000003,-4.0600000000000005,Graduate
2.0,7.0,1.0,9254.0,1.0,3.0,130.0,1.0,1.0,3.0,4.0,3.0,130.0,0.0,0.0,0.0,1.0,0.0,0.0,39.0,0.0,0.0,6.0,10.0,0.0,0.0,0.0,0.0,6.0,6.0,0.0,0.0,0.0,12.4,0.5,1.79,Dropout
1.0,39.0,1.0,9130.0,1.0,40.0,129.0,1.0,3.0,3.0,2.0,2.0,155.3,1.0,0.0,0.0,1.0,0.0,0.0,27.0,0.0,0.0,6.0,9.0,5.0,13.0,0.0,5.0,11.0,13.0,10.0,12.9,0.0,12.4,0.5,1.79,Dropout
1.0,17.0,1.0,9500.0,1.0,1.0,141.0,1.0,38.0,38.0,7.0,10.0,139.8,1.0,0.0,0.0,1.0,0.0,0.0,18.0,0.0,0.0,8.0,8.0,8.0,14.935,0.0,0.0,8.0,8.0,8.0,14.935,0.0,9.4,-0.8,-3.12,Graduate
1.0,1.0,3.0,171.0,1.0,1.0,125.0,1.0,38.0,37.0,4.0,9.0,115.2,1.0,0.0,0.0,1.0,0.0,0.0,18.0,0.0,0.0,0.0,0.0,0.0,0.0,0.0,0.0,0.0,0.0,0.0,0.0,0.0,7.6000000000000005,2.6,0.32,Enrolled
1.0,1.0,2.0,9500.0,1.0,1.0,125.0,1.0,19.0,19.0,9.0,9.0,114.9,0.0,0.0,0.0,1.0,0.0,0.0,18.0,0.0,0.0,7.0,8.0,6.0,13.1333333333333,0.0,0.0,8.0,12.0,7.0,12.2214285714286,0.0,16.2,0.30000000000000004,-0.92,Graduate
1.0,44.0,1.0,9238.0,1.0,39.0,130.0,1.0,19.0,1.0,9.0,9.0,131.9,0.0,0.0,0.0,1.0,0.0,1.0,21.0,0.0,3.0,6.0,7.0,6.0,12.0,0.0,2.0,6.0,7.0,6.0,12.0,0.0,13.9,-0.30000000000000004,0.79,Graduate
1.0,17.0,3.0,171.0,1.0,1.0,133.0,1.0,1.0,37.0,4.0,7.0,126.0,1.0,0.0,0.0,1.0,1.0,1.0,19.0,0.0,0.0,0.0,0.0,0.0,0.0,0.0,0.0,0.0,0.0,0.0,0.0,0.0,10.8,1.4000000000000001,1.74,Enrolled
1.0,17.0,1.0,9070.0,1.0,1.0,127.0,1.0,1.0,1.0,3.0,4.0,130.20000000000002,1.0,0.0,0.0,1.0,1.0,0.0,19.0,0.0,0.0,6.0,6.0,5.0,11.4,0.0,0.0,6.0,8.0,1.0,10.0,0.0,10.8,1.4000000000000001,1.74,Enrolled
1.0,43.0,1.0,9070.0,1.0,1.0,116.0,1.0,1.0,1.0,3.0,3.0,120.9,0.0,0.0,0.0,1.0,1.0,0.0,24.0,0.0,0.0,6.0,6.0,0.0,0.0,0.0,0.0,6.0,6.0,0.0,0.0,0.0,12.700000000000001,3.7,-1.7000000000000002,Enrolled
4.0,42.0,1.0,9500.0,1.0,19.0,133.1,1.0,1.0,1.0,5.0,5.0,126.0,1.0,0.0,0.0,1.0,1.0,0.0,29.0,0.0,2.0,7.0,10.0,5.0,11.9,0.0,1.0,8.0,10.0,5.0,11.0,0.0,13.9,-0.30000000000000004,0.79,Dropout
1.0,1.0,3.0,171.0,1.0,1.0,139.0,1.0,19.0,19.0,5.0,3.0,128.20000000000002,1.0,0.0,0.0,1.0,1.0,1.0,19.0,0.0,0.0,0.0,0.0,0.0,0.0,0.0,0.0,0.0,0.0,0.0,0.0,0.0,10.8,1.4000000000000001,1.74,Graduate
1.0,44.0,1.0,9003.0,1.0,39.0,130.0,1.0,19.0,37.0,9.0,9.0,130.0,1.0,0.0,0.0,1.0,1.0,0.0,23.0,0.0,0.0,6.0,8.0,6.0,12.5714285714286,0.0,0.0,6.0,7.0,6.0,12.4285714285714,0.0,8.9,1.4000000000000001,3.5100000000000002,Graduate
1.0,1.0,3.0,9147.0,1.0,1.0,125.0,1.0,1.0,38.0,7.0,7.0,120.10000000000001,0.0,0.0,1.0,1.0,1.0,0.0,19.0,0.0,0.0,5.0,8.0,5.0,11.200000000000001,0.0,0.0,5.0,10.0,4.0,10.75,3.0,16.2,0.30000000000000004,-0.92,Dropout
1.0,39.0,1.0,9254.0,1.0,1.0,160.0,1.0,19.0,37.0,7.0,10.0,100.0,0.0,0.0,0.0,1.0,1.0,0.0,26.0,0.0,0.0,6.0,7.0,6.0,12.0,0.0,0.0,6.0,8.0,5.0,10.8,0.0,12.700000000000001,3.7,-1.7000000000000002,Enrolled
1.0,17.0,1.0,9147.0,1.0,1.0,148.0,1.0,38.0,37.0,5.0,5.0,134.0,0.0,0.0,0.0,1.0,1.0,0.0,18.0,0.0,0.0,5.0,9.0,0.0,0.0,0.0,0.0,5.0,5.0,0.0,0.0,0.0,7.6000000000000005,2.6,0.32,Enrolled
1.0,17.0,1.0,9500.0,1.0,1.0,150.0,1.0,37.0,19.0,8.0,4.0,130.8,0.0,0.0,0.0,1.0,1.0,0.0,24.0,0.0,0.0,7.0,8.0,7.0,11.975,0.0,0.0,8.0,8.0,8.0,13.75,0.0,13.9,-0.30000000000000004,0.79,Graduate
1.0,1.0,1.0,171.0,1.0,1.0,141.0,1.0,19.0,19.0,5.0,10.0,135.8,1.0,0.0,0.0,1.0,1.0,0.0,19.0,0.0,0.0,0.0,0.0,0.0,0.0,0.0,0.0,0.0,0.0,0.0,0.0,0.0,15.5,2.8000000000000003,-4.0600000000000005,Dropout
1.0,17.0,4.0,9254.0,1.0,1.0,118.0,1.0,38.0,37.0,5.0,7.0,111.7,1.0,0.0,0.0,1.0,1.0,0.0,18.0,0.0,0.0,6.0,12.0,3.0,11.6666666666667,0.0,0.0,6.0,12.0,1.0,12.0,0.0,12.4,0.5,1.79,Dropout
1.0,1.0,2.0,9773.0,1.0,1.0,142.0,1.0,38.0,38.0,9.0,9.0,132.9,1.0,0.0,0.0,1.0,1.0,0.0,18.0,0.0,0.0,6.0,8.0,6.0,12.3333333333333,0.0,0.0,6.0,11.0,3.0,12.3333333333333,0.0,10.8,1.4000000000000001,1.74,Graduate
1.0,17.0,3.0,9147.0,1.0,1.0,120.0,1.0,19.0,19.0,4.0,7.0,115.5,1.0,0.0,1.0,1.0,1.0,0.0,18.0,0.0,0.0,5.0,8.0,3.0,10.3333333333333,0.0,0.0,5.0,11.0,3.0,10.8571428571429,0.0,10.8,1.4000000000000001,1.74,Dropout
1.0,18.0,4.0,9254.0,1.0,1.0,106.0,1.0,19.0,37.0,7.0,7.0,106.0,1.0,0.0,0.0,1.0,1.0,1.0,21.0,0.0,0.0,6.0,8.0,4.0,10.5,0.0,0.0,6.0,11.0,1.0,11.0,0.0,9.4,-0.8,-3.12,Dropout
1.0,17.0,4.0,9773.0,1.0,1.0,121.0,1.0,1.0,19.0,9.0,8.0,120.30000000000001,1.0,0.0,1.0,1.0,1.0,1.0,19.0,0.0,0.0,6.0,6.0,6.0,13.6666666666667,0.0,0.0,6.0,6.0,6.0,13.3333333333333,0.0,8.9,1.4000000000000001,3.5100000000000002,Graduate
1.0,17.0,4.0,9500.0,1.0,1.0,150.0,1.0,38.0,37.0,9.0,9.0,130.8,0.0,0.0,0.0,1.0,1.0,1.0,22.0,0.0,0.0,7.0,7.0,7.0,14.8428571428571,0.0,0.0,8.0,9.0,8.0,15.0555555555556,0.0,16.2,0.30000000000000004,-0.92,Graduate
2.0,39.0,1.0,8014.0,0.0,1.0,120.0,1.0,37.0,37.0,9.0,6.0,117.0,0.0,0.0,0.0,1.0,1.0,0.0,33.0,0.0,0.0,6.0,8.0,6.0,12.0,0.0,0.0,6.0,6.0,6.0,11.6666666666667,0.0,10.8,1.4000000000000001,1.74,Graduate
1.0,1.0,6.0,9853.0,1.0,1.0,114.0,1.0,19.0,19.0,9.0,9.0,110.2,1.0,0.0,0.0,1.0,1.0,0.0,20.0,0.0,0.0,6.0,8.0,5.0,12.200000000000001,0.0,0.0,6.0,7.0,5.0,12.200000000000001,0.0,10.8,1.4000000000000001,1.74,Dropout
1.0,39.0,1.0,9991.0,0.0,2.0,140.0,1.0,3.0,3.0,2.0,2.0,155.70000000000002,1.0,0.0,0.0,1.0,1.0,0.0,35.0,0.0,0.0,1.0,1.0,0.0,0.0,1.0,0.0,5.0,0.0,0.0,0.0,0.0,10.8,1.4000000000000001,1.74,Dropout
1.0,39.0,1.0,9003.0,1.0,4.0,160.0,1.0,3.0,3.0,4.0,2.0,180.4,0.0,0.0,1.0,1.0,1.0,0.0,24.0,0.0,6.0,12.0,17.0,6.0,12.1666666666667,0.0,7.0,12.0,14.0,10.0,13.3,0.0,12.4,0.5,1.79,Dropout
1.0,17.0,1.0,9254.0,1.0,1.0,120.0,1.0,19.0,19.0,4.0,4.0,125.5,0.0,0.0,0.0,1.0,1.0,0.0,18.0,0.0,0.0,5.0,6.0,5.0,12.0,0.0,0.0,5.0,8.0,3.0,11.3333333333333,0.0,12.700000000000001,3.7,-1.7000000000000002,Enrolled
2.0,39.0,1.0,8014.0,0.0,1.0,130.0,1.0,37.0,37.0,9.0,6.0,110.0,1.0,0.0,0.0,1.0,0.0,0.0,33.0,0.0,0.0,6.0,7.0,6.0,11.0,0.0,0.0,6.0,11.0,5.0,11.0,0.0,9.4,-0.8,-3.12,Graduate
1.0,42.0,1.0,9500.0,1.0,1.0,160.0,1.0,37.0,38.0,9.0,7.0,161.0,1.0,0.0,0.0,1.0,0.0,1.0,22.0,0.0,0.0,8.0,8.0,7.0,13.08,0.0,0.0,8.0,8.0,7.0,13.08,0.0,10.8,1.4000000000000001,1.74,Graduate
1.0,39.0,1.0,9670.0,1.0,1.0,120.0,1.0,1.0,19.0,4.0,5.0,100.0,0.0,0.0,0.0,1.0,0.0,1.0,25.0,0.0,0.0,5.0,7.0,4.0,10.5,0.0,0.0,5.0,7.0,5.0,11.600000000000001,0.0,9.4,-0.8,-3.12,Graduate
1.0,17.0,1.0,9070.0,1.0,1.0,124.0,1.0,19.0,38.0,4.0,0.0,117.60000000000001,1.0,0.0,0.0,1.0,1.0,0.0,20.0,0.0,0.0,6.0,9.0,6.0,10.6666666666667,1.0,0.0,6.0,6.0,5.0,11.200000000000001,0.0,7.6000000000000005,2.6,0.32,Graduate
1.0,1.0,6.0,9147.0,1.0,1.0,143.0,1.0,38.0,37.0,9.0,9.0,128.70000000000002,1.0,0.0,0.0,1.0,1.0,0.0,23.0,0.0,0.0,5.0,6.0,4.0,14.0,0.0,0.0,5.0,5.0,5.0,13.8,0.0,11.100000000000001,0.6000000000000001,2.02,Enrolled
1.0,43.0,2.0,9119.0,1.0,1.0,115.0,1.0,38.0,19.0,9.0,6.0,112.2,1.0,0.0,1.0,1.0,1.0,0.0,18.0,0.0,0.0,5.0,9.0,2.0,10.0,0.0,0.0,5.0,9.0,0.0,0.0,0.0,15.5,2.8000000000000003,-4.0600000000000005,Enrolled
1.0,39.0,1.0,9500.0,1.0,1.0,133.1,1.0,1.0,1.0,4.0,10.0,100.80000000000001,0.0,0.0,0.0,1.0,1.0,0.0,24.0,0.0,0.0,7.0,18.0,0.0,0.0,0.0,0.0,7.0,7.0,0.0,0.0,0.0,13.9,-0.30000000000000004,0.79,Dropout
1.0,17.0,2.0,9773.0,1.0,1.0,133.1,41.0,19.0,1.0,9.0,9.0,105.0,1.0,0.0,0.0,0.0,0.0,0.0,21.0,1.0,0.0,6.0,6.0,6.0,14.0,0.0,0.0,6.0,6.0,6.0,13.5,0.0,8.9,1.4000000000000001,3.5100000000000002,Graduate
1.0,15.0,1.0,9130.0,1.0,1.0,133.1,41.0,1.0,1.0,4.0,4.0,100.0,0.0,0.0,0.0,1.0,0.0,0.0,26.0,1.0,0.0,6.0,7.0,2.0,12.0,1.0,0.0,6.0,6.0,0.0,0.0,0.0,8.9,1.4000000000000001,3.5100000000000002,Dropout
2.0,39.0,1.0,9853.0,1.0,10.0,133.1,1.0,37.0,34.0,0.0,0.0,115.5,0.0,0.0,0.0,1.0,0.0,0.0,39.0,0.0,0.0,6.0,12.0,3.0,12.6666666666667,0.0,0.0,6.0,14.0,0.0,0.0,1.0,7.6000000000000005,2.6,0.32,Dropout
2.0,39.0,1.0,8014.0,0.0,1.0,133.1,1.0,37.0,19.0,9.0,9.0,114.0,0.0,0.0,0.0,1.0,0.0,0.0,44.0,0.0,2.0,8.0,11.0,8.0,11.875,0.0,0.0,6.0,7.0,6.0,12.3333333333333,0.0,12.700000000000001,3.7,-1.7000000000000002,Graduate
1.0,15.0,1.0,9119.0,1.0,1.0,130.0,26.0,38.0,3.0,9.0,2.0,137.0,1.0,0.0,0.0,1.0,1.0,0.0,19.0,1.0,0.0,5.0,9.0,5.0,14.0,0.0,0.0,5.0,11.0,3.0,13.25,0.0,13.9,-0.30000000000000004,0.79,Enrolled
1.0,1.0,5.0,9773.0,1.0,1.0,135.0,1.0,37.0,1.0,5.0,5.0,124.9,1.0,0.0,0.0,1.0,0.0,0.0,18.0,0.0,0.0,6.0,6.0,6.0,13.6666666666667,0.0,0.0,6.0,6.0,6.0,13.3333333333333,0.0,8.9,1.4000000000000001,3.5100000000000002,Graduate
1.0,1.0,5.0,9500.0,1.0,1.0,132.0,1.0,37.0,37.0,7.0,7.0,120.30000000000001,1.0,0.0,0.0,1.0,0.0,1.0,18.0,0.0,0.0,7.0,7.0,7.0,13.75,0.0,0.0,8.0,9.0,8.0,14.477777777777801,0.0,12.4,0.5,1.79,Graduate
1.0,1.0,1.0,9085.0,1.0,1.0,135.0,1.0,1.0,2.0,9.0,1.0,134.3,1.0,0.0,0.0,1.0,0.0,0.0,19.0,0.0,0.0,5.0,7.0,5.0,14.200000000000001,2.0,0.0,5.0,7.0,5.0,13.8,0.0,12.700000000000001,3.7,-1.7000000000000002,Enrolled
1.0,1.0,4.0,9500.0,1.0,1.0,115.0,1.0,3.0,3.0,2.0,2.0,111.5,1.0,0.0,1.0,0.0,0.0,0.0,19.0,0.0,0.0,7.0,10.0,4.0,11.96,0.0,0.0,7.0,7.0,0.0,0.0,0.0,13.9,-0.30000000000000004,0.79,Dropout
1.0,53.0,1.0,9085.0,1.0,42.0,130.0,1.0,38.0,38.0,9.0,9.0,128.8,0.0,0.0,0.0,1.0,0.0,0.0,21.0,0.0,7.0,10.0,12.0,8.0,12.875,0.0,4.0,9.0,14.0,5.0,13.4,0.0,8.9,1.4000000000000001,3.5100000000000002,Dropout
1.0,1.0,4.0,171.0,1.0,1.0,133.1,1.0,1.0,1.0,9.0,10.0,110.0,1.0,0.0,0.0,1.0,0.0,0.0,20.0,0.0,0.0,0.0,0.0,0.0,0.0,0.0,0.0,0.0,0.0,0.0,0.0,0.0,16.2,0.30000000000000004,-0.92,Graduate
2.0,39.0,1.0,8014.0,0.0,1.0,130.0,1.0,37.0,37.0,6.0,5.0,113.5,1.0,0.0,0.0,1.0,0.0,0.0,36.0,0.0,0.0,6.0,0.0,0.0,0.0,0.0,0.0,6.0,0.0,0.0,0.0,0.0,9.4,-0.8,-3.12,Dropout
4.0,39.0,1.0,9003.0,1.0,12.0,133.1,1.0,37.0,37.0,9.0,6.0,160.0,0.0,0.0,0.0,1.0,0.0,0.0,43.0,0.0,13.0,18.0,19.0,18.0,14.6315789473684,0.0,10.0,13.0,14.0,13.0,14.2307692307692,1.0,15.5,2.8000000000000003,-4.0600000000000005,Graduate
1.0,18.0,1.0,9853.0,1.0,1.0,123.0,1.0,19.0,19.0,9.0,7.0,117.4,1.0,0.0,0.0,1.0,0.0,0.0,19.0,0.0,0.0,6.0,0.0,0.0,0.0,0.0,0.0,6.0,0.0,0.0,0.0,0.0,11.100000000000001,0.6000000000000001,2.02,Dropout
1.0,51.0,1.0,9070.0,1.0,1.0,130.0,1.0,3.0,1.0,2.0,8.0,122.2,0.0,0.0,1.0,1.0,0.0,0.0,20.0,0.0,4.0,10.0,12.0,10.0,13.0,0.0,5.0,11.0,11.0,11.0,12.2727272727273,0.0,11.100000000000001,0.6000000000000001,2.02,Graduate
1.0,1.0,2.0,9238.0,1.0,1.0,122.0,1.0,37.0,38.0,4.0,7.0,118.2,1.0,0.0,0.0,1.0,0.0,0.0,19.0,0.0,0.0,6.0,0.0,0.0,0.0,0.0,0.0,6.0,0.0,0.0,0.0,0.0,16.2,0.30000000000000004,-0.92,Dropout
1.0,1.0,1.0,9085.0,1.0,1.0,113.0,1.0,1.0,1.0,4.0,4.0,106.7,1.0,0.0,0.0,1.0,0.0,0.0,20.0,0.0,0.0,6.0,15.0,4.0,14.200000000000001,0.0,0.0,6.0,17.0,4.0,13.25,0.0,15.5,2.8000000000000003,-4.0600000000000005,Dropout
1.0,1.0,5.0,9500.0,1.0,1.0,111.0,1.0,3.0,4.0,4.0,3.0,108.2,1.0,0.0,0.0,1.0,0.0,0.0,20.0,0.0,2.0,7.0,9.0,6.0,13.266666666666701,0.0,0.0,7.0,10.0,5.0,12.3,0.0,12.4,0.5,1.79,Dropout
1.0,17.0,2.0,9853.0,1.0,1.0,133.1,1.0,19.0,1.0,9.0,3.0,107.0,1.0,0.0,0.0,1.0,0.0,0.0,20.0,0.0,0.0,7.0,12.0,6.0,11.6666666666667,0.0,0.0,7.0,10.0,3.0,13.0,0.0,16.2,0.30000000000000004,-0.92,Enrolled
1.0,1.0,1.0,9238.0,1.0,1.0,142.0,1.0,37.0,37.0,6.0,7.0,136.1,1.0,0.0,0.0,1.0,0.0,0.0,18.0,0.0,0.0,6.0,8.0,6.0,13.8571428571429,0.0,0.0,6.0,6.0,6.0,15.0,0.0,13.9,-0.30000000000000004,0.79,Graduate
1.0,17.0,2.0,9147.0,1.0,1.0,123.0,1.0,1.0,38.0,4.0,7.0,115.30000000000001,1.0,0.0,0.0,1.0,0.0,1.0,18.0,0.0,0.0,5.0,9.0,3.0,13.0,0.0,0.0,5.0,11.0,3.0,11.0,0.0,8.9,1.4000000000000001,3.5100000000000002,Enrolled
1.0,1.0,1.0,9085.0,1.0,1.0,131.0,1.0,19.0,19.0,9.0,9.0,139.8,1.0,0.0,0.0,1.0,0.0,0.0,19.0,0.0,0.0,5.0,6.0,5.0,13.4,0.0,0.0,5.0,5.0,5.0,12.8,0.0,10.8,1.4000000000000001,1.74,Graduate
1.0,1.0,3.0,9773.0,1.0,1.0,158.0,1.0,1.0,38.0,4.0,7.0,157.0,1.0,0.0,0.0,1.0,0.0,0.0,18.0,0.0,0.0,6.0,6.0,6.0,12.6666666666667,0.0,0.0,6.0,7.0,6.0,12.5714285714286,0.0,10.8,1.4000000000000001,1.74,Graduate
1.0,17.0,2.0,9500.0,1.0,1.0,122.0,1.0,37.0,37.0,9.0,9.0,131.0,1.0,0.0,0.0,1.0,0.0,0.0,18.0,0.0,0.0,7.0,7.0,6.0,12.516666666666701,1.0,0.0,7.0,7.0,6.0,12.516666666666701,1.0,7.6000000000000005,2.6,0.32,Dropout
1.0,43.0,1.0,9500.0,1.0,1.0,130.0,1.0,38.0,38.0,9.0,5.0,100.0,0.0,0.0,0.0,1.0,0.0,0.0,20.0,0.0,0.0,7.0,11.0,6.0,11.616666666666701,0.0,0.0,7.0,7.0,7.0,13.0,0.0,13.9,-0.30000000000000004,0.79,Enrolled
1.0,17.0,1.0,9238.0,1.0,1.0,154.0,1.0,19.0,37.0,9.0,7.0,140.4,1.0,0.0,0.0,1.0,0.0,1.0,20.0,0.0,0.0,6.0,13.0,2.0,10.0,0.0,0.0,6.0,12.0,4.0,10.75,0.0,7.6000000000000005,2.6,0.32,Enrolled
1.0,17.0,1.0,9147.0,1.0,1.0,120.0,1.0,19.0,19.0,3.0,3.0,113.4,0.0,0.0,0.0,1.0,0.0,0.0,20.0,0.0,0.0,5.0,11.0,3.0,10.3333333333333,0.0,0.0,5.0,10.0,3.0,10.6666666666667,0.0,12.4,0.5,1.79,Enrolled
1.0,1.0,2.0,9085.0,1.0,1.0,140.0,1.0,37.0,38.0,9.0,7.0,137.0,0.0,0.0,0.0,1.0,0.0,0.0,18.0,0.0,0.0,5.0,12.0,5.0,13.1428571428571,2.0,0.0,5.0,6.0,5.0,11.4,0.0,9.4,-0.8,-3.12,Graduate
1.0,1.0,1.0,9147.0,1.0,1.0,127.0,1.0,2.0,19.0,4.0,5.0,121.80000000000001,0.0,0.0,0.0,1.0,0.0,0.0,18.0,0.0,0.0,5.0,5.0,5.0,12.600000000000001,0.0,0.0,5.0,5.0,5.0,14.0,0.0,11.100000000000001,0.6000000000000001,2.02,Graduate
1.0,17.0,1.0,9254.0,1.0,1.0,133.1,1.0,1.0,1.0,4.0,5.0,131.0,1.0,0.0,0.0,1.0,0.0,0.0,21.0,0.0,0.0,6.0,12.0,3.0,11.0,0.0,0.0,6.0,12.0,2.0,11.0,0.0,9.4,-0.8,-3.12,Dropout
1.0,1.0,2.0,9147.0,1.0,1.0,120.0,1.0,19.0,19.0,9.0,7.0,118.60000000000001,1.0,0.0,0.0,1.0,0.0,0.0,19.0,0.0,0.0,5.0,8.0,5.0,10.8,0.0,0.0,5.0,9.0,4.0,11.25,2.0,16.2,0.30000000000000004,-0.92,Graduate
1.0,1.0,1.0,171.0,1.0,1.0,137.0,1.0,3.0,19.0,2.0,9.0,122.30000000000001,0.0,0.0,0.0,1.0,0.0,0.0,19.0,0.0,0.0,0.0,0.0,0.0,0.0,0.0,0.0,0.0,0.0,0.0,0.0,0.0,10.8,1.4000000000000001,1.74,Dropout
1.0,1.0,1.0,9670.0,1.0,1.0,131.0,1.0,38.0,38.0,9.0,9.0,127.9,0.0,0.0,0.0,1.0,0.0,1.0,19.0,0.0,0.0,5.0,5.0,5.0,12.8,0.0,0.0,5.0,5.0,5.0,14.200000000000001,0.0,9.4,-0.8,-3.12,Graduate
1.0,1.0,1.0,9085.0,1.0,1.0,130.0,1.0,19.0,38.0,4.0,7.0,121.30000000000001,1.0,0.0,0.0,1.0,0.0,0.0,19.0,0.0,0.0,6.0,15.0,6.0,14.1666666666667,0.0,0.0,6.0,13.0,6.0,12.200000000000001,0.0,15.5,2.8000000000000003,-4.0600000000000005,Graduate
1.0,17.0,6.0,9556.0,1.0,1.0,122.0,1.0,1.0,1.0,4.0,5.0,117.10000000000001,1.0,0.0,0.0,1.0,0.0,0.0,19.0,0.0,0.0,7.0,12.0,5.0,12.100000000000001,0.0,0.0,7.0,0.0,0.0,0.0,0.0,13.9,-0.30000000000000004,0.79,Dropout
1.0,44.0,1.0,9085.0,1.0,39.0,160.0,1.0,37.0,37.0,9.0,9.0,160.0,1.0,0.0,0.0,1.0,0.0,0.0,20.0,0.0,1.0,6.0,7.0,6.0,14.1666666666667,0.0,1.0,6.0,17.0,5.0,13.7777777777778,0.0,12.4,0.5,1.79,Graduate
1.0,1.0,1.0,9853.0,1.0,1.0,146.0,1.0,19.0,38.0,9.0,3.0,145.3,1.0,0.0,0.0,1.0,0.0,1.0,18.0,0.0,0.0,6.0,8.0,5.0,12.8,0.0,0.0,6.0,7.0,5.0,13.4,0.0,9.4,-0.8,-3.12,Enrolled
1.0,17.0,3.0,9238.0,1.0,1.0,131.0,1.0,1.0,39.0,5.0,3.0,122.60000000000001,1.0,0.0,0.0,1.0,0.0,0.0,18.0,0.0,0.0,6.0,7.0,6.0,13.0,0.0,0.0,6.0,6.0,6.0,13.6666666666667,0.0,12.4,0.5,1.79,Graduate
1.0,17.0,6.0,9500.0,1.0,1.0,132.0,1.0,1.0,37.0,8.0,9.0,128.0,1.0,0.0,0.0,1.0,0.0,0.0,19.0,0.0,0.0,7.0,7.0,7.0,13.4671428571429,0.0,0.0,8.0,9.0,8.0,15.0111111111111,0.0,12.4,0.5,1.79,Graduate
1.0,1.0,3.0,9500.0,1.0,1.0,138.0,1.0,19.0,19.0,5.0,8.0,124.9,1.0,0.0,0.0,1.0,0.0,1.0,18.0,0.0,0.0,7.0,9.0,7.0,13.2375,0.0,0.0,8.0,9.0,7.0,13.742857142857101,0.0,13.9,-0.30000000000000004,0.79,Dropout
1.0,17.0,2.0,9070.0,1.0,1.0,130.0,1.0,37.0,37.0,9.0,9.0,123.7,1.0,0.0,0.0,1.0,0.0,0.0,18.0,0.0,0.0,6.0,6.0,6.0,12.3333333333333,0.0,0.0,6.0,6.0,6.0,13.0,0.0,7.6000000000000005,2.6,0.32,Graduate
1.0,1.0,4.0,9147.0,1.0,1.0,126.0,1.0,1.0,19.0,4.0,8.0,120.10000000000001,1.0,0.0,0.0,1.0,0.0,0.0,19.0,0.0,0.0,5.0,7.0,5.0,12.4,0.0,0.0,5.0,5.0,5.0,14.600000000000001,0.0,8.9,1.4000000000000001,3.5100000000000002,Graduate
1.0,17.0,6.0,9500.0,1.0,1.0,148.0,1.0,1.0,19.0,3.0,3.0,131.70000000000002,1.0,0.0,0.0,1.0,0.0,0.0,19.0,0.0,0.0,7.0,8.0,5.0,14.0,0.0,0.0,7.0,7.0,0.0,0.0,0.0,13.9,-0.30000000000000004,0.79,Dropout
1.0,43.0,1.0,9238.0,1.0,1.0,130.0,1.0,38.0,37.0,9.0,7.0,133.20000000000002,0.0,0.0,0.0,1.0,0.0,0.0,20.0,0.0,5.0,9.0,15.0,9.0,11.6666666666667,0.0,2.0,7.0,8.0,7.0,11.714285714285701,0.0,7.6000000000000005,2.6,0.32,Graduate
1.0,1.0,1.0,9670.0,1.0,1.0,117.0,1.0,1.0,38.0,3.0,9.0,109.30000000000001,0.0,0.0,1.0,0.0,0.0,1.0,19.0,0.0,0.0,6.0,7.0,5.0,12.0,0.0,0.0,6.0,9.0,4.0,12.5,0.0,12.4,0.5,1.79,Dropout
1.0,17.0,1.0,9670.0,1.0,1.0,120.0,1.0,19.0,19.0,5.0,5.0,113.0,1.0,0.0,0.0,1.0,0.0,0.0,20.0,0.0,0.0,5.0,7.0,4.0,12.200000000000001,0.0,0.0,5.0,5.0,4.0,11.5,0.0,7.6000000000000005,2.6,0.32,Graduate
1.0,1.0,1.0,9773.0,1.0,1.0,153.0,1.0,1.0,1.0,141.0,175.0,157.9,0.0,0.0,1.0,1.0,0.0,1.0,18.0,0.0,0.0,6.0,6.0,6.0,14.8333333333333,0.0,0.0,6.0,6.0,6.0,14.8333333333333,0.0,8.9,1.4000000000000001,3.5100000000000002,Graduate
1.0,1.0,2.0,9500.0,1.0,1.0,117.0,1.0,19.0,1.0,4.0,7.0,112.10000000000001,0.0,0.0,0.0,1.0,0.0,1.0,20.0,0.0,0.0,7.0,9.0,5.0,13.188,0.0,0.0,8.0,9.0,7.0,12.8928571428571,0.0,11.100000000000001,0.6000000000000001,2.02,Enrolled
1.0,18.0,1.0,9500.0,1.0,1.0,178.0,1.0,19.0,1.0,4.0,8.0,174.70000000000002,0.0,0.0,0.0,1.0,0.0,0.0,18.0,0.0,0.0,7.0,8.0,7.0,17.125,0.0,0.0,8.0,8.0,8.0,17.587500000000002,0.0,13.9,-0.30000000000000004,0.79,Graduate
1.0,1.0,5.0,9500.0,1.0,1.0,129.0,1.0,37.0,37.0,9.0,9.0,128.8,1.0,0.0,0.0,1.0,0.0,0.0,19.0,0.0,0.0,7.0,7.0,6.0,12.6666666666667,0.0,0.0,7.0,7.0,6.0,12.6666666666667,0.0,7.6000000000000005,2.6,0.32,Graduate
1.0,1.0,6.0,9773.0,1.0,1.0,116.0,1.0,19.0,1.0,4.0,4.0,110.10000000000001,1.0,0.0,0.0,1.0,0.0,1.0,19.0,0.0,0.0,6.0,8.0,6.0,12.6666666666667,0.0,0.0,6.0,10.0,5.0,12.0,0.0,12.4,0.5,1.79,Graduate
1.0,51.0,1.0,9147.0,1.0,1.0,99.0,1.0,3.0,1.0,3.0,3.0,99.7,1.0,0.0,1.0,0.0,0.0,0.0,22.0,0.0,0.0,5.0,8.0,0.0,0.0,0.0,0.0,5.0,7.0,0.0,0.0,0.0,8.9,1.4000000000000001,3.5100000000000002,Enrolled
1.0,1.0,3.0,9238.0,1.0,1.0,135.0,1.0,1.0,12.0,9.0,10.0,121.0,1.0,0.0,0.0,1.0,0.0,1.0,19.0,0.0,0.0,6.0,7.0,6.0,11.3333333333333,0.0,0.0,6.0,6.0,6.0,11.5,0.0,12.4,0.5,1.79,Graduate
1.0,1.0,3.0,9500.0,1.0,1.0,141.0,1.0,19.0,19.0,9.0,7.0,131.70000000000002,1.0,0.0,0.0,1.0,0.0,1.0,19.0,0.0,0.0,7.0,10.0,7.0,13.605,0.0,0.0,8.0,11.0,8.0,12.33125,0.0,15.5,2.8000000000000003,-4.0600000000000005,Graduate
1.0,17.0,5.0,9853.0,1.0,1.0,132.0,1.0,37.0,38.0,5.0,6.0,119.10000000000001,1.0,0.0,0.0,1.0,0.0,1.0,19.0,0.0,0.0,6.0,10.0,5.0,12.0,0.0,0.0,6.0,9.0,5.0,10.8,0.0,9.4,-0.8,-3.12,Graduate
1.0,1.0,4.0,9254.0,1.0,1.0,132.0,1.0,12.0,19.0,9.0,9.0,124.7,1.0,0.0,0.0,1.0,0.0,0.0,19.0,0.0,0.0,5.0,10.0,0.0,0.0,0.0,0.0,5.0,10.0,0.0,0.0,0.0,7.6000000000000005,2.6,0.32,Dropout
1.0,17.0,1.0,9254.0,1.0,1.0,113.0,1.0,1.0,37.0,9.0,10.0,117.2,1.0,0.0,0.0,1.0,0.0,0.0,20.0,0.0,0.0,6.0,8.0,5.0,11.200000000000001,0.0,0.0,6.0,12.0,3.0,11.6666666666667,0.0,7.6000000000000005,2.6,0.32,Dropout
1.0,1.0,1.0,9147.0,1.0,1.0,134.0,1.0,3.0,19.0,2.0,10.0,128.8,0.0,0.0,0.0,1.0,0.0,0.0,18.0,0.0,0.0,5.0,10.0,5.0,13.375,0.0,0.0,5.0,9.0,5.0,14.1666666666667,0.0,13.9,-0.30000000000000004,0.79,Graduate
1.0,1.0,1.0,9500.0,1.0,1.0,136.0,1.0,1.0,19.0,9.0,9.0,131.5,0.0,0.0,0.0,1.0,0.0,1.0,20.0,0.0,0.0,7.0,8.0,6.0,13.8633333333333,0.0,0.0,8.0,9.0,7.0,14.1785714285714,0.0,11.100000000000001,0.6000000000000001,2.02,Graduate
1.0,1.0,1.0,171.0,1.0,1.0,136.0,1.0,3.0,37.0,2.0,8.0,121.7,1.0,0.0,0.0,1.0,0.0,0.0,18.0,0.0,0.0,0.0,0.0,0.0,0.0,0.0,0.0,0.0,0.0,0.0,0.0,0.0,9.4,-0.8,-3.12,Enrolled
1.0,1.0,1.0,9085.0,1.0,1.0,129.0,1.0,1.0,38.0,4.0,7.0,123.4,0.0,0.0,0.0,1.0,0.0,0.0,19.0,0.0,0.0,5.0,6.0,5.0,12.4,0.0,0.0,5.0,6.0,5.0,13.4,0.0,7.6000000000000005,2.6,0.32,Graduate
1.0,17.0,1.0,9853.0,1.0,1.0,138.0,1.0,38.0,38.0,7.0,6.0,124.7,1.0,0.0,0.0,1.0,0.0,0.0,18.0,0.0,0.0,6.0,11.0,3.0,12.3333333333333,0.0,0.0,6.0,10.0,5.0,10.8333333333333,0.0,9.4,-0.8,-3.12,Enrolled
1.0,1.0,1.0,9853.0,1.0,1.0,137.0,1.0,37.0,37.0,9.0,9.0,132.8,1.0,0.0,0.0,1.0,0.0,0.0,18.0,0.0,0.0,6.0,7.0,6.0,13.3333333333333,0.0,0.0,6.0,8.0,5.0,11.8,0.0,7.6000000000000005,2.6,0.32,Graduate
1.0,43.0,1.0,9853.0,1.0,1.0,115.0,1.0,3.0,37.0,2.0,5.0,108.7,1.0,0.0,0.0,1.0,0.0,0.0,21.0,0.0,0.0,6.0,10.0,3.0,12.6666666666667,0.0,0.0,6.0,12.0,3.0,10.0,0.0,9.4,-0.8,-3.12,Dropout
1.0,1.0,1.0,9853.0,1.0,1.0,129.0,1.0,38.0,37.0,6.0,6.0,138.1,0.0,0.0,0.0,1.0,0.0,0.0,19.0,0.0,0.0,6.0,8.0,6.0,12.0,0.0,0.0,6.0,10.0,4.0,11.5,0.0,7.6000000000000005,2.6,0.32,Dropout
1.0,1.0,1.0,9147.0,1.0,1.0,131.0,1.0,38.0,38.0,9.0,9.0,126.5,0.0,0.0,0.0,1.0,0.0,1.0,18.0,0.0,0.0,5.0,5.0,5.0,10.600000000000001,0.0,0.0,5.0,5.0,5.0,11.8,0.0,12.4,0.5,1.79,Graduate
1.0,17.0,2.0,9238.0,1.0,1.0,133.0,1.0,1.0,37.0,7.0,9.0,127.4,1.0,0.0,0.0,1.0,0.0,1.0,18.0,0.0,0.0,6.0,8.0,6.0,12.25,0.0,0.0,6.0,7.0,6.0,11.8571428571429,0.0,12.700000000000001,3.7,-1.7000000000000002,Graduate
1.0,1.0,3.0,9238.0,1.0,1.0,125.0,1.0,19.0,1.0,9.0,10.0,123.60000000000001,1.0,0.0,0.0,1.0,0.0,0.0,20.0,0.0,0.0,6.0,10.0,4.0,11.0,0.0,0.0,6.0,9.0,6.0,11.8333333333333,0.0,9.4,-0.8,-3.12,Graduate
1.0,39.0,1.0,8014.0,0.0,1.0,120.0,1.0,1.0,19.0,6.0,8.0,122.0,0.0,0.0,0.0,1.0,0.0,1.0,24.0,0.0,0.0,6.0,11.0,5.0,11.0,0.0,0.0,6.0,9.0,5.0,12.600000000000001,0.0,11.100000000000001,0.6000000000000001,2.02,Graduate
1.0,1.0,1.0,9670.0,1.0,1.0,128.0,1.0,19.0,1.0,4.0,1.0,118.2,0.0,0.0,0.0,1.0,0.0,0.0,19.0,0.0,0.0,6.0,6.0,6.0,13.1666666666667,0.0,0.0,6.0,9.0,6.0,13.0,0.0,10.8,1.4000000000000001,1.74,Dropout
1.0,1.0,1.0,9500.0,1.0,1.0,127.0,1.0,19.0,37.0,9.0,7.0,123.9,1.0,0.0,0.0,1.0,0.0,1.0,18.0,0.0,0.0,7.0,9.0,7.0,12.8555555555556,0.0,0.0,8.0,12.0,7.0,12.7611111111111,0.0,15.5,2.8000000000000003,-4.0600000000000005,Graduate
1.0,1.0,2.0,9500.0,1.0,1.0,134.0,1.0,19.0,19.0,9.0,9.0,125.80000000000001,1.0,0.0,0.0,1.0,0.0,0.0,18.0,0.0,0.0,7.0,8.0,7.0,14.918750000000001,0.0,0.0,8.0,8.0,8.0,15.355,0.0,15.5,2.8000000000000003,-4.0600000000000005,Graduate
1.0,17.0,5.0,9853.0,1.0,1.0,132.0,1.0,12.0,12.0,4.0,4.0,123.30000000000001,1.0,0.0,0.0,1.0,0.0,0.0,21.0,0.0,0.0,6.0,13.0,4.0,11.5,0.0,0.0,6.0,10.0,3.0,11.0,0.0,10.8,1.4000000000000001,1.74,Dropout
1.0,17.0,2.0,9670.0,1.0,1.0,124.0,1.0,1.0,19.0,5.0,4.0,124.4,0.0,0.0,0.0,1.0,0.0,0.0,19.0,0.0,0.0,5.0,5.0,5.0,14.200000000000001,0.0,0.0,5.0,5.0,5.0,14.200000000000001,0.0,7.6000000000000005,2.6,0.32,Graduate
1.0,17.0,1.0,9773.0,1.0,1.0,133.1,1.0,19.0,37.0,7.0,7.0,126.0,0.0,0.0,0.0,1.0,0.0,1.0,19.0,0.0,0.0,6.0,6.0,6.0,12.5,0.0,0.0,6.0,7.0,6.0,13.0,0.0,15.5,2.8000000000000003,-4.0600000000000005,Graduate
3.0,39.0,1.0,9003.0,1.0,1.0,170.0,1.0,1.0,37.0,6.0,6.0,170.0,0.0,0.0,1.0,1.0,0.0,0.0,47.0,0.0,0.0,1.0,1.0,0.0,0.0,0.0,0.0,6.0,0.0,0.0,0.0,0.0,8.9,1.4000000000000001,3.5100000000000002,Enrolled
1.0,17.0,3.0,9238.0,1.0,1.0,125.0,1.0,19.0,19.0,7.0,8.0,121.5,0.0,0.0,0.0,1.0,0.0,0.0,19.0,0.0,0.0,6.0,10.0,5.0,11.6666666666667,0.0,0.0,6.0,12.0,4.0,11.0,0.0,13.9,-0.30000000000000004,0.79,Graduate
1.0,39.0,1.0,9500.0,1.0,3.0,130.0,1.0,2.0,2.0,1.0,1.0,130.0,0.0,0.0,0.0,1.0,0.0,0.0,29.0,0.0,1.0,8.0,8.0,7.0,14.2571428571429,0.0,1.0,8.0,8.0,7.0,14.2571428571429,0.0,12.700000000000001,3.7,-1.7000000000000002,Graduate
1.0,43.0,1.0,9238.0,1.0,1.0,125.0,1.0,19.0,19.0,4.0,8.0,117.0,1.0,0.0,0.0,1.0,0.0,0.0,21.0,0.0,0.0,6.0,13.0,3.0,12.0,0.0,0.0,6.0,12.0,2.0,11.3333333333333,0.0,16.2,0.30000000000000004,-0.92,Dropout
1.0,39.0,1.0,9085.0,1.0,1.0,130.0,1.0,37.0,19.0,9.0,7.0,130.0,1.0,0.0,0.0,1.0,0.0,0.0,28.0,0.0,0.0,5.0,13.0,4.0,11.25,1.0,0.0,5.0,11.0,4.0,10.5,0.0,12.700000000000001,3.7,-1.7000000000000002,Enrolled
1.0,17.0,2.0,9556.0,1.0,1.0,133.1,1.0,37.0,37.0,3.0,10.0,108.0,0.0,0.0,0.0,1.0,0.0,0.0,20.0,0.0,0.0,7.0,8.0,7.0,12.4571428571429,0.0,0.0,8.0,8.0,8.0,13.5625,0.0,15.5,2.8000000000000003,-4.0600000000000005,Graduate
1.0,17.0,1.0,9500.0,1.0,1.0,131.0,1.0,2.0,38.0,4.0,5.0,132.3,1.0,0.0,0.0,1.0,0.0,0.0,19.0,0.0,0.0,7.0,7.0,6.0,11.6833333333333,0.0,0.0,7.0,7.0,6.0,11.6833333333333,0.0,7.6000000000000005,2.6,0.32,Graduate
1.0,42.0,1.0,8014.0,0.0,1.0,150.0,1.0,19.0,2.0,4.0,6.0,148.0,0.0,0.0,0.0,1.0,0.0,0.0,26.0,0.0,0.0,6.0,10.0,3.0,11.6666666666667,0.0,0.0,6.0,8.0,5.0,12.0,0.0,9.4,-0.8,-3.12,Graduate
1.0,17.0,2.0,9254.0,1.0,1.0,125.0,1.0,37.0,37.0,9.0,8.0,122.60000000000001,1.0,0.0,1.0,0.0,0.0,0.0,20.0,0.0,0.0,6.0,8.0,4.0,11.75,0.0,0.0,6.0,6.0,6.0,13.1666666666667,0.0,11.100000000000001,0.6000000000000001,2.02,Dropout
1.0,1.0,1.0,9670.0,1.0,1.0,131.0,1.0,37.0,37.0,9.0,9.0,123.0,1.0,0.0,0.0,1.0,0.0,1.0,18.0,0.0,0.0,5.0,6.0,3.0,11.6666666666667,0.0,0.0,5.0,6.0,4.0,13.5,0.0,7.6000000000000005,2.6,0.32,Enrolled
1.0,39.0,1.0,9853.0,1.0,1.0,130.0,1.0,37.0,19.0,9.0,5.0,102.5,0.0,0.0,0.0,1.0,0.0,0.0,27.0,0.0,0.0,6.0,9.0,5.0,13.200000000000001,0.0,0.0,6.0,10.0,5.0,12.0,0.0,7.6000000000000005,2.6,0.32,Graduate
1.0,1.0,2.0,9500.0,1.0,1.0,123.0,1.0,34.0,34.0,90.0,90.0,113.30000000000001,1.0,0.0,0.0,1.0,0.0,0.0,20.0,0.0,0.0,7.0,8.0,4.0,11.950000000000001,0.0,0.0,7.0,8.0,4.0,11.950000000000001,0.0,7.6000000000000005,2.6,0.32,Dropout
1.0,1.0,5.0,9853.0,1.0,1.0,141.0,1.0,37.0,19.0,9.0,5.0,133.0,1.0,0.0,0.0,1.0,0.0,0.0,18.0,0.0,0.0,6.0,8.0,5.0,12.4,0.0,0.0,6.0,12.0,5.0,10.4,0.0,9.4,-0.8,-3.12,Dropout
1.0,7.0,1.0,9500.0,1.0,3.0,140.0,1.0,1.0,1.0,9.0,5.0,140.0,0.0,0.0,0.0,1.0,0.0,0.0,33.0,0.0,2.0,7.0,8.0,6.0,14.35,0.0,3.0,8.0,10.0,6.0,14.5833333333333,0.0,16.2,0.30000000000000004,-0.92,Dropout
1.0,43.0,1.0,9853.0,1.0,1.0,140.0,1.0,3.0,1.0,3.0,3.0,128.3,1.0,0.0,0.0,1.0,0.0,0.0,35.0,0.0,19.0,21.0,21.0,21.0,12.6190476190476,0.0,13.0,19.0,19.0,19.0,12.7894736842105,0.0,12.4,0.5,1.79,Graduate
1.0,44.0,1.0,9991.0,0.0,39.0,140.0,1.0,37.0,19.0,9.0,8.0,140.0,0.0,0.0,0.0,1.0,0.0,1.0,26.0,0.0,2.0,6.0,7.0,6.0,12.6666666666667,0.0,2.0,6.0,7.0,6.0,13.1666666666667,1.0,9.4,-0.8,-3.12,Enrolled
1.0,39.0,1.0,9773.0,1.0,19.0,133.1,1.0,19.0,19.0,3.0,4.0,104.0,0.0,0.0,1.0,0.0,0.0,0.0,27.0,0.0,0.0,6.0,6.0,5.0,12.0,0.0,0.0,6.0,6.0,0.0,0.0,0.0,11.100000000000001,0.6000000000000001,2.02,Dropout
1.0,18.0,3.0,9070.0,1.0,1.0,131.0,1.0,1.0,37.0,5.0,5.0,122.30000000000001,1.0,0.0,0.0,0.0,0.0,0.0,19.0,0.0,0.0,6.0,6.0,6.0,12.1666666666667,0.0,0.0,6.0,6.0,0.0,0.0,0.0,15.5,2.8000000000000003,-4.0600000000000005,Dropout
1.0,17.0,2.0,9254.0,1.0,1.0,143.0,1.0,1.0,19.0,4.0,6.0,135.0,0.0,0.0,0.0,1.0,0.0,0.0,20.0,0.0,0.0,6.0,0.0,0.0,0.0,0.0,0.0,6.0,0.0,0.0,0.0,0.0,11.100000000000001,0.6000000000000001,2.02,Dropout
1.0,18.0,2.0,9147.0,1.0,1.0,132.0,1.0,3.0,3.0,5.0,7.0,119.10000000000001,1.0,0.0,1.0,0.0,0.0,0.0,20.0,0.0,0.0,5.0,9.0,3.0,10.0,0.0,0.0,5.0,9.0,3.0,10.5714285714286,0.0,10.8,1.4000000000000001,1.74,Dropout
1.0,43.0,1.0,9238.0,1.0,1.0,143.0,1.0,1.0,37.0,5.0,9.0,126.60000000000001,0.0,0.0,1.0,0.0,0.0,0.0,21.0,0.0,5.0,10.0,18.0,8.0,11.5,0.0,0.0,6.0,12.0,4.0,10.0,0.0,9.4,-0.8,-3.12,Enrolled
1.0,17.0,3.0,9500.0,1.0,1.0,141.0,1.0,38.0,1.0,9.0,4.0,129.0,1.0,0.0,0.0,1.0,0.0,1.0,18.0,0.0,0.0,7.0,7.0,6.0,13.05,0.0,0.0,7.0,7.0,6.0,13.05,0.0,7.6000000000000005,2.6,0.32,Graduate
1.0,39.0,1.0,9085.0,1.0,1.0,133.1,1.0,1.0,19.0,9.0,9.0,162.3,1.0,0.0,0.0,1.0,0.0,0.0,24.0,0.0,0.0,6.0,10.0,2.0,11.0,0.0,0.0,6.0,6.0,0.0,0.0,0.0,8.9,1.4000000000000001,3.5100000000000002,Dropout
1.0,17.0,4.0,9070.0,1.0,1.0,148.0,1.0,1.0,3.0,4.0,1.0,163.4,1.0,0.0,0.0,1.0,0.0,0.0,20.0,0.0,0.0,6.0,7.0,6.0,11.5,0.0,0.0,6.0,6.0,6.0,12.0,0.0,16.2,0.30000000000000004,-0.92,Graduate
1.0,1.0,1.0,9254.0,1.0,1.0,125.0,1.0,19.0,38.0,9.0,8.0,121.5,0.0,0.0,0.0,1.0,0.0,1.0,21.0,0.0,0.0,6.0,7.0,6.0,12.0,0.0,0.0,6.0,6.0,6.0,12.5,0.0,13.9,-0.30000000000000004,0.79,Graduate
1.0,1.0,1.0,8014.0,0.0,1.0,120.0,1.0,1.0,37.0,7.0,3.0,122.80000000000001,0.0,0.0,0.0,1.0,0.0,0.0,23.0,0.0,0.0,6.0,13.0,2.0,10.0,0.0,0.0,5.0,12.0,1.0,10.0,0.0,9.4,-0.8,-3.12,Enrolled
1.0,39.0,1.0,9147.0,1.0,1.0,140.0,1.0,12.0,3.0,4.0,3.0,118.0,1.0,0.0,0.0,1.0,0.0,0.0,24.0,0.0,0.0,5.0,5.0,0.0,0.0,0.0,0.0,5.0,5.0,0.0,0.0,0.0,7.6000000000000005,2.6,0.32,Dropout
1.0,51.0,1.0,9853.0,1.0,1.0,139.0,1.0,1.0,1.0,4.0,10.0,134.0,0.0,0.0,0.0,1.0,0.0,0.0,21.0,0.0,0.0,6.0,0.0,0.0,0.0,0.0,0.0,6.0,0.0,0.0,0.0,0.0,12.4,0.5,1.79,Dropout
1.0,1.0,4.0,9500.0,1.0,1.0,142.0,1.0,38.0,38.0,9.0,8.0,129.8,1.0,0.0,0.0,1.0,0.0,0.0,18.0,0.0,0.0,8.0,8.0,7.0,12.242857142857101,0.0,0.0,8.0,8.0,7.0,12.242857142857101,0.0,12.700000000000001,3.7,-1.7000000000000002,Graduate
1.0,39.0,1.0,9991.0,0.0,40.0,130.0,1.0,19.0,1.0,3.0,4.0,152.0,1.0,0.0,0.0,1.0,0.0,0.0,27.0,0.0,0.0,5.0,0.0,0.0,0.0,0.0,0.0,5.0,0.0,0.0,0.0,0.0,8.9,1.4000000000000001,3.5100000000000002,Dropout
1.0,18.0,6.0,9500.0,1.0,1.0,126.0,1.0,37.0,37.0,5.0,5.0,122.80000000000001,1.0,0.0,0.0,1.0,0.0,0.0,18.0,0.0,0.0,8.0,8.0,8.0,12.933750000000002,0.0,0.0,8.0,8.0,8.0,12.933750000000002,0.0,9.4,-0.8,-3.12,Graduate
1.0,7.0,1.0,9119.0,1.0,3.0,150.0,1.0,3.0,2.0,2.0,2.0,150.0,0.0,0.0,0.0,1.0,0.0,0.0,35.0,0.0,0.0,5.0,0.0,0.0,0.0,0.0,0.0,5.0,0.0,0.0,0.0,0.0,13.9,-0.30000000000000004,0.79,Dropout
1.0,1.0,1.0,9853.0,1.0,1.0,130.0,1.0,19.0,19.0,3.0,8.0,131.8,0.0,0.0,0.0,1.0,0.0,0.0,18.0,0.0,0.0,7.0,9.0,7.0,12.5714285714286,0.0,0.0,7.0,8.0,7.0,14.4285714285714,0.0,11.100000000000001,0.6000000000000001,2.02,Graduate
1.0,39.0,1.0,9500.0,1.0,1.0,120.0,1.0,1.0,3.0,175.0,121.0,105.9,0.0,0.0,0.0,1.0,0.0,0.0,35.0,0.0,0.0,3.0,4.0,3.0,11.8166666666667,0.0,0.0,3.0,3.0,3.0,11.3333333333333,0.0,11.100000000000001,0.6000000000000001,2.02,Enrolled
1.0,1.0,1.0,9085.0,1.0,1.0,138.0,1.0,1.0,1.0,4.0,7.0,132.1,1.0,0.0,0.0,1.0,0.0,0.0,19.0,0.0,0.0,5.0,9.0,4.0,13.75,0.0,0.0,5.0,13.0,4.0,14.3333333333333,2.0,10.8,1.4000000000000001,1.74,Graduate
1.0,1.0,4.0,9238.0,1.0,1.0,127.0,1.0,19.0,19.0,4.0,0.0,127.4,1.0,0.0,0.0,1.0,0.0,0.0,20.0,0.0,0.0,6.0,8.0,6.0,11.1666666666667,0.0,0.0,6.0,6.0,6.0,11.3333333333333,0.0,7.6000000000000005,2.6,0.32,Graduate
1.0,1.0,4.0,9500.0,1.0,1.0,140.0,1.0,19.0,19.0,7.0,7.0,129.5,1.0,0.0,0.0,1.0,0.0,0.0,18.0,0.0,0.0,8.0,8.0,7.0,12.3242857142857,0.0,0.0,8.0,8.0,7.0,12.3242857142857,0.0,10.8,1.4000000000000001,1.74,Graduate
1.0,44.0,1.0,9238.0,1.0,39.0,130.0,1.0,38.0,38.0,5.0,10.0,126.7,0.0,0.0,1.0,1.0,0.0,0.0,21.0,0.0,3.0,6.0,6.0,6.0,12.1666666666667,0.0,2.0,6.0,7.0,6.0,11.714285714285701,0.0,13.9,-0.30000000000000004,0.79,Graduate
1.0,17.0,2.0,9238.0,1.0,1.0,128.0,1.0,19.0,37.0,9.0,8.0,116.5,0.0,0.0,0.0,1.0,0.0,1.0,18.0,0.0,0.0,6.0,11.0,5.0,11.1428571428571,0.0,0.0,6.0,11.0,4.0,11.25,0.0,16.2,0.30000000000000004,-0.92,Graduate
1.0,1.0,1.0,9238.0,1.0,1.0,132.0,1.0,34.0,34.0,0.0,0.0,119.10000000000001,1.0,0.0,0.0,1.0,0.0,0.0,18.0,0.0,0.0,6.0,9.0,4.0,11.0,0.0,0.0,6.0,9.0,4.0,10.75,0.0,7.6000000000000005,2.6,0.32,Graduate
1.0,1.0,2.0,9500.0,1.0,1.0,149.0,1.0,19.0,38.0,9.0,9.0,126.5,1.0,0.0,0.0,1.0,0.0,0.0,18.0,0.0,0.0,8.0,8.0,7.0,12.9142857142857,0.0,0.0,8.0,8.0,7.0,12.9142857142857,0.0,12.700000000000001,3.7,-1.7000000000000002,Graduate
1.0,1.0,4.0,9773.0,1.0,1.0,155.0,1.0,3.0,19.0,1.0,4.0,149.8,1.0,0.0,0.0,1.0,0.0,1.0,18.0,0.0,0.0,6.0,6.0,6.0,13.8333333333333,0.0,0.0,6.0,6.0,6.0,14.1666666666667,0.0,16.2,0.30000000000000004,-0.92,Graduate
1.0,1.0,1.0,9085.0,1.0,1.0,120.0,1.0,19.0,1.0,8.0,7.0,115.10000000000001,1.0,0.0,0.0,1.0,0.0,0.0,19.0,0.0,0.0,6.0,8.0,6.0,13.8571428571429,0.0,0.0,6.0,9.0,5.0,13.4,0.0,13.9,-0.30000000000000004,0.79,Graduate
1.0,39.0,1.0,9254.0,1.0,19.0,133.1,1.0,3.0,19.0,2.0,3.0,124.5,0.0,0.0,0.0,1.0,0.0,1.0,36.0,0.0,0.0,6.0,7.0,6.0,13.714285714285701,0.0,0.0,6.0,6.0,5.0,12.8,0.0,16.2,0.30000000000000004,-0.92,Dropout
1.0,1.0,2.0,9500.0,1.0,1.0,131.0,1.0,38.0,1.0,7.0,4.0,128.3,1.0,0.0,0.0,1.0,0.0,1.0,18.0,0.0,0.0,8.0,8.0,7.0,12.6428571428571,0.0,0.0,8.0,8.0,7.0,12.6428571428571,0.0,12.700000000000001,3.7,-1.7000000000000002,Graduate
1.0,1.0,1.0,9500.0,1.0,1.0,149.0,1.0,37.0,37.0,9.0,9.0,136.0,0.0,0.0,0.0,1.0,0.0,1.0,18.0,0.0,0.0,7.0,7.0,6.0,12.9166666666667,0.0,0.0,7.0,7.0,6.0,12.9166666666667,0.0,7.6000000000000005,2.6,0.32,Graduate
1.0,43.0,1.0,9130.0,1.0,1.0,140.0,1.0,1.0,3.0,9.0,2.0,140.0,1.0,0.0,0.0,1.0,0.0,1.0,20.0,0.0,0.0,6.0,8.0,6.0,15.625,0.0,0.0,6.0,8.0,6.0,15.8571428571429,0.0,13.9,-0.30000000000000004,0.79,Graduate
1.0,39.0,1.0,9991.0,0.0,1.0,133.1,1.0,37.0,37.0,9.0,9.0,126.30000000000001,0.0,0.0,0.0,1.0,0.0,1.0,26.0,0.0,0.0,5.0,7.0,0.0,0.0,0.0,0.0,5.0,8.0,0.0,0.0,0.0,16.2,0.30000000000000004,-0.92,Dropout
1.0,43.0,1.0,9773.0,1.0,1.0,122.0,1.0,1.0,1.0,4.0,5.0,126.9,0.0,0.0,0.0,1.0,0.0,0.0,21.0,0.0,0.0,6.0,8.0,6.0,11.714285714285701,0.0,0.0,6.0,7.0,6.0,12.0,0.0,7.6000000000000005,2.6,0.32,Graduate
1.0,39.0,1.0,9556.0,1.0,40.0,130.0,1.0,1.0,1.0,4.0,5.0,145.0,0.0,0.0,0.0,1.0,0.0,0.0,25.0,0.0,0.0,7.0,10.0,6.0,12.125,0.0,0.0,8.0,9.0,8.0,13.3125,0.0,15.5,2.8000000000000003,-4.0600000000000005,Enrolled
1.0,18.0,1.0,9147.0,1.0,1.0,121.0,1.0,19.0,3.0,5.0,5.0,115.80000000000001,1.0,0.0,0.0,1.0,0.0,1.0,19.0,0.0,0.0,5.0,7.0,5.0,11.600000000000001,0.0,0.0,5.0,5.0,5.0,11.600000000000001,0.0,12.4,0.5,1.79,Graduate
1.0,39.0,1.0,8014.0,0.0,1.0,120.0,1.0,19.0,37.0,8.0,7.0,100.0,1.0,0.0,0.0,1.0,0.0,0.0,24.0,0.0,0.0,6.0,11.0,1.0,10.0,0.0,0.0,6.0,6.0,0.0,0.0,6.0,9.4,-0.8,-3.12,Dropout
1.0,39.0,1.0,8014.0,0.0,1.0,133.1,1.0,1.0,19.0,5.0,4.0,102.5,0.0,0.0,0.0,1.0,0.0,1.0,27.0,0.0,0.0,6.0,16.0,1.0,10.0,0.0,0.0,6.0,13.0,0.0,0.0,0.0,8.9,1.4000000000000001,3.5100000000000002,Dropout
1.0,17.0,1.0,9085.0,1.0,1.0,121.0,1.0,19.0,37.0,1.0,3.0,131.5,0.0,0.0,0.0,1.0,0.0,0.0,21.0,0.0,0.0,5.0,10.0,0.0,0.0,1.0,0.0,5.0,9.0,2.0,13.5,0.0,7.6000000000000005,2.6,0.32,Dropout
1.0,1.0,1.0,9147.0,1.0,1.0,133.0,1.0,38.0,38.0,7.0,7.0,147.0,0.0,0.0,0.0,1.0,0.0,1.0,18.0,0.0,0.0,5.0,7.0,4.0,13.0,0.0,0.0,5.0,8.0,3.0,12.3333333333333,0.0,9.4,-0.8,-3.12,Graduate
2.0,1.0,4.0,9853.0,1.0,1.0,134.0,1.0,37.0,37.0,5.0,7.0,122.5,0.0,1.0,0.0,1.0,0.0,1.0,19.0,0.0,0.0,6.0,6.0,6.0,13.3333333333333,0.0,0.0,6.0,6.0,6.0,14.5,0.0,10.8,1.4000000000000001,1.74,Graduate
1.0,1.0,3.0,9254.0,1.0,1.0,115.0,1.0,1.0,1.0,3.0,3.0,117.5,1.0,0.0,0.0,1.0,0.0,0.0,18.0,0.0,0.0,6.0,9.0,4.0,11.25,0.0,0.0,6.0,13.0,2.0,12.5,0.0,9.4,-0.8,-3.12,Dropout
1.0,51.0,1.0,9500.0,1.0,1.0,127.0,1.0,19.0,1.0,5.0,9.0,150.0,0.0,0.0,0.0,1.0,0.0,1.0,19.0,0.0,0.0,7.0,9.0,5.0,13.85,0.0,0.0,8.0,9.0,7.0,12.1928571428571,0.0,11.100000000000001,0.6000000000000001,2.02,Graduate
1.0,18.0,1.0,9500.0,1.0,1.0,135.0,1.0,1.0,38.0,4.0,5.0,127.5,1.0,0.0,0.0,1.0,0.0,1.0,19.0,0.0,0.0,7.0,8.0,6.0,13.741666666666701,0.0,0.0,8.0,9.0,7.0,14.912500000000001,0.0,16.2,0.30000000000000004,-0.92,Graduate
2.0,7.0,1.0,9991.0,0.0,43.0,140.0,1.0,40.0,5.0,3.0,3.0,140.0,0.0,0.0,0.0,1.0,0.0,0.0,33.0,0.0,2.0,6.0,7.0,6.0,15.3333333333333,0.0,0.0,5.0,5.0,5.0,15.8,0.0,11.100000000000001,0.6000000000000001,2.02,Graduate
2.0,7.0,1.0,9147.0,1.0,3.0,130.0,1.0,1.0,4.0,3.0,10.0,130.0,0.0,0.0,0.0,1.0,0.0,0.0,45.0,0.0,0.0,5.0,6.0,5.0,11.0,0.0,0.0,5.0,5.0,5.0,13.8,0.0,12.4,0.5,1.79,Graduate
1.0,1.0,1.0,9238.0,1.0,1.0,135.0,1.0,1.0,1.0,9.0,9.0,133.3,0.0,0.0,0.0,1.0,0.0,1.0,20.0,0.0,0.0,6.0,6.0,6.0,12.0,0.0,0.0,6.0,7.0,6.0,12.8571428571429,0.0,11.100000000000001,0.6000000000000001,2.02,Graduate
1.0,39.0,2.0,9670.0,1.0,1.0,140.0,1.0,34.0,34.0,0.0,0.0,97.0,1.0,0.0,0.0,1.0,0.0,0.0,28.0,0.0,0.0,5.0,5.0,0.0,0.0,0.0,0.0,5.0,5.0,0.0,0.0,0.0,7.6000000000000005,2.6,0.32,Dropout
1.0,43.0,1.0,9500.0,1.0,1.0,120.0,1.0,1.0,1.0,5.0,8.0,112.0,1.0,0.0,0.0,1.0,0.0,1.0,19.0,0.0,0.0,8.0,15.0,7.0,11.5714285714286,0.0,0.0,8.0,15.0,7.0,11.5714285714286,0.0,12.700000000000001,3.7,-1.7000000000000002,Graduate
1.0,1.0,2.0,9254.0,1.0,1.0,140.0,1.0,1.0,37.0,4.0,5.0,123.60000000000001,1.0,0.0,0.0,1.0,0.0,0.0,18.0,0.0,0.0,6.0,10.0,6.0,12.8571428571429,0.0,0.0,6.0,6.0,3.0,12.6666666666667,0.0,12.700000000000001,3.7,-1.7000000000000002,Graduate
1.0,39.0,1.0,9254.0,1.0,3.0,133.1,1.0,19.0,19.0,4.0,6.0,130.5,0.0,0.0,0.0,1.0,0.0,0.0,38.0,0.0,0.0,6.0,0.0,0.0,0.0,0.0,0.0,6.0,0.0,0.0,0.0,0.0,15.5,2.8000000000000003,-4.0600000000000005,Dropout
1.0,1.0,2.0,9670.0,1.0,1.0,135.0,1.0,1.0,3.0,4.0,3.0,133.3,0.0,0.0,0.0,1.0,0.0,0.0,19.0,0.0,0.0,5.0,5.0,5.0,13.0,0.0,0.0,5.0,5.0,5.0,13.200000000000001,0.0,9.4,-0.8,-3.12,Graduate
1.0,1.0,1.0,9254.0,1.0,1.0,123.0,1.0,1.0,37.0,9.0,9.0,132.1,0.0,0.0,0.0,1.0,0.0,1.0,21.0,0.0,0.0,6.0,9.0,5.0,11.0,0.0,0.0,6.0,8.0,5.0,12.0,0.0,15.5,2.8000000000000003,-4.0600000000000005,Graduate
1.0,1.0,1.0,9147.0,1.0,1.0,133.1,1.0,37.0,1.0,9.0,10.0,100.0,0.0,0.0,0.0,1.0,0.0,0.0,21.0,0.0,0.0,5.0,12.0,3.0,12.0,0.0,0.0,5.0,12.0,1.0,15.0,3.0,16.2,0.30000000000000004,-0.92,Dropout
1.0,1.0,1.0,9238.0,1.0,1.0,154.0,1.0,38.0,37.0,9.0,9.0,140.4,0.0,0.0,0.0,1.0,0.0,1.0,22.0,0.0,0.0,6.0,6.0,5.0,12.600000000000001,0.0,0.0,6.0,6.0,6.0,13.0,0.0,10.8,1.4000000000000001,1.74,Graduate
1.0,1.0,1.0,9853.0,1.0,1.0,148.0,1.0,19.0,19.0,5.0,7.0,141.70000000000002,0.0,0.0,0.0,1.0,0.0,1.0,18.0,0.0,0.0,6.0,8.0,5.0,13.4,0.0,0.0,6.0,7.0,6.0,13.1666666666667,0.0,9.4,-0.8,-3.12,Graduate
1.0,17.0,2.0,9238.0,1.0,1.0,133.0,1.0,37.0,37.0,3.0,9.0,119.7,0.0,1.0,0.0,1.0,0.0,1.0,18.0,0.0,0.0,6.0,9.0,6.0,11.3333333333333,0.0,0.0,6.0,9.0,6.0,11.5714285714286,0.0,15.5,2.8000000000000003,-4.0600000000000005,Graduate
1.0,1.0,1.0,9130.0,1.0,1.0,126.0,1.0,19.0,1.0,9.0,9.0,122.5,1.0,0.0,0.0,0.0,0.0,0.0,25.0,0.0,0.0,5.0,14.0,4.0,13.5,2.0,0.0,5.0,10.0,4.0,14.25,0.0,9.4,-0.8,-3.12,Dropout
1.0,39.0,1.0,9085.0,1.0,19.0,133.1,1.0,19.0,19.0,9.0,7.0,140.0,0.0,0.0,1.0,0.0,0.0,0.0,24.0,0.0,2.0,6.0,11.0,3.0,11.75,0.0,1.0,6.0,14.0,3.0,10.3333333333333,0.0,16.2,0.30000000000000004,-0.92,Dropout
1.0,1.0,3.0,9500.0,1.0,1.0,125.0,1.0,3.0,1.0,4.0,4.0,119.4,1.0,0.0,0.0,1.0,0.0,0.0,19.0,0.0,0.0,7.0,10.0,6.0,12.4714285714286,0.0,0.0,7.0,8.0,7.0,11.4625,0.0,12.4,0.5,1.79,Enrolled
1.0,16.0,1.0,171.0,1.0,1.0,145.0,1.0,3.0,3.0,3.0,3.0,155.0,1.0,0.0,0.0,1.0,0.0,0.0,24.0,0.0,11.0,17.0,19.0,11.0,12.909090909090901,0.0,9.0,13.0,15.0,9.0,13.5555555555556,0.0,12.4,0.5,1.79,Enrolled
1.0,1.0,2.0,9147.0,1.0,1.0,118.0,1.0,37.0,19.0,5.0,5.0,119.10000000000001,1.0,0.0,0.0,1.0,0.0,1.0,20.0,0.0,0.0,5.0,5.0,5.0,11.600000000000001,0.0,0.0,5.0,5.0,5.0,13.600000000000001,0.0,12.4,0.5,1.79,Graduate
1.0,39.0,1.0,9147.0,1.0,1.0,120.0,1.0,37.0,1.0,9.0,1.0,122.7,0.0,0.0,0.0,0.0,0.0,0.0,25.0,0.0,0.0,5.0,5.0,0.0,0.0,0.0,0.0,5.0,9.0,0.0,0.0,0.0,10.8,1.4000000000000001,1.74,Dropout
1.0,1.0,1.0,9147.0,1.0,1.0,127.0,1.0,38.0,19.0,9.0,10.0,117.9,0.0,0.0,0.0,1.0,0.0,1.0,20.0,0.0,5.0,10.0,13.0,9.0,12.9,0.0,4.0,10.0,12.0,10.0,12.3636363636364,0.0,8.9,1.4000000000000001,3.5100000000000002,Graduate
1.0,7.0,1.0,9500.0,1.0,3.0,130.0,1.0,19.0,38.0,5.0,3.0,130.0,0.0,0.0,0.0,1.0,0.0,0.0,23.0,0.0,0.0,8.0,8.0,8.0,13.22,0.0,0.0,8.0,8.0,8.0,13.22,0.0,9.4,-0.8,-3.12,Graduate
1.0,17.0,3.0,9500.0,1.0,1.0,129.0,1.0,19.0,37.0,7.0,6.0,120.0,1.0,0.0,0.0,1.0,0.0,1.0,19.0,0.0,0.0,8.0,8.0,7.0,13.1514285714286,0.0,0.0,8.0,8.0,7.0,13.1514285714286,0.0,10.8,1.4000000000000001,1.74,Graduate
1.0,44.0,1.0,9003.0,1.0,39.0,130.0,1.0,37.0,37.0,9.0,10.0,130.0,0.0,0.0,1.0,0.0,0.0,0.0,29.0,0.0,0.0,6.0,13.0,3.0,12.75,0.0,0.0,6.0,8.0,3.0,11.3333333333333,0.0,13.9,-0.30000000000000004,0.79,Dropout
1.0,1.0,3.0,9254.0,1.0,1.0,121.0,1.0,19.0,37.0,4.0,7.0,116.80000000000001,1.0,0.0,0.0,1.0,0.0,0.0,21.0,0.0,0.0,6.0,8.0,6.0,11.3333333333333,0.0,0.0,6.0,8.0,4.0,12.25,0.0,11.100000000000001,0.6000000000000001,2.02,Graduate
1.0,1.0,1.0,9670.0,1.0,1.0,136.0,1.0,19.0,1.0,9.0,8.0,123.4,1.0,0.0,0.0,1.0,0.0,1.0,18.0,0.0,0.0,6.0,10.0,6.0,13.25,0.0,0.0,6.0,13.0,5.0,14.1428571428571,0.0,11.100000000000001,0.6000000000000001,2.02,Graduate
1.0,1.0,3.0,9070.0,1.0,1.0,125.0,1.0,19.0,38.0,9.0,9.0,125.4,1.0,0.0,0.0,1.0,0.0,0.0,19.0,0.0,0.0,6.0,7.0,5.0,12.4,0.0,0.0,6.0,6.0,5.0,12.4,0.0,9.4,-0.8,-3.12,Enrolled
1.0,1.0,3.0,9773.0,1.0,1.0,131.0,1.0,38.0,37.0,7.0,7.0,127.2,1.0,0.0,0.0,1.0,0.0,1.0,18.0,0.0,0.0,6.0,6.0,6.0,15.0,0.0,0.0,6.0,6.0,6.0,12.8333333333333,0.0,8.9,1.4000000000000001,3.5100000000000002,Dropout
1.0,1.0,1.0,9085.0,1.0,1.0,122.0,1.0,9.0,19.0,90.0,6.0,103.4,0.0,0.0,0.0,1.0,0.0,0.0,19.0,0.0,0.0,5.0,6.0,5.0,14.4,0.0,0.0,5.0,6.0,5.0,13.0,0.0,7.6000000000000005,2.6,0.32,Graduate
1.0,1.0,1.0,9773.0,1.0,1.0,127.0,1.0,37.0,37.0,9.0,8.0,123.2,1.0,0.0,0.0,1.0,0.0,0.0,18.0,0.0,0.0,6.0,12.0,1.0,11.0,0.0,0.0,6.0,12.0,0.0,0.0,0.0,9.4,-0.8,-3.12,Enrolled
1.0,17.0,1.0,9147.0,1.0,1.0,136.0,1.0,1.0,1.0,4.0,4.0,124.10000000000001,0.0,0.0,0.0,1.0,0.0,0.0,18.0,0.0,0.0,5.0,8.0,5.0,12.4,0.0,0.0,5.0,6.0,5.0,10.8,0.0,8.9,1.4000000000000001,3.5100000000000002,Graduate
2.0,39.0,1.0,9556.0,1.0,19.0,133.1,1.0,38.0,37.0,7.0,7.0,99.5,1.0,0.0,1.0,0.0,0.0,1.0,37.0,0.0,0.0,7.0,13.0,1.0,16.0,0.0,0.0,7.0,12.0,0.0,0.0,0.0,8.9,1.4000000000000001,3.5100000000000002,Dropout
1.0,17.0,1.0,9991.0,0.0,40.0,127.0,1.0,37.0,37.0,6.0,6.0,124.9,0.0,0.0,0.0,1.0,0.0,0.0,29.0,0.0,0.0,5.0,10.0,5.0,13.5714285714286,0.0,0.0,5.0,14.0,5.0,12.3333333333333,3.0,16.2,0.30000000000000004,-0.92,Graduate
1.0,17.0,3.0,9070.0,1.0,1.0,116.0,1.0,37.0,37.0,9.0,9.0,110.80000000000001,0.0,0.0,0.0,1.0,0.0,0.0,18.0,0.0,0.0,6.0,6.0,6.0,11.8333333333333,0.0,0.0,6.0,6.0,6.0,12.5,0.0,7.6000000000000005,2.6,0.32,Enrolled
1.0,1.0,1.0,9238.0,1.0,1.0,121.0,1.0,1.0,1.0,9.0,8.0,118.9,1.0,0.0,0.0,1.0,0.0,1.0,19.0,0.0,0.0,6.0,8.0,5.0,11.6666666666667,0.0,0.0,6.0,9.0,5.0,12.6666666666667,0.0,12.4,0.5,1.79,Graduate
1.0,43.0,1.0,9238.0,1.0,1.0,124.0,1.0,1.0,1.0,3.0,1.0,118.80000000000001,1.0,0.0,1.0,0.0,0.0,0.0,22.0,0.0,6.0,10.0,16.0,6.0,11.8333333333333,0.0,2.0,7.0,8.0,2.0,13.0,0.0,16.2,0.30000000000000004,-0.92,Dropout
1.0,1.0,1.0,9254.0,1.0,1.0,131.0,1.0,37.0,38.0,9.0,7.0,137.0,0.0,0.0,0.0,1.0,0.0,1.0,20.0,0.0,0.0,6.0,8.0,6.0,11.1666666666667,0.0,0.0,6.0,10.0,5.0,10.600000000000001,0.0,15.5,2.8000000000000003,-4.0600000000000005,Graduate
1.0,39.0,1.0,8014.0,0.0,1.0,100.0,1.0,37.0,37.0,99.0,99.0,100.0,0.0,0.0,0.0,1.0,0.0,0.0,34.0,0.0,0.0,6.0,0.0,0.0,0.0,0.0,0.0,6.0,0.0,0.0,0.0,0.0,12.700000000000001,3.7,-1.7000000000000002,Dropout
1.0,43.0,1.0,9119.0,1.0,1.0,130.0,1.0,37.0,38.0,9.0,9.0,120.0,0.0,0.0,1.0,0.0,0.0,0.0,30.0,0.0,8.0,12.0,17.0,8.0,11.75,0.0,6.0,12.0,19.0,6.0,12.1666666666667,2.0,7.6000000000000005,2.6,0.32,Dropout
1.0,1.0,1.0,9238.0,1.0,1.0,135.0,1.0,1.0,1.0,4.0,4.0,122.80000000000001,0.0,0.0,0.0,1.0,0.0,0.0,18.0,0.0,0.0,6.0,7.0,6.0,14.0,0.0,0.0,6.0,7.0,6.0,14.0,0.0,10.8,1.4000000000000001,1.74,Graduate
1.0,1.0,1.0,9238.0,1.0,1.0,130.0,1.0,38.0,19.0,9.0,5.0,121.60000000000001,0.0,0.0,0.0,1.0,0.0,0.0,18.0,0.0,0.0,6.0,6.0,6.0,12.8333333333333,0.0,0.0,6.0,6.0,6.0,12.0,0.0,12.4,0.5,1.79,Graduate
1.0,1.0,2.0,9773.0,1.0,1.0,146.0,1.0,3.0,1.0,1.0,3.0,149.20000000000002,1.0,0.0,0.0,1.0,0.0,0.0,18.0,0.0,0.0,6.0,11.0,4.0,12.25,0.0,0.0,6.0,10.0,3.0,11.6666666666667,0.0,9.4,-0.8,-3.12,Graduate
1.0,17.0,4.0,9500.0,1.0,1.0,146.0,1.0,4.0,1.0,2.0,3.0,140.0,1.0,0.0,0.0,1.0,0.0,0.0,18.0,0.0,0.0,8.0,8.0,7.0,14.8285714285714,0.0,0.0,8.0,8.0,7.0,14.8285714285714,0.0,12.700000000000001,3.7,-1.7000000000000002,Graduate
1.0,1.0,2.0,9773.0,1.0,1.0,154.0,1.0,38.0,38.0,9.0,9.0,133.4,1.0,0.0,0.0,1.0,0.0,1.0,19.0,0.0,0.0,6.0,7.0,5.0,11.4,0.0,0.0,6.0,8.0,5.0,12.8,0.0,12.700000000000001,3.7,-1.7000000000000002,Graduate
1.0,1.0,1.0,9070.0,1.0,1.0,137.0,1.0,37.0,37.0,9.0,9.0,126.2,1.0,0.0,0.0,1.0,0.0,1.0,19.0,0.0,0.0,6.0,6.0,6.0,13.0,0.0,0.0,6.0,8.0,6.0,12.5,0.0,10.8,1.4000000000000001,1.74,Graduate
1.0,1.0,5.0,9500.0,1.0,1.0,151.0,1.0,1.0,1.0,9.0,9.0,127.80000000000001,0.0,0.0,0.0,1.0,0.0,1.0,18.0,0.0,0.0,8.0,8.0,7.0,13.671428571428601,0.0,0.0,8.0,8.0,7.0,13.671428571428601,0.0,12.700000000000001,3.7,-1.7000000000000002,Graduate
1.0,44.0,1.0,9003.0,1.0,39.0,150.0,1.0,37.0,38.0,4.0,8.0,150.0,0.0,0.0,0.0,1.0,0.0,1.0,21.0,0.0,0.0,6.0,9.0,6.0,12.6666666666667,0.0,0.0,6.0,8.0,5.0,12.8,0.0,13.9,-0.30000000000000004,0.79,Graduate
1.0,1.0,2.0,9147.0,1.0,1.0,121.0,1.0,1.0,19.0,9.0,9.0,113.7,1.0,0.0,0.0,0.0,0.0,0.0,20.0,0.0,0.0,5.0,10.0,2.0,10.0,0.0,0.0,5.0,12.0,1.0,13.0,0.0,7.6000000000000005,2.6,0.32,Dropout
1.0,17.0,1.0,9147.0,1.0,1.0,122.0,1.0,12.0,19.0,4.0,8.0,117.80000000000001,1.0,0.0,0.0,1.0,0.0,0.0,20.0,0.0,0.0,5.0,10.0,5.0,13.5,0.0,0.0,5.0,8.0,5.0,12.3333333333333,0.0,13.9,-0.30000000000000004,0.79,Graduate
1.0,1.0,1.0,9500.0,1.0,1.0,143.0,1.0,5.0,1.0,2.0,5.0,136.70000000000002,0.0,0.0,0.0,1.0,0.0,0.0,19.0,0.0,2.0,7.0,8.0,7.0,12.67,0.0,1.0,8.0,8.0,8.0,13.55,0.0,11.100000000000001,0.6000000000000001,2.02,Graduate
1.0,1.0,1.0,9238.0,1.0,1.0,152.0,1.0,1.0,38.0,4.0,5.0,144.70000000000002,0.0,0.0,0.0,1.0,0.0,0.0,20.0,0.0,0.0,6.0,8.0,6.0,14.5,0.0,0.0,6.0,7.0,6.0,15.4285714285714,0.0,16.2,0.30000000000000004,-0.92,Graduate
1.0,17.0,3.0,9500.0,1.0,1.0,145.0,1.0,12.0,1.0,4.0,10.0,139.8,1.0,0.0,0.0,1.0,0.0,0.0,18.0,0.0,0.0,7.0,7.0,7.0,13.685714285714301,0.0,0.0,8.0,8.0,8.0,15.387500000000001,0.0,13.9,-0.30000000000000004,0.79,Graduate
1.0,42.0,1.0,9853.0,1.0,1.0,120.0,1.0,37.0,38.0,3.0,3.0,113.7,0.0,0.0,0.0,1.0,0.0,0.0,20.0,0.0,0.0,6.0,8.0,5.0,11.0,0.0,0.0,6.0,10.0,3.0,10.6666666666667,0.0,12.700000000000001,3.7,-1.7000000000000002,Dropout
2.0,7.0,1.0,9130.0,1.0,3.0,140.0,1.0,5.0,4.0,2.0,0.0,140.0,0.0,0.0,1.0,0.0,0.0,0.0,29.0,0.0,7.0,9.0,16.0,7.0,11.5555555555556,4.0,5.0,7.0,12.0,5.0,13.200000000000001,2.0,7.6000000000000005,2.6,0.32,Dropout
1.0,1.0,1.0,9500.0,1.0,1.0,143.0,1.0,19.0,19.0,5.0,6.0,142.3,0.0,0.0,0.0,1.0,0.0,1.0,18.0,0.0,0.0,7.0,7.0,7.0,13.7971428571429,0.0,0.0,8.0,8.0,8.0,13.775,0.0,12.4,0.5,1.79,Enrolled
1.0,1.0,1.0,9500.0,1.0,1.0,129.0,1.0,19.0,19.0,5.0,5.0,119.60000000000001,1.0,0.0,0.0,1.0,0.0,1.0,20.0,0.0,0.0,7.0,8.0,7.0,14.003750000000002,0.0,0.0,8.0,11.0,7.0,13.8128571428571,0.0,15.5,2.8000000000000003,-4.0600000000000005,Graduate
1.0,16.0,2.0,9147.0,1.0,1.0,139.0,1.0,38.0,37.0,9.0,9.0,123.7,1.0,0.0,0.0,1.0,0.0,1.0,22.0,0.0,0.0,5.0,8.0,4.0,12.0,0.0,0.0,5.0,8.0,4.0,11.4,2.0,16.2,0.30000000000000004,-0.92,Graduate
4.0,1.0,1.0,8014.0,0.0,1.0,133.1,1.0,39.0,19.0,4.0,10.0,143.0,1.0,0.0,0.0,1.0,0.0,1.0,47.0,0.0,0.0,6.0,9.0,5.0,14.1666666666667,0.0,0.0,6.0,7.0,6.0,14.1666666666667,0.0,16.2,0.30000000000000004,-0.92,Graduate
2.0,51.0,1.0,9991.0,0.0,1.0,127.0,1.0,37.0,37.0,8.0,4.0,100.10000000000001,0.0,0.0,0.0,1.0,0.0,0.0,31.0,0.0,1.0,5.0,5.0,5.0,14.0,0.0,0.0,5.0,5.0,5.0,13.8,0.0,8.9,1.4000000000000001,3.5100000000000002,Graduate
1.0,1.0,1.0,9070.0,1.0,1.0,126.0,1.0,19.0,37.0,7.0,5.0,119.4,0.0,0.0,0.0,1.0,0.0,1.0,21.0,0.0,0.0,6.0,7.0,5.0,13.8,0.0,0.0,6.0,6.0,6.0,12.8333333333333,0.0,16.2,0.30000000000000004,-0.92,Graduate
1.0,1.0,1.0,8014.0,0.0,1.0,128.0,1.0,38.0,38.0,0.0,0.0,122.10000000000001,0.0,0.0,0.0,1.0,0.0,0.0,21.0,0.0,0.0,6.0,8.0,5.0,12.8,0.0,0.0,6.0,10.0,6.0,11.8571428571429,0.0,7.6000000000000005,2.6,0.32,Graduate
2.0,39.0,1.0,9773.0,1.0,12.0,100.0,1.0,1.0,1.0,4.0,4.0,100.0,0.0,0.0,0.0,1.0,0.0,0.0,24.0,0.0,0.0,6.0,6.0,6.0,12.1666666666667,0.0,0.0,6.0,6.0,6.0,13.8333333333333,0.0,7.6000000000000005,2.6,0.32,Graduate
1.0,17.0,1.0,9070.0,1.0,1.0,123.0,1.0,4.0,37.0,2.0,9.0,113.9,0.0,0.0,0.0,1.0,0.0,0.0,18.0,0.0,0.0,6.0,8.0,6.0,12.5,0.0,0.0,6.0,6.0,6.0,12.3333333333333,0.0,15.5,2.8000000000000003,-4.0600000000000005,Enrolled
1.0,39.0,1.0,8014.0,0.0,15.0,170.0,1.0,34.0,1.0,90.0,2.0,101.0,0.0,0.0,0.0,1.0,0.0,0.0,32.0,0.0,0.0,6.0,9.0,4.0,12.0,0.0,0.0,6.0,12.0,4.0,11.5,0.0,7.6000000000000005,2.6,0.32,Graduate
1.0,18.0,2.0,8014.0,0.0,1.0,117.0,1.0,3.0,1.0,3.0,4.0,111.80000000000001,1.0,0.0,0.0,1.0,0.0,1.0,19.0,0.0,0.0,6.0,8.0,6.0,10.8333333333333,0.0,0.0,6.0,9.0,6.0,11.5,0.0,10.8,1.4000000000000001,1.74,Graduate
1.0,39.0,1.0,9500.0,1.0,1.0,140.0,1.0,3.0,3.0,1.0,1.0,140.0,1.0,0.0,0.0,1.0,0.0,0.0,24.0,0.0,0.0,8.0,8.0,8.0,13.385,0.0,0.0,8.0,8.0,8.0,13.385,0.0,9.4,-0.8,-3.12,Graduate
1.0,17.0,4.0,9085.0,1.0,1.0,123.0,1.0,19.0,19.0,4.0,10.0,124.4,1.0,0.0,0.0,1.0,0.0,0.0,19.0,0.0,0.0,6.0,14.0,6.0,15.6666666666667,0.0,0.0,6.0,9.0,6.0,14.5,0.0,15.5,2.8000000000000003,-4.0600000000000005,Graduate
1.0,44.0,1.0,9003.0,1.0,39.0,150.0,1.0,19.0,37.0,6.0,6.0,150.0,0.0,0.0,1.0,1.0,0.0,1.0,19.0,0.0,0.0,6.0,9.0,6.0,14.3333333333333,0.0,0.0,6.0,7.0,6.0,13.8333333333333,0.0,13.9,-0.30000000000000004,0.79,Graduate
1.0,44.0,1.0,9003.0,1.0,39.0,140.0,1.0,37.0,37.0,9.0,4.0,140.0,0.0,0.0,0.0,1.0,0.0,0.0,24.0,0.0,0.0,6.0,10.0,6.0,11.4285714285714,0.0,0.0,6.0,12.0,5.0,13.0,0.0,12.4,0.5,1.79,Enrolled
1.0,17.0,4.0,9238.0,1.0,1.0,123.0,1.0,19.0,19.0,191.0,144.0,116.0,1.0,0.0,0.0,1.0,0.0,1.0,18.0,0.0,0.0,6.0,9.0,6.0,11.6666666666667,0.0,0.0,6.0,8.0,6.0,11.6666666666667,0.0,8.9,1.4000000000000001,3.5100000000000002,Graduate
1.0,1.0,1.0,9070.0,1.0,1.0,130.0,1.0,38.0,37.0,3.0,6.0,135.6,1.0,0.0,0.0,1.0,0.0,1.0,19.0,0.0,0.0,6.0,9.0,5.0,12.0,0.0,0.0,6.0,10.0,2.0,11.3333333333333,0.0,8.9,1.4000000000000001,3.5100000000000002,Dropout
2.0,1.0,1.0,9500.0,1.0,1.0,137.0,1.0,3.0,38.0,2.0,4.0,121.0,0.0,0.0,0.0,1.0,0.0,1.0,19.0,0.0,0.0,8.0,8.0,7.0,14.7257142857143,0.0,0.0,8.0,8.0,7.0,14.7257142857143,0.0,10.8,1.4000000000000001,1.74,Graduate
1.0,17.0,2.0,9773.0,1.0,1.0,126.0,1.0,19.0,38.0,9.0,8.0,118.7,1.0,0.0,0.0,1.0,0.0,1.0,18.0,0.0,0.0,6.0,6.0,6.0,14.1666666666667,0.0,0.0,6.0,6.0,6.0,13.6666666666667,0.0,12.4,0.5,1.79,Graduate
1.0,1.0,1.0,9238.0,1.0,1.0,125.0,1.0,1.0,1.0,3.0,3.0,125.7,1.0,0.0,0.0,1.0,0.0,0.0,18.0,0.0,0.0,6.0,10.0,6.0,11.5714285714286,0.0,0.0,6.0,8.0,6.0,12.3333333333333,0.0,12.4,0.5,1.79,Graduate
1.0,17.0,4.0,9556.0,1.0,1.0,112.0,1.0,1.0,1.0,4.0,10.0,107.10000000000001,1.0,0.0,0.0,1.0,0.0,0.0,20.0,0.0,0.0,7.0,7.0,7.0,12.5,0.0,0.0,8.0,8.0,8.0,13.137500000000001,0.0,12.4,0.5,1.79,Graduate
1.0,1.0,1.0,9500.0,1.0,1.0,141.0,1.0,19.0,38.0,5.0,7.0,125.5,0.0,0.0,0.0,1.0,0.0,0.0,18.0,0.0,0.0,8.0,10.0,8.0,12.86,2.0,0.0,8.0,10.0,8.0,12.86,2.0,9.4,-0.8,-3.12,Graduate
1.0,17.0,4.0,9670.0,1.0,1.0,135.0,1.0,38.0,38.0,9.0,7.0,127.0,1.0,0.0,0.0,1.0,0.0,0.0,18.0,0.0,0.0,6.0,10.0,6.0,12.25,0.0,0.0,6.0,9.0,6.0,13.714285714285701,0.0,11.100000000000001,0.6000000000000001,2.02,Graduate
1.0,1.0,2.0,9085.0,1.0,1.0,117.0,1.0,38.0,37.0,9.0,9.0,113.5,1.0,0.0,0.0,1.0,0.0,1.0,21.0,0.0,0.0,5.0,7.0,4.0,12.0,0.0,0.0,5.0,5.0,5.0,12.200000000000001,0.0,10.8,1.4000000000000001,1.74,Graduate
1.0,1.0,1.0,9500.0,1.0,1.0,160.0,1.0,19.0,19.0,4.0,9.0,154.4,0.0,0.0,0.0,1.0,0.0,1.0,18.0,0.0,0.0,7.0,9.0,7.0,15.116666666666701,0.0,0.0,8.0,9.0,8.0,16.1688888888889,0.0,15.5,2.8000000000000003,-4.0600000000000005,Graduate
1.0,51.0,1.0,9670.0,1.0,1.0,136.0,1.0,19.0,19.0,5.0,5.0,122.0,0.0,0.0,1.0,0.0,0.0,0.0,18.0,0.0,0.0,5.0,6.0,2.0,12.5,0.0,0.0,5.0,6.0,4.0,10.25,0.0,9.4,-0.8,-3.12,Dropout
1.0,17.0,2.0,9238.0,1.0,1.0,143.0,1.0,1.0,11.0,4.0,3.0,128.0,1.0,0.0,0.0,1.0,0.0,0.0,19.0,0.0,0.0,6.0,11.0,0.0,0.0,0.0,0.0,6.0,0.0,0.0,0.0,0.0,9.4,-0.8,-3.12,Dropout
1.0,1.0,1.0,9670.0,1.0,1.0,119.0,1.0,1.0,19.0,4.0,10.0,115.5,1.0,0.0,0.0,1.0,0.0,0.0,19.0,0.0,0.0,6.0,8.0,4.0,11.0,0.0,0.0,6.0,9.0,4.0,11.0,0.0,10.8,1.4000000000000001,1.74,Enrolled
1.0,17.0,4.0,9670.0,1.0,1.0,120.0,1.0,1.0,19.0,5.0,5.0,117.2,1.0,0.0,0.0,1.0,0.0,0.0,18.0,0.0,0.0,6.0,8.0,6.0,11.875,0.0,0.0,6.0,11.0,4.0,14.600000000000001,0.0,11.100000000000001,0.6000000000000001,2.02,Graduate
1.0,39.0,1.0,9130.0,1.0,3.0,150.0,1.0,3.0,1.0,90.0,90.0,150.0,1.0,0.0,0.0,1.0,0.0,0.0,34.0,0.0,1.0,5.0,6.0,1.0,11.0,0.0,0.0,5.0,5.0,0.0,0.0,0.0,12.700000000000001,3.7,-1.7000000000000002,Dropout
1.0,1.0,3.0,9085.0,1.0,1.0,142.0,1.0,11.0,11.0,90.0,90.0,155.3,0.0,0.0,0.0,1.0,0.0,0.0,19.0,0.0,0.0,5.0,5.0,5.0,15.200000000000001,0.0,0.0,5.0,6.0,5.0,13.200000000000001,0.0,7.6000000000000005,2.6,0.32,Graduate
1.0,44.0,1.0,9130.0,1.0,39.0,120.0,1.0,37.0,37.0,7.0,8.0,120.0,1.0,0.0,1.0,0.0,0.0,0.0,19.0,0.0,2.0,6.0,7.0,5.0,11.600000000000001,0.0,1.0,6.0,12.0,2.0,11.0,0.0,12.4,0.5,1.79,Dropout
1.0,51.0,1.0,9238.0,1.0,1.0,160.0,1.0,3.0,19.0,2.0,1.0,116.10000000000001,0.0,0.0,1.0,1.0,0.0,0.0,26.0,0.0,0.0,6.0,6.0,6.0,14.8333333333333,0.0,0.0,6.0,7.0,6.0,15.1428571428571,0.0,11.100000000000001,0.6000000000000001,2.02,Graduate
1.0,17.0,1.0,9853.0,1.0,1.0,133.1,1.0,34.0,34.0,0.0,0.0,118.9,1.0,0.0,0.0,1.0,0.0,0.0,21.0,0.0,0.0,6.0,12.0,3.0,11.3333333333333,0.0,0.0,6.0,10.0,3.0,11.3333333333333,0.0,7.6000000000000005,2.6,0.32,Dropout
1.0,17.0,2.0,9147.0,1.0,1.0,142.0,1.0,19.0,19.0,4.0,8.0,127.30000000000001,0.0,0.0,0.0,1.0,0.0,1.0,18.0,0.0,0.0,5.0,5.0,5.0,11.200000000000001,0.0,0.0,5.0,5.0,5.0,11.8,0.0,11.100000000000001,0.6000000000000001,2.02,Graduate
1.0,17.0,4.0,9853.0,1.0,1.0,121.0,1.0,38.0,38.0,5.0,7.0,113.7,1.0,0.0,0.0,1.0,0.0,1.0,20.0,0.0,0.0,6.0,8.0,5.0,13.4,0.0,0.0,6.0,9.0,5.0,13.6666666666667,0.0,9.4,-0.8,-3.12,Graduate
1.0,51.0,1.0,9147.0,1.0,1.0,135.0,1.0,1.0,1.0,4.0,4.0,118.5,0.0,0.0,0.0,1.0,0.0,0.0,25.0,0.0,0.0,5.0,12.0,2.0,10.5,0.0,0.0,5.0,5.0,0.0,0.0,0.0,11.100000000000001,0.6000000000000001,2.02,Dropout
1.0,1.0,1.0,9147.0,1.0,1.0,153.0,1.0,1.0,38.0,4.0,3.0,146.70000000000002,0.0,0.0,0.0,1.0,0.0,0.0,18.0,0.0,0.0,5.0,5.0,5.0,16.2,0.0,0.0,5.0,5.0,5.0,16.400000000000002,0.0,11.100000000000001,0.6000000000000001,2.02,Graduate
1.0,1.0,1.0,9500.0,1.0,1.0,140.0,1.0,19.0,19.0,3.0,6.0,124.30000000000001,1.0,0.0,0.0,1.0,0.0,1.0,18.0,0.0,0.0,7.0,7.0,7.0,14.5428571428571,0.0,0.0,8.0,11.0,8.0,14.8818181818182,0.0,16.2,0.30000000000000004,-0.92,Graduate
1.0,1.0,1.0,9500.0,1.0,1.0,152.0,1.0,41.0,19.0,3.0,5.0,137.8,0.0,0.0,0.0,1.0,0.0,0.0,19.0,0.0,0.0,7.0,7.0,7.0,13.6942857142857,0.0,0.0,8.0,9.0,8.0,14.3555555555556,0.0,11.100000000000001,0.6000000000000001,2.02,Graduate
1.0,1.0,1.0,9238.0,1.0,1.0,120.0,1.0,19.0,38.0,5.0,9.0,130.20000000000002,0.0,0.0,0.0,1.0,0.0,1.0,18.0,0.0,0.0,6.0,8.0,6.0,11.2857142857143,0.0,0.0,6.0,10.0,6.0,11.8571428571429,0.0,12.4,0.5,1.79,Graduate
1.0,17.0,1.0,9500.0,1.0,1.0,160.0,1.0,38.0,38.0,7.0,7.0,147.8,0.0,0.0,0.0,1.0,0.0,0.0,20.0,0.0,0.0,7.0,11.0,6.0,11.7571428571429,0.0,0.0,8.0,12.0,6.0,13.0833333333333,0.0,15.5,2.8000000000000003,-4.0600000000000005,Enrolled
1.0,7.0,1.0,9085.0,1.0,40.0,150.0,1.0,19.0,19.0,9.0,5.0,150.0,0.0,0.0,1.0,0.0,0.0,0.0,26.0,0.0,0.0,3.0,3.0,0.0,0.0,0.0,0.0,6.0,0.0,0.0,0.0,0.0,8.9,1.4000000000000001,3.5100000000000002,Dropout
1.0,42.0,1.0,9500.0,1.0,1.0,100.0,1.0,37.0,37.0,7.0,9.0,100.0,1.0,0.0,0.0,1.0,0.0,1.0,19.0,0.0,0.0,8.0,8.0,7.0,13.058571428571401,0.0,0.0,8.0,8.0,7.0,13.058571428571401,0.0,10.8,1.4000000000000001,1.74,Graduate
1.0,1.0,1.0,9500.0,1.0,1.0,150.0,1.0,1.0,1.0,5.0,1.0,155.60000000000002,0.0,0.0,0.0,1.0,0.0,0.0,19.0,0.0,0.0,7.0,7.0,7.0,14.3,0.0,0.0,8.0,9.0,8.0,14.0555555555556,0.0,16.2,0.30000000000000004,-0.92,Graduate
1.0,43.0,4.0,9147.0,1.0,1.0,124.0,1.0,37.0,37.0,9.0,9.0,117.4,0.0,0.0,0.0,1.0,0.0,0.0,19.0,0.0,3.0,10.0,15.0,5.0,11.8,0.0,4.0,10.0,14.0,8.0,12.0,0.0,7.6000000000000005,2.6,0.32,Graduate
1.0,5.0,3.0,9085.0,1.0,1.0,141.0,1.0,1.0,19.0,7.0,5.0,128.8,1.0,0.0,0.0,1.0,0.0,0.0,19.0,0.0,0.0,5.0,9.0,3.0,10.3333333333333,1.0,0.0,5.0,8.0,3.0,13.0,0.0,7.6000000000000005,2.6,0.32,Enrolled
1.0,1.0,1.0,9254.0,1.0,1.0,121.0,1.0,19.0,19.0,5.0,8.0,117.5,1.0,0.0,0.0,1.0,0.0,0.0,18.0,0.0,0.0,6.0,7.0,6.0,10.5714285714286,0.0,0.0,6.0,11.0,3.0,11.6666666666667,0.0,16.2,0.30000000000000004,-0.92,Graduate
1.0,43.0,1.0,9500.0,1.0,6.0,134.0,1.0,1.0,37.0,9.0,9.0,120.4,1.0,0.0,0.0,1.0,0.0,0.0,19.0,0.0,0.0,7.0,7.0,6.0,13.3333333333333,0.0,0.0,7.0,7.0,6.0,13.3333333333333,0.0,7.6000000000000005,2.6,0.32,Graduate
1.0,1.0,1.0,9238.0,1.0,1.0,134.0,1.0,1.0,1.0,9.0,6.0,130.9,0.0,0.0,1.0,1.0,0.0,0.0,18.0,0.0,0.0,6.0,10.0,6.0,11.8571428571429,0.0,0.0,6.0,9.0,5.0,11.0,0.0,13.9,-0.30000000000000004,0.79,Graduate
1.0,1.0,1.0,9853.0,1.0,1.0,132.0,1.0,2.0,19.0,4.0,4.0,125.0,1.0,0.0,0.0,1.0,0.0,0.0,18.0,0.0,0.0,6.0,9.0,5.0,12.600000000000001,0.0,0.0,6.0,8.0,5.0,11.4,0.0,9.4,-0.8,-3.12,Enrolled
1.0,1.0,1.0,9085.0,1.0,1.0,135.0,1.0,19.0,38.0,9.0,5.0,136.8,1.0,0.0,0.0,1.0,0.0,0.0,18.0,0.0,0.0,5.0,11.0,5.0,14.0,3.0,0.0,5.0,7.0,5.0,11.600000000000001,0.0,9.4,-0.8,-3.12,Enrolled
1.0,1.0,1.0,9853.0,1.0,1.0,123.0,1.0,1.0,38.0,9.0,6.0,121.60000000000001,1.0,0.0,0.0,1.0,0.0,0.0,18.0,0.0,0.0,7.0,12.0,5.0,12.0,0.0,0.0,7.0,9.0,6.0,12.6666666666667,0.0,11.100000000000001,0.6000000000000001,2.02,Enrolled
1.0,44.0,1.0,9119.0,1.0,39.0,151.0,1.0,19.0,37.0,4.0,7.0,151.0,0.0,0.0,1.0,1.0,0.0,0.0,26.0,0.0,0.0,5.0,6.0,0.0,0.0,0.0,0.0,5.0,5.0,0.0,0.0,0.0,16.2,0.30000000000000004,-0.92,Dropout
1.0,1.0,1.0,9238.0,1.0,1.0,107.0,1.0,38.0,38.0,7.0,7.0,103.5,1.0,0.0,0.0,1.0,0.0,0.0,20.0,0.0,0.0,6.0,7.0,6.0,12.0,0.0,0.0,6.0,7.0,6.0,13.0,0.0,12.4,0.5,1.79,Graduate
1.0,1.0,1.0,8014.0,0.0,1.0,126.0,1.0,37.0,38.0,9.0,10.0,119.4,0.0,0.0,0.0,1.0,0.0,0.0,19.0,0.0,0.0,6.0,6.0,6.0,12.6666666666667,0.0,0.0,6.0,6.0,6.0,11.6666666666667,0.0,12.700000000000001,3.7,-1.7000000000000002,Graduate
1.0,1.0,1.0,9238.0,1.0,1.0,133.0,1.0,34.0,37.0,4.0,9.0,134.4,1.0,0.0,0.0,1.0,0.0,1.0,18.0,0.0,0.0,6.0,6.0,6.0,12.1666666666667,0.0,0.0,6.0,9.0,6.0,13.6666666666667,0.0,9.4,-0.8,-3.12,Graduate
1.0,44.0,1.0,9238.0,1.0,39.0,140.0,1.0,38.0,37.0,7.0,7.0,143.0,0.0,0.0,0.0,1.0,0.0,0.0,19.0,0.0,3.0,6.0,6.0,6.0,13.3333333333333,0.0,2.0,6.0,6.0,6.0,14.6666666666667,0.0,13.9,-0.30000000000000004,0.79,Graduate
1.0,7.0,1.0,9853.0,1.0,40.0,110.0,1.0,41.0,3.0,2.0,1.0,110.0,0.0,0.0,1.0,1.0,0.0,0.0,40.0,0.0,0.0,7.0,8.0,7.0,15.0,0.0,0.0,7.0,7.0,7.0,14.5714285714286,0.0,12.4,0.5,1.79,Graduate
1.0,1.0,4.0,9500.0,1.0,1.0,141.0,1.0,38.0,38.0,7.0,7.0,132.5,1.0,0.0,0.0,1.0,0.0,1.0,18.0,0.0,0.0,8.0,8.0,8.0,13.391250000000001,0.0,0.0,8.0,8.0,8.0,13.391250000000001,0.0,9.4,-0.8,-3.12,Graduate
1.0,17.0,1.0,9238.0,1.0,1.0,122.0,1.0,3.0,1.0,9.0,10.0,114.7,0.0,0.0,0.0,1.0,0.0,0.0,19.0,0.0,0.0,6.0,9.0,5.0,12.1666666666667,0.0,0.0,6.0,8.0,6.0,12.4285714285714,0.0,13.9,-0.30000000000000004,0.79,Graduate
1.0,17.0,1.0,9130.0,1.0,1.0,156.0,1.0,2.0,9.0,3.0,5.0,166.9,0.0,0.0,0.0,1.0,0.0,0.0,18.0,0.0,0.0,5.0,9.0,4.0,11.25,0.0,0.0,5.0,6.0,4.0,12.5,0.0,7.6000000000000005,2.6,0.32,Graduate
1.0,1.0,1.0,9085.0,1.0,1.0,129.0,1.0,1.0,2.0,3.0,1.0,125.9,1.0,0.0,0.0,1.0,0.0,0.0,19.0,0.0,0.0,5.0,13.0,4.0,12.0,2.0,0.0,5.0,8.0,3.0,12.0,0.0,9.4,-0.8,-3.12,Enrolled
1.0,1.0,1.0,171.0,1.0,1.0,188.0,1.0,3.0,3.0,2.0,2.0,178.3,1.0,0.0,0.0,1.0,0.0,0.0,18.0,0.0,0.0,0.0,0.0,0.0,0.0,0.0,0.0,0.0,0.0,0.0,0.0,0.0,15.5,2.8000000000000003,-4.0600000000000005,Dropout
2.0,39.0,1.0,8014.0,0.0,1.0,120.0,1.0,37.0,37.0,9.0,9.0,117.0,1.0,0.0,0.0,1.0,0.0,0.0,33.0,0.0,0.0,6.0,7.0,6.0,12.8333333333333,0.0,0.0,6.0,8.0,6.0,12.8571428571429,0.0,12.4,0.5,1.79,Graduate
1.0,39.0,1.0,9003.0,1.0,3.0,130.0,1.0,3.0,3.0,1.0,2.0,150.0,0.0,0.0,0.0,1.0,0.0,0.0,35.0,0.0,0.0,6.0,10.0,6.0,14.0,0.0,0.0,6.0,11.0,6.0,13.100000000000001,0.0,16.2,0.30000000000000004,-0.92,Graduate
1.0,42.0,1.0,9147.0,1.0,1.0,130.0,1.0,37.0,38.0,9.0,1.0,130.0,1.0,0.0,0.0,1.0,0.0,0.0,26.0,0.0,3.0,5.0,5.0,4.0,13.0,0.0,1.0,5.0,7.0,2.0,12.0,0.0,9.4,-0.8,-3.12,Enrolled
1.0,1.0,1.0,9773.0,1.0,1.0,140.0,1.0,19.0,19.0,7.0,5.0,135.1,1.0,0.0,0.0,1.0,0.0,0.0,18.0,0.0,0.0,6.0,7.0,6.0,13.5,0.0,0.0,6.0,8.0,6.0,12.5,0.0,9.4,-0.8,-3.12,Graduate
1.0,43.0,1.0,9238.0,1.0,1.0,110.0,1.0,37.0,37.0,9.0,9.0,110.0,0.0,0.0,0.0,1.0,0.0,0.0,36.0,0.0,10.0,16.0,24.0,13.0,10.6923076923077,1.0,9.0,13.0,19.0,9.0,12.3076923076923,0.0,15.5,2.8000000000000003,-4.0600000000000005,Enrolled
4.0,39.0,1.0,9991.0,0.0,1.0,133.1,1.0,37.0,37.0,6.0,6.0,136.20000000000002,0.0,0.0,0.0,1.0,0.0,0.0,39.0,0.0,0.0,5.0,6.0,5.0,11.0,0.0,0.0,5.0,9.0,5.0,11.6666666666667,0.0,10.8,1.4000000000000001,1.74,Graduate
2.0,39.0,1.0,9238.0,1.0,1.0,120.0,1.0,37.0,37.0,9.0,9.0,116.0,0.0,0.0,0.0,1.0,0.0,0.0,44.0,0.0,0.0,6.0,8.0,6.0,13.0,0.0,0.0,6.0,6.0,6.0,13.8333333333333,0.0,12.700000000000001,3.7,-1.7000000000000002,Graduate
1.0,1.0,2.0,8014.0,0.0,1.0,96.0,1.0,3.0,1.0,3.0,9.0,100.0,0.0,0.0,0.0,1.0,0.0,0.0,20.0,0.0,0.0,6.0,10.0,5.0,12.0,0.0,0.0,6.0,9.0,4.0,11.25,0.0,9.4,-0.8,-3.12,Enrolled
1.0,1.0,1.0,9254.0,1.0,1.0,117.0,1.0,19.0,19.0,9.0,9.0,116.30000000000001,1.0,0.0,0.0,1.0,0.0,0.0,24.0,0.0,0.0,6.0,9.0,4.0,12.600000000000001,0.0,0.0,6.0,6.0,4.0,11.5,0.0,12.700000000000001,3.7,-1.7000000000000002,Dropout
1.0,43.0,1.0,9773.0,1.0,1.0,123.0,1.0,19.0,19.0,9.0,8.0,134.0,0.0,0.0,0.0,1.0,0.0,1.0,20.0,0.0,0.0,6.0,6.0,6.0,13.6666666666667,0.0,0.0,6.0,6.0,6.0,13.3333333333333,0.0,12.4,0.5,1.79,Graduate
1.0,1.0,4.0,171.0,1.0,1.0,127.0,1.0,1.0,1.0,9.0,5.0,124.2,1.0,0.0,0.0,0.0,0.0,0.0,19.0,0.0,0.0,0.0,0.0,0.0,0.0,0.0,0.0,0.0,0.0,0.0,0.0,0.0,9.4,-0.8,-3.12,Dropout
2.0,1.0,1.0,9500.0,1.0,1.0,151.0,1.0,37.0,38.0,9.0,7.0,134.5,0.0,0.0,1.0,1.0,0.0,1.0,18.0,0.0,0.0,7.0,7.0,6.0,14.200000000000001,0.0,0.0,7.0,7.0,6.0,14.200000000000001,0.0,7.6000000000000005,2.6,0.32,Graduate
1.0,1.0,1.0,9254.0,1.0,1.0,127.0,1.0,19.0,19.0,4.0,6.0,120.7,0.0,0.0,1.0,0.0,0.0,0.0,22.0,0.0,0.0,6.0,10.0,5.0,11.0,0.0,0.0,6.0,12.0,0.0,0.0,0.0,10.8,1.4000000000000001,1.74,Dropout
1.0,17.0,1.0,9085.0,1.0,1.0,133.0,1.0,19.0,1.0,4.0,5.0,127.10000000000001,1.0,0.0,0.0,1.0,0.0,0.0,18.0,0.0,0.0,6.0,7.0,6.0,15.0,0.0,0.0,6.0,7.0,6.0,16.428571428571402,0.0,11.100000000000001,0.6000000000000001,2.02,Graduate
1.0,39.0,1.0,9500.0,1.0,19.0,133.1,1.0,38.0,37.0,9.0,9.0,133.0,0.0,0.0,0.0,1.0,0.0,0.0,24.0,0.0,0.0,7.0,9.0,6.0,12.5857142857143,0.0,0.0,8.0,9.0,7.0,13.4428571428571,0.0,13.9,-0.30000000000000004,0.79,Graduate
1.0,39.0,1.0,9991.0,0.0,1.0,133.1,1.0,37.0,37.0,90.0,8.0,128.20000000000002,0.0,0.0,0.0,1.0,0.0,0.0,33.0,0.0,0.0,5.0,0.0,0.0,0.0,0.0,0.0,5.0,0.0,0.0,0.0,0.0,12.700000000000001,3.7,-1.7000000000000002,Dropout
1.0,39.0,1.0,9003.0,1.0,1.0,133.1,1.0,37.0,37.0,3.0,8.0,130.0,0.0,0.0,1.0,1.0,0.0,1.0,30.0,0.0,0.0,6.0,6.0,0.0,0.0,0.0,0.0,6.0,6.0,0.0,0.0,0.0,11.100000000000001,0.6000000000000001,2.02,Enrolled
1.0,39.0,1.0,9085.0,1.0,43.0,160.0,1.0,3.0,39.0,2.0,3.0,172.0,0.0,0.0,0.0,1.0,0.0,0.0,26.0,0.0,0.0,6.0,0.0,0.0,0.0,0.0,0.0,6.0,0.0,0.0,0.0,0.0,8.9,1.4000000000000001,3.5100000000000002,Dropout
1.0,17.0,4.0,9853.0,1.0,1.0,140.0,1.0,19.0,38.0,4.0,1.0,128.5,1.0,0.0,0.0,1.0,0.0,0.0,18.0,0.0,0.0,6.0,7.0,6.0,11.6666666666667,0.0,0.0,6.0,10.0,6.0,11.8333333333333,0.0,10.8,1.4000000000000001,1.74,Graduate
1.0,1.0,1.0,9773.0,1.0,1.0,146.0,1.0,37.0,38.0,9.0,7.0,128.5,0.0,0.0,1.0,1.0,0.0,0.0,19.0,0.0,0.0,6.0,13.0,3.0,12.6666666666667,0.0,0.0,6.0,12.0,2.0,10.0,0.0,10.8,1.4000000000000001,1.74,Dropout
1.0,17.0,4.0,9147.0,1.0,1.0,112.0,1.0,19.0,38.0,9.0,10.0,112.0,1.0,0.0,0.0,1.0,0.0,0.0,20.0,0.0,0.0,5.0,10.0,3.0,10.3333333333333,0.0,0.0,5.0,9.0,4.0,11.0,2.0,16.2,0.30000000000000004,-0.92,Enrolled
1.0,53.0,1.0,9085.0,1.0,42.0,140.0,1.0,19.0,37.0,9.0,8.0,142.5,1.0,0.0,0.0,1.0,0.0,1.0,22.0,0.0,7.0,11.0,18.0,8.0,13.5,0.0,4.0,9.0,16.0,7.0,13.714285714285701,0.0,8.9,1.4000000000000001,3.5100000000000002,Graduate
1.0,1.0,4.0,9500.0,1.0,1.0,136.0,1.0,1.0,1.0,9.0,1.0,133.0,1.0,0.0,0.0,1.0,0.0,0.0,19.0,0.0,0.0,7.0,8.0,5.0,13.98,0.0,0.0,7.0,8.0,5.0,13.98,0.0,7.6000000000000005,2.6,0.32,Enrolled
1.0,1.0,1.0,9085.0,1.0,1.0,133.1,1.0,37.0,38.0,7.0,5.0,106.0,1.0,0.0,0.0,1.0,0.0,1.0,21.0,0.0,0.0,6.0,13.0,6.0,16.1538461538462,0.0,0.0,6.0,10.0,6.0,15.75,0.0,15.5,2.8000000000000003,-4.0600000000000005,Graduate
1.0,1.0,4.0,9500.0,1.0,1.0,136.0,1.0,19.0,38.0,4.0,8.0,125.5,1.0,0.0,0.0,1.0,0.0,1.0,21.0,0.0,0.0,7.0,7.0,6.0,14.033333333333301,0.0,0.0,7.0,7.0,6.0,14.033333333333301,0.0,7.6000000000000005,2.6,0.32,Graduate
1.0,17.0,1.0,9085.0,1.0,1.0,134.0,1.0,19.0,37.0,2.0,7.0,131.20000000000002,0.0,0.0,0.0,1.0,0.0,0.0,19.0,0.0,0.0,5.0,8.0,1.0,11.0,0.0,0.0,5.0,6.0,5.0,11.200000000000001,0.0,7.6000000000000005,2.6,0.32,Enrolled
1.0,1.0,1.0,9853.0,1.0,1.0,122.0,1.0,38.0,37.0,191.0,195.0,112.9,1.0,0.0,0.0,1.0,0.0,1.0,19.0,0.0,0.0,7.0,8.0,7.0,13.8571428571429,0.0,0.0,7.0,8.0,6.0,13.6666666666667,0.0,8.9,1.4000000000000001,3.5100000000000002,Graduate
1.0,1.0,6.0,9500.0,1.0,1.0,138.0,1.0,19.0,19.0,9.0,5.0,124.80000000000001,1.0,0.0,0.0,1.0,0.0,0.0,18.0,0.0,0.0,8.0,8.0,7.0,13.4142857142857,0.0,0.0,8.0,8.0,7.0,13.4142857142857,0.0,12.700000000000001,3.7,-1.7000000000000002,Dropout
2.0,43.0,1.0,8014.0,0.0,1.0,160.0,1.0,37.0,39.0,9.0,4.0,140.9,0.0,0.0,0.0,1.0,0.0,0.0,50.0,0.0,7.0,11.0,11.0,11.0,13.5454545454545,0.0,3.0,7.0,7.0,7.0,13.5714285714286,0.0,16.2,0.30000000000000004,-0.92,Graduate
4.0,39.0,1.0,9991.0,0.0,1.0,130.0,1.0,38.0,19.0,9.0,7.0,148.0,0.0,0.0,0.0,1.0,0.0,1.0,31.0,0.0,0.0,5.0,11.0,4.0,11.25,0.0,0.0,5.0,10.0,4.0,10.8333333333333,0.0,13.9,-0.30000000000000004,0.79,Enrolled
1.0,17.0,1.0,9773.0,1.0,1.0,161.0,1.0,1.0,19.0,4.0,7.0,148.4,0.0,0.0,0.0,1.0,0.0,1.0,19.0,0.0,0.0,6.0,6.0,6.0,13.8333333333333,0.0,0.0,6.0,7.0,6.0,14.4285714285714,0.0,15.5,2.8000000000000003,-4.0600000000000005,Graduate
4.0,39.0,1.0,9991.0,0.0,1.0,140.0,1.0,1.0,37.0,141.0,192.0,129.70000000000002,0.0,0.0,0.0,1.0,0.0,0.0,35.0,0.0,0.0,5.0,8.0,5.0,12.0,0.0,0.0,5.0,9.0,5.0,12.8571428571429,0.0,13.9,-0.30000000000000004,0.79,Graduate
2.0,39.0,1.0,9085.0,1.0,19.0,133.1,1.0,38.0,38.0,4.0,7.0,128.20000000000002,0.0,0.0,0.0,1.0,0.0,0.0,31.0,0.0,0.0,6.0,0.0,0.0,0.0,0.0,0.0,6.0,0.0,0.0,0.0,0.0,12.700000000000001,3.7,-1.7000000000000002,Dropout
2.0,51.0,1.0,8014.0,0.0,19.0,133.1,1.0,37.0,37.0,9.0,9.0,104.0,0.0,0.0,1.0,1.0,0.0,0.0,42.0,0.0,5.0,11.0,14.0,10.0,11.9,0.0,5.0,11.0,14.0,10.0,12.8,0.0,11.100000000000001,0.6000000000000001,2.02,Enrolled
1.0,18.0,4.0,9147.0,1.0,1.0,130.0,1.0,37.0,37.0,9.0,9.0,119.9,1.0,0.0,0.0,0.0,0.0,0.0,34.0,0.0,0.0,5.0,5.0,0.0,0.0,0.0,0.0,5.0,0.0,0.0,0.0,0.0,9.4,-0.8,-3.12,Dropout
1.0,1.0,1.0,9500.0,1.0,1.0,152.0,1.0,1.0,1.0,4.0,4.0,141.0,1.0,0.0,0.0,1.0,0.0,1.0,18.0,0.0,0.0,7.0,7.0,7.0,15.1357142857143,0.0,0.0,8.0,8.0,8.0,15.2875,0.0,12.4,0.5,1.79,Graduate
1.0,17.0,1.0,9853.0,1.0,1.0,125.0,1.0,3.0,3.0,3.0,3.0,116.60000000000001,1.0,0.0,0.0,0.0,0.0,1.0,18.0,0.0,0.0,7.0,7.0,7.0,12.2857142857143,0.0,0.0,7.0,8.0,6.0,13.3333333333333,0.0,8.9,1.4000000000000001,3.5100000000000002,Enrolled
1.0,44.0,1.0,9085.0,1.0,39.0,140.0,1.0,37.0,38.0,5.0,6.0,140.0,1.0,0.0,0.0,1.0,0.0,0.0,21.0,0.0,2.0,6.0,16.0,5.0,12.6666666666667,0.0,1.0,6.0,15.0,2.0,13.5,0.0,16.2,0.30000000000000004,-0.92,Enrolled
4.0,39.0,1.0,9500.0,1.0,19.0,133.1,1.0,38.0,19.0,5.0,7.0,140.0,0.0,0.0,0.0,1.0,0.0,1.0,26.0,0.0,0.0,7.0,13.0,5.0,12.74,0.0,0.0,8.0,12.0,6.0,10.978571428571401,0.0,16.2,0.30000000000000004,-0.92,Dropout
1.0,43.0,1.0,9500.0,1.0,1.0,170.0,1.0,19.0,37.0,8.0,8.0,100.0,0.0,0.0,0.0,1.0,0.0,0.0,20.0,0.0,0.0,7.0,8.0,6.0,13.25,0.0,0.0,8.0,8.0,8.0,13.75,0.0,13.9,-0.30000000000000004,0.79,Enrolled
1.0,1.0,1.0,9238.0,1.0,1.0,135.0,1.0,38.0,38.0,5.0,7.0,121.0,0.0,0.0,0.0,1.0,0.0,0.0,19.0,0.0,0.0,6.0,13.0,3.0,10.3333333333333,0.0,0.0,6.0,12.0,3.0,10.3333333333333,0.0,7.6000000000000005,2.6,0.32,Enrolled
1.0,1.0,1.0,9853.0,1.0,1.0,125.0,1.0,19.0,19.0,5.0,5.0,117.0,0.0,0.0,0.0,1.0,0.0,1.0,19.0,0.0,0.0,6.0,7.0,6.0,13.4285714285714,0.0,0.0,6.0,6.0,6.0,13.1666666666667,0.0,15.5,2.8000000000000003,-4.0600000000000005,Graduate
1.0,53.0,1.0,9147.0,1.0,42.0,140.0,1.0,3.0,4.0,2.0,1.0,140.20000000000002,0.0,0.0,0.0,1.0,0.0,0.0,20.0,0.0,6.0,11.0,19.0,9.0,12.5555555555556,0.0,3.0,9.0,14.0,8.0,11.1111111111111,0.0,8.9,1.4000000000000001,3.5100000000000002,Graduate
1.0,1.0,1.0,9238.0,1.0,1.0,124.0,1.0,34.0,34.0,0.0,0.0,129.3,0.0,0.0,0.0,1.0,0.0,0.0,19.0,0.0,0.0,6.0,8.0,6.0,11.5,0.0,0.0,6.0,7.0,6.0,11.1666666666667,0.0,7.6000000000000005,2.6,0.32,Graduate
1.0,1.0,1.0,9853.0,1.0,1.0,140.0,1.0,37.0,37.0,9.0,9.0,145.3,0.0,0.0,0.0,1.0,0.0,0.0,18.0,0.0,0.0,6.0,6.0,6.0,13.6666666666667,0.0,0.0,6.0,9.0,6.0,12.3333333333333,0.0,7.6000000000000005,2.6,0.32,Graduate
1.0,39.0,1.0,9991.0,0.0,3.0,130.0,1.0,37.0,37.0,9.0,9.0,146.20000000000002,0.0,0.0,0.0,1.0,0.0,0.0,28.0,0.0,10.0,14.0,16.0,11.0,11.2727272727273,0.0,6.0,11.0,16.0,10.0,12.0,0.0,10.8,1.4000000000000001,1.74,Graduate
1.0,17.0,1.0,9853.0,1.0,1.0,134.0,1.0,1.0,19.0,4.0,5.0,122.5,1.0,0.0,0.0,1.0,0.0,0.0,22.0,0.0,0.0,6.0,10.0,5.0,13.1666666666667,0.0,0.0,6.0,8.0,5.0,12.4,0.0,15.5,2.8000000000000003,-4.0600000000000005,Enrolled
1.0,44.0,1.0,8014.0,0.0,39.0,160.0,1.0,37.0,37.0,7.0,7.0,156.10000000000002,0.0,0.0,0.0,1.0,0.0,1.0,21.0,0.0,3.0,6.0,6.0,6.0,14.6666666666667,0.0,2.0,6.0,6.0,6.0,14.1666666666667,0.0,13.9,-0.30000000000000004,0.79,Graduate
1.0,44.0,1.0,9085.0,1.0,39.0,140.0,1.0,4.0,38.0,4.0,5.0,140.0,1.0,0.0,0.0,1.0,0.0,0.0,21.0,0.0,0.0,6.0,11.0,4.0,12.75,0.0,0.0,6.0,19.0,1.0,11.0,0.0,12.4,0.5,1.79,Enrolled
1.0,39.0,1.0,9500.0,1.0,1.0,150.0,1.0,1.0,19.0,5.0,3.0,140.0,0.0,1.0,0.0,1.0,0.0,0.0,26.0,0.0,0.0,7.0,11.0,5.0,11.200000000000001,0.0,0.0,8.0,13.0,5.0,12.14,0.0,16.2,0.30000000000000004,-0.92,Enrolled
1.0,1.0,6.0,9773.0,1.0,1.0,141.0,1.0,30.0,37.0,7.0,7.0,128.4,1.0,0.0,1.0,0.0,0.0,0.0,18.0,0.0,0.0,6.0,8.0,5.0,13.0,0.0,0.0,6.0,8.0,5.0,11.4,0.0,7.6000000000000005,2.6,0.32,Dropout
1.0,17.0,2.0,9085.0,1.0,1.0,120.0,1.0,1.0,1.0,9.0,10.0,115.0,0.0,0.0,0.0,0.0,0.0,0.0,20.0,0.0,0.0,5.0,8.0,2.0,10.5,0.0,0.0,5.0,8.0,2.0,12.3333333333333,0.0,7.6000000000000005,2.6,0.32,Dropout
1.0,17.0,2.0,9085.0,1.0,1.0,166.0,1.0,1.0,19.0,4.0,3.0,158.70000000000002,0.0,0.0,0.0,1.0,0.0,0.0,18.0,0.0,0.0,6.0,7.0,6.0,14.8571428571429,0.0,0.0,6.0,7.0,6.0,14.0,0.0,11.100000000000001,0.6000000000000001,2.02,Graduate
1.0,1.0,4.0,9500.0,1.0,1.0,147.0,1.0,1.0,1.0,4.0,9.0,124.5,1.0,0.0,0.0,1.0,0.0,1.0,19.0,0.0,0.0,8.0,11.0,7.0,12.86,0.0,0.0,8.0,11.0,7.0,12.86,0.0,10.8,1.4000000000000001,1.74,Graduate
1.0,51.0,1.0,9238.0,1.0,1.0,121.0,1.0,3.0,19.0,3.0,10.0,111.9,1.0,0.0,0.0,1.0,0.0,0.0,20.0,0.0,5.0,11.0,12.0,11.0,11.7272727272727,0.0,5.0,11.0,14.0,11.0,12.0,0.0,12.4,0.5,1.79,Graduate
1.0,44.0,1.0,9085.0,1.0,39.0,150.0,1.0,38.0,37.0,4.0,6.0,150.0,1.0,0.0,0.0,1.0,0.0,1.0,22.0,0.0,3.0,6.0,11.0,6.0,13.1428571428571,0.0,2.0,6.0,10.0,3.0,12.0,0.0,13.9,-0.30000000000000004,0.79,Graduate
1.0,17.0,1.0,9670.0,1.0,1.0,124.0,1.0,37.0,19.0,5.0,8.0,114.2,1.0,0.0,1.0,1.0,0.0,0.0,18.0,0.0,0.0,6.0,6.0,5.0,11.8,0.0,0.0,6.0,9.0,4.0,13.714285714285701,0.0,10.8,1.4000000000000001,1.74,Dropout
1.0,17.0,1.0,9147.0,1.0,1.0,96.0,1.0,38.0,37.0,6.0,4.0,96.0,1.0,0.0,0.0,1.0,0.0,0.0,19.0,0.0,0.0,5.0,10.0,3.0,10.6666666666667,0.0,0.0,5.0,9.0,0.0,0.0,3.0,16.2,0.30000000000000004,-0.92,Dropout
1.0,17.0,4.0,9070.0,1.0,1.0,125.0,1.0,1.0,3.0,3.0,3.0,128.9,0.0,0.0,0.0,1.0,0.0,1.0,18.0,0.0,0.0,6.0,9.0,5.0,11.600000000000001,0.0,0.0,6.0,8.0,4.0,11.200000000000001,0.0,8.9,1.4000000000000001,3.5100000000000002,Enrolled
1.0,17.0,1.0,9254.0,1.0,1.0,136.0,1.0,37.0,37.0,7.0,7.0,121.7,1.0,0.0,0.0,1.0,0.0,0.0,20.0,0.0,0.0,6.0,13.0,3.0,10.3333333333333,0.0,0.0,6.0,12.0,3.0,10.3333333333333,0.0,10.8,1.4000000000000001,1.74,Enrolled
1.0,1.0,1.0,9773.0,1.0,1.0,120.0,1.0,38.0,37.0,9.0,9.0,114.80000000000001,1.0,1.0,0.0,1.0,0.0,0.0,19.0,0.0,0.0,6.0,11.0,4.0,12.25,0.0,0.0,6.0,11.0,3.0,11.0,0.0,7.6000000000000005,2.6,0.32,Enrolled
1.0,1.0,1.0,9254.0,1.0,1.0,128.0,1.0,19.0,38.0,9.0,9.0,127.0,0.0,0.0,0.0,1.0,0.0,0.0,19.0,0.0,0.0,6.0,6.0,6.0,12.0,0.0,0.0,6.0,7.0,4.0,12.75,0.0,12.4,0.5,1.79,Enrolled
1.0,17.0,1.0,9500.0,1.0,1.0,142.0,1.0,37.0,37.0,5.0,5.0,131.3,1.0,0.0,0.0,1.0,0.0,0.0,19.0,0.0,0.0,8.0,8.0,7.0,14.7314285714286,0.0,0.0,8.0,8.0,7.0,14.7314285714286,0.0,10.8,1.4000000000000001,1.74,Graduate
1.0,1.0,1.0,171.0,1.0,1.0,135.0,1.0,1.0,19.0,3.0,9.0,137.1,1.0,0.0,0.0,1.0,0.0,0.0,18.0,0.0,0.0,0.0,0.0,0.0,0.0,0.0,0.0,0.0,0.0,0.0,0.0,0.0,12.700000000000001,3.7,-1.7000000000000002,Graduate
1.0,7.0,1.0,9070.0,1.0,40.0,120.0,1.0,1.0,19.0,3.0,9.0,120.0,1.0,0.0,0.0,1.0,0.0,0.0,21.0,0.0,9.0,13.0,14.0,13.0,13.6153846153846,1.0,6.0,12.0,12.0,12.0,14.25,0.0,13.9,-0.30000000000000004,0.79,Graduate
1.0,39.0,1.0,9991.0,0.0,40.0,140.0,1.0,1.0,19.0,9.0,9.0,139.0,0.0,0.0,0.0,1.0,0.0,0.0,27.0,0.0,0.0,5.0,5.0,5.0,15.8,0.0,0.0,5.0,5.0,5.0,14.8,0.0,8.9,1.4000000000000001,3.5100000000000002,Graduate
1.0,17.0,1.0,9238.0,1.0,1.0,135.0,1.0,1.0,19.0,4.0,4.0,129.1,0.0,0.0,0.0,1.0,0.0,0.0,19.0,0.0,0.0,6.0,6.0,6.0,14.6666666666667,0.0,0.0,6.0,7.0,6.0,14.5714285714286,0.0,15.5,2.8000000000000003,-4.0600000000000005,Graduate
4.0,39.0,1.0,9085.0,1.0,1.0,133.1,1.0,34.0,34.0,0.0,0.0,128.20000000000002,0.0,0.0,0.0,1.0,0.0,0.0,25.0,0.0,0.0,5.0,5.0,0.0,0.0,0.0,0.0,5.0,5.0,0.0,0.0,0.0,7.6000000000000005,2.6,0.32,Dropout
1.0,1.0,2.0,9500.0,1.0,1.0,137.0,1.0,19.0,19.0,7.0,7.0,120.80000000000001,1.0,0.0,0.0,1.0,0.0,1.0,18.0,0.0,0.0,8.0,8.0,7.0,14.6542857142857,0.0,0.0,8.0,8.0,7.0,14.6542857142857,0.0,10.8,1.4000000000000001,1.74,Graduate
1.0,39.0,1.0,9500.0,1.0,3.0,122.0,1.0,19.0,1.0,4.0,8.0,135.8,0.0,0.0,0.0,1.0,0.0,0.0,24.0,0.0,0.0,8.0,8.0,7.0,12.4014285714286,0.0,0.0,8.0,8.0,7.0,12.4014285714286,0.0,10.8,1.4000000000000001,1.74,Graduate
1.0,1.0,3.0,9500.0,1.0,1.0,128.0,1.0,1.0,1.0,4.0,10.0,118.9,1.0,0.0,0.0,1.0,0.0,0.0,20.0,0.0,0.0,7.0,8.0,7.0,11.5875,0.0,0.0,8.0,9.0,7.0,14.0714285714286,0.0,13.9,-0.30000000000000004,0.79,Graduate
1.0,7.0,1.0,9991.0,0.0,40.0,140.0,1.0,37.0,37.0,6.0,6.0,140.0,0.0,0.0,0.0,1.0,0.0,0.0,26.0,0.0,3.0,5.0,5.0,5.0,14.0,0.0,1.0,5.0,5.0,5.0,15.600000000000001,0.0,12.4,0.5,1.79,Graduate
1.0,1.0,1.0,9238.0,1.0,1.0,132.0,1.0,1.0,38.0,9.0,7.0,127.10000000000001,1.0,0.0,0.0,1.0,0.0,1.0,20.0,0.0,0.0,6.0,9.0,6.0,12.3333333333333,0.0,0.0,6.0,6.0,6.0,11.8333333333333,0.0,8.9,1.4000000000000001,3.5100000000000002,Graduate
1.0,1.0,1.0,9085.0,1.0,1.0,131.0,1.0,37.0,37.0,90.0,90.0,137.0,0.0,0.0,0.0,1.0,0.0,0.0,18.0,0.0,0.0,5.0,5.0,5.0,14.0,0.0,0.0,5.0,6.0,5.0,15.4,0.0,7.6000000000000005,2.6,0.32,Graduate
1.0,1.0,1.0,9085.0,1.0,1.0,126.0,1.0,1.0,1.0,9.0,9.0,127.4,1.0,0.0,0.0,1.0,0.0,0.0,19.0,0.0,0.0,6.0,13.0,6.0,15.2307692307692,0.0,0.0,6.0,10.0,6.0,12.375,0.0,15.5,2.8000000000000003,-4.0600000000000005,Graduate
1.0,1.0,1.0,9853.0,1.0,1.0,133.1,1.0,19.0,19.0,9.0,9.0,97.0,1.0,0.0,0.0,1.0,0.0,0.0,23.0,0.0,0.0,6.0,9.0,5.0,11.600000000000001,0.0,0.0,6.0,9.0,3.0,11.0,0.0,12.700000000000001,3.7,-1.7000000000000002,Dropout
1.0,1.0,4.0,9500.0,1.0,1.0,136.0,1.0,37.0,37.0,9.0,9.0,126.30000000000001,1.0,0.0,0.0,1.0,0.0,1.0,18.0,0.0,0.0,7.0,7.0,6.0,11.600000000000001,0.0,0.0,7.0,7.0,6.0,11.600000000000001,0.0,7.6000000000000005,2.6,0.32,Graduate
1.0,1.0,4.0,9500.0,1.0,1.0,140.0,1.0,1.0,19.0,4.0,5.0,127.5,0.0,0.0,0.0,1.0,0.0,0.0,18.0,0.0,0.0,7.0,0.0,0.0,0.0,0.0,0.0,8.0,0.0,0.0,0.0,0.0,12.700000000000001,3.7,-1.7000000000000002,Dropout
1.0,1.0,1.0,9500.0,1.0,1.0,135.0,1.0,2.0,1.0,2.0,8.0,126.60000000000001,0.0,0.0,0.0,1.0,0.0,1.0,19.0,0.0,0.0,7.0,7.0,7.0,12.9014285714286,0.0,0.0,8.0,9.0,8.0,13.0944444444444,0.0,11.100000000000001,0.6000000000000001,2.02,Graduate
1.0,42.0,1.0,9991.0,0.0,1.0,160.0,1.0,1.0,2.0,4.0,3.0,120.0,0.0,0.0,0.0,1.0,0.0,0.0,30.0,0.0,4.0,7.0,9.0,7.0,14.1428571428571,0.0,1.0,5.0,5.0,5.0,14.8,0.0,7.6000000000000005,2.6,0.32,Graduate
1.0,44.0,1.0,9085.0,1.0,39.0,140.0,1.0,1.0,2.0,4.0,6.0,140.0,1.0,0.0,0.0,1.0,0.0,0.0,29.0,0.0,0.0,6.0,0.0,0.0,0.0,0.0,0.0,6.0,0.0,0.0,0.0,0.0,15.5,2.8000000000000003,-4.0600000000000005,Dropout
1.0,1.0,6.0,9500.0,1.0,1.0,140.0,1.0,3.0,1.0,3.0,3.0,131.5,1.0,0.0,0.0,1.0,0.0,0.0,19.0,0.0,0.0,8.0,8.0,8.0,13.253750000000002,0.0,0.0,8.0,8.0,8.0,13.253750000000002,0.0,9.4,-0.8,-3.12,Graduate
1.0,17.0,6.0,9556.0,1.0,1.0,115.0,1.0,19.0,2.0,5.0,3.0,112.2,1.0,0.0,0.0,1.0,0.0,0.0,20.0,0.0,0.0,7.0,7.0,7.0,13.7857142857143,0.0,0.0,8.0,8.0,8.0,14.100000000000001,0.0,12.4,0.5,1.79,Graduate
1.0,1.0,1.0,9500.0,1.0,1.0,144.0,1.0,37.0,37.0,9.0,3.0,150.5,0.0,0.0,0.0,1.0,0.0,0.0,20.0,0.0,0.0,7.0,7.0,6.0,13.9166666666667,0.0,0.0,7.0,7.0,6.0,13.9166666666667,0.0,7.6000000000000005,2.6,0.32,Graduate
1.0,1.0,4.0,9670.0,1.0,1.0,128.0,1.0,38.0,38.0,3.0,7.0,121.0,1.0,0.0,0.0,1.0,0.0,0.0,19.0,0.0,0.0,6.0,8.0,6.0,13.5,0.0,0.0,6.0,9.0,6.0,13.5714285714286,0.0,11.100000000000001,0.6000000000000001,2.02,Graduate
1.0,17.0,1.0,9147.0,1.0,1.0,116.0,1.0,38.0,2.0,9.0,2.0,112.2,1.0,0.0,0.0,1.0,0.0,0.0,20.0,0.0,0.0,5.0,8.0,3.0,11.3333333333333,0.0,0.0,5.0,12.0,2.0,10.6666666666667,0.0,10.8,1.4000000000000001,1.74,Enrolled
3.0,1.0,2.0,9085.0,1.0,1.0,135.0,1.0,19.0,1.0,4.0,4.0,129.4,1.0,0.0,0.0,1.0,0.0,0.0,21.0,0.0,0.0,5.0,8.0,0.0,0.0,4.0,0.0,5.0,12.0,0.0,0.0,4.0,10.8,1.4000000000000001,1.74,Dropout
1.0,17.0,1.0,9670.0,1.0,1.0,121.0,1.0,19.0,38.0,4.0,10.0,114.4,0.0,0.0,0.0,1.0,0.0,0.0,19.0,0.0,0.0,6.0,10.0,5.0,11.5,0.0,0.0,6.0,9.0,4.0,14.600000000000001,0.0,11.100000000000001,0.6000000000000001,2.02,Graduate
1.0,1.0,3.0,9500.0,1.0,1.0,134.0,1.0,37.0,38.0,9.0,9.0,120.30000000000001,1.0,0.0,0.0,1.0,0.0,1.0,18.0,0.0,0.0,8.0,8.0,7.0,12.082857142857101,0.0,0.0,8.0,8.0,7.0,12.082857142857101,0.0,10.8,1.4000000000000001,1.74,Graduate
1.0,39.0,1.0,8014.0,0.0,1.0,120.0,1.0,37.0,37.0,7.0,8.0,120.0,0.0,0.0,0.0,1.0,0.0,1.0,27.0,0.0,0.0,6.0,8.0,6.0,11.8333333333333,0.0,0.0,6.0,10.0,5.0,12.8,0.0,15.5,2.8000000000000003,-4.0600000000000005,Graduate
1.0,17.0,2.0,9147.0,1.0,1.0,125.0,1.0,38.0,38.0,6.0,8.0,114.5,1.0,0.0,0.0,1.0,0.0,1.0,19.0,0.0,0.0,5.0,6.0,5.0,13.4,0.0,0.0,5.0,5.0,5.0,12.4,0.0,12.4,0.5,1.79,Graduate
1.0,1.0,1.0,9500.0,1.0,1.0,141.0,1.0,1.0,1.0,90.0,3.0,127.80000000000001,0.0,0.0,0.0,1.0,0.0,1.0,19.0,0.0,0.0,7.0,7.0,0.0,0.0,2.0,0.0,7.0,7.0,0.0,0.0,2.0,7.6000000000000005,2.6,0.32,Dropout
1.0,1.0,1.0,9773.0,1.0,1.0,140.0,1.0,1.0,19.0,4.0,8.0,124.60000000000001,1.0,0.0,0.0,1.0,0.0,0.0,19.0,0.0,0.0,6.0,7.0,5.0,14.200000000000001,0.0,0.0,6.0,7.0,6.0,14.5714285714286,0.0,15.5,2.8000000000000003,-4.0600000000000005,Graduate
1.0,1.0,6.0,9500.0,1.0,1.0,144.0,1.0,19.0,19.0,5.0,5.0,130.3,1.0,0.0,0.0,1.0,0.0,1.0,18.0,0.0,0.0,8.0,8.0,7.0,13.8142857142857,0.0,0.0,8.0,8.0,7.0,13.8142857142857,0.0,12.700000000000001,3.7,-1.7000000000000002,Graduate
1.0,17.0,1.0,9254.0,1.0,1.0,122.0,1.0,19.0,19.0,5.0,5.0,118.2,0.0,0.0,0.0,1.0,0.0,1.0,20.0,0.0,0.0,6.0,10.0,4.0,11.25,0.0,0.0,6.0,6.0,6.0,10.5,0.0,12.4,0.5,1.79,Enrolled
1.0,1.0,1.0,9670.0,1.0,1.0,130.0,1.0,19.0,37.0,4.0,5.0,118.80000000000001,0.0,0.0,0.0,1.0,0.0,1.0,18.0,0.0,0.0,6.0,6.0,6.0,14.5,0.0,0.0,6.0,8.0,6.0,13.6666666666667,0.0,12.700000000000001,3.7,-1.7000000000000002,Graduate
1.0,1.0,5.0,9670.0,1.0,1.0,133.1,1.0,9.0,1.0,2.0,4.0,133.0,1.0,0.0,0.0,1.0,0.0,0.0,19.0,0.0,0.0,6.0,0.0,0.0,0.0,0.0,0.0,6.0,0.0,0.0,0.0,0.0,7.6000000000000005,2.6,0.32,Dropout
2.0,39.0,1.0,9500.0,1.0,19.0,133.1,1.0,37.0,37.0,9.0,9.0,129.0,1.0,0.0,0.0,1.0,0.0,0.0,36.0,0.0,0.0,7.0,7.0,6.0,11.3,0.0,0.0,7.0,7.0,6.0,11.3,0.0,7.6000000000000005,2.6,0.32,Graduate
1.0,43.0,1.0,9556.0,1.0,1.0,147.0,1.0,3.0,4.0,3.0,2.0,100.0,0.0,0.0,0.0,1.0,0.0,0.0,18.0,0.0,0.0,2.0,2.0,0.0,0.0,0.0,0.0,4.0,4.0,1.0,16.0,0.0,10.8,1.4000000000000001,1.74,Enrolled
1.0,43.0,1.0,9130.0,1.0,1.0,127.0,1.0,19.0,38.0,4.0,5.0,120.7,1.0,0.0,1.0,1.0,0.0,0.0,18.0,0.0,0.0,5.0,11.0,1.0,12.0,0.0,0.0,5.0,9.0,3.0,12.0,0.0,12.700000000000001,3.7,-1.7000000000000002,Enrolled
1.0,17.0,6.0,9500.0,1.0,1.0,136.0,1.0,19.0,38.0,9.0,3.0,132.5,1.0,0.0,0.0,1.0,0.0,0.0,19.0,0.0,0.0,8.0,9.0,7.0,12.3,0.0,0.0,8.0,9.0,7.0,12.3,0.0,12.700000000000001,3.7,-1.7000000000000002,Graduate
1.0,1.0,5.0,9500.0,1.0,1.0,127.0,1.0,19.0,19.0,7.0,8.0,120.30000000000001,1.0,0.0,0.0,1.0,0.0,1.0,18.0,0.0,0.0,8.0,8.0,7.0,12.6942857142857,0.0,0.0,8.0,8.0,7.0,12.6942857142857,0.0,10.8,1.4000000000000001,1.74,Graduate
1.0,17.0,1.0,9670.0,1.0,1.0,123.0,1.0,19.0,19.0,1.0,1.0,114.60000000000001,0.0,0.0,0.0,1.0,0.0,0.0,18.0,0.0,0.0,5.0,5.0,4.0,11.0,0.0,0.0,5.0,5.0,4.0,11.0,0.0,9.4,-0.8,-3.12,Graduate
1.0,1.0,1.0,9238.0,1.0,1.0,128.0,1.0,37.0,19.0,9.0,3.0,116.5,1.0,0.0,0.0,1.0,0.0,1.0,19.0,0.0,0.0,6.0,6.0,6.0,13.0,0.0,0.0,6.0,6.0,6.0,14.1666666666667,0.0,12.4,0.5,1.79,Graduate
1.0,1.0,1.0,9500.0,1.0,1.0,128.0,1.0,3.0,1.0,2.0,1.0,127.80000000000001,0.0,0.0,0.0,1.0,0.0,1.0,19.0,0.0,0.0,7.0,8.0,7.0,14.412500000000001,0.0,0.0,8.0,8.0,8.0,16.05,0.0,13.9,-0.30000000000000004,0.79,Graduate
1.0,1.0,2.0,9500.0,1.0,1.0,140.0,1.0,1.0,19.0,7.0,7.0,129.9,1.0,0.0,0.0,1.0,0.0,0.0,18.0,0.0,0.0,7.0,8.0,7.0,12.92875,0.0,0.0,8.0,8.0,8.0,14.0625,0.0,15.5,2.8000000000000003,-4.0600000000000005,Dropout
1.0,1.0,2.0,9773.0,1.0,1.0,121.0,1.0,1.0,19.0,9.0,7.0,118.9,1.0,0.0,0.0,1.0,0.0,0.0,20.0,0.0,0.0,6.0,6.0,6.0,13.3333333333333,0.0,0.0,6.0,10.0,5.0,12.8,0.0,11.100000000000001,0.6000000000000001,2.02,Graduate
1.0,1.0,3.0,9254.0,1.0,1.0,122.0,1.0,19.0,38.0,3.0,10.0,114.30000000000001,1.0,0.0,0.0,1.0,0.0,1.0,20.0,0.0,0.0,6.0,8.0,5.0,12.8,0.0,0.0,6.0,9.0,5.0,12.8,0.0,12.4,0.5,1.79,Enrolled
1.0,18.0,1.0,9500.0,1.0,1.0,126.0,1.0,38.0,37.0,5.0,5.0,114.80000000000001,1.0,0.0,0.0,1.0,0.0,0.0,20.0,0.0,0.0,8.0,8.0,7.0,14.402857142857101,0.0,0.0,8.0,8.0,7.0,14.402857142857101,0.0,10.8,1.4000000000000001,1.74,Graduate
1.0,1.0,4.0,9500.0,1.0,1.0,135.0,1.0,37.0,37.0,9.0,8.0,123.0,1.0,0.0,0.0,1.0,0.0,1.0,18.0,0.0,0.0,8.0,8.0,7.0,13.3814285714286,0.0,0.0,8.0,8.0,7.0,13.3814285714286,0.0,10.8,1.4000000000000001,1.74,Graduate
1.0,1.0,2.0,9500.0,1.0,1.0,131.0,1.0,19.0,19.0,7.0,5.0,122.10000000000001,1.0,0.0,0.0,1.0,0.0,0.0,18.0,0.0,0.0,7.0,8.0,7.0,14.131250000000001,0.0,0.0,8.0,8.0,8.0,13.98375,0.0,15.5,2.8000000000000003,-4.0600000000000005,Graduate
1.0,17.0,4.0,9085.0,1.0,1.0,140.0,1.0,19.0,37.0,4.0,7.0,123.7,0.0,0.0,0.0,1.0,0.0,0.0,19.0,0.0,0.0,5.0,11.0,5.0,11.714285714285701,2.0,0.0,5.0,6.0,5.0,12.600000000000001,0.0,9.4,-0.8,-3.12,Graduate
1.0,1.0,3.0,9147.0,1.0,1.0,131.0,1.0,19.0,38.0,9.0,7.0,132.4,1.0,0.0,0.0,1.0,0.0,0.0,19.0,0.0,0.0,5.0,5.0,5.0,11.8,0.0,0.0,5.0,8.0,4.0,11.25,0.0,9.4,-0.8,-3.12,Enrolled
2.0,39.0,1.0,8014.0,0.0,1.0,130.0,1.0,34.0,34.0,99.0,99.0,114.80000000000001,0.0,0.0,0.0,1.0,0.0,0.0,44.0,0.0,0.0,6.0,9.0,6.0,11.1666666666667,0.0,1.0,6.0,15.0,2.0,11.0,1.0,7.6000000000000005,2.6,0.32,Graduate
1.0,7.0,1.0,9003.0,1.0,3.0,130.0,1.0,38.0,37.0,5.0,6.0,130.0,0.0,0.0,0.0,1.0,0.0,0.0,32.0,0.0,0.0,6.0,7.0,0.0,0.0,0.0,0.0,6.0,6.0,0.0,0.0,0.0,12.4,0.5,1.79,Dropout
1.0,43.0,1.0,9853.0,1.0,1.0,140.0,1.0,37.0,19.0,9.0,8.0,122.30000000000001,0.0,0.0,0.0,1.0,0.0,0.0,22.0,0.0,0.0,6.0,9.0,5.0,13.600000000000001,0.0,0.0,6.0,8.0,5.0,12.0,0.0,12.700000000000001,3.7,-1.7000000000000002,Dropout
2.0,39.0,1.0,9003.0,1.0,1.0,130.0,1.0,1.0,19.0,4.0,9.0,152.4,1.0,0.0,0.0,1.0,0.0,0.0,36.0,0.0,4.0,12.0,14.0,12.0,13.8461538461538,0.0,5.0,12.0,18.0,11.0,14.0909090909091,0.0,8.9,1.4000000000000001,3.5100000000000002,Graduate
1.0,17.0,1.0,9773.0,1.0,1.0,125.0,1.0,37.0,37.0,5.0,7.0,120.10000000000001,0.0,0.0,0.0,1.0,0.0,1.0,18.0,0.0,0.0,6.0,7.0,6.0,12.5,0.0,0.0,6.0,8.0,6.0,13.3333333333333,0.0,16.2,0.30000000000000004,-0.92,Graduate
1.0,1.0,1.0,9130.0,1.0,1.0,160.0,1.0,3.0,3.0,3.0,2.0,155.10000000000002,1.0,0.0,0.0,1.0,0.0,0.0,20.0,0.0,0.0,5.0,5.0,5.0,16.400000000000002,0.0,0.0,5.0,5.0,5.0,14.600000000000001,0.0,12.700000000000001,3.7,-1.7000000000000002,Graduate
1.0,51.0,1.0,9070.0,1.0,1.0,130.0,1.0,19.0,19.0,5.0,7.0,124.5,0.0,0.0,0.0,1.0,0.0,1.0,20.0,0.0,5.0,11.0,11.0,11.0,13.8181818181818,0.0,5.0,11.0,11.0,11.0,13.454545454545501,0.0,11.100000000000001,0.6000000000000001,2.02,Graduate
1.0,17.0,1.0,9238.0,1.0,1.0,144.0,1.0,3.0,1.0,2.0,3.0,126.9,0.0,0.0,0.0,1.0,0.0,0.0,19.0,0.0,0.0,6.0,8.0,5.0,10.600000000000001,0.0,0.0,6.0,11.0,4.0,10.5,0.0,15.5,2.8000000000000003,-4.0600000000000005,Graduate
1.0,39.0,1.0,9147.0,1.0,19.0,133.1,1.0,3.0,1.0,3.0,5.0,153.20000000000002,1.0,0.0,1.0,1.0,0.0,0.0,24.0,0.0,0.0,5.0,8.0,5.0,10.200000000000001,0.0,0.0,5.0,6.0,5.0,12.200000000000001,0.0,12.4,0.5,1.79,Graduate
1.0,17.0,1.0,9238.0,1.0,1.0,148.0,1.0,1.0,1.0,4.0,9.0,129.8,0.0,0.0,0.0,1.0,0.0,0.0,20.0,0.0,0.0,6.0,11.0,5.0,10.600000000000001,0.0,0.0,6.0,11.0,4.0,10.4,0.0,15.5,2.8000000000000003,-4.0600000000000005,Enrolled
1.0,43.0,1.0,8014.0,0.0,1.0,133.1,1.0,3.0,3.0,2.0,3.0,135.0,0.0,0.0,0.0,1.0,0.0,0.0,27.0,0.0,7.0,10.0,10.0,9.0,11.4444444444444,0.0,4.0,11.0,11.0,5.0,10.8,0.0,10.8,1.4000000000000001,1.74,Dropout
1.0,1.0,1.0,9853.0,1.0,1.0,133.0,1.0,1.0,38.0,5.0,10.0,131.3,1.0,0.0,0.0,1.0,0.0,0.0,20.0,0.0,0.0,6.0,9.0,5.0,14.3333333333333,0.0,4.0,8.0,8.0,8.0,12.625,0.0,15.5,2.8000000000000003,-4.0600000000000005,Enrolled
1.0,43.0,6.0,9238.0,1.0,1.0,129.0,1.0,34.0,34.0,0.0,0.0,125.2,0.0,0.0,0.0,1.0,0.0,1.0,23.0,0.0,15.0,16.0,18.0,16.0,13.0,0.0,11.0,13.0,15.0,13.0,13.266666666666701,0.0,9.4,-0.8,-3.12,Graduate
1.0,1.0,5.0,9500.0,1.0,1.0,144.0,1.0,19.0,38.0,4.0,8.0,141.3,1.0,0.0,0.0,1.0,0.0,1.0,18.0,0.0,0.0,8.0,9.0,8.0,13.31,1.0,0.0,8.0,9.0,8.0,13.31,1.0,9.4,-0.8,-3.12,Graduate
1.0,17.0,1.0,9238.0,1.0,1.0,120.0,1.0,37.0,37.0,4.0,9.0,117.10000000000001,1.0,0.0,0.0,1.0,0.0,1.0,18.0,0.0,0.0,6.0,10.0,5.0,10.5714285714286,1.0,0.0,6.0,9.0,5.0,12.200000000000001,0.0,12.700000000000001,3.7,-1.7000000000000002,Graduate
1.0,17.0,3.0,9500.0,1.0,1.0,144.0,1.0,1.0,37.0,9.0,9.0,126.5,1.0,0.0,0.0,1.0,0.0,1.0,20.0,0.0,0.0,8.0,8.0,7.0,13.487142857142901,0.0,0.0,8.0,8.0,7.0,13.487142857142901,0.0,10.8,1.4000000000000001,1.74,Graduate
1.0,1.0,1.0,9254.0,1.0,1.0,132.0,1.0,19.0,38.0,9.0,7.0,120.10000000000001,0.0,0.0,0.0,1.0,0.0,1.0,20.0,0.0,0.0,6.0,6.0,6.0,12.3333333333333,0.0,0.0,6.0,7.0,6.0,11.8333333333333,0.0,13.9,-0.30000000000000004,0.79,Graduate
1.0,1.0,1.0,9670.0,1.0,1.0,142.0,1.0,38.0,19.0,7.0,10.0,128.4,0.0,0.0,0.0,1.0,0.0,0.0,23.0,0.0,0.0,6.0,11.0,6.0,11.875,0.0,0.0,6.0,9.0,5.0,12.8333333333333,0.0,11.100000000000001,0.6000000000000001,2.02,Dropout
1.0,1.0,2.0,9500.0,1.0,1.0,136.0,1.0,19.0,19.0,9.0,9.0,140.0,1.0,0.0,0.0,1.0,0.0,0.0,20.0,0.0,0.0,7.0,7.0,6.0,13.9666666666667,0.0,0.0,7.0,7.0,6.0,13.9666666666667,0.0,7.6000000000000005,2.6,0.32,Graduate
1.0,39.0,1.0,9254.0,1.0,9.0,133.1,1.0,34.0,34.0,0.0,0.0,110.0,1.0,0.0,0.0,0.0,0.0,0.0,28.0,0.0,0.0,5.0,10.0,0.0,0.0,0.0,0.0,5.0,10.0,0.0,0.0,0.0,7.6000000000000005,2.6,0.32,Dropout
1.0,1.0,1.0,9670.0,1.0,1.0,122.0,1.0,1.0,19.0,3.0,5.0,116.80000000000001,1.0,0.0,0.0,1.0,0.0,0.0,21.0,0.0,0.0,5.0,8.0,4.0,11.5,0.0,0.0,5.0,5.0,5.0,12.8,0.0,7.6000000000000005,2.6,0.32,Graduate
1.0,1.0,2.0,9556.0,1.0,1.0,133.1,1.0,19.0,19.0,9.0,9.0,104.5,1.0,0.0,0.0,1.0,0.0,0.0,21.0,0.0,0.0,2.0,2.0,2.0,12.5,0.0,0.0,7.0,0.0,0.0,0.0,0.0,12.4,0.5,1.79,Dropout
1.0,7.0,1.0,9500.0,1.0,3.0,140.0,1.0,34.0,34.0,0.0,0.0,140.0,0.0,0.0,0.0,1.0,0.0,0.0,28.0,0.0,0.0,7.0,0.0,0.0,0.0,0.0,0.0,8.0,0.0,0.0,0.0,0.0,7.6000000000000005,2.6,0.32,Dropout
1.0,1.0,1.0,9500.0,1.0,1.0,117.0,1.0,3.0,1.0,3.0,3.0,113.2,0.0,1.0,0.0,1.0,0.0,0.0,18.0,0.0,0.0,7.0,10.0,6.0,11.98,0.0,0.0,8.0,11.0,7.0,13.225,0.0,16.2,0.30000000000000004,-0.92,Graduate
1.0,17.0,1.0,9238.0,1.0,1.0,128.0,1.0,38.0,19.0,191.0,175.0,118.60000000000001,1.0,0.0,0.0,1.0,0.0,1.0,21.0,0.0,0.0,6.0,8.0,5.0,13.200000000000001,0.0,0.0,6.0,7.0,5.0,11.8,0.0,8.9,1.4000000000000001,3.5100000000000002,Enrolled
1.0,1.0,1.0,9500.0,1.0,1.0,136.0,1.0,1.0,1.0,4.0,4.0,123.80000000000001,0.0,0.0,0.0,1.0,0.0,0.0,19.0,0.0,0.0,7.0,10.0,6.0,11.6142857142857,0.0,0.0,8.0,8.0,8.0,14.037500000000001,0.0,13.9,-0.30000000000000004,0.79,Graduate
1.0,18.0,6.0,9500.0,1.0,1.0,141.0,1.0,1.0,19.0,1.0,1.0,126.7,1.0,0.0,0.0,1.0,0.0,1.0,18.0,0.0,0.0,8.0,8.0,7.0,14.3142857142857,0.0,0.0,8.0,8.0,7.0,14.3142857142857,0.0,12.700000000000001,3.7,-1.7000000000000002,Graduate
1.0,1.0,3.0,9500.0,1.0,1.0,130.0,1.0,3.0,1.0,2.0,5.0,133.8,0.0,0.0,0.0,1.0,0.0,0.0,19.0,0.0,0.0,7.0,0.0,0.0,0.0,0.0,0.0,8.0,0.0,0.0,0.0,0.0,7.6000000000000005,2.6,0.32,Dropout
1.0,44.0,1.0,9085.0,1.0,39.0,140.0,1.0,38.0,38.0,9.0,7.0,140.0,0.0,0.0,0.0,1.0,0.0,0.0,20.0,0.0,2.0,6.0,9.0,6.0,12.6666666666667,0.0,1.0,6.0,12.0,2.0,13.0,0.0,13.9,-0.30000000000000004,0.79,Enrolled
1.0,1.0,3.0,9500.0,1.0,1.0,102.0,1.0,1.0,19.0,9.0,5.0,100.60000000000001,1.0,0.0,0.0,1.0,0.0,1.0,20.0,0.0,0.0,7.0,9.0,6.0,12.766666666666701,0.0,0.0,8.0,10.0,7.0,12.1285714285714,0.0,12.4,0.5,1.79,Graduate
1.0,17.0,1.0,9853.0,1.0,1.0,126.0,1.0,1.0,37.0,7.0,9.0,132.70000000000002,0.0,0.0,0.0,1.0,0.0,1.0,18.0,0.0,0.0,6.0,7.0,6.0,12.6666666666667,0.0,0.0,6.0,7.0,5.0,12.200000000000001,0.0,10.8,1.4000000000000001,1.74,Graduate
1.0,43.0,2.0,9670.0,1.0,1.0,125.0,1.0,38.0,19.0,4.0,3.0,106.60000000000001,1.0,0.0,0.0,1.0,0.0,0.0,20.0,0.0,4.0,6.0,7.0,6.0,11.5,0.0,0.0,6.0,10.0,4.0,10.5714285714286,0.0,10.8,1.4000000000000001,1.74,Dropout
1.0,39.0,1.0,9670.0,1.0,1.0,120.0,1.0,1.0,19.0,5.0,4.0,140.4,0.0,0.0,0.0,1.0,0.0,0.0,31.0,0.0,2.0,6.0,13.0,5.0,11.4,0.0,0.0,6.0,14.0,4.0,11.75,0.0,13.9,-0.30000000000000004,0.79,Dropout
1.0,17.0,3.0,9500.0,1.0,1.0,132.0,1.0,37.0,37.0,9.0,7.0,128.3,1.0,0.0,0.0,1.0,0.0,1.0,19.0,0.0,0.0,7.0,8.0,7.0,14.70625,0.0,0.0,8.0,8.0,8.0,14.477500000000001,0.0,15.5,2.8000000000000003,-4.0600000000000005,Graduate
1.0,1.0,3.0,9500.0,1.0,1.0,128.0,1.0,38.0,38.0,5.0,5.0,118.60000000000001,1.0,0.0,0.0,1.0,0.0,1.0,19.0,0.0,0.0,7.0,9.0,6.0,11.8142857142857,0.0,0.0,8.0,8.0,7.0,13.5428571428571,0.0,13.9,-0.30000000000000004,0.79,Graduate
1.0,1.0,1.0,9070.0,1.0,1.0,115.0,1.0,19.0,1.0,3.0,8.0,123.4,0.0,0.0,0.0,1.0,0.0,0.0,23.0,0.0,1.0,6.0,8.0,6.0,13.0,1.0,0.0,6.0,8.0,6.0,11.875,0.0,13.9,-0.30000000000000004,0.79,Graduate
1.0,1.0,1.0,9670.0,1.0,1.0,125.0,1.0,37.0,37.0,5.0,5.0,124.0,0.0,0.0,0.0,1.0,0.0,0.0,19.0,0.0,0.0,6.0,7.0,6.0,14.8571428571429,0.0,0.0,6.0,6.0,6.0,13.3333333333333,0.0,12.4,0.5,1.79,Graduate
1.0,1.0,6.0,9500.0,1.0,1.0,137.0,1.0,1.0,3.0,3.0,2.0,121.30000000000001,1.0,0.0,0.0,1.0,0.0,0.0,20.0,0.0,0.0,7.0,7.0,6.0,12.600000000000001,0.0,0.0,7.0,7.0,6.0,12.600000000000001,0.0,7.6000000000000005,2.6,0.32,Graduate
1.0,1.0,1.0,9085.0,1.0,1.0,101.0,1.0,37.0,37.0,9.0,4.0,101.0,1.0,0.0,1.0,1.0,0.0,0.0,22.0,0.0,0.0,6.0,9.0,5.0,13.3333333333333,0.0,0.0,6.0,17.0,4.0,11.4,0.0,12.4,0.5,1.79,Enrolled
1.0,1.0,1.0,9853.0,1.0,1.0,126.0,1.0,3.0,1.0,2.0,5.0,116.9,1.0,1.0,0.0,1.0,0.0,0.0,18.0,0.0,0.0,7.0,10.0,6.0,10.6666666666667,0.0,0.0,7.0,12.0,6.0,12.8333333333333,0.0,13.9,-0.30000000000000004,0.79,Enrolled
1.0,7.0,3.0,9130.0,1.0,3.0,130.0,1.0,19.0,37.0,90.0,5.0,130.0,0.0,0.0,1.0,0.0,0.0,0.0,27.0,0.0,1.0,5.0,6.0,2.0,11.5,0.0,0.0,5.0,5.0,1.0,11.0,0.0,12.700000000000001,3.7,-1.7000000000000002,Dropout
1.0,39.0,1.0,9556.0,1.0,19.0,100.0,1.0,37.0,38.0,9.0,9.0,120.0,0.0,0.0,0.0,1.0,0.0,0.0,29.0,0.0,0.0,7.0,9.0,1.0,10.0,0.0,0.0,7.0,0.0,0.0,0.0,0.0,12.700000000000001,3.7,-1.7000000000000002,Dropout
1.0,17.0,1.0,9254.0,1.0,1.0,122.0,1.0,1.0,19.0,4.0,3.0,130.4,1.0,0.0,0.0,1.0,0.0,0.0,18.0,0.0,0.0,6.0,10.0,5.0,11.8,0.0,0.0,6.0,10.0,5.0,12.200000000000001,0.0,11.100000000000001,0.6000000000000001,2.02,Graduate
1.0,17.0,1.0,9070.0,1.0,1.0,126.0,1.0,19.0,38.0,9.0,7.0,118.7,0.0,0.0,0.0,1.0,0.0,0.0,18.0,0.0,0.0,6.0,7.0,5.0,11.8,0.0,0.0,6.0,6.0,6.0,12.6666666666667,0.0,16.2,0.30000000000000004,-0.92,Graduate
1.0,17.0,1.0,9500.0,1.0,1.0,128.0,1.0,38.0,38.0,7.0,7.0,131.5,0.0,0.0,0.0,1.0,0.0,0.0,18.0,0.0,0.0,8.0,8.0,8.0,12.77125,0.0,0.0,8.0,8.0,8.0,12.77125,0.0,9.4,-0.8,-3.12,Graduate
1.0,17.0,3.0,9085.0,1.0,1.0,134.0,1.0,37.0,38.0,9.0,9.0,120.4,1.0,0.0,0.0,1.0,0.0,0.0,20.0,0.0,0.0,5.0,13.0,3.0,11.3333333333333,2.0,0.0,5.0,8.0,5.0,12.600000000000001,0.0,9.4,-0.8,-3.12,Enrolled
1.0,17.0,2.0,9254.0,1.0,1.0,128.0,1.0,38.0,38.0,9.0,9.0,129.1,1.0,0.0,0.0,1.0,0.0,0.0,18.0,0.0,0.0,6.0,6.0,6.0,12.6666666666667,0.0,0.0,6.0,7.0,5.0,14.600000000000001,0.0,11.100000000000001,0.6000000000000001,2.02,Graduate
1.0,1.0,1.0,9070.0,1.0,1.0,125.0,1.0,1.0,1.0,4.0,4.0,132.0,0.0,0.0,0.0,0.0,0.0,0.0,18.0,0.0,1.0,6.0,10.0,5.0,12.200000000000001,1.0,0.0,6.0,11.0,4.0,10.8333333333333,0.0,13.9,-0.30000000000000004,0.79,Enrolled
1.0,7.0,2.0,9085.0,1.0,3.0,130.0,1.0,3.0,3.0,1.0,1.0,130.0,0.0,0.0,0.0,0.0,0.0,0.0,28.0,0.0,0.0,5.0,9.0,1.0,12.0,1.0,0.0,4.0,10.0,0.0,0.0,4.0,10.8,1.4000000000000001,1.74,Dropout
1.0,1.0,2.0,9500.0,1.0,1.0,135.0,1.0,37.0,1.0,7.0,7.0,132.8,1.0,0.0,0.0,1.0,0.0,1.0,18.0,0.0,0.0,8.0,12.0,7.0,11.7214285714286,0.0,0.0,8.0,12.0,7.0,11.7214285714286,0.0,12.700000000000001,3.7,-1.7000000000000002,Graduate
1.0,39.0,1.0,9500.0,1.0,19.0,133.1,1.0,37.0,38.0,151.0,161.0,143.70000000000002,0.0,0.0,0.0,1.0,0.0,0.0,27.0,0.0,0.0,7.0,12.0,4.0,14.0,0.0,0.0,7.0,14.0,3.0,12.525,0.0,12.4,0.5,1.79,Enrolled
1.0,39.0,1.0,33.0,1.0,1.0,140.0,1.0,3.0,1.0,2.0,4.0,152.8,0.0,0.0,0.0,1.0,0.0,0.0,26.0,0.0,0.0,7.0,9.0,7.0,14.75,0.0,0.0,7.0,12.0,5.0,13.8,3.0,16.2,0.30000000000000004,-0.92,Enrolled
1.0,1.0,2.0,9773.0,1.0,1.0,138.0,1.0,19.0,1.0,9.0,3.0,133.5,1.0,0.0,0.0,1.0,0.0,0.0,18.0,0.0,0.0,6.0,6.0,6.0,12.6666666666667,0.0,0.0,6.0,6.0,6.0,13.6666666666667,0.0,12.700000000000001,3.7,-1.7000000000000002,Graduate
1.0,1.0,1.0,9130.0,1.0,1.0,150.0,1.0,5.0,5.0,2.0,2.0,146.20000000000002,0.0,0.0,0.0,1.0,0.0,0.0,18.0,0.0,0.0,5.0,12.0,4.0,13.0,2.0,0.0,5.0,6.0,5.0,14.0,0.0,9.4,-0.8,-3.12,Dropout
1.0,1.0,2.0,9147.0,1.0,1.0,125.0,1.0,1.0,19.0,4.0,6.0,115.2,0.0,1.0,0.0,1.0,0.0,0.0,21.0,0.0,0.0,5.0,6.0,0.0,0.0,0.0,0.0,5.0,5.0,0.0,0.0,0.0,15.5,2.8000000000000003,-4.0600000000000005,Dropout
1.0,1.0,2.0,9070.0,1.0,1.0,121.0,1.0,4.0,1.0,2.0,3.0,120.7,1.0,0.0,0.0,1.0,0.0,0.0,18.0,0.0,0.0,6.0,8.0,4.0,10.75,0.0,0.0,6.0,9.0,0.0,0.0,0.0,9.4,-0.8,-3.12,Enrolled
2.0,39.0,1.0,8014.0,0.0,1.0,120.0,1.0,34.0,34.0,99.0,99.0,101.80000000000001,0.0,0.0,0.0,0.0,0.0,0.0,32.0,0.0,0.0,5.0,5.0,0.0,0.0,0.0,0.0,5.0,10.0,0.0,0.0,0.0,10.8,1.4000000000000001,1.74,Dropout
1.0,39.0,2.0,9670.0,1.0,1.0,140.0,1.0,34.0,34.0,0.0,0.0,100.0,0.0,0.0,0.0,1.0,0.0,0.0,28.0,0.0,0.0,5.0,6.0,4.0,12.5,0.0,0.0,5.0,7.0,4.0,11.75,0.0,7.6000000000000005,2.6,0.32,Graduate
1.0,39.0,1.0,9991.0,0.0,1.0,100.0,1.0,37.0,19.0,9.0,2.0,121.9,0.0,0.0,0.0,0.0,0.0,0.0,40.0,0.0,0.0,4.0,4.0,0.0,0.0,0.0,0.0,5.0,0.0,0.0,0.0,0.0,12.700000000000001,3.7,-1.7000000000000002,Dropout
2.0,18.0,2.0,8014.0,0.0,1.0,140.0,1.0,37.0,37.0,9.0,10.0,120.4,0.0,0.0,1.0,0.0,0.0,0.0,39.0,0.0,0.0,5.0,5.0,0.0,0.0,0.0,0.0,4.0,4.0,0.0,0.0,0.0,9.4,-0.8,-3.12,Dropout
2.0,18.0,2.0,9238.0,1.0,1.0,140.0,1.0,37.0,37.0,9.0,10.0,120.4,0.0,0.0,1.0,0.0,0.0,0.0,39.0,0.0,0.0,6.0,0.0,0.0,0.0,0.0,0.0,6.0,0.0,0.0,0.0,0.0,9.4,-0.8,-3.12,Dropout
2.0,39.0,1.0,9003.0,1.0,1.0,120.0,1.0,37.0,19.0,9.0,4.0,148.8,0.0,0.0,0.0,1.0,0.0,0.0,50.0,0.0,0.0,6.0,7.0,6.0,12.5,0.0,0.0,6.0,15.0,5.0,12.4,0.0,8.9,1.4000000000000001,3.5100000000000002,Graduate
1.0,17.0,2.0,9853.0,1.0,1.0,138.0,1.0,1.0,1.0,9.0,4.0,123.0,1.0,0.0,0.0,1.0,0.0,0.0,23.0,0.0,0.0,6.0,10.0,5.0,12.8,0.0,0.0,6.0,9.0,3.0,11.6666666666667,0.0,10.8,1.4000000000000001,1.74,Dropout
4.0,39.0,1.0,8014.0,0.0,19.0,133.1,1.0,34.0,34.0,0.0,0.0,100.0,0.0,0.0,0.0,1.0,0.0,0.0,48.0,0.0,0.0,6.0,11.0,1.0,10.0,0.0,0.0,6.0,11.0,1.0,11.0,0.0,9.4,-0.8,-3.12,Dropout
1.0,17.0,2.0,9853.0,1.0,1.0,118.0,1.0,37.0,37.0,9.0,9.0,112.10000000000001,1.0,0.0,0.0,1.0,0.0,0.0,23.0,0.0,0.0,6.0,11.0,4.0,11.25,0.0,0.0,6.0,10.0,5.0,10.200000000000001,0.0,7.6000000000000005,2.6,0.32,Dropout
1.0,1.0,6.0,9500.0,1.0,1.0,135.0,1.0,37.0,1.0,5.0,5.0,126.80000000000001,1.0,0.0,0.0,1.0,0.0,1.0,18.0,0.0,0.0,8.0,8.0,7.0,12.61,0.0,0.0,8.0,8.0,7.0,12.61,0.0,10.8,1.4000000000000001,1.74,Graduate
1.0,17.0,1.0,9130.0,1.0,1.0,130.0,1.0,3.0,19.0,2.0,9.0,115.9,0.0,0.0,0.0,1.0,0.0,0.0,18.0,0.0,0.0,5.0,14.0,2.0,12.0,2.0,0.0,5.0,6.0,5.0,12.600000000000001,0.0,9.4,-0.8,-3.12,Graduate
1.0,15.0,1.0,9238.0,1.0,1.0,150.0,26.0,3.0,37.0,2.0,8.0,132.5,1.0,0.0,0.0,0.0,0.0,0.0,20.0,1.0,0.0,6.0,9.0,5.0,13.0,0.0,0.0,6.0,7.0,6.0,13.5,0.0,13.9,-0.30000000000000004,0.79,Graduate
1.0,18.0,3.0,9085.0,1.0,1.0,149.0,103.0,1.0,1.0,9.0,9.0,132.20000000000002,1.0,0.0,0.0,1.0,0.0,1.0,18.0,1.0,0.0,5.0,9.0,4.0,12.0,0.0,0.0,5.0,8.0,5.0,13.0,0.0,10.8,1.4000000000000001,1.74,Graduate
1.0,1.0,1.0,9556.0,1.0,1.0,180.0,103.0,5.0,3.0,1.0,1.0,183.5,1.0,0.0,0.0,1.0,0.0,0.0,18.0,1.0,0.0,7.0,8.0,4.0,12.0,0.0,0.0,8.0,8.0,0.0,0.0,0.0,16.2,0.30000000000000004,-0.92,Dropout
1.0,43.0,1.0,9119.0,1.0,1.0,133.1,1.0,1.0,1.0,9.0,3.0,136.0,0.0,0.0,0.0,1.0,1.0,0.0,31.0,0.0,0.0,5.0,12.0,1.0,12.0,0.0,0.0,5.0,9.0,1.0,11.0,4.0,16.2,0.30000000000000004,-0.92,Dropout
1.0,39.0,1.0,9119.0,1.0,19.0,133.1,1.0,19.0,19.0,5.0,3.0,100.9,1.0,0.0,0.0,1.0,1.0,0.0,24.0,0.0,0.0,5.0,9.0,1.0,12.0,0.0,0.0,5.0,6.0,3.0,10.5,0.0,10.8,1.4000000000000001,1.74,Enrolled
1.0,39.0,1.0,171.0,1.0,1.0,145.0,1.0,3.0,1.0,2.0,10.0,114.5,1.0,0.0,0.0,1.0,1.0,0.0,24.0,0.0,0.0,0.0,0.0,0.0,0.0,0.0,0.0,0.0,0.0,0.0,0.0,0.0,9.4,-0.8,-3.12,Graduate
1.0,39.0,1.0,9147.0,1.0,1.0,110.0,1.0,37.0,37.0,9.0,9.0,110.30000000000001,0.0,0.0,1.0,0.0,1.0,0.0,26.0,0.0,0.0,5.0,5.0,0.0,0.0,0.0,0.0,5.0,9.0,0.0,0.0,0.0,10.8,1.4000000000000001,1.74,Dropout
1.0,1.0,1.0,9130.0,1.0,1.0,154.0,1.0,3.0,3.0,2.0,2.0,137.20000000000002,1.0,0.0,1.0,1.0,1.0,0.0,18.0,0.0,0.0,6.0,11.0,5.0,13.625,0.0,0.0,6.0,9.0,4.0,11.75,0.0,16.2,0.30000000000000004,-0.92,Dropout
1.0,17.0,1.0,9147.0,1.0,1.0,126.0,1.0,37.0,37.0,4.0,7.0,116.9,0.0,0.0,0.0,1.0,1.0,1.0,19.0,0.0,0.0,5.0,12.0,3.0,11.6666666666667,0.0,0.0,5.0,10.0,3.0,11.6666666666667,0.0,12.700000000000001,3.7,-1.7000000000000002,Enrolled
1.0,17.0,1.0,9670.0,1.0,1.0,133.0,1.0,19.0,37.0,9.0,8.0,121.80000000000001,1.0,0.0,0.0,1.0,1.0,0.0,22.0,0.0,0.0,6.0,0.0,0.0,0.0,0.0,0.0,6.0,0.0,0.0,0.0,0.0,13.9,-0.30000000000000004,0.79,Dropout
1.0,1.0,2.0,9500.0,1.0,1.0,145.0,1.0,4.0,2.0,2.0,3.0,127.30000000000001,1.0,0.0,0.0,1.0,1.0,0.0,18.0,0.0,0.0,8.0,8.0,7.0,11.69,0.0,0.0,8.0,8.0,7.0,11.69,0.0,10.8,1.4000000000000001,1.74,Graduate
1.0,44.0,1.0,9070.0,1.0,39.0,120.0,1.0,1.0,19.0,4.0,7.0,120.0,0.0,0.0,1.0,0.0,1.0,0.0,20.0,0.0,0.0,6.0,11.0,0.0,0.0,6.0,0.0,6.0,12.0,0.0,0.0,12.0,16.2,0.30000000000000004,-0.92,Dropout
1.0,44.0,1.0,171.0,1.0,39.0,150.0,1.0,4.0,4.0,2.0,2.0,150.0,0.0,0.0,0.0,1.0,1.0,0.0,25.0,0.0,0.0,0.0,0.0,0.0,0.0,0.0,0.0,0.0,0.0,0.0,0.0,0.0,15.5,2.8000000000000003,-4.0600000000000005,Graduate
1.0,43.0,1.0,9991.0,0.0,1.0,150.0,1.0,3.0,3.0,4.0,4.0,100.0,1.0,0.0,0.0,1.0,1.0,0.0,24.0,0.0,0.0,5.0,10.0,4.0,11.5,0.0,0.0,5.0,11.0,5.0,11.2857142857143,0.0,13.9,-0.30000000000000004,0.79,Graduate
1.0,39.0,1.0,9119.0,1.0,1.0,150.0,1.0,3.0,3.0,4.0,4.0,150.0,1.0,0.0,0.0,1.0,1.0,0.0,27.0,0.0,0.0,5.0,10.0,1.0,14.0,0.0,0.0,5.0,0.0,0.0,0.0,0.0,8.9,1.4000000000000001,3.5100000000000002,Dropout
1.0,17.0,1.0,9254.0,1.0,1.0,127.0,1.0,3.0,19.0,4.0,4.0,116.9,0.0,0.0,0.0,1.0,1.0,0.0,21.0,0.0,0.0,6.0,7.0,5.0,11.0,0.0,0.0,6.0,7.0,5.0,12.4,0.0,15.5,2.8000000000000003,-4.0600000000000005,Graduate
1.0,44.0,1.0,9003.0,1.0,39.0,140.0,1.0,19.0,38.0,3.0,9.0,140.0,1.0,0.0,0.0,1.0,1.0,0.0,21.0,0.0,0.0,6.0,7.0,6.0,12.8571428571429,0.0,0.0,6.0,6.0,6.0,13.1666666666667,0.0,12.4,0.5,1.79,Graduate
1.0,18.0,3.0,9773.0,1.0,1.0,128.0,1.0,19.0,1.0,9.0,9.0,122.10000000000001,1.0,0.0,0.0,1.0,1.0,0.0,19.0,0.0,0.0,6.0,9.0,4.0,12.5,0.0,0.0,6.0,6.0,6.0,11.3333333333333,0.0,10.8,1.4000000000000001,1.74,Dropout
1.0,39.0,1.0,9500.0,1.0,1.0,127.0,1.0,19.0,19.0,5.0,5.0,160.0,0.0,0.0,0.0,1.0,1.0,0.0,28.0,0.0,0.0,7.0,7.0,7.0,14.5285714285714,0.0,0.0,8.0,11.0,8.0,15.0181818181818,0.0,16.2,0.30000000000000004,-0.92,Graduate
1.0,1.0,1.0,9147.0,1.0,1.0,117.0,1.0,19.0,19.0,5.0,7.0,118.4,0.0,0.0,0.0,1.0,1.0,0.0,20.0,0.0,0.0,5.0,8.0,5.0,10.0,0.0,0.0,5.0,10.0,2.0,12.0,0.0,7.6000000000000005,2.6,0.32,Enrolled
1.0,44.0,1.0,9003.0,1.0,39.0,150.0,1.0,1.0,19.0,4.0,10.0,150.0,0.0,0.0,0.0,1.0,1.0,1.0,21.0,0.0,0.0,6.0,8.0,6.0,13.0,0.0,0.0,6.0,10.0,6.0,12.625,0.0,15.5,2.8000000000000003,-4.0600000000000005,Graduate
1.0,1.0,1.0,9500.0,1.0,1.0,154.0,1.0,1.0,1.0,5.0,3.0,144.9,0.0,0.0,0.0,1.0,1.0,1.0,18.0,0.0,0.0,7.0,7.0,7.0,15.9571428571429,0.0,0.0,8.0,9.0,8.0,15.1888888888889,0.0,16.2,0.30000000000000004,-0.92,Graduate
1.0,17.0,2.0,9119.0,1.0,1.0,127.0,1.0,19.0,1.0,9.0,10.0,121.10000000000001,1.0,0.0,0.0,1.0,1.0,1.0,18.0,0.0,0.0,5.0,6.0,5.0,13.200000000000001,0.0,0.0,5.0,8.0,5.0,12.600000000000001,0.0,8.9,1.4000000000000001,3.5100000000000002,Enrolled
1.0,1.0,2.0,9147.0,1.0,1.0,133.0,1.0,19.0,1.0,5.0,10.0,121.80000000000001,0.0,0.0,0.0,1.0,1.0,0.0,20.0,0.0,0.0,5.0,9.0,4.0,10.200000000000001,0.0,0.0,5.0,6.0,3.0,11.0,0.0,15.5,2.8000000000000003,-4.0600000000000005,Enrolled
1.0,39.0,1.0,9119.0,1.0,40.0,120.0,1.0,1.0,1.0,5.0,10.0,146.8,0.0,0.0,0.0,1.0,1.0,0.0,25.0,0.0,2.0,5.0,6.0,5.0,14.200000000000001,0.0,1.0,5.0,5.0,2.0,13.5,0.0,16.2,0.30000000000000004,-0.92,Enrolled
1.0,1.0,1.0,9670.0,1.0,1.0,133.1,1.0,38.0,19.0,5.0,6.0,138.0,0.0,0.0,1.0,1.0,1.0,0.0,22.0,0.0,0.0,6.0,8.0,6.0,12.625,0.0,0.0,6.0,11.0,2.0,14.5,0.0,11.100000000000001,0.6000000000000001,2.02,Enrolled
1.0,1.0,1.0,9500.0,1.0,1.0,149.0,1.0,37.0,37.0,9.0,9.0,138.0,0.0,0.0,0.0,1.0,1.0,0.0,18.0,0.0,0.0,8.0,11.0,6.0,13.4966666666667,1.0,0.0,8.0,11.0,6.0,13.4966666666667,1.0,9.4,-0.8,-3.12,Enrolled
1.0,17.0,2.0,9147.0,1.0,1.0,125.0,1.0,19.0,38.0,9.0,7.0,116.30000000000001,1.0,0.0,0.0,1.0,1.0,0.0,19.0,0.0,0.0,5.0,8.0,5.0,13.25,0.0,0.0,5.0,8.0,5.0,11.0,0.0,13.9,-0.30000000000000004,0.79,Graduate
1.0,1.0,5.0,9119.0,1.0,1.0,126.0,1.0,12.0,19.0,4.0,5.0,122.5,1.0,0.0,0.0,1.0,1.0,0.0,19.0,0.0,0.0,5.0,12.0,3.0,12.0,0.0,0.0,5.0,10.0,3.0,12.0,0.0,12.4,0.5,1.79,Dropout
1.0,39.0,1.0,9773.0,1.0,19.0,133.1,1.0,19.0,1.0,7.0,9.0,115.0,1.0,0.0,1.0,0.0,1.0,0.0,25.0,0.0,0.0,6.0,10.0,4.0,13.0,0.0,0.0,6.0,9.0,4.0,13.75,0.0,12.700000000000001,3.7,-1.7000000000000002,Dropout
1.0,43.0,1.0,9070.0,1.0,1.0,115.0,1.0,12.0,12.0,1.0,10.0,115.0,0.0,0.0,1.0,1.0,1.0,0.0,21.0,0.0,5.0,11.0,12.0,9.0,11.7777777777778,0.0,3.0,8.0,11.0,3.0,13.6666666666667,0.0,15.5,2.8000000000000003,-4.0600000000000005,Dropout
1.0,17.0,3.0,9119.0,1.0,1.0,117.0,1.0,1.0,2.0,3.0,2.0,119.80000000000001,1.0,0.0,0.0,1.0,1.0,0.0,19.0,0.0,0.0,5.0,10.0,2.0,11.0,0.0,0.0,6.0,10.0,0.0,0.0,0.0,11.100000000000001,0.6000000000000001,2.02,Dropout
1.0,17.0,2.0,9147.0,1.0,1.0,133.1,1.0,1.0,1.0,4.0,4.0,95.0,0.0,0.0,0.0,1.0,1.0,0.0,20.0,0.0,0.0,5.0,14.0,0.0,0.0,0.0,0.0,5.0,5.0,0.0,0.0,0.0,11.100000000000001,0.6000000000000001,2.02,Dropout
1.0,44.0,1.0,9003.0,1.0,39.0,150.0,1.0,3.0,2.0,2.0,2.0,150.0,0.0,0.0,0.0,1.0,1.0,0.0,25.0,0.0,9.0,14.0,16.0,14.0,12.4285714285714,0.0,3.0,9.0,13.0,6.0,10.8571428571429,0.0,15.5,2.8000000000000003,-4.0600000000000005,Dropout
1.0,17.0,1.0,9147.0,1.0,1.0,130.0,1.0,19.0,1.0,7.0,4.0,117.80000000000001,1.0,0.0,0.0,1.0,1.0,0.0,20.0,0.0,0.0,5.0,8.0,3.0,11.0,0.0,0.0,5.0,11.0,3.0,12.0,0.0,10.8,1.4000000000000001,1.74,Enrolled
1.0,1.0,1.0,171.0,1.0,1.0,161.0,1.0,37.0,37.0,9.0,9.0,144.20000000000002,1.0,0.0,0.0,1.0,1.0,0.0,18.0,0.0,0.0,0.0,0.0,0.0,0.0,0.0,0.0,0.0,0.0,0.0,0.0,0.0,7.6000000000000005,2.6,0.32,Graduate
1.0,44.0,1.0,9254.0,1.0,39.0,130.0,1.0,39.0,39.0,194.0,193.0,130.0,1.0,0.0,1.0,1.0,1.0,0.0,23.0,0.0,0.0,6.0,12.0,3.0,11.5,0.0,0.0,6.0,12.0,3.0,10.6666666666667,0.0,8.9,1.4000000000000001,3.5100000000000002,Enrolled
1.0,42.0,1.0,9500.0,1.0,1.0,111.0,1.0,1.0,3.0,9.0,10.0,128.20000000000002,1.0,0.0,0.0,1.0,1.0,0.0,23.0,0.0,0.0,8.0,8.0,8.0,12.5075,0.0,0.0,8.0,8.0,8.0,12.5075,0.0,9.4,-0.8,-3.12,Graduate
1.0,53.0,1.0,9003.0,1.0,42.0,140.0,1.0,3.0,38.0,141.0,151.0,135.3,0.0,0.0,0.0,1.0,1.0,0.0,21.0,0.0,7.0,12.0,18.0,11.0,12.0909090909091,0.0,5.0,12.0,14.0,11.0,12.0,0.0,8.9,1.4000000000000001,3.5100000000000002,Graduate
1.0,1.0,1.0,9130.0,1.0,1.0,132.0,1.0,1.0,1.0,3.0,3.0,143.9,1.0,0.0,0.0,1.0,1.0,0.0,20.0,0.0,0.0,5.0,14.0,2.0,11.0,3.0,0.0,5.0,9.0,3.0,12.6666666666667,0.0,9.4,-0.8,-3.12,Enrolled
1.0,39.0,1.0,9991.0,0.0,1.0,139.0,1.0,1.0,1.0,4.0,10.0,140.70000000000002,0.0,0.0,0.0,1.0,1.0,0.0,25.0,0.0,0.0,5.0,13.0,1.0,10.0,0.0,0.0,5.0,8.0,2.0,11.3333333333333,0.0,12.4,0.5,1.79,Dropout
1.0,1.0,1.0,9130.0,1.0,1.0,132.0,1.0,19.0,38.0,9.0,9.0,130.4,1.0,0.0,0.0,1.0,1.0,0.0,18.0,0.0,0.0,6.0,6.0,6.0,13.5,0.0,0.0,6.0,9.0,5.0,13.200000000000001,0.0,8.9,1.4000000000000001,3.5100000000000002,Graduate
1.0,1.0,6.0,9070.0,1.0,6.0,119.0,1.0,1.0,1.0,9.0,9.0,123.2,1.0,0.0,0.0,1.0,1.0,0.0,22.0,0.0,0.0,6.0,6.0,6.0,14.1666666666667,0.0,0.0,6.0,8.0,6.0,13.625,0.0,10.8,1.4000000000000001,1.74,Graduate
1.0,39.0,1.0,9670.0,1.0,1.0,133.1,1.0,19.0,19.0,3.0,9.0,118.0,0.0,0.0,0.0,1.0,1.0,0.0,27.0,0.0,0.0,6.0,7.0,6.0,14.0,0.0,0.0,6.0,7.0,6.0,14.714285714285701,0.0,8.9,1.4000000000000001,3.5100000000000002,Graduate
1.0,39.0,1.0,9003.0,1.0,19.0,133.1,1.0,4.0,1.0,2.0,4.0,120.0,0.0,0.0,0.0,1.0,1.0,0.0,25.0,0.0,0.0,3.0,4.0,0.0,0.0,0.0,0.0,3.0,5.0,0.0,0.0,0.0,16.2,0.30000000000000004,-0.92,Dropout
1.0,17.0,4.0,9119.0,1.0,1.0,129.0,1.0,34.0,36.0,0.0,5.0,118.9,1.0,0.0,0.0,1.0,1.0,0.0,18.0,0.0,0.0,5.0,9.0,3.0,11.6666666666667,0.0,0.0,5.0,10.0,3.0,11.3333333333333,4.0,7.6000000000000005,2.6,0.32,Dropout
1.0,17.0,1.0,9085.0,1.0,1.0,128.0,1.0,38.0,19.0,8.0,8.0,117.2,0.0,0.0,0.0,1.0,1.0,0.0,20.0,0.0,0.0,5.0,7.0,5.0,14.600000000000001,1.0,0.0,5.0,5.0,5.0,14.200000000000001,0.0,12.700000000000001,3.7,-1.7000000000000002,Graduate
1.0,39.0,1.0,9003.0,1.0,1.0,120.0,1.0,3.0,4.0,2.0,2.0,120.0,0.0,0.0,0.0,1.0,1.0,0.0,27.0,0.0,0.0,6.0,10.0,5.0,13.0,0.0,0.0,6.0,13.0,5.0,11.5,0.0,16.2,0.30000000000000004,-0.92,Graduate
1.0,1.0,1.0,8014.0,0.0,1.0,130.0,1.0,1.0,1.0,9.0,9.0,118.10000000000001,0.0,0.0,0.0,1.0,1.0,0.0,20.0,0.0,0.0,6.0,7.0,6.0,12.1666666666667,0.0,0.0,6.0,9.0,6.0,12.0,0.0,7.6000000000000005,2.6,0.32,Graduate
1.0,1.0,1.0,9147.0,1.0,1.0,130.0,1.0,38.0,37.0,9.0,9.0,124.80000000000001,1.0,0.0,0.0,1.0,1.0,0.0,22.0,0.0,0.0,5.0,9.0,0.0,0.0,0.0,0.0,5.0,5.0,1.0,12.0,0.0,7.6000000000000005,2.6,0.32,Dropout
1.0,17.0,6.0,9119.0,1.0,1.0,111.0,1.0,19.0,3.0,5.0,10.0,106.5,1.0,0.0,0.0,1.0,1.0,0.0,19.0,0.0,0.0,5.0,10.0,3.0,10.5,0.0,0.0,5.0,11.0,3.0,10.8,0.0,12.4,0.5,1.79,Dropout
1.0,1.0,6.0,9147.0,1.0,1.0,121.0,1.0,3.0,19.0,4.0,5.0,116.80000000000001,0.0,0.0,0.0,1.0,1.0,0.0,20.0,0.0,0.0,5.0,14.0,3.0,12.4,0.0,0.0,5.0,8.0,5.0,10.8333333333333,0.0,13.9,-0.30000000000000004,0.79,Enrolled
1.0,43.0,4.0,171.0,1.0,1.0,117.0,1.0,19.0,12.0,9.0,10.0,109.30000000000001,0.0,0.0,0.0,1.0,1.0,0.0,19.0,0.0,0.0,0.0,0.0,0.0,0.0,0.0,0.0,0.0,0.0,0.0,0.0,0.0,9.4,-0.8,-3.12,Graduate
2.0,39.0,1.0,9085.0,1.0,9.0,133.1,1.0,1.0,1.0,4.0,4.0,120.0,1.0,0.0,0.0,0.0,1.0,0.0,29.0,0.0,0.0,5.0,12.0,0.0,0.0,4.0,0.0,5.0,8.0,0.0,0.0,1.0,9.4,-0.8,-3.12,Dropout
1.0,1.0,2.0,9500.0,1.0,1.0,149.0,1.0,3.0,1.0,9.0,9.0,137.5,0.0,0.0,0.0,1.0,1.0,0.0,19.0,0.0,0.0,8.0,8.0,7.0,13.8285714285714,0.0,0.0,8.0,8.0,7.0,13.8285714285714,0.0,12.700000000000001,3.7,-1.7000000000000002,Graduate
1.0,39.0,2.0,9991.0,0.0,1.0,172.0,1.0,19.0,37.0,9.0,8.0,150.0,1.0,0.0,0.0,1.0,0.0,1.0,28.0,0.0,0.0,5.0,7.0,5.0,10.600000000000001,0.0,0.0,5.0,6.0,5.0,10.200000000000001,0.0,9.4,-0.8,-3.12,Enrolled
2.0,1.0,1.0,9238.0,1.0,1.0,134.0,1.0,37.0,37.0,5.0,5.0,120.4,0.0,0.0,0.0,1.0,0.0,0.0,20.0,0.0,0.0,6.0,7.0,6.0,11.5,0.0,0.0,6.0,6.0,6.0,11.6666666666667,0.0,7.6000000000000005,2.6,0.32,Graduate
1.0,1.0,4.0,9070.0,1.0,1.0,136.0,1.0,37.0,37.0,9.0,8.0,136.70000000000002,1.0,0.0,0.0,1.0,0.0,0.0,20.0,0.0,0.0,6.0,6.0,4.0,13.5,0.0,0.0,6.0,8.0,6.0,13.625,0.0,10.8,1.4000000000000001,1.74,Graduate
1.0,39.0,1.0,8014.0,0.0,1.0,133.1,1.0,34.0,5.0,0.0,1.0,118.5,1.0,0.0,0.0,1.0,0.0,0.0,31.0,0.0,0.0,6.0,12.0,0.0,0.0,0.0,0.0,6.0,0.0,0.0,0.0,0.0,7.6000000000000005,2.6,0.32,Dropout
1.0,17.0,5.0,9500.0,1.0,1.0,141.0,1.0,12.0,1.0,5.0,5.0,133.0,1.0,0.0,0.0,1.0,0.0,0.0,18.0,0.0,0.0,7.0,8.0,7.0,12.537500000000001,0.0,0.0,8.0,9.0,7.0,12.6142857142857,0.0,13.9,-0.30000000000000004,0.79,Graduate
1.0,17.0,1.0,9670.0,1.0,1.0,141.0,1.0,1.0,19.0,8.0,7.0,128.8,1.0,0.0,0.0,1.0,0.0,0.0,19.0,0.0,0.0,6.0,6.0,6.0,14.8333333333333,0.0,0.0,6.0,8.0,6.0,13.2857142857143,0.0,8.9,1.4000000000000001,3.5100000000000002,Enrolled
1.0,1.0,1.0,9147.0,1.0,1.0,148.0,1.0,37.0,38.0,9.0,8.0,133.0,1.0,0.0,0.0,1.0,0.0,0.0,18.0,0.0,0.0,5.0,10.0,4.0,12.0,0.0,0.0,5.0,9.0,4.0,12.8,0.0,13.9,-0.30000000000000004,0.79,Graduate
1.0,17.0,1.0,9254.0,1.0,1.0,102.0,1.0,37.0,37.0,7.0,7.0,102.0,0.0,0.0,0.0,1.0,0.0,0.0,19.0,0.0,0.0,6.0,8.0,5.0,11.8,0.0,0.0,6.0,8.0,5.0,11.600000000000001,0.0,10.8,1.4000000000000001,1.74,Graduate
1.0,1.0,1.0,9147.0,1.0,1.0,143.0,1.0,1.0,19.0,3.0,3.0,133.9,0.0,0.0,0.0,1.0,0.0,1.0,18.0,0.0,0.0,5.0,5.0,5.0,15.0,0.0,0.0,5.0,5.0,5.0,15.200000000000001,0.0,12.700000000000001,3.7,-1.7000000000000002,Graduate
1.0,17.0,1.0,9085.0,1.0,1.0,120.0,1.0,38.0,19.0,90.0,90.0,127.0,0.0,0.0,0.0,1.0,0.0,0.0,19.0,0.0,0.0,5.0,7.0,3.0,12.0,0.0,0.0,5.0,7.0,5.0,13.200000000000001,0.0,7.6000000000000005,2.6,0.32,Graduate
1.0,17.0,1.0,9773.0,1.0,1.0,121.0,1.0,38.0,38.0,9.0,8.0,120.4,1.0,0.0,0.0,1.0,0.0,1.0,18.0,0.0,0.0,6.0,6.0,6.0,12.8333333333333,0.0,0.0,6.0,7.0,6.0,12.2857142857143,0.0,15.5,2.8000000000000003,-4.0600000000000005,Graduate
1.0,1.0,3.0,9254.0,1.0,1.0,122.0,1.0,37.0,37.0,9.0,3.0,124.5,1.0,0.0,0.0,1.0,0.0,0.0,19.0,0.0,0.0,6.0,12.0,6.0,11.6666666666667,0.0,0.0,6.0,14.0,3.0,12.0,0.0,7.6000000000000005,2.6,0.32,Graduate
1.0,1.0,4.0,9556.0,1.0,1.0,122.0,1.0,37.0,1.0,5.0,4.0,123.9,0.0,0.0,0.0,1.0,0.0,0.0,19.0,0.0,0.0,7.0,9.0,7.0,12.162500000000001,0.0,0.0,8.0,8.0,8.0,13.825000000000001,0.0,13.9,-0.30000000000000004,0.79,Graduate
1.0,1.0,2.0,9670.0,1.0,1.0,123.0,1.0,19.0,1.0,9.0,3.0,117.80000000000001,1.0,0.0,0.0,1.0,0.0,0.0,18.0,0.0,0.0,6.0,6.0,6.0,13.8333333333333,0.0,0.0,6.0,11.0,6.0,14.5555555555556,0.0,10.8,1.4000000000000001,1.74,Graduate
1.0,1.0,1.0,9500.0,1.0,1.0,133.0,1.0,3.0,19.0,2.0,8.0,126.7,0.0,0.0,0.0,1.0,0.0,0.0,19.0,0.0,0.0,7.0,12.0,4.0,12.450000000000001,0.0,0.0,7.0,11.0,5.0,11.700000000000001,0.0,16.2,0.30000000000000004,-0.92,Enrolled
1.0,44.0,1.0,9670.0,1.0,39.0,110.0,1.0,37.0,1.0,9.0,4.0,110.0,0.0,0.0,0.0,1.0,0.0,1.0,20.0,0.0,2.0,6.0,9.0,6.0,12.125,0.0,2.0,6.0,7.0,6.0,13.5714285714286,0.0,11.100000000000001,0.6000000000000001,2.02,Graduate
1.0,17.0,1.0,9670.0,1.0,1.0,155.0,1.0,1.0,19.0,4.0,8.0,134.70000000000002,1.0,0.0,0.0,1.0,0.0,0.0,20.0,0.0,0.0,6.0,8.0,5.0,13.4,0.0,0.0,6.0,10.0,4.0,13.0,0.0,12.700000000000001,3.7,-1.7000000000000002,Enrolled
1.0,17.0,1.0,9003.0,1.0,1.0,119.0,1.0,37.0,37.0,4.0,6.0,113.2,0.0,0.0,1.0,1.0,0.0,0.0,20.0,0.0,0.0,6.0,8.0,6.0,13.3333333333333,0.0,0.0,6.0,8.0,5.0,14.0,0.0,11.100000000000001,0.6000000000000001,2.02,Enrolled
1.0,39.0,1.0,9991.0,0.0,3.0,120.0,1.0,37.0,37.0,9.0,9.0,141.0,0.0,0.0,0.0,1.0,0.0,0.0,29.0,0.0,10.0,15.0,15.0,11.0,11.454545454545501,0.0,9.0,13.0,16.0,11.0,11.5454545454545,0.0,10.8,1.4000000000000001,1.74,Dropout
1.0,17.0,1.0,9853.0,1.0,1.0,133.1,1.0,38.0,12.0,7.0,0.0,111.5,0.0,0.0,0.0,0.0,0.0,1.0,20.0,0.0,0.0,6.0,10.0,4.0,12.0,0.0,0.0,6.0,14.0,3.0,10.0,0.0,7.6000000000000005,2.6,0.32,Dropout
4.0,39.0,1.0,9853.0,1.0,1.0,143.0,1.0,37.0,1.0,9.0,10.0,140.0,0.0,0.0,1.0,0.0,0.0,0.0,31.0,0.0,0.0,7.0,8.0,6.0,12.6666666666667,0.0,0.0,7.0,9.0,5.0,12.600000000000001,0.0,8.9,1.4000000000000001,3.5100000000000002,Dropout
1.0,17.0,1.0,9670.0,1.0,1.0,149.0,1.0,19.0,37.0,7.0,4.0,134.3,0.0,1.0,0.0,1.0,0.0,0.0,20.0,0.0,0.0,6.0,7.0,6.0,12.6666666666667,0.0,0.0,6.0,9.0,6.0,13.7777777777778,0.0,10.8,1.4000000000000001,1.74,Graduate
1.0,17.0,1.0,9003.0,1.0,1.0,133.0,1.0,38.0,37.0,9.0,9.0,125.30000000000001,1.0,0.0,0.0,1.0,0.0,0.0,21.0,0.0,12.0,18.0,22.0,18.0,11.8888888888889,1.0,11.0,13.0,13.0,13.0,11.4615384615385,0.0,15.5,2.8000000000000003,-4.0600000000000005,Graduate
1.0,7.0,1.0,9130.0,1.0,3.0,140.0,1.0,19.0,38.0,9.0,9.0,140.0,1.0,0.0,0.0,1.0,0.0,0.0,23.0,0.0,0.0,6.0,0.0,0.0,0.0,0.0,0.0,6.0,0.0,0.0,0.0,0.0,12.4,0.5,1.79,Dropout
1.0,17.0,5.0,9070.0,1.0,1.0,122.0,1.0,19.0,38.0,5.0,7.0,119.60000000000001,0.0,0.0,1.0,0.0,0.0,0.0,21.0,0.0,0.0,6.0,6.0,4.0,13.0,0.0,0.0,6.0,8.0,4.0,11.600000000000001,0.0,10.8,1.4000000000000001,1.74,Dropout
1.0,7.0,1.0,9500.0,1.0,40.0,170.0,1.0,1.0,1.0,9.0,4.0,170.0,0.0,0.0,0.0,1.0,0.0,0.0,24.0,0.0,4.0,7.0,7.0,7.0,16.8857142857143,0.0,3.0,8.0,9.0,8.0,15.744444444444401,0.0,16.2,0.30000000000000004,-0.92,Graduate
1.0,39.0,1.0,8014.0,0.0,1.0,120.0,1.0,1.0,1.0,4.0,4.0,150.5,0.0,0.0,0.0,1.0,0.0,0.0,27.0,0.0,0.0,6.0,6.0,6.0,12.5,0.0,1.0,6.0,6.0,6.0,12.3333333333333,0.0,15.5,2.8000000000000003,-4.0600000000000005,Graduate
1.0,1.0,1.0,9500.0,1.0,1.0,143.0,1.0,1.0,37.0,3.0,8.0,128.0,0.0,0.0,0.0,1.0,0.0,1.0,18.0,0.0,0.0,7.0,9.0,7.0,13.0555555555556,0.0,0.0,8.0,8.0,8.0,15.8125,0.0,13.9,-0.30000000000000004,0.79,Graduate
1.0,1.0,3.0,171.0,1.0,1.0,115.0,1.0,9.0,1.0,6.0,6.0,108.7,1.0,0.0,0.0,0.0,0.0,0.0,21.0,0.0,0.0,0.0,0.0,0.0,0.0,0.0,0.0,0.0,0.0,0.0,0.0,0.0,9.4,-0.8,-3.12,Dropout
1.0,17.0,1.0,9130.0,1.0,1.0,123.0,1.0,19.0,3.0,3.0,2.0,121.60000000000001,1.0,0.0,1.0,1.0,0.0,1.0,19.0,0.0,0.0,5.0,7.0,0.0,0.0,0.0,0.0,5.0,5.0,0.0,0.0,0.0,7.6000000000000005,2.6,0.32,Dropout
1.0,1.0,6.0,9500.0,1.0,1.0,131.0,1.0,38.0,19.0,7.0,7.0,125.30000000000001,1.0,0.0,0.0,1.0,0.0,1.0,19.0,0.0,0.0,8.0,8.0,7.0,12.355714285714301,0.0,0.0,8.0,8.0,7.0,12.355714285714301,0.0,10.8,1.4000000000000001,1.74,Graduate
1.0,17.0,1.0,9085.0,1.0,1.0,127.0,1.0,19.0,38.0,194.0,193.0,117.60000000000001,0.0,0.0,0.0,1.0,0.0,0.0,18.0,0.0,0.0,6.0,0.0,0.0,0.0,0.0,0.0,6.0,0.0,0.0,0.0,0.0,12.4,0.5,1.79,Dropout
1.0,43.0,3.0,9500.0,1.0,1.0,126.0,1.0,38.0,37.0,6.0,5.0,124.30000000000001,1.0,0.0,0.0,1.0,0.0,1.0,18.0,0.0,0.0,7.0,8.0,5.0,11.98,0.0,0.0,7.0,8.0,5.0,11.98,0.0,7.6000000000000005,2.6,0.32,Enrolled
1.0,1.0,2.0,9853.0,1.0,1.0,112.0,1.0,37.0,37.0,191.0,182.0,106.10000000000001,1.0,0.0,1.0,1.0,0.0,1.0,20.0,0.0,0.0,7.0,7.0,7.0,13.8571428571429,0.0,0.0,7.0,8.0,7.0,12.5714285714286,0.0,8.9,1.4000000000000001,3.5100000000000002,Graduate
2.0,1.0,1.0,8014.0,0.0,1.0,150.0,1.0,1.0,37.0,4.0,7.0,139.9,1.0,0.0,0.0,1.0,0.0,0.0,24.0,0.0,0.0,6.0,9.0,5.0,13.0,0.0,0.0,6.0,6.0,6.0,14.1666666666667,0.0,9.4,-0.8,-3.12,Graduate
1.0,1.0,1.0,9070.0,1.0,1.0,116.0,1.0,1.0,1.0,1.0,1.0,110.80000000000001,1.0,0.0,0.0,1.0,0.0,0.0,20.0,0.0,0.0,6.0,6.0,6.0,12.8333333333333,0.0,0.0,6.0,10.0,6.0,11.1666666666667,0.0,12.4,0.5,1.79,Graduate
1.0,17.0,3.0,9147.0,1.0,1.0,118.0,1.0,1.0,19.0,5.0,7.0,118.0,0.0,0.0,0.0,1.0,0.0,0.0,20.0,0.0,0.0,5.0,11.0,4.0,11.0,0.0,0.0,5.0,7.0,5.0,13.200000000000001,0.0,12.4,0.5,1.79,Enrolled
1.0,1.0,1.0,9500.0,1.0,1.0,130.0,1.0,19.0,37.0,9.0,9.0,117.80000000000001,1.0,0.0,0.0,1.0,0.0,1.0,19.0,0.0,0.0,8.0,8.0,7.0,12.3571428571429,0.0,0.0,8.0,8.0,7.0,12.3571428571429,0.0,12.700000000000001,3.7,-1.7000000000000002,Graduate
1.0,1.0,6.0,9500.0,1.0,1.0,144.0,1.0,1.0,37.0,9.0,9.0,127.5,1.0,0.0,0.0,1.0,0.0,1.0,18.0,0.0,0.0,8.0,8.0,7.0,13.8571428571429,0.0,0.0,8.0,8.0,7.0,13.8571428571429,0.0,12.700000000000001,3.7,-1.7000000000000002,Graduate
1.0,17.0,2.0,9238.0,1.0,3.0,105.0,1.0,37.0,37.0,7.0,8.0,129.70000000000002,1.0,0.0,0.0,1.0,0.0,1.0,20.0,0.0,0.0,6.0,6.0,6.0,12.3333333333333,0.0,0.0,6.0,6.0,6.0,10.6666666666667,0.0,9.4,-0.8,-3.12,Graduate
1.0,17.0,1.0,9500.0,1.0,1.0,143.0,1.0,37.0,37.0,9.0,8.0,130.6,1.0,0.0,0.0,1.0,0.0,0.0,20.0,0.0,0.0,7.0,8.0,7.0,12.8471428571429,0.0,0.0,8.0,10.0,8.0,13.7888888888889,0.0,16.2,0.30000000000000004,-0.92,Graduate
1.0,17.0,2.0,9500.0,1.0,1.0,137.0,1.0,19.0,37.0,4.0,7.0,126.30000000000001,1.0,0.0,0.0,1.0,0.0,1.0,19.0,0.0,0.0,7.0,9.0,6.0,12.34,0.0,0.0,8.0,9.0,8.0,13.01875,0.0,11.100000000000001,0.6000000000000001,2.02,Graduate
1.0,44.0,1.0,9085.0,1.0,39.0,140.0,1.0,3.0,1.0,2.0,3.0,140.0,1.0,0.0,0.0,1.0,0.0,0.0,19.0,0.0,0.0,6.0,10.0,5.0,12.6666666666667,0.0,0.0,6.0,19.0,4.0,11.75,0.0,12.4,0.5,1.79,Enrolled
1.0,1.0,1.0,9773.0,1.0,1.0,133.1,1.0,3.0,19.0,4.0,5.0,105.0,1.0,0.0,0.0,1.0,0.0,0.0,20.0,0.0,0.0,6.0,6.0,6.0,13.8333333333333,0.0,0.0,6.0,6.0,6.0,12.5,0.0,12.700000000000001,3.7,-1.7000000000000002,Graduate
1.0,17.0,2.0,9147.0,1.0,1.0,116.0,1.0,1.0,38.0,4.0,3.0,114.60000000000001,1.0,0.0,0.0,1.0,0.0,0.0,19.0,0.0,0.0,5.0,15.0,2.0,10.75,0.0,0.0,5.0,11.0,2.0,10.0,0.0,13.9,-0.30000000000000004,0.79,Dropout
1.0,17.0,5.0,9853.0,1.0,1.0,117.0,1.0,38.0,38.0,9.0,7.0,114.60000000000001,1.0,0.0,0.0,1.0,0.0,0.0,19.0,0.0,0.0,6.0,11.0,4.0,13.25,0.0,0.0,6.0,10.0,4.0,10.25,0.0,9.4,-0.8,-3.12,Dropout
1.0,17.0,1.0,9500.0,1.0,1.0,137.0,1.0,38.0,37.0,7.0,5.0,131.0,1.0,0.0,0.0,1.0,0.0,1.0,18.0,0.0,0.0,8.0,8.0,8.0,13.731250000000001,0.0,0.0,8.0,8.0,8.0,13.731250000000001,0.0,9.4,-0.8,-3.12,Graduate
1.0,17.0,4.0,9070.0,1.0,1.0,116.0,1.0,38.0,37.0,9.0,9.0,109.0,0.0,0.0,0.0,1.0,0.0,1.0,23.0,0.0,0.0,6.0,6.0,6.0,13.3333333333333,0.0,0.0,6.0,8.0,3.0,12.6666666666667,0.0,11.100000000000001,0.6000000000000001,2.02,Dropout
1.0,1.0,1.0,9853.0,1.0,1.0,133.1,1.0,19.0,19.0,9.0,8.0,132.0,1.0,0.0,0.0,1.0,0.0,0.0,21.0,0.0,0.0,6.0,8.0,5.0,12.0,0.0,0.0,6.0,9.0,5.0,10.8,0.0,12.700000000000001,3.7,-1.7000000000000002,Dropout
1.0,44.0,1.0,8014.0,0.0,39.0,130.0,1.0,37.0,38.0,6.0,6.0,130.0,1.0,0.0,0.0,1.0,0.0,0.0,23.0,0.0,5.0,9.0,10.0,9.0,10.8888888888889,0.0,3.0,8.0,10.0,6.0,11.3333333333333,0.0,11.100000000000001,0.6000000000000001,2.02,Graduate
1.0,1.0,3.0,9500.0,1.0,1.0,106.0,1.0,19.0,37.0,9.0,7.0,109.5,1.0,0.0,0.0,1.0,0.0,0.0,19.0,0.0,0.0,7.0,8.0,7.0,13.025,0.0,0.0,8.0,9.0,8.0,13.811111111111101,0.0,13.9,-0.30000000000000004,0.79,Graduate
1.0,17.0,2.0,9773.0,1.0,1.0,125.0,1.0,1.0,38.0,5.0,6.0,115.9,1.0,0.0,0.0,1.0,0.0,0.0,18.0,0.0,0.0,6.0,6.0,6.0,13.0,0.0,0.0,6.0,6.0,6.0,14.1666666666667,0.0,12.4,0.5,1.79,Graduate
1.0,1.0,1.0,9773.0,1.0,1.0,134.0,1.0,19.0,37.0,9.0,9.0,131.6,1.0,1.0,0.0,1.0,0.0,0.0,19.0,0.0,0.0,6.0,10.0,5.0,11.8,0.0,0.0,6.0,10.0,5.0,12.0,0.0,10.8,1.4000000000000001,1.74,Graduate
1.0,39.0,1.0,9500.0,1.0,1.0,133.1,1.0,19.0,37.0,9.0,9.0,120.0,0.0,0.0,0.0,1.0,0.0,1.0,25.0,0.0,0.0,8.0,8.0,7.0,12.0428571428571,0.0,0.0,8.0,8.0,7.0,12.0428571428571,0.0,12.700000000000001,3.7,-1.7000000000000002,Graduate
1.0,1.0,2.0,9853.0,1.0,1.0,117.0,1.0,1.0,38.0,4.0,9.0,109.7,1.0,0.0,0.0,1.0,0.0,0.0,19.0,0.0,0.0,6.0,9.0,5.0,12.200000000000001,0.0,0.0,6.0,10.0,4.0,13.0,0.0,9.4,-0.8,-3.12,Enrolled
1.0,1.0,1.0,9500.0,1.0,1.0,136.0,1.0,1.0,19.0,5.0,7.0,136.4,0.0,0.0,0.0,1.0,0.0,1.0,19.0,0.0,0.0,7.0,8.0,7.0,12.8375,0.0,0.0,8.0,8.0,8.0,15.5,0.0,13.9,-0.30000000000000004,0.79,Graduate
1.0,39.0,1.0,9556.0,1.0,1.0,120.0,1.0,38.0,38.0,191.0,193.0,120.0,0.0,0.0,1.0,1.0,0.0,1.0,24.0,0.0,0.0,7.0,13.0,7.0,11.0,0.0,0.0,8.0,13.0,7.0,11.700000000000001,0.0,12.700000000000001,3.7,-1.7000000000000002,Graduate
1.0,1.0,1.0,9670.0,1.0,1.0,135.0,1.0,37.0,37.0,9.0,7.0,132.6,1.0,0.0,0.0,1.0,0.0,1.0,18.0,0.0,0.0,6.0,7.0,6.0,13.5,0.0,0.0,6.0,9.0,5.0,14.0,0.0,8.9,1.4000000000000001,3.5100000000000002,Graduate
1.0,17.0,5.0,9238.0,1.0,1.0,122.0,1.0,37.0,37.0,7.0,5.0,112.9,1.0,0.0,0.0,1.0,0.0,1.0,19.0,0.0,0.0,6.0,8.0,6.0,12.125,0.0,0.0,6.0,7.0,6.0,12.714285714285701,0.0,16.2,0.30000000000000004,-0.92,Graduate
1.0,1.0,5.0,9500.0,1.0,1.0,147.0,1.0,37.0,37.0,9.0,9.0,134.3,0.0,0.0,0.0,1.0,0.0,1.0,18.0,0.0,0.0,8.0,12.0,7.0,12.6285714285714,0.0,0.0,8.0,12.0,7.0,12.6285714285714,0.0,12.700000000000001,3.7,-1.7000000000000002,Graduate
1.0,39.0,1.0,9991.0,0.0,1.0,120.0,1.0,38.0,1.0,9.0,4.0,123.2,0.0,0.0,0.0,1.0,0.0,0.0,27.0,0.0,0.0,5.0,9.0,3.0,10.6666666666667,0.0,0.0,5.0,7.0,4.0,11.4,0.0,10.8,1.4000000000000001,1.74,Enrolled
1.0,17.0,3.0,9238.0,1.0,1.0,121.0,1.0,1.0,1.0,4.0,5.0,117.2,0.0,0.0,0.0,1.0,0.0,0.0,19.0,0.0,0.0,6.0,11.0,5.0,11.200000000000001,0.0,0.0,6.0,13.0,5.0,11.600000000000001,0.0,15.5,2.8000000000000003,-4.0600000000000005,Graduate
1.0,18.0,1.0,9773.0,1.0,1.0,135.0,1.0,1.0,1.0,3.0,3.0,129.8,0.0,0.0,0.0,1.0,0.0,1.0,18.0,0.0,0.0,6.0,6.0,6.0,12.6666666666667,0.0,0.0,6.0,6.0,6.0,11.8333333333333,0.0,12.700000000000001,3.7,-1.7000000000000002,Dropout
2.0,39.0,1.0,9670.0,1.0,1.0,130.0,1.0,37.0,37.0,9.0,0.0,158.0,0.0,0.0,1.0,0.0,0.0,0.0,34.0,0.0,0.0,6.0,7.0,4.0,13.5,0.0,0.0,6.0,6.0,0.0,0.0,6.0,12.700000000000001,3.7,-1.7000000000000002,Dropout
1.0,1.0,6.0,9147.0,1.0,1.0,128.0,1.0,37.0,37.0,9.0,9.0,116.5,0.0,0.0,0.0,1.0,0.0,0.0,18.0,0.0,0.0,5.0,9.0,3.0,11.6666666666667,0.0,0.0,5.0,15.0,2.0,11.0,0.0,7.6000000000000005,2.6,0.32,Enrolled
1.0,1.0,1.0,9147.0,1.0,1.0,129.0,1.0,37.0,38.0,4.0,9.0,121.0,1.0,0.0,0.0,1.0,0.0,0.0,18.0,0.0,0.0,5.0,8.0,2.0,10.5,0.0,0.0,5.0,7.0,3.0,12.3333333333333,0.0,7.6000000000000005,2.6,0.32,Enrolled
1.0,1.0,3.0,9500.0,1.0,1.0,143.0,1.0,37.0,38.0,7.0,7.0,133.8,1.0,0.0,0.0,1.0,0.0,0.0,18.0,0.0,0.0,8.0,8.0,8.0,14.26875,0.0,0.0,8.0,8.0,8.0,14.26875,0.0,9.4,-0.8,-3.12,Enrolled
1.0,1.0,2.0,9773.0,1.0,1.0,108.0,1.0,38.0,38.0,7.0,7.0,115.0,1.0,0.0,1.0,0.0,0.0,0.0,20.0,0.0,0.0,6.0,0.0,0.0,0.0,0.0,0.0,6.0,0.0,0.0,0.0,0.0,8.9,1.4000000000000001,3.5100000000000002,Dropout
1.0,1.0,1.0,9147.0,1.0,1.0,130.0,1.0,19.0,37.0,9.0,9.0,131.8,1.0,0.0,0.0,1.0,0.0,1.0,19.0,0.0,0.0,5.0,8.0,2.0,10.5,0.0,0.0,5.0,11.0,3.0,13.3333333333333,0.0,7.6000000000000005,2.6,0.32,Enrolled
1.0,1.0,1.0,9238.0,1.0,1.0,135.0,1.0,37.0,1.0,3.0,5.0,121.0,0.0,0.0,0.0,1.0,0.0,0.0,21.0,0.0,0.0,6.0,11.0,5.0,11.200000000000001,0.0,0.0,6.0,15.0,1.0,10.0,0.0,7.6000000000000005,2.6,0.32,Enrolled
2.0,39.0,1.0,9991.0,0.0,3.0,140.0,1.0,19.0,19.0,9.0,7.0,152.4,0.0,0.0,0.0,1.0,0.0,0.0,26.0,0.0,0.0,5.0,5.0,5.0,12.0,0.0,0.0,5.0,6.0,5.0,14.8333333333333,0.0,10.8,1.4000000000000001,1.74,Graduate
1.0,43.0,2.0,9556.0,1.0,1.0,120.0,1.0,1.0,19.0,4.0,3.0,110.2,0.0,0.0,0.0,1.0,0.0,0.0,27.0,0.0,0.0,7.0,9.0,7.0,12.228571428571401,0.0,1.0,8.0,10.0,8.0,13.2125,0.0,10.8,1.4000000000000001,1.74,Graduate
1.0,1.0,1.0,9670.0,1.0,1.0,117.0,1.0,1.0,38.0,5.0,1.0,113.5,1.0,0.0,0.0,1.0,0.0,0.0,20.0,0.0,0.0,5.0,6.0,4.0,11.5,0.0,0.0,5.0,5.0,4.0,10.75,0.0,9.4,-0.8,-3.12,Graduate
1.0,17.0,1.0,9238.0,1.0,1.0,151.0,1.0,19.0,1.0,5.0,0.0,144.4,1.0,0.0,0.0,1.0,0.0,0.0,18.0,0.0,0.0,6.0,8.0,6.0,15.375,0.0,0.0,6.0,7.0,6.0,16.428571428571402,0.0,16.2,0.30000000000000004,-0.92,Graduate
1.0,53.0,1.0,9085.0,1.0,42.0,140.0,1.0,1.0,1.0,5.0,5.0,143.3,1.0,0.0,0.0,0.0,0.0,0.0,23.0,0.0,7.0,12.0,19.0,9.0,13.6666666666667,0.0,4.0,9.0,15.0,6.0,13.5,0.0,8.9,1.4000000000000001,3.5100000000000002,Enrolled
1.0,39.0,1.0,9500.0,1.0,19.0,133.1,1.0,1.0,5.0,4.0,3.0,100.0,0.0,0.0,0.0,1.0,0.0,0.0,24.0,0.0,0.0,8.0,11.0,7.0,12.6142857142857,0.0,0.0,8.0,11.0,7.0,12.6142857142857,0.0,12.700000000000001,3.7,-1.7000000000000002,Graduate
1.0,44.0,1.0,9238.0,1.0,39.0,130.0,1.0,38.0,38.0,6.0,9.0,126.30000000000001,1.0,0.0,0.0,1.0,0.0,1.0,19.0,0.0,3.0,6.0,7.0,5.0,12.200000000000001,0.0,2.0,6.0,6.0,6.0,11.5,0.0,13.9,-0.30000000000000004,0.79,Graduate
1.0,1.0,1.0,9773.0,1.0,1.0,125.0,1.0,19.0,38.0,3.0,5.0,115.9,0.0,0.0,0.0,1.0,0.0,0.0,19.0,0.0,0.0,6.0,13.0,4.0,11.75,0.0,0.0,6.0,10.0,4.0,11.0,0.0,10.8,1.4000000000000001,1.74,Graduate
1.0,1.0,4.0,9238.0,1.0,1.0,125.0,1.0,19.0,38.0,9.0,6.0,114.9,1.0,0.0,1.0,1.0,0.0,1.0,19.0,0.0,0.0,6.0,9.0,5.0,11.4,0.0,0.0,6.0,9.0,3.0,10.0,0.0,8.9,1.4000000000000001,3.5100000000000002,Enrolled
1.0,1.0,1.0,9238.0,1.0,1.0,135.0,1.0,37.0,19.0,5.0,10.0,121.0,0.0,0.0,1.0,1.0,0.0,0.0,18.0,0.0,0.0,6.0,10.0,5.0,10.600000000000001,0.0,0.0,6.0,14.0,2.0,10.0,0.0,7.6000000000000005,2.6,0.32,Enrolled
1.0,51.0,1.0,8014.0,0.0,1.0,121.0,1.0,1.0,38.0,5.0,7.0,112.30000000000001,0.0,0.0,0.0,1.0,0.0,0.0,22.0,0.0,14.0,16.0,16.0,13.0,10.9230769230769,0.0,13.0,13.0,13.0,11.0,11.454545454545501,0.0,16.2,0.30000000000000004,-0.92,Graduate
1.0,43.0,1.0,9070.0,1.0,1.0,141.0,1.0,1.0,19.0,5.0,10.0,127.0,0.0,0.0,0.0,1.0,0.0,0.0,20.0,0.0,0.0,6.0,6.0,5.0,12.4,0.0,0.0,6.0,9.0,5.0,12.4,0.0,12.700000000000001,3.7,-1.7000000000000002,Graduate
1.0,39.0,1.0,9003.0,1.0,1.0,130.0,1.0,19.0,19.0,9.0,9.0,120.0,0.0,0.0,0.0,1.0,0.0,0.0,25.0,0.0,0.0,6.0,6.0,0.0,0.0,0.0,0.0,6.0,6.0,0.0,0.0,0.0,11.100000000000001,0.6000000000000001,2.02,Dropout
1.0,44.0,1.0,9003.0,1.0,39.0,180.0,1.0,1.0,3.0,4.0,2.0,180.0,0.0,0.0,0.0,1.0,0.0,0.0,21.0,0.0,0.0,6.0,6.0,6.0,15.8333333333333,0.0,0.0,6.0,8.0,6.0,15.5,0.0,15.5,2.8000000000000003,-4.0600000000000005,Graduate
1.0,1.0,1.0,9500.0,1.0,1.0,117.0,1.0,19.0,19.0,194.0,193.0,117.4,1.0,0.0,0.0,1.0,0.0,0.0,19.0,0.0,0.0,7.0,12.0,5.0,11.8,0.0,0.0,7.0,9.0,6.0,11.7083333333333,0.0,11.100000000000001,0.6000000000000001,2.02,Enrolled
1.0,17.0,4.0,9773.0,1.0,1.0,127.0,1.0,1.0,19.0,4.0,1.0,115.80000000000001,1.0,0.0,0.0,1.0,0.0,0.0,18.0,0.0,0.0,6.0,7.0,6.0,12.5714285714286,0.0,0.0,6.0,6.0,6.0,13.6666666666667,0.0,13.9,-0.30000000000000004,0.79,Graduate
1.0,1.0,3.0,9670.0,1.0,1.0,126.0,1.0,37.0,37.0,0.0,0.0,136.5,1.0,0.0,0.0,1.0,0.0,0.0,18.0,0.0,0.0,5.0,7.0,3.0,12.0,0.0,0.0,5.0,7.0,4.0,13.25,1.0,7.6000000000000005,2.6,0.32,Graduate
1.0,17.0,3.0,9500.0,1.0,1.0,143.0,1.0,3.0,3.0,9.0,7.0,129.0,1.0,0.0,0.0,1.0,1.0,0.0,19.0,0.0,0.0,7.0,8.0,7.0,13.3625,0.0,0.0,8.0,9.0,8.0,14.4444444444444,0.0,13.9,-0.30000000000000004,0.79,Graduate
1.0,1.0,1.0,9085.0,1.0,1.0,144.0,13.0,3.0,3.0,6.0,6.0,137.6,1.0,0.0,0.0,1.0,0.0,1.0,19.0,1.0,0.0,5.0,6.0,5.0,15.4,0.0,0.0,5.0,5.0,5.0,16.0,0.0,10.8,1.4000000000000001,1.74,Graduate
1.0,17.0,2.0,9773.0,1.0,1.0,126.0,1.0,37.0,38.0,5.0,5.0,129.5,1.0,0.0,1.0,0.0,0.0,0.0,18.0,0.0,0.0,6.0,9.0,5.0,12.200000000000001,0.0,0.0,6.0,9.0,4.0,11.75,0.0,10.8,1.4000000000000001,1.74,Dropout
1.0,51.0,1.0,9238.0,1.0,39.0,140.0,1.0,38.0,38.0,5.0,7.0,129.1,1.0,0.0,0.0,1.0,0.0,1.0,20.0,0.0,6.0,11.0,11.0,11.0,12.8181818181818,0.0,6.0,11.0,11.0,11.0,13.5454545454545,0.0,12.4,0.5,1.79,Graduate
1.0,17.0,5.0,9500.0,1.0,1.0,148.0,1.0,1.0,19.0,4.0,8.0,130.20000000000002,1.0,0.0,0.0,1.0,0.0,0.0,19.0,0.0,0.0,7.0,0.0,0.0,0.0,0.0,0.0,8.0,0.0,0.0,0.0,0.0,12.4,0.5,1.79,Dropout
1.0,42.0,1.0,9500.0,1.0,1.0,100.0,1.0,19.0,37.0,5.0,7.0,134.3,1.0,0.0,0.0,1.0,0.0,0.0,28.0,0.0,12.0,17.0,21.0,17.0,13.394736842105301,0.0,11.0,17.0,19.0,17.0,13.554736842105301,0.0,16.2,0.30000000000000004,-0.92,Graduate
1.0,1.0,1.0,9238.0,1.0,1.0,151.0,1.0,37.0,1.0,9.0,9.0,138.4,1.0,0.0,0.0,1.0,0.0,1.0,20.0,0.0,0.0,6.0,8.0,6.0,14.25,0.0,0.0,6.0,8.0,6.0,11.0,0.0,12.700000000000001,3.7,-1.7000000000000002,Graduate
1.0,42.0,1.0,8014.0,0.0,1.0,120.0,1.0,37.0,38.0,90.0,7.0,120.0,1.0,0.0,0.0,1.0,0.0,0.0,30.0,0.0,9.0,11.0,19.0,9.0,13.4444444444444,1.0,5.0,7.0,7.0,7.0,14.714285714285701,0.0,7.6000000000000005,2.6,0.32,Dropout
1.0,1.0,4.0,9500.0,1.0,1.0,135.0,1.0,1.0,19.0,9.0,7.0,123.5,1.0,0.0,0.0,1.0,0.0,1.0,19.0,0.0,0.0,7.0,8.0,7.0,12.2857142857143,0.0,0.0,8.0,10.0,8.0,11.7375,0.0,12.4,0.5,1.79,Graduate
1.0,1.0,2.0,9070.0,1.0,1.0,121.0,1.0,19.0,19.0,3.0,3.0,116.10000000000001,1.0,0.0,0.0,1.0,0.0,0.0,22.0,0.0,0.0,6.0,7.0,6.0,11.6666666666667,0.0,0.0,6.0,7.0,5.0,13.200000000000001,0.0,12.700000000000001,3.7,-1.7000000000000002,Graduate
1.0,1.0,1.0,9254.0,1.0,1.0,116.0,1.0,38.0,38.0,5.0,8.0,110.80000000000001,1.0,0.0,0.0,1.0,0.0,0.0,18.0,0.0,0.0,6.0,8.0,6.0,12.1666666666667,0.0,0.0,6.0,6.0,6.0,13.5,0.0,11.100000000000001,0.6000000000000001,2.02,Graduate
1.0,17.0,1.0,9853.0,1.0,1.0,147.0,1.0,37.0,37.0,9.0,9.0,142.8,1.0,0.0,0.0,1.0,0.0,0.0,23.0,0.0,0.0,6.0,11.0,2.0,10.0,0.0,0.0,6.0,15.0,2.0,11.0,0.0,7.6000000000000005,2.6,0.32,Dropout
1.0,17.0,4.0,9070.0,1.0,1.0,160.0,1.0,1.0,19.0,5.0,7.0,155.5,1.0,0.0,0.0,1.0,0.0,0.0,18.0,0.0,0.0,6.0,6.0,6.0,14.0,0.0,0.0,6.0,6.0,6.0,15.0,0.0,11.100000000000001,0.6000000000000001,2.02,Graduate
1.0,1.0,1.0,9853.0,1.0,1.0,133.0,1.0,37.0,19.0,7.0,7.0,126.7,1.0,0.0,0.0,1.0,0.0,0.0,18.0,0.0,0.0,6.0,9.0,5.0,11.8333333333333,0.0,0.0,6.0,6.0,4.0,12.0,0.0,15.5,2.8000000000000003,-4.0600000000000005,Enrolled
2.0,39.0,1.0,9773.0,1.0,19.0,100.0,1.0,37.0,37.0,0.0,0.0,163.5,0.0,0.0,1.0,0.0,1.0,0.0,50.0,0.0,0.0,6.0,7.0,1.0,15.0,0.0,0.0,5.0,12.0,0.0,0.0,0.0,10.8,1.4000000000000001,1.74,Dropout
1.0,1.0,1.0,171.0,1.0,1.0,151.0,41.0,3.0,3.0,2.0,5.0,161.9,1.0,0.0,0.0,1.0,0.0,1.0,19.0,1.0,0.0,0.0,0.0,0.0,0.0,0.0,0.0,0.0,0.0,0.0,0.0,0.0,13.9,-0.30000000000000004,0.79,Graduate
1.0,17.0,2.0,9254.0,1.0,1.0,124.0,41.0,19.0,38.0,9.0,9.0,123.30000000000001,1.0,0.0,0.0,1.0,0.0,0.0,22.0,1.0,0.0,6.0,7.0,6.0,10.8333333333333,0.0,0.0,6.0,6.0,6.0,10.6666666666667,0.0,13.9,-0.30000000000000004,0.79,Graduate
1.0,44.0,1.0,9238.0,1.0,39.0,140.0,41.0,1.0,1.0,4.0,6.0,137.5,0.0,0.0,1.0,1.0,0.0,1.0,23.0,1.0,3.0,6.0,7.0,6.0,13.1428571428571,0.0,2.0,6.0,6.0,6.0,14.0,0.0,12.4,0.5,1.79,Graduate
1.0,18.0,4.0,9085.0,1.0,1.0,170.0,1.0,1.0,1.0,4.0,5.0,166.60000000000002,0.0,0.0,1.0,0.0,0.0,1.0,20.0,0.0,2.0,5.0,8.0,5.0,14.4,1.0,0.0,5.0,6.0,5.0,14.0,0.0,12.700000000000001,3.7,-1.7000000000000002,Dropout
4.0,39.0,1.0,9238.0,1.0,19.0,133.1,1.0,37.0,37.0,9.0,10.0,103.5,0.0,0.0,0.0,0.0,0.0,0.0,44.0,0.0,0.0,6.0,0.0,0.0,0.0,0.0,0.0,6.0,0.0,0.0,0.0,0.0,13.9,-0.30000000000000004,0.79,Dropout
4.0,39.0,1.0,9003.0,1.0,19.0,133.1,1.0,37.0,37.0,9.0,9.0,110.0,0.0,0.0,0.0,1.0,1.0,0.0,49.0,0.0,6.0,12.0,17.0,7.0,12.0,0.0,3.0,12.0,19.0,9.0,11.2222222222222,0.0,15.5,2.8000000000000003,-4.0600000000000005,Graduate
2.0,43.0,1.0,9991.0,0.0,1.0,100.0,1.0,37.0,37.0,9.0,9.0,128.20000000000002,0.0,0.0,0.0,1.0,1.0,0.0,46.0,0.0,6.0,10.0,13.0,9.0,12.200000000000001,0.0,4.0,10.0,12.0,10.0,12.8,0.0,7.6000000000000005,2.6,0.32,Graduate
1.0,39.0,1.0,9085.0,1.0,39.0,120.0,1.0,37.0,37.0,1.0,9.0,137.70000000000002,1.0,0.0,0.0,0.0,1.0,0.0,41.0,0.0,3.0,3.0,3.0,3.0,12.3333333333333,0.0,2.0,2.0,2.0,2.0,11.0,0.0,12.4,0.5,1.79,Dropout
1.0,17.0,3.0,9500.0,1.0,1.0,133.0,1.0,38.0,19.0,9.0,8.0,128.8,1.0,0.0,0.0,1.0,1.0,0.0,18.0,0.0,0.0,7.0,8.0,7.0,11.8375,0.0,0.0,8.0,9.0,8.0,12.481250000000001,0.0,13.9,-0.30000000000000004,0.79,Graduate
3.0,39.0,1.0,9991.0,0.0,1.0,120.0,1.0,37.0,1.0,9.0,2.0,170.0,0.0,0.0,0.0,1.0,1.0,0.0,43.0,0.0,0.0,5.0,5.0,5.0,11.8,0.0,0.0,5.0,6.0,5.0,14.0,0.0,9.4,-0.8,-3.12,Graduate
4.0,39.0,2.0,9147.0,1.0,19.0,133.1,1.0,37.0,37.0,9.0,7.0,116.4,0.0,0.0,1.0,0.0,1.0,0.0,70.0,0.0,0.0,5.0,5.0,0.0,0.0,0.0,0.0,5.0,9.0,0.0,0.0,0.0,10.8,1.4000000000000001,1.74,Dropout
4.0,39.0,1.0,9130.0,1.0,19.0,133.1,1.0,37.0,38.0,9.0,4.0,100.9,0.0,0.0,0.0,1.0,1.0,0.0,48.0,0.0,0.0,6.0,0.0,0.0,0.0,0.0,0.0,6.0,0.0,0.0,0.0,0.0,15.5,2.8000000000000003,-4.0600000000000005,Dropout
2.0,43.0,1.0,9003.0,1.0,1.0,133.1,1.0,37.0,37.0,9.0,7.0,136.0,0.0,0.0,0.0,1.0,1.0,0.0,41.0,0.0,18.0,19.0,19.0,19.0,12.6842105263158,0.0,12.0,13.0,13.0,13.0,12.384615384615401,0.0,15.5,2.8000000000000003,-4.0600000000000005,Graduate
1.0,1.0,1.0,9254.0,1.0,1.0,140.0,1.0,19.0,19.0,9.0,3.0,130.0,0.0,0.0,0.0,1.0,1.0,0.0,21.0,0.0,0.0,6.0,8.0,6.0,12.5714285714286,0.0,0.0,6.0,10.0,4.0,13.0,0.0,12.700000000000001,3.7,-1.7000000000000002,Enrolled
1.0,39.0,1.0,33.0,1.0,1.0,100.0,41.0,38.0,37.0,9.0,8.0,100.0,0.0,0.0,1.0,0.0,1.0,0.0,35.0,1.0,0.0,7.0,18.0,3.0,11.25,0.0,0.0,7.0,7.0,0.0,0.0,0.0,16.2,0.30000000000000004,-0.92,Dropout
2.0,39.0,1.0,9130.0,1.0,19.0,133.1,1.0,2.0,1.0,2.0,9.0,157.0,1.0,0.0,0.0,1.0,1.0,0.0,44.0,0.0,1.0,5.0,13.0,4.0,14.0,3.0,1.0,5.0,9.0,4.0,15.5,2.0,10.8,1.4000000000000001,1.74,Graduate
1.0,1.0,1.0,9147.0,1.0,1.0,143.0,1.0,3.0,1.0,5.0,5.0,152.1,1.0,0.0,1.0,1.0,1.0,0.0,18.0,0.0,0.0,5.0,15.0,4.0,13.3333333333333,0.0,0.0,5.0,6.0,2.0,13.5,0.0,13.9,-0.30000000000000004,0.79,Dropout
2.0,1.0,1.0,8014.0,0.0,1.0,165.0,1.0,37.0,37.0,0.0,0.0,162.9,1.0,0.0,0.0,1.0,1.0,0.0,45.0,0.0,0.0,6.0,7.0,6.0,13.6666666666667,0.0,0.0,6.0,6.0,6.0,13.6666666666667,0.0,7.6000000000000005,2.6,0.32,Graduate
1.0,1.0,1.0,9254.0,1.0,1.0,154.0,1.0,3.0,1.0,2.0,1.0,137.20000000000002,0.0,0.0,0.0,1.0,1.0,0.0,20.0,0.0,0.0,6.0,12.0,3.0,10.0,0.0,0.0,6.0,9.0,5.0,10.8,0.0,15.5,2.8000000000000003,-4.0600000000000005,Enrolled
1.0,44.0,1.0,9003.0,1.0,39.0,140.0,1.0,1.0,38.0,9.0,1.0,140.0,1.0,0.0,0.0,1.0,1.0,0.0,22.0,0.0,0.0,6.0,12.0,5.0,12.600000000000001,0.0,0.0,6.0,11.0,6.0,11.714285714285701,0.0,12.4,0.5,1.79,Graduate
1.0,43.0,1.0,9119.0,1.0,1.0,140.0,1.0,37.0,38.0,5.0,7.0,146.5,0.0,0.0,0.0,1.0,1.0,0.0,39.0,0.0,0.0,5.0,10.0,3.0,17.3333333333333,0.0,0.0,5.0,11.0,1.0,17.0,0.0,13.9,-0.30000000000000004,0.79,Dropout
1.0,44.0,1.0,9085.0,1.0,39.0,130.0,1.0,2.0,2.0,6.0,6.0,130.0,0.0,0.0,0.0,0.0,1.0,0.0,20.0,0.0,2.0,6.0,10.0,5.0,13.200000000000001,0.0,1.0,6.0,21.0,3.0,12.0,0.0,12.4,0.5,1.79,Enrolled
2.0,39.0,1.0,9147.0,1.0,19.0,133.1,1.0,37.0,19.0,9.0,3.0,128.0,0.0,0.0,0.0,1.0,1.0,0.0,49.0,0.0,0.0,5.0,9.0,3.0,14.0,0.0,0.0,5.0,8.0,3.0,13.6666666666667,0.0,8.9,1.4000000000000001,3.5100000000000002,Dropout
1.0,7.0,1.0,9556.0,1.0,4.0,190.0,1.0,5.0,5.0,2.0,2.0,190.0,1.0,0.0,0.0,1.0,1.0,0.0,43.0,0.0,4.0,4.0,4.0,4.0,13.875,0.0,1.0,1.0,1.0,1.0,12.5,0.0,11.100000000000001,0.6000000000000001,2.02,Dropout
2.0,39.0,1.0,9991.0,0.0,1.0,120.0,1.0,37.0,37.0,9.0,9.0,133.20000000000002,1.0,0.0,0.0,1.0,1.0,0.0,32.0,0.0,0.0,5.0,5.0,0.0,0.0,0.0,0.0,5.0,5.0,0.0,0.0,0.0,7.6000000000000005,2.6,0.32,Dropout
1.0,39.0,1.0,9238.0,1.0,12.0,100.0,1.0,37.0,37.0,9.0,9.0,124.30000000000001,0.0,0.0,0.0,1.0,1.0,0.0,47.0,0.0,3.0,9.0,9.0,9.0,13.1111111111111,0.0,3.0,7.0,7.0,7.0,14.8571428571429,0.0,10.8,1.4000000000000001,1.74,Graduate
5.0,39.0,1.0,9991.0,0.0,1.0,120.0,1.0,37.0,37.0,9.0,9.0,138.1,0.0,0.0,0.0,1.0,1.0,1.0,37.0,0.0,0.0,5.0,8.0,5.0,13.0,0.0,0.0,5.0,11.0,4.0,13.3333333333333,2.0,16.2,0.30000000000000004,-0.92,Dropout
2.0,39.0,1.0,8014.0,0.0,1.0,133.1,1.0,19.0,1.0,4.0,8.0,144.3,0.0,0.0,0.0,1.0,1.0,0.0,41.0,0.0,6.0,10.0,10.0,10.0,12.5,0.0,3.0,7.0,7.0,7.0,12.1428571428571,0.0,10.8,1.4000000000000001,1.74,Graduate
2.0,39.0,1.0,9003.0,1.0,1.0,150.0,1.0,37.0,37.0,9.0,6.0,140.0,0.0,0.0,0.0,1.0,1.0,0.0,60.0,0.0,17.0,18.0,18.0,18.0,14.1111111111111,0.0,11.0,13.0,13.0,13.0,14.2307692307692,0.0,15.5,2.8000000000000003,-4.0600000000000005,Graduate
2.0,39.0,1.0,9254.0,1.0,1.0,120.0,1.0,1.0,19.0,9.0,9.0,148.3,0.0,0.0,0.0,1.0,1.0,0.0,47.0,0.0,6.0,11.0,11.0,11.0,14.7272727272727,0.0,6.0,9.0,9.0,9.0,15.7777777777778,0.0,10.8,1.4000000000000001,1.74,Graduate
1.0,39.0,1.0,8014.0,0.0,1.0,133.1,1.0,37.0,11.0,9.0,7.0,96.0,0.0,0.0,1.0,0.0,1.0,0.0,50.0,0.0,0.0,6.0,6.0,0.0,0.0,0.0,0.0,5.0,6.0,0.0,0.0,0.0,12.4,0.5,1.79,Dropout
2.0,39.0,1.0,9991.0,0.0,19.0,133.1,1.0,38.0,38.0,90.0,90.0,121.7,1.0,0.0,0.0,1.0,1.0,0.0,45.0,0.0,0.0,5.0,5.0,0.0,0.0,0.0,0.0,5.0,5.0,0.0,0.0,0.0,7.6000000000000005,2.6,0.32,Dropout
1.0,39.0,1.0,9119.0,1.0,1.0,100.0,1.0,37.0,37.0,9.0,8.0,160.0,0.0,0.0,1.0,0.0,1.0,0.0,45.0,0.0,0.0,5.0,5.0,0.0,0.0,0.0,0.0,5.0,5.0,0.0,0.0,0.0,15.5,2.8000000000000003,-4.0600000000000005,Dropout
2.0,39.0,1.0,9085.0,1.0,1.0,133.1,1.0,37.0,37.0,90.0,90.0,110.30000000000001,0.0,0.0,0.0,1.0,1.0,0.0,33.0,0.0,0.0,5.0,7.0,4.0,13.5,0.0,0.0,5.0,6.0,5.0,11.600000000000001,0.0,7.6000000000000005,2.6,0.32,Graduate
1.0,1.0,1.0,9500.0,1.0,1.0,143.0,1.0,3.0,3.0,2.0,2.0,129.0,0.0,0.0,0.0,1.0,1.0,0.0,18.0,0.0,0.0,8.0,8.0,7.0,13.105714285714301,0.0,0.0,8.0,8.0,7.0,13.105714285714301,0.0,10.8,1.4000000000000001,1.74,Graduate
2.0,39.0,1.0,9085.0,1.0,1.0,120.0,1.0,37.0,37.0,6.0,6.0,150.0,0.0,0.0,0.0,1.0,1.0,0.0,43.0,0.0,0.0,5.0,8.0,5.0,13.5,2.0,0.0,5.0,5.0,5.0,14.4,0.0,9.4,-0.8,-3.12,Graduate
1.0,43.0,1.0,8014.0,0.0,1.0,161.0,1.0,19.0,37.0,4.0,10.0,100.0,0.0,0.0,0.0,1.0,1.0,0.0,44.0,0.0,9.0,13.0,18.0,13.0,11.8461538461538,0.0,9.0,11.0,11.0,11.0,12.0,0.0,12.700000000000001,3.7,-1.7000000000000002,Graduate
1.0,39.0,1.0,9130.0,1.0,9.0,133.1,1.0,34.0,36.0,0.0,90.0,107.5,0.0,0.0,0.0,1.0,1.0,0.0,29.0,0.0,0.0,5.0,5.0,0.0,0.0,0.0,0.0,5.0,5.0,0.0,0.0,0.0,7.6000000000000005,2.6,0.32,Dropout
4.0,39.0,1.0,9670.0,1.0,1.0,140.0,1.0,2.0,1.0,3.0,9.0,170.0,0.0,0.0,1.0,0.0,1.0,0.0,53.0,0.0,0.0,6.0,11.0,3.0,14.3333333333333,0.0,0.0,6.0,6.0,0.0,0.0,0.0,12.700000000000001,3.7,-1.7000000000000002,Dropout
2.0,42.0,1.0,9991.0,0.0,6.0,123.0,1.0,37.0,37.0,9.0,9.0,123.0,0.0,0.0,0.0,1.0,1.0,0.0,37.0,0.0,0.0,5.0,10.0,5.0,15.8,0.0,0.0,5.0,5.0,5.0,17.6,0.0,9.4,-0.8,-3.12,Enrolled
1.0,43.0,1.0,9670.0,1.0,1.0,142.0,1.0,38.0,1.0,8.0,10.0,138.5,1.0,0.0,0.0,1.0,1.0,0.0,18.0,0.0,0.0,6.0,16.0,5.0,13.8,0.0,0.0,6.0,7.0,5.0,12.4,0.0,13.9,-0.30000000000000004,0.79,Enrolled
1.0,43.0,1.0,33.0,1.0,19.0,133.1,1.0,38.0,38.0,4.0,4.0,140.0,0.0,0.0,1.0,1.0,1.0,0.0,35.0,0.0,3.0,10.0,18.0,6.0,12.6666666666667,0.0,1.0,9.0,11.0,3.0,12.0,2.0,16.2,0.30000000000000004,-0.92,Dropout
1.0,1.0,1.0,9254.0,1.0,1.0,115.0,1.0,19.0,1.0,3.0,7.0,113.60000000000001,0.0,0.0,0.0,1.0,1.0,0.0,23.0,0.0,0.0,6.0,10.0,6.0,13.0,0.0,0.0,6.0,9.0,6.0,12.0,0.0,11.100000000000001,0.6000000000000001,2.02,Enrolled
1.0,1.0,1.0,171.0,1.0,1.0,156.0,1.0,19.0,38.0,9.0,5.0,170.0,1.0,0.0,0.0,1.0,1.0,0.0,22.0,0.0,0.0,0.0,0.0,0.0,0.0,0.0,0.0,0.0,0.0,0.0,0.0,0.0,7.6000000000000005,2.6,0.32,Graduate
1.0,39.0,1.0,8014.0,0.0,1.0,140.0,1.0,37.0,37.0,90.0,5.0,115.5,0.0,0.0,0.0,0.0,1.0,0.0,33.0,0.0,0.0,6.0,6.0,1.0,11.0,0.0,0.0,6.0,0.0,0.0,0.0,0.0,10.8,1.4000000000000001,1.74,Dropout
1.0,7.0,3.0,9130.0,1.0,3.0,130.0,1.0,37.0,26.0,90.0,10.0,130.0,0.0,0.0,0.0,0.0,1.0,0.0,41.0,0.0,0.0,5.0,9.0,0.0,0.0,4.0,0.0,5.0,9.0,0.0,0.0,3.0,10.8,1.4000000000000001,1.74,Dropout
4.0,7.0,1.0,9500.0,1.0,3.0,140.0,1.0,37.0,38.0,9.0,7.0,140.0,0.0,0.0,0.0,1.0,1.0,0.0,51.0,0.0,4.0,7.0,7.0,7.0,15.200000000000001,0.0,6.0,8.0,8.0,8.0,16.575,0.0,13.9,-0.30000000000000004,0.79,Graduate
1.0,51.0,1.0,9670.0,1.0,1.0,140.0,1.0,12.0,5.0,3.0,3.0,126.60000000000001,0.0,0.0,0.0,1.0,1.0,0.0,19.0,0.0,2.0,6.0,7.0,6.0,14.4285714285714,0.0,1.0,7.0,8.0,7.0,14.375,0.0,11.100000000000001,0.6000000000000001,2.02,Graduate
1.0,39.0,1.0,9991.0,0.0,1.0,133.1,1.0,37.0,37.0,9.0,9.0,143.20000000000002,0.0,0.0,0.0,1.0,1.0,0.0,35.0,0.0,0.0,5.0,5.0,0.0,0.0,0.0,0.0,5.0,5.0,0.0,0.0,0.0,11.100000000000001,0.6000000000000001,2.02,Dropout
1.0,1.0,2.0,171.0,1.0,1.0,131.0,41.0,19.0,1.0,4.0,7.0,131.4,1.0,0.0,0.0,1.0,1.0,0.0,20.0,1.0,0.0,0.0,0.0,0.0,0.0,0.0,0.0,0.0,0.0,0.0,0.0,0.0,7.6000000000000005,2.6,0.32,Graduate
1.0,43.0,1.0,9670.0,1.0,1.0,141.0,1.0,3.0,2.0,2.0,2.0,133.3,1.0,0.0,0.0,1.0,1.0,0.0,18.0,0.0,0.0,6.0,13.0,4.0,13.75,0.0,0.0,6.0,8.0,5.0,11.200000000000001,0.0,13.9,-0.30000000000000004,0.79,Enrolled
1.0,1.0,1.0,9773.0,1.0,1.0,120.0,1.0,19.0,37.0,9.0,9.0,118.30000000000001,0.0,0.0,1.0,0.0,1.0,1.0,18.0,0.0,0.0,6.0,11.0,5.0,12.1666666666667,0.0,0.0,6.0,15.0,3.0,12.0,0.0,13.9,-0.30000000000000004,0.79,Dropout
1.0,44.0,1.0,9003.0,1.0,39.0,140.0,1.0,2.0,1.0,4.0,6.0,140.0,0.0,0.0,0.0,1.0,1.0,0.0,21.0,0.0,0.0,6.0,12.0,5.0,12.1428571428571,0.0,0.0,6.0,11.0,5.0,11.6666666666667,0.0,13.9,-0.30000000000000004,0.79,Graduate
1.0,1.0,1.0,9254.0,1.0,1.0,132.0,1.0,1.0,19.0,6.0,6.0,124.7,1.0,0.0,0.0,1.0,1.0,0.0,21.0,0.0,0.0,6.0,9.0,6.0,12.0,0.0,0.0,6.0,8.0,5.0,11.600000000000001,0.0,13.9,-0.30000000000000004,0.79,Graduate
2.0,39.0,2.0,9147.0,1.0,1.0,130.0,1.0,19.0,37.0,4.0,7.0,140.0,0.0,0.0,0.0,1.0,1.0,0.0,34.0,0.0,0.0,5.0,10.0,3.0,11.6666666666667,1.0,0.0,5.0,7.0,4.0,12.75,0.0,9.4,-0.8,-3.12,Graduate
4.0,39.0,1.0,9130.0,1.0,1.0,140.0,1.0,37.0,37.0,6.0,7.0,150.0,1.0,0.0,0.0,1.0,1.0,0.0,34.0,0.0,0.0,6.0,9.0,0.0,0.0,0.0,0.0,6.0,6.0,0.0,0.0,0.0,16.2,0.30000000000000004,-0.92,Dropout
1.0,17.0,2.0,9670.0,1.0,1.0,110.0,1.0,3.0,3.0,4.0,10.0,115.60000000000001,1.0,0.0,0.0,1.0,1.0,0.0,21.0,0.0,0.0,6.0,10.0,6.0,11.875,0.0,0.0,6.0,8.0,5.0,12.0,0.0,11.100000000000001,0.6000000000000001,2.02,Graduate
1.0,43.0,1.0,9773.0,1.0,1.0,140.0,1.0,3.0,37.0,3.0,7.0,116.9,0.0,0.0,0.0,1.0,1.0,0.0,32.0,0.0,6.0,11.0,15.0,7.0,11.2857142857143,0.0,5.0,7.0,10.0,6.0,12.3333333333333,0.0,13.9,-0.30000000000000004,0.79,Enrolled
1.0,17.0,2.0,9254.0,1.0,1.0,130.0,1.0,37.0,37.0,5.0,7.0,123.4,1.0,0.0,0.0,1.0,1.0,0.0,30.0,0.0,0.0,6.0,17.0,2.0,10.0,0.0,0.0,6.0,15.0,3.0,11.3333333333333,0.0,7.6000000000000005,2.6,0.32,Dropout
1.0,1.0,1.0,171.0,1.0,1.0,137.0,1.0,1.0,3.0,3.0,7.0,146.5,1.0,0.0,1.0,1.0,1.0,0.0,19.0,0.0,6.0,12.0,13.0,11.0,12.0,0.0,4.0,11.0,15.0,10.0,11.181818181818201,0.0,8.9,1.4000000000000001,3.5100000000000002,Enrolled
1.0,51.0,1.0,9773.0,1.0,1.0,158.0,1.0,1.0,19.0,8.0,8.0,117.10000000000001,1.0,0.0,0.0,1.0,1.0,0.0,20.0,0.0,1.0,7.0,7.0,6.0,13.8333333333333,0.0,1.0,6.0,7.0,5.0,13.0,0.0,8.9,1.4000000000000001,3.5100000000000002,Dropout
1.0,1.0,1.0,9070.0,1.0,1.0,124.0,1.0,19.0,19.0,9.0,7.0,113.9,1.0,0.0,0.0,1.0,1.0,0.0,18.0,0.0,0.0,6.0,0.0,0.0,0.0,0.0,0.0,6.0,0.0,0.0,0.0,0.0,12.4,0.5,1.79,Dropout
1.0,1.0,1.0,9254.0,1.0,1.0,136.0,1.0,3.0,3.0,2.0,2.0,128.70000000000002,0.0,0.0,0.0,1.0,1.0,0.0,19.0,0.0,0.0,6.0,7.0,6.0,14.4285714285714,0.0,0.0,6.0,6.0,6.0,12.5,0.0,8.9,1.4000000000000001,3.5100000000000002,Graduate
1.0,17.0,3.0,9500.0,1.0,1.0,142.0,1.0,3.0,3.0,3.0,3.0,132.9,1.0,0.0,0.0,1.0,1.0,0.0,18.0,0.0,0.0,7.0,8.0,5.0,14.200000000000001,0.0,0.0,7.0,9.0,6.0,12.4,0.0,12.4,0.5,1.79,Dropout
1.0,39.0,1.0,9991.0,0.0,1.0,150.0,1.0,1.0,19.0,4.0,8.0,123.0,0.0,0.0,0.0,1.0,1.0,0.0,27.0,0.0,0.0,5.0,8.0,4.0,11.5,0.0,0.0,5.0,9.0,3.0,10.3333333333333,0.0,12.700000000000001,3.7,-1.7000000000000002,Dropout
1.0,39.0,1.0,9773.0,1.0,12.0,120.0,1.0,1.0,1.0,9.0,9.0,129.8,1.0,0.0,0.0,1.0,1.0,0.0,52.0,0.0,0.0,6.0,7.0,5.0,13.0,0.0,0.0,6.0,6.0,6.0,15.0,0.0,9.4,-0.8,-3.12,Graduate
2.0,43.0,1.0,9003.0,1.0,1.0,149.0,1.0,1.0,1.0,4.0,5.0,156.10000000000002,1.0,0.0,0.0,0.0,1.0,0.0,29.0,0.0,0.0,6.0,6.0,0.0,0.0,0.0,0.0,6.0,8.0,0.0,0.0,0.0,15.5,2.8000000000000003,-4.0600000000000005,Dropout
1.0,51.0,1.0,9003.0,1.0,39.0,130.0,1.0,1.0,19.0,4.0,4.0,120.0,1.0,0.0,1.0,0.0,1.0,0.0,22.0,0.0,0.0,6.0,12.0,3.0,11.3333333333333,0.0,0.0,6.0,13.0,2.0,11.0,0.0,8.9,1.4000000000000001,3.5100000000000002,Dropout
1.0,43.0,1.0,9085.0,1.0,1.0,110.0,25.0,38.0,38.0,9.0,6.0,117.2,1.0,0.0,0.0,1.0,1.0,0.0,28.0,1.0,13.0,18.0,45.0,18.0,12.5,12.0,10.0,13.0,26.0,12.0,11.4285714285714,6.0,15.5,2.8000000000000003,-4.0600000000000005,Graduate
1.0,39.0,1.0,9670.0,1.0,6.0,133.1,1.0,1.0,1.0,90.0,3.0,107.0,1.0,0.0,0.0,1.0,1.0,0.0,30.0,0.0,0.0,5.0,5.0,0.0,0.0,0.0,0.0,5.0,5.0,0.0,0.0,0.0,7.6000000000000005,2.6,0.32,Dropout
1.0,1.0,2.0,9500.0,1.0,1.0,134.0,1.0,1.0,1.0,5.0,3.0,128.4,1.0,0.0,0.0,1.0,0.0,0.0,18.0,0.0,0.0,7.0,7.0,7.0,13.4714285714286,0.0,0.0,8.0,9.0,8.0,13.9444444444444,0.0,16.2,0.30000000000000004,-0.92,Graduate
1.0,1.0,2.0,9670.0,1.0,1.0,130.0,1.0,38.0,37.0,5.0,5.0,123.4,1.0,0.0,0.0,1.0,0.0,0.0,21.0,0.0,0.0,5.0,5.0,4.0,11.75,0.0,0.0,5.0,5.0,3.0,13.3333333333333,0.0,9.4,-0.8,-3.12,Graduate
1.0,1.0,1.0,9070.0,1.0,1.0,141.0,1.0,37.0,37.0,9.0,9.0,126.7,1.0,0.0,1.0,1.0,0.0,1.0,20.0,0.0,0.0,6.0,9.0,6.0,13.3333333333333,0.0,0.0,6.0,10.0,6.0,14.6666666666667,0.0,12.700000000000001,3.7,-1.7000000000000002,Graduate
1.0,42.0,1.0,9500.0,1.0,1.0,123.0,1.0,37.0,37.0,3.0,3.0,123.0,1.0,0.0,0.0,1.0,0.0,1.0,21.0,0.0,0.0,8.0,8.0,8.0,13.105,0.0,0.0,8.0,8.0,8.0,13.105,0.0,9.4,-0.8,-3.12,Graduate
2.0,39.0,1.0,9991.0,0.0,19.0,133.1,1.0,19.0,37.0,7.0,9.0,137.20000000000002,0.0,0.0,1.0,0.0,0.0,0.0,32.0,0.0,0.0,5.0,5.0,0.0,0.0,0.0,0.0,5.0,6.0,0.0,0.0,0.0,10.8,1.4000000000000001,1.74,Dropout
1.0,1.0,3.0,9070.0,1.0,1.0,122.0,1.0,37.0,37.0,9.0,9.0,125.9,1.0,0.0,0.0,1.0,1.0,1.0,20.0,0.0,0.0,6.0,6.0,6.0,15.5,0.0,0.0,6.0,7.0,6.0,12.1666666666667,0.0,12.4,0.5,1.79,Graduate
1.0,1.0,4.0,171.0,1.0,1.0,132.0,1.0,1.0,19.0,4.0,5.0,138.0,1.0,0.0,1.0,0.0,1.0,0.0,19.0,0.0,0.0,0.0,0.0,0.0,0.0,0.0,0.0,0.0,0.0,0.0,0.0,0.0,15.5,2.8000000000000003,-4.0600000000000005,Dropout
1.0,15.0,1.0,9670.0,1.0,1.0,133.1,41.0,1.0,1.0,9.0,5.0,128.20000000000002,0.0,0.0,1.0,0.0,1.0,0.0,18.0,1.0,0.0,6.0,6.0,4.0,11.25,0.0,0.0,6.0,7.0,3.0,12.3333333333333,0.0,8.9,1.4000000000000001,3.5100000000000002,Dropout
1.0,43.0,1.0,9991.0,0.0,1.0,130.0,1.0,37.0,2.0,9.0,4.0,126.5,1.0,0.0,0.0,0.0,1.0,0.0,23.0,0.0,10.0,15.0,24.0,12.0,11.0,0.0,10.0,14.0,21.0,11.0,11.3636363636364,1.0,7.6000000000000005,2.6,0.32,Dropout
1.0,1.0,1.0,9254.0,1.0,1.0,111.0,1.0,1.0,1.0,3.0,3.0,112.4,1.0,0.0,0.0,1.0,1.0,0.0,20.0,0.0,0.0,6.0,10.0,6.0,12.3333333333333,0.0,0.0,6.0,9.0,4.0,13.0,0.0,12.4,0.5,1.79,Graduate
2.0,43.0,2.0,9147.0,1.0,1.0,133.1,1.0,37.0,37.0,9.0,9.0,109.0,1.0,0.0,0.0,1.0,0.0,0.0,46.0,0.0,4.0,9.0,18.0,8.0,11.375,2.0,0.0,5.0,11.0,5.0,11.8,0.0,9.4,-0.8,-3.12,Graduate
1.0,17.0,1.0,9003.0,1.0,1.0,125.0,1.0,3.0,3.0,2.0,2.0,100.0,0.0,0.0,0.0,1.0,1.0,0.0,27.0,0.0,16.0,18.0,19.0,18.0,12.2222222222222,0.0,9.0,12.0,15.0,12.0,12.384615384615401,0.0,15.5,2.8000000000000003,-4.0600000000000005,Graduate
1.0,5.0,1.0,171.0,1.0,1.0,137.0,1.0,3.0,19.0,1.0,10.0,144.70000000000002,1.0,0.0,0.0,1.0,1.0,0.0,20.0,0.0,0.0,0.0,0.0,0.0,0.0,0.0,0.0,0.0,0.0,0.0,0.0,0.0,16.2,0.30000000000000004,-0.92,Enrolled
2.0,43.0,3.0,8014.0,0.0,19.0,100.0,1.0,37.0,37.0,9.0,9.0,120.0,1.0,0.0,0.0,1.0,1.0,0.0,41.0,0.0,5.0,9.0,11.0,9.0,12.0,0.0,3.0,7.0,8.0,6.0,12.0,0.0,9.4,-0.8,-3.12,Graduate
1.0,15.0,1.0,9147.0,1.0,1.0,133.1,21.0,1.0,3.0,192.0,3.0,100.0,0.0,0.0,1.0,1.0,1.0,0.0,40.0,1.0,0.0,5.0,10.0,1.0,11.0,0.0,0.0,5.0,10.0,1.0,10.0,0.0,11.100000000000001,0.6000000000000001,2.02,Enrolled
2.0,44.0,1.0,8014.0,0.0,39.0,150.0,1.0,1.0,1.0,5.0,5.0,154.0,0.0,0.0,0.0,1.0,1.0,0.0,37.0,0.0,12.0,16.0,17.0,16.0,14.125,0.0,6.0,11.0,14.0,10.0,13.0,0.0,12.4,0.5,1.79,Graduate
1.0,1.0,4.0,9147.0,1.0,1.0,120.0,1.0,38.0,38.0,5.0,10.0,111.30000000000001,0.0,0.0,0.0,1.0,1.0,0.0,20.0,0.0,0.0,5.0,8.0,5.0,10.200000000000001,0.0,0.0,5.0,7.0,5.0,11.200000000000001,0.0,12.4,0.5,1.79,Enrolled
1.0,44.0,1.0,9130.0,1.0,39.0,150.0,1.0,1.0,1.0,4.0,4.0,150.0,1.0,0.0,0.0,1.0,0.0,0.0,20.0,0.0,0.0,5.0,7.0,4.0,12.0,1.0,0.0,5.0,6.0,4.0,12.4,0.0,10.8,1.4000000000000001,1.74,Enrolled
1.0,7.0,1.0,9991.0,0.0,40.0,133.1,1.0,1.0,37.0,4.0,1.0,100.0,0.0,0.0,0.0,1.0,0.0,0.0,26.0,0.0,8.0,9.0,11.0,9.0,12.3333333333333,0.0,4.0,7.0,7.0,7.0,12.5714285714286,0.0,12.4,0.5,1.79,Graduate
2.0,39.0,1.0,8014.0,0.0,1.0,133.1,1.0,37.0,37.0,9.0,7.0,162.5,0.0,0.0,0.0,1.0,1.0,0.0,54.0,0.0,4.0,9.0,9.0,9.0,14.3333333333333,0.0,2.0,7.0,7.0,7.0,13.8571428571429,0.0,8.9,1.4000000000000001,3.5100000000000002,Graduate
1.0,17.0,5.0,9670.0,1.0,1.0,132.0,1.0,19.0,19.0,5.0,5.0,134.1,1.0,0.0,0.0,1.0,1.0,0.0,21.0,0.0,0.0,6.0,6.0,6.0,15.1666666666667,0.0,0.0,6.0,9.0,6.0,14.0,0.0,10.8,1.4000000000000001,1.74,Graduate
1.0,1.0,1.0,9085.0,1.0,1.0,134.0,1.0,1.0,1.0,9.0,9.0,133.0,1.0,0.0,0.0,1.0,0.0,1.0,20.0,0.0,0.0,6.0,8.0,6.0,15.1428571428571,0.0,0.0,6.0,8.0,6.0,15.1428571428571,0.0,11.100000000000001,0.6000000000000001,2.02,Graduate
1.0,17.0,6.0,9773.0,1.0,1.0,126.0,1.0,1.0,19.0,5.0,5.0,119.0,1.0,0.0,0.0,1.0,0.0,0.0,18.0,0.0,0.0,6.0,0.0,0.0,0.0,0.0,0.0,6.0,0.0,0.0,0.0,0.0,12.4,0.5,1.79,Dropout
1.0,1.0,3.0,9500.0,1.0,1.0,136.0,1.0,1.0,19.0,4.0,9.0,131.1,1.0,0.0,0.0,1.0,0.0,0.0,19.0,0.0,0.0,7.0,9.0,6.0,13.411428571428601,0.0,0.0,8.0,12.0,7.0,13.2944444444444,0.0,15.5,2.8000000000000003,-4.0600000000000005,Enrolled
1.0,1.0,2.0,9238.0,1.0,1.0,129.0,1.0,38.0,1.0,4.0,10.0,129.4,1.0,0.0,0.0,1.0,0.0,0.0,18.0,0.0,0.0,6.0,7.0,6.0,12.3333333333333,0.0,0.0,6.0,7.0,6.0,12.1666666666667,0.0,9.4,-0.8,-3.12,Graduate
1.0,1.0,1.0,9085.0,1.0,1.0,126.0,1.0,3.0,1.0,2.0,8.0,123.9,1.0,0.0,0.0,1.0,0.0,0.0,19.0,0.0,0.0,6.0,13.0,4.0,11.8,0.0,0.0,6.0,18.0,4.0,12.200000000000001,0.0,12.4,0.5,1.79,Enrolled
1.0,44.0,1.0,9085.0,1.0,39.0,140.0,1.0,1.0,1.0,4.0,7.0,140.0,1.0,0.0,1.0,1.0,0.0,0.0,22.0,0.0,2.0,6.0,9.0,6.0,12.0,0.0,1.0,6.0,12.0,3.0,12.0,0.0,13.9,-0.30000000000000004,0.79,Dropout
1.0,43.0,1.0,9085.0,1.0,1.0,162.0,1.0,2.0,1.0,4.0,4.0,162.0,0.0,0.0,0.0,1.0,0.0,0.0,19.0,0.0,0.0,6.0,7.0,6.0,15.0,0.0,0.0,6.0,8.0,6.0,15.625,0.0,12.4,0.5,1.79,Graduate
1.0,1.0,1.0,171.0,1.0,1.0,148.0,1.0,3.0,2.0,4.0,2.0,131.6,1.0,0.0,0.0,1.0,0.0,0.0,21.0,0.0,6.0,12.0,12.0,8.0,13.875,0.0,4.0,11.0,13.0,9.0,12.700000000000001,1.0,8.9,1.4000000000000001,3.5100000000000002,Dropout
1.0,17.0,1.0,9853.0,1.0,1.0,119.0,1.0,3.0,3.0,132.0,132.0,110.60000000000001,0.0,0.0,0.0,1.0,0.0,0.0,20.0,0.0,0.0,7.0,9.0,6.0,11.8333333333333,0.0,0.0,7.0,7.0,6.0,14.3333333333333,0.0,11.100000000000001,0.6000000000000001,2.02,Enrolled
1.0,17.0,3.0,9773.0,1.0,1.0,123.0,1.0,1.0,19.0,5.0,5.0,117.4,1.0,0.0,0.0,1.0,0.0,1.0,18.0,0.0,0.0,6.0,6.0,6.0,12.5,0.0,0.0,6.0,6.0,6.0,13.8333333333333,0.0,16.2,0.30000000000000004,-0.92,Graduate
1.0,17.0,1.0,9773.0,1.0,1.0,150.0,1.0,38.0,38.0,7.0,7.0,137.8,1.0,0.0,0.0,1.0,0.0,1.0,18.0,0.0,0.0,6.0,6.0,6.0,15.0,0.0,0.0,6.0,6.0,6.0,15.5,0.0,8.9,1.4000000000000001,3.5100000000000002,Graduate
1.0,17.0,1.0,9670.0,1.0,1.0,113.0,1.0,1.0,1.0,5.0,4.0,106.7,1.0,0.0,1.0,1.0,0.0,0.0,20.0,0.0,0.0,6.0,10.0,2.0,11.6666666666667,0.0,0.0,6.0,10.0,4.0,10.5,0.0,15.5,2.8000000000000003,-4.0600000000000005,Dropout
1.0,1.0,1.0,9500.0,1.0,1.0,152.0,1.0,19.0,37.0,3.0,8.0,156.9,0.0,0.0,0.0,1.0,0.0,1.0,18.0,0.0,0.0,7.0,10.0,7.0,14.668000000000001,0.0,0.0,8.0,8.0,8.0,14.633750000000001,0.0,15.5,2.8000000000000003,-4.0600000000000005,Graduate
1.0,1.0,3.0,9500.0,1.0,1.0,154.0,1.0,3.0,3.0,1.0,3.0,129.0,1.0,0.0,0.0,1.0,0.0,0.0,18.0,0.0,0.0,8.0,9.0,6.0,13.345,2.0,0.0,8.0,9.0,6.0,13.345,2.0,9.4,-0.8,-3.12,Enrolled
1.0,1.0,2.0,9773.0,1.0,1.0,130.0,1.0,1.0,34.0,9.0,9.0,124.80000000000001,1.0,0.0,0.0,1.0,0.0,1.0,20.0,0.0,0.0,6.0,7.0,5.0,12.8,0.0,0.0,6.0,6.0,6.0,12.3333333333333,0.0,12.4,0.5,1.79,Graduate
1.0,1.0,1.0,9238.0,1.0,1.0,121.0,1.0,1.0,1.0,1.0,1.0,115.10000000000001,1.0,0.0,0.0,1.0,0.0,0.0,19.0,0.0,0.0,6.0,10.0,6.0,10.8333333333333,0.0,0.0,6.0,7.0,6.0,12.1428571428571,0.0,11.100000000000001,0.6000000000000001,2.02,Graduate
1.0,1.0,1.0,9070.0,1.0,1.0,153.0,1.0,3.0,3.0,1.0,2.0,146.70000000000002,1.0,0.0,0.0,1.0,0.0,0.0,18.0,0.0,0.0,6.0,6.0,6.0,13.6666666666667,0.0,0.0,6.0,6.0,5.0,14.0,0.0,12.700000000000001,3.7,-1.7000000000000002,Graduate
1.0,1.0,1.0,9500.0,1.0,1.0,148.0,1.0,3.0,1.0,4.0,5.0,132.8,0.0,0.0,0.0,1.0,0.0,0.0,18.0,0.0,0.0,8.0,8.0,7.0,14.5371428571429,0.0,0.0,8.0,8.0,7.0,14.5371428571429,0.0,10.8,1.4000000000000001,1.74,Graduate
1.0,5.0,3.0,9085.0,1.0,1.0,143.0,1.0,37.0,37.0,0.0,90.0,159.10000000000002,0.0,0.0,1.0,1.0,0.0,1.0,18.0,0.0,0.0,5.0,5.0,5.0,14.4,0.0,0.0,5.0,5.0,5.0,14.0,0.0,7.6000000000000005,2.6,0.32,Dropout
1.0,17.0,3.0,171.0,1.0,1.0,147.0,1.0,19.0,1.0,5.0,4.0,137.6,1.0,0.0,0.0,1.0,0.0,1.0,20.0,0.0,0.0,0.0,0.0,0.0,0.0,0.0,0.0,0.0,0.0,0.0,0.0,0.0,12.700000000000001,3.7,-1.7000000000000002,Graduate
1.0,17.0,1.0,9773.0,1.0,1.0,138.0,1.0,1.0,19.0,9.0,9.0,124.0,0.0,0.0,0.0,1.0,0.0,1.0,19.0,0.0,0.0,6.0,6.0,6.0,13.1666666666667,0.0,0.0,6.0,6.0,6.0,13.8333333333333,0.0,11.100000000000001,0.6000000000000001,2.02,Graduate
1.0,39.0,1.0,9500.0,1.0,1.0,120.0,1.0,3.0,3.0,2.0,2.0,149.0,0.0,0.0,0.0,0.0,1.0,0.0,36.0,0.0,0.0,6.0,15.0,2.0,11.5,0.0,0.0,7.0,9.0,0.0,0.0,0.0,15.5,2.8000000000000003,-4.0600000000000005,Dropout
1.0,17.0,1.0,9238.0,1.0,1.0,145.0,1.0,1.0,40.0,9.0,2.0,129.6,0.0,0.0,0.0,1.0,0.0,1.0,19.0,0.0,0.0,6.0,7.0,6.0,11.3333333333333,0.0,0.0,6.0,7.0,6.0,12.4285714285714,0.0,11.100000000000001,0.6000000000000001,2.02,Graduate
1.0,17.0,3.0,9238.0,1.0,1.0,118.0,1.0,3.0,1.0,2.0,5.0,110.0,1.0,0.0,0.0,1.0,0.0,0.0,18.0,0.0,0.0,6.0,6.0,6.0,12.0,0.0,0.0,6.0,6.0,5.0,13.600000000000001,0.0,8.9,1.4000000000000001,3.5100000000000002,Graduate
1.0,1.0,3.0,9773.0,1.0,1.0,121.0,1.0,19.0,19.0,3.0,3.0,116.10000000000001,0.0,0.0,0.0,1.0,0.0,1.0,18.0,0.0,0.0,6.0,6.0,6.0,13.1666666666667,0.0,0.0,6.0,6.0,6.0,12.1666666666667,0.0,12.4,0.5,1.79,Graduate
1.0,1.0,3.0,9773.0,1.0,1.0,135.0,1.0,38.0,38.0,5.0,8.0,133.3,1.0,0.0,0.0,1.0,0.0,1.0,18.0,0.0,0.0,6.0,6.0,6.0,14.8333333333333,0.0,0.0,6.0,6.0,6.0,14.1666666666667,0.0,8.9,1.4000000000000001,3.5100000000000002,Graduate
1.0,44.0,1.0,9070.0,1.0,1.0,140.0,1.0,1.0,1.0,9.0,8.0,144.3,1.0,0.0,0.0,1.0,0.0,0.0,19.0,0.0,2.0,7.0,7.0,7.0,13.0,0.0,5.0,9.0,9.0,9.0,13.2222222222222,0.0,12.4,0.5,1.79,Graduate
1.0,18.0,3.0,9500.0,1.0,1.0,145.0,1.0,1.0,1.0,4.0,8.0,133.6,1.0,0.0,0.0,1.0,0.0,0.0,18.0,0.0,0.0,7.0,8.0,7.0,13.0871428571429,0.0,0.0,8.0,8.0,8.0,12.950000000000001,0.0,11.100000000000001,0.6000000000000001,2.02,Graduate
1.0,1.0,1.0,9130.0,1.0,1.0,133.0,1.0,1.0,37.0,9.0,9.0,123.2,1.0,0.0,0.0,1.0,0.0,1.0,19.0,0.0,0.0,6.0,8.0,6.0,13.3333333333333,0.0,0.0,6.0,7.0,6.0,13.6666666666667,0.0,8.9,1.4000000000000001,3.5100000000000002,Graduate
1.0,1.0,1.0,9853.0,1.0,1.0,127.0,1.0,3.0,1.0,3.0,7.0,137.20000000000002,1.0,0.0,0.0,1.0,0.0,0.0,18.0,0.0,0.0,6.0,7.0,6.0,12.1666666666667,0.0,0.0,6.0,10.0,4.0,12.75,0.0,10.8,1.4000000000000001,1.74,Enrolled
1.0,53.0,1.0,9070.0,1.0,42.0,130.0,1.0,40.0,19.0,3.0,5.0,130.0,1.0,0.0,0.0,0.0,0.0,1.0,22.0,0.0,0.0,6.0,8.0,6.0,11.0,0.0,0.0,6.0,10.0,4.0,12.0,0.0,8.9,1.4000000000000001,3.5100000000000002,Enrolled
1.0,1.0,2.0,9238.0,1.0,1.0,117.0,1.0,19.0,1.0,9.0,8.0,110.0,1.0,0.0,1.0,0.0,0.0,0.0,18.0,0.0,0.0,6.0,0.0,0.0,0.0,0.0,0.0,6.0,0.0,0.0,0.0,0.0,11.100000000000001,0.6000000000000001,2.02,Dropout
1.0,17.0,4.0,9147.0,1.0,1.0,125.0,1.0,19.0,19.0,5.0,5.0,118.0,1.0,0.0,0.0,1.0,0.0,0.0,19.0,0.0,0.0,5.0,7.0,5.0,13.600000000000001,0.0,0.0,5.0,6.0,5.0,12.200000000000001,0.0,8.9,1.4000000000000001,3.5100000000000002,Graduate
1.0,1.0,1.0,9773.0,1.0,1.0,141.0,1.0,38.0,38.0,9.0,9.0,128.4,1.0,0.0,0.0,1.0,0.0,0.0,18.0,0.0,0.0,6.0,6.0,6.0,15.5,0.0,0.0,6.0,6.0,6.0,14.0,0.0,11.100000000000001,0.6000000000000001,2.02,Graduate
1.0,1.0,3.0,9853.0,1.0,1.0,122.0,1.0,1.0,3.0,5.0,3.0,113.60000000000001,0.0,0.0,0.0,1.0,0.0,0.0,19.0,0.0,0.0,7.0,7.0,7.0,13.8571428571429,0.0,0.0,7.0,7.0,7.0,14.2857142857143,0.0,11.100000000000001,0.6000000000000001,2.02,Graduate
1.0,17.0,2.0,9147.0,1.0,1.0,118.0,1.0,19.0,1.0,9.0,3.0,113.5,1.0,0.0,1.0,1.0,0.0,0.0,20.0,0.0,0.0,5.0,10.0,2.0,11.5,0.0,0.0,5.0,8.0,3.0,10.0,0.0,11.100000000000001,0.6000000000000001,2.02,Enrolled
1.0,17.0,3.0,9070.0,1.0,1.0,142.0,1.0,1.0,38.0,3.0,5.0,146.9,1.0,0.0,0.0,1.0,0.0,1.0,18.0,0.0,0.0,6.0,6.0,6.0,13.0,0.0,0.0,6.0,6.0,6.0,12.1666666666667,0.0,16.2,0.30000000000000004,-0.92,Graduate
1.0,1.0,1.0,9130.0,1.0,1.0,143.0,1.0,3.0,3.0,2.0,10.0,141.3,0.0,0.0,1.0,0.0,0.0,0.0,23.0,0.0,0.0,6.0,10.0,6.0,14.0,0.0,0.0,6.0,11.0,4.0,13.0,0.0,11.100000000000001,0.6000000000000001,2.02,Enrolled
1.0,1.0,4.0,9773.0,1.0,1.0,143.0,1.0,1.0,3.0,4.0,7.0,129.70000000000002,1.0,0.0,0.0,1.0,0.0,0.0,20.0,0.0,0.0,4.0,4.0,0.0,0.0,0.0,0.0,6.0,0.0,0.0,0.0,0.0,8.9,1.4000000000000001,3.5100000000000002,Dropout
1.0,1.0,5.0,9070.0,1.0,1.0,123.0,1.0,3.0,1.0,9.0,3.0,121.30000000000001,1.0,0.0,0.0,1.0,0.0,0.0,20.0,0.0,0.0,6.0,6.0,6.0,11.1666666666667,0.0,0.0,6.0,9.0,6.0,11.5,0.0,12.4,0.5,1.79,Enrolled
1.0,1.0,1.0,9238.0,1.0,1.0,115.0,1.0,1.0,1.0,9.0,4.0,109.10000000000001,1.0,0.0,1.0,0.0,0.0,1.0,22.0,0.0,0.0,6.0,0.0,0.0,0.0,0.0,0.0,6.0,0.0,0.0,0.0,0.0,12.4,0.5,1.79,Dropout
1.0,17.0,2.0,9853.0,1.0,1.0,112.0,1.0,19.0,38.0,5.0,7.0,107.10000000000001,1.0,0.0,0.0,1.0,0.0,1.0,18.0,0.0,0.0,7.0,8.0,7.0,12.1428571428571,0.0,0.0,7.0,9.0,6.0,13.6666666666667,0.0,11.100000000000001,0.6000000000000001,2.02,Graduate
1.0,17.0,1.0,9500.0,1.0,1.0,135.0,1.0,19.0,38.0,9.0,9.0,129.20000000000002,0.0,0.0,0.0,1.0,0.0,1.0,18.0,0.0,0.0,7.0,7.0,7.0,14.1457142857143,0.0,0.0,8.0,9.0,8.0,13.6277777777778,0.0,11.100000000000001,0.6000000000000001,2.02,Graduate
1.0,1.0,1.0,9500.0,1.0,1.0,162.0,1.0,3.0,4.0,3.0,3.0,154.10000000000002,0.0,0.0,0.0,1.0,0.0,0.0,18.0,0.0,0.0,7.0,7.0,7.0,14.450000000000001,0.0,0.0,8.0,9.0,8.0,14.144444444444401,0.0,11.100000000000001,0.6000000000000001,2.02,Graduate
1.0,1.0,1.0,9853.0,1.0,1.0,143.0,1.0,19.0,3.0,4.0,4.0,147.20000000000002,0.0,0.0,0.0,1.0,0.0,0.0,18.0,0.0,0.0,7.0,7.0,7.0,15.714285714285701,0.0,0.0,7.0,7.0,7.0,15.0,0.0,11.100000000000001,0.6000000000000001,2.02,Graduate
1.0,51.0,1.0,9147.0,1.0,1.0,130.0,1.0,1.0,1.0,4.0,4.0,120.0,0.0,0.0,0.0,1.0,0.0,0.0,21.0,0.0,0.0,5.0,9.0,5.0,12.8,0.0,0.0,5.0,11.0,3.0,12.6666666666667,0.0,11.100000000000001,0.6000000000000001,2.02,Enrolled
1.0,17.0,1.0,9070.0,1.0,1.0,136.0,1.0,1.0,37.0,4.0,5.0,130.8,0.0,0.0,0.0,1.0,0.0,0.0,20.0,0.0,0.0,6.0,6.0,6.0,12.5,0.0,0.0,6.0,8.0,6.0,11.5,0.0,10.8,1.4000000000000001,1.74,Enrolled
1.0,16.0,1.0,9070.0,1.0,1.0,125.0,1.0,1.0,1.0,4.0,4.0,120.80000000000001,1.0,0.0,0.0,1.0,0.0,0.0,18.0,0.0,0.0,6.0,6.0,6.0,14.5,0.0,0.0,6.0,6.0,6.0,12.8333333333333,0.0,12.4,0.5,1.79,Graduate
1.0,17.0,2.0,9500.0,1.0,1.0,132.0,1.0,19.0,37.0,3.0,5.0,125.4,1.0,0.0,0.0,0.0,0.0,1.0,20.0,0.0,0.0,7.0,7.0,7.0,13.4628571428571,0.0,0.0,8.0,10.0,7.0,13.1642857142857,0.0,11.100000000000001,0.6000000000000001,2.02,Enrolled
1.0,1.0,1.0,8014.0,0.0,1.0,123.0,1.0,34.0,37.0,9.0,90.0,121.30000000000001,1.0,0.0,0.0,1.0,0.0,0.0,25.0,0.0,0.0,6.0,6.0,6.0,12.8333333333333,0.0,0.0,6.0,6.0,6.0,12.8333333333333,0.0,7.6000000000000005,2.6,0.32,Graduate
1.0,1.0,1.0,9147.0,1.0,1.0,142.0,1.0,19.0,19.0,9.0,9.0,127.0,1.0,0.0,0.0,1.0,0.0,1.0,18.0,0.0,0.0,5.0,10.0,5.0,12.0,0.0,0.0,5.0,8.0,4.0,11.600000000000001,0.0,13.9,-0.30000000000000004,0.79,Graduate
1.0,1.0,3.0,171.0,1.0,1.0,147.0,1.0,12.0,19.0,9.0,3.0,151.6,1.0,0.0,0.0,1.0,0.0,0.0,19.0,0.0,0.0,0.0,0.0,0.0,0.0,0.0,0.0,0.0,0.0,0.0,0.0,0.0,13.9,-0.30000000000000004,0.79,Graduate
1.0,1.0,1.0,9085.0,1.0,1.0,140.0,6.0,1.0,19.0,4.0,7.0,131.6,1.0,0.0,0.0,1.0,0.0,0.0,20.0,1.0,0.0,7.0,9.0,6.0,14.714285714285701,0.0,1.0,7.0,16.0,6.0,13.200000000000001,0.0,12.4,0.5,1.79,Enrolled
1.0,1.0,2.0,9238.0,1.0,1.0,133.1,1.0,19.0,19.0,9.0,9.0,106.0,1.0,0.0,0.0,1.0,0.0,1.0,20.0,0.0,0.0,6.0,7.0,6.0,12.5714285714286,0.0,0.0,6.0,7.0,6.0,13.2857142857143,0.0,12.4,0.5,1.79,Graduate
1.0,18.0,4.0,9773.0,1.0,1.0,114.0,1.0,1.0,1.0,9.0,9.0,111.60000000000001,1.0,0.0,0.0,1.0,0.0,1.0,21.0,0.0,0.0,6.0,6.0,6.0,12.5,0.0,0.0,6.0,6.0,6.0,11.5,0.0,11.100000000000001,0.6000000000000001,2.02,Graduate
1.0,17.0,3.0,9670.0,1.0,1.0,125.0,1.0,1.0,3.0,4.0,3.0,117.30000000000001,1.0,0.0,0.0,1.0,0.0,0.0,18.0,0.0,0.0,6.0,8.0,6.0,14.0,0.0,0.0,6.0,9.0,5.0,14.0,0.0,8.9,1.4000000000000001,3.5100000000000002,Graduate
1.0,17.0,1.0,9853.0,1.0,1.0,127.0,1.0,1.0,1.0,5.0,7.0,121.4,1.0,0.0,0.0,1.0,0.0,0.0,18.0,0.0,0.0,7.0,8.0,7.0,11.5714285714286,0.0,0.0,7.0,9.0,6.0,13.1666666666667,0.0,11.100000000000001,0.6000000000000001,2.02,Dropout
1.0,1.0,3.0,9070.0,1.0,1.0,132.0,1.0,1.0,3.0,9.0,7.0,126.10000000000001,1.0,0.0,0.0,1.0,0.0,1.0,18.0,0.0,0.0,6.0,6.0,6.0,15.8333333333333,0.0,0.0,6.0,6.0,6.0,15.3333333333333,0.0,11.100000000000001,0.6000000000000001,2.02,Graduate
1.0,1.0,4.0,9500.0,1.0,1.0,148.0,1.0,19.0,19.0,4.0,5.0,137.0,1.0,0.0,0.0,1.0,0.0,0.0,18.0,0.0,0.0,8.0,8.0,8.0,14.25,0.0,0.0,8.0,8.0,8.0,14.25,0.0,9.4,-0.8,-3.12,Graduate
1.0,43.0,1.0,9670.0,1.0,1.0,139.0,1.0,3.0,19.0,3.0,5.0,120.80000000000001,0.0,0.0,0.0,1.0,0.0,0.0,19.0,0.0,0.0,6.0,0.0,0.0,0.0,0.0,0.0,6.0,0.0,0.0,0.0,0.0,15.5,2.8000000000000003,-4.0600000000000005,Dropout
1.0,17.0,1.0,9254.0,1.0,1.0,136.0,1.0,39.0,3.0,3.0,3.0,128.70000000000002,1.0,0.0,0.0,1.0,0.0,0.0,20.0,0.0,0.0,6.0,8.0,6.0,11.6666666666667,0.0,0.0,6.0,10.0,6.0,11.0,0.0,13.9,-0.30000000000000004,0.79,Dropout
1.0,39.0,1.0,9238.0,1.0,9.0,133.1,1.0,34.0,34.0,0.0,0.0,118.0,0.0,0.0,0.0,1.0,0.0,0.0,47.0,0.0,0.0,6.0,12.0,0.0,0.0,0.0,0.0,5.0,10.0,0.0,0.0,0.0,7.6000000000000005,2.6,0.32,Dropout
1.0,43.0,1.0,9130.0,1.0,1.0,120.0,6.0,1.0,3.0,9.0,2.0,120.0,0.0,0.0,1.0,1.0,0.0,0.0,21.0,1.0,2.0,5.0,9.0,5.0,13.200000000000001,2.0,0.0,5.0,7.0,2.0,12.5,2.0,10.8,1.4000000000000001,1.74,Enrolled
2.0,39.0,1.0,9130.0,1.0,1.0,130.0,1.0,37.0,37.0,9.0,6.0,160.0,0.0,0.0,0.0,1.0,1.0,0.0,31.0,0.0,1.0,6.0,11.0,2.0,12.0,1.0,1.0,6.0,12.0,1.0,10.0,1.0,16.2,0.30000000000000004,-0.92,Dropout
2.0,39.0,1.0,9119.0,1.0,1.0,110.0,1.0,37.0,37.0,90.0,5.0,150.0,1.0,0.0,0.0,1.0,1.0,0.0,46.0,0.0,0.0,5.0,6.0,0.0,0.0,0.0,0.0,5.0,5.0,0.0,0.0,0.0,7.6000000000000005,2.6,0.32,Dropout
1.0,1.0,3.0,9119.0,1.0,1.0,133.0,1.0,3.0,1.0,3.0,4.0,121.80000000000001,1.0,0.0,0.0,1.0,1.0,0.0,18.0,0.0,0.0,5.0,9.0,4.0,12.0,0.0,0.0,5.0,10.0,2.0,11.0,0.0,8.9,1.4000000000000001,3.5100000000000002,Enrolled
1.0,17.0,3.0,9119.0,1.0,1.0,138.0,1.0,3.0,3.0,3.0,4.0,125.4,1.0,1.0,0.0,1.0,1.0,0.0,19.0,0.0,0.0,5.0,10.0,3.0,13.3333333333333,0.0,0.0,5.0,9.0,4.0,10.75,0.0,8.9,1.4000000000000001,3.5100000000000002,Dropout
1.0,51.0,1.0,9556.0,1.0,1.0,131.0,1.0,1.0,37.0,152.0,193.0,126.60000000000001,1.0,0.0,0.0,1.0,1.0,0.0,23.0,0.0,0.0,7.0,11.0,5.0,12.4142857142857,0.0,0.0,7.0,13.0,2.0,13.5,0.0,8.9,1.4000000000000001,3.5100000000000002,Enrolled
1.0,44.0,1.0,9130.0,1.0,39.0,150.0,1.0,3.0,1.0,2.0,8.0,150.0,0.0,0.0,0.0,0.0,1.0,0.0,22.0,0.0,0.0,5.0,5.0,0.0,0.0,0.0,0.0,5.0,5.0,0.0,0.0,0.0,12.700000000000001,3.7,-1.7000000000000002,Dropout
1.0,1.0,1.0,9147.0,1.0,1.0,125.0,1.0,38.0,1.0,3.0,10.0,114.5,1.0,0.0,0.0,1.0,1.0,0.0,19.0,0.0,0.0,5.0,5.0,5.0,13.8,0.0,0.0,5.0,7.0,5.0,12.4,0.0,9.4,-0.8,-3.12,Graduate
1.0,1.0,1.0,9147.0,1.0,1.0,108.0,41.0,3.0,3.0,9.0,9.0,107.0,0.0,0.0,1.0,0.0,0.0,0.0,19.0,1.0,0.0,5.0,14.0,0.0,0.0,0.0,0.0,5.0,5.0,0.0,0.0,0.0,8.9,1.4000000000000001,3.5100000000000002,Dropout
1.0,17.0,1.0,9147.0,1.0,1.0,116.0,1.0,3.0,1.0,3.0,4.0,115.7,0.0,0.0,0.0,0.0,1.0,0.0,22.0,0.0,0.0,5.0,10.0,4.0,11.5,0.0,0.0,5.0,11.0,4.0,14.0,0.0,8.9,1.4000000000000001,3.5100000000000002,Enrolled
1.0,39.0,1.0,9130.0,1.0,1.0,133.1,1.0,3.0,34.0,3.0,0.0,120.0,0.0,0.0,1.0,0.0,1.0,0.0,29.0,0.0,0.0,5.0,11.0,0.0,0.0,4.0,0.0,5.0,6.0,0.0,0.0,1.0,9.4,-0.8,-3.12,Dropout
1.0,1.0,3.0,9500.0,1.0,1.0,147.0,1.0,37.0,38.0,9.0,5.0,134.8,1.0,0.0,0.0,1.0,0.0,0.0,18.0,0.0,0.0,7.0,7.0,6.0,14.016666666666701,0.0,0.0,7.0,7.0,6.0,14.016666666666701,0.0,7.6000000000000005,2.6,0.32,Graduate
1.0,1.0,1.0,9238.0,1.0,1.0,143.0,1.0,38.0,34.0,9.0,9.0,133.6,1.0,0.0,0.0,1.0,0.0,0.0,18.0,0.0,0.0,6.0,9.0,5.0,11.4,0.0,0.0,6.0,8.0,5.0,10.8,0.0,9.4,-0.8,-3.12,Graduate
1.0,1.0,1.0,171.0,1.0,1.0,115.0,1.0,37.0,37.0,9.0,8.0,129.0,1.0,0.0,1.0,0.0,0.0,1.0,23.0,0.0,0.0,0.0,0.0,0.0,0.0,0.0,0.0,0.0,0.0,0.0,0.0,0.0,9.4,-0.8,-3.12,Dropout
2.0,39.0,1.0,9991.0,0.0,1.0,160.0,1.0,1.0,1.0,194.0,131.0,128.4,0.0,0.0,0.0,1.0,0.0,0.0,34.0,0.0,0.0,5.0,12.0,5.0,10.4,0.0,0.0,5.0,11.0,5.0,12.0,0.0,12.4,0.5,1.79,Graduate
1.0,17.0,1.0,9147.0,1.0,1.0,118.0,1.0,19.0,19.0,9.0,9.0,122.2,0.0,0.0,0.0,1.0,0.0,0.0,19.0,0.0,0.0,5.0,11.0,3.0,10.6666666666667,0.0,0.0,5.0,9.0,4.0,10.25,0.0,11.100000000000001,0.6000000000000001,2.02,Graduate
1.0,1.0,1.0,9085.0,1.0,1.0,122.0,1.0,1.0,1.0,2.0,5.0,113.30000000000001,1.0,0.0,0.0,1.0,0.0,0.0,18.0,0.0,0.0,5.0,9.0,4.0,14.25,0.0,0.0,5.0,8.0,5.0,12.714285714285701,0.0,10.8,1.4000000000000001,1.74,Enrolled
1.0,17.0,6.0,9500.0,1.0,1.0,143.0,1.0,1.0,19.0,4.0,4.0,129.9,0.0,0.0,0.0,1.0,0.0,1.0,20.0,0.0,3.0,7.0,7.0,7.0,13.9142857142857,0.0,5.0,8.0,8.0,8.0,14.106250000000001,0.0,11.100000000000001,0.6000000000000001,2.02,Graduate
1.0,1.0,6.0,9500.0,1.0,1.0,133.0,1.0,3.0,3.0,1.0,1.0,126.2,1.0,0.0,0.0,1.0,0.0,0.0,19.0,0.0,0.0,7.0,9.0,7.0,13.7611111111111,0.0,0.0,8.0,11.0,7.0,12.82375,0.0,15.5,2.8000000000000003,-4.0600000000000005,Graduate
1.0,5.0,2.0,9853.0,1.0,1.0,122.0,1.0,19.0,19.0,4.0,5.0,112.60000000000001,1.0,0.0,0.0,1.0,0.0,0.0,22.0,0.0,0.0,6.0,10.0,5.0,12.600000000000001,0.0,0.0,6.0,9.0,4.0,11.25,0.0,12.700000000000001,3.7,-1.7000000000000002,Enrolled
1.0,1.0,1.0,9238.0,1.0,1.0,164.0,1.0,19.0,19.0,9.0,9.0,149.0,1.0,0.0,0.0,1.0,0.0,1.0,23.0,0.0,0.0,6.0,7.0,6.0,13.8571428571429,0.0,0.0,6.0,6.0,6.0,14.1666666666667,0.0,10.8,1.4000000000000001,1.74,Graduate
2.0,39.0,1.0,9500.0,1.0,1.0,133.1,1.0,1.0,19.0,9.0,9.0,120.0,0.0,0.0,0.0,1.0,1.0,1.0,34.0,0.0,0.0,8.0,8.0,7.0,13.8428571428571,0.0,0.0,8.0,8.0,7.0,13.8428571428571,0.0,12.700000000000001,3.7,-1.7000000000000002,Graduate
1.0,17.0,4.0,9119.0,1.0,1.0,127.0,1.0,19.0,19.0,5.0,5.0,120.4,1.0,0.0,1.0,0.0,1.0,0.0,18.0,0.0,0.0,5.0,12.0,0.0,0.0,0.0,0.0,5.0,8.0,0.0,0.0,0.0,9.4,-0.8,-3.12,Enrolled
1.0,1.0,3.0,9773.0,1.0,1.0,140.0,1.0,1.0,39.0,4.0,1.0,128.1,1.0,1.0,0.0,1.0,1.0,0.0,21.0,0.0,0.0,6.0,6.0,5.0,11.8,0.0,0.0,6.0,9.0,0.0,0.0,0.0,16.2,0.30000000000000004,-0.92,Dropout
1.0,1.0,1.0,9238.0,1.0,1.0,127.0,1.0,1.0,19.0,4.0,3.0,141.70000000000002,1.0,0.0,0.0,1.0,1.0,0.0,22.0,0.0,0.0,6.0,6.0,6.0,12.6666666666667,0.0,0.0,6.0,6.0,6.0,13.8333333333333,0.0,10.8,1.4000000000000001,1.74,Dropout
1.0,39.0,1.0,9003.0,1.0,12.0,133.1,1.0,37.0,1.0,9.0,10.0,130.0,0.0,0.0,0.0,1.0,1.0,0.0,28.0,0.0,0.0,6.0,6.0,0.0,0.0,0.0,0.0,6.0,6.0,0.0,0.0,0.0,11.100000000000001,0.6000000000000001,2.02,Dropout
1.0,5.0,4.0,9119.0,1.0,1.0,115.0,1.0,19.0,37.0,4.0,6.0,113.30000000000001,1.0,0.0,0.0,1.0,1.0,0.0,23.0,0.0,0.0,5.0,7.0,0.0,0.0,0.0,0.0,5.0,5.0,0.0,0.0,0.0,7.6000000000000005,2.6,0.32,Dropout
1.0,1.0,1.0,9773.0,1.0,1.0,108.0,1.0,34.0,38.0,0.0,3.0,105.9,0.0,0.0,0.0,1.0,1.0,0.0,20.0,0.0,0.0,6.0,11.0,4.0,10.75,0.0,0.0,6.0,13.0,2.0,10.0,0.0,7.6000000000000005,2.6,0.32,Dropout
1.0,18.0,2.0,9119.0,1.0,1.0,136.0,1.0,1.0,2.0,5.0,4.0,122.7,1.0,0.0,0.0,1.0,1.0,0.0,18.0,0.0,0.0,5.0,7.0,5.0,12.600000000000001,0.0,0.0,5.0,9.0,3.0,13.25,0.0,13.9,-0.30000000000000004,0.79,Dropout
1.0,39.0,2.0,9147.0,1.0,12.0,133.1,1.0,19.0,38.0,9.0,9.0,120.0,1.0,0.0,1.0,0.0,1.0,0.0,28.0,0.0,0.0,5.0,5.0,0.0,0.0,0.0,0.0,5.0,5.0,0.0,0.0,0.0,9.4,-0.8,-3.12,Dropout
1.0,44.0,1.0,9070.0,1.0,39.0,120.0,1.0,1.0,19.0,5.0,8.0,119.80000000000001,0.0,0.0,0.0,1.0,1.0,0.0,21.0,0.0,2.0,7.0,7.0,2.0,12.0,0.0,5.0,9.0,10.0,7.0,12.1428571428571,0.0,12.4,0.5,1.79,Dropout
1.0,39.0,1.0,9670.0,1.0,1.0,133.1,1.0,38.0,19.0,9.0,8.0,122.9,0.0,0.0,1.0,0.0,1.0,0.0,25.0,0.0,0.0,6.0,7.0,3.0,14.0,0.0,0.0,6.0,9.0,2.0,14.5,0.0,13.9,-0.30000000000000004,0.79,Dropout
1.0,44.0,1.0,9085.0,1.0,39.0,160.0,1.0,1.0,1.0,5.0,4.0,160.0,1.0,1.0,0.0,0.0,1.0,0.0,19.0,0.0,2.0,6.0,6.0,6.0,14.0,0.0,1.0,6.0,11.0,6.0,13.5,0.0,12.4,0.5,1.79,Dropout
1.0,1.0,4.0,9500.0,1.0,1.0,128.0,1.0,1.0,1.0,4.0,10.0,125.2,1.0,0.0,0.0,1.0,1.0,1.0,18.0,0.0,0.0,7.0,7.0,7.0,14.6828571428571,0.0,0.0,8.0,9.0,8.0,15.0555555555556,0.0,12.4,0.5,1.79,Graduate
1.0,39.0,1.0,9119.0,1.0,3.0,130.0,1.0,1.0,38.0,90.0,90.0,143.4,0.0,0.0,0.0,1.0,1.0,0.0,29.0,0.0,0.0,3.0,3.0,0.0,0.0,3.0,0.0,5.0,0.0,0.0,0.0,0.0,10.8,1.4000000000000001,1.74,Dropout
1.0,39.0,1.0,9119.0,1.0,19.0,133.1,1.0,37.0,38.0,3.0,7.0,96.7,0.0,0.0,0.0,1.0,1.0,1.0,29.0,0.0,0.0,5.0,6.0,0.0,0.0,0.0,0.0,5.0,7.0,0.0,0.0,0.0,12.4,0.5,1.79,Dropout
1.0,18.0,1.0,9254.0,1.0,1.0,137.0,1.0,19.0,19.0,4.0,5.0,126.9,0.0,0.0,0.0,1.0,1.0,0.0,20.0,0.0,0.0,6.0,7.0,6.0,13.8571428571429,0.0,0.0,6.0,7.0,5.0,12.8,0.0,16.2,0.30000000000000004,-0.92,Graduate
1.0,1.0,1.0,171.0,1.0,1.0,163.0,1.0,19.0,1.0,9.0,7.0,143.1,0.0,0.0,0.0,1.0,1.0,0.0,18.0,0.0,0.0,0.0,0.0,0.0,0.0,0.0,0.0,0.0,0.0,0.0,0.0,0.0,9.4,-0.8,-3.12,Graduate
1.0,1.0,1.0,9254.0,1.0,1.0,125.0,1.0,1.0,1.0,191.0,193.0,114.5,0.0,0.0,0.0,1.0,1.0,0.0,20.0,0.0,0.0,6.0,8.0,6.0,13.1428571428571,0.0,0.0,6.0,7.0,6.0,12.5,0.0,8.9,1.4000000000000001,3.5100000000000002,Graduate
2.0,39.0,1.0,9119.0,1.0,1.0,120.0,1.0,34.0,34.0,0.0,0.0,140.0,1.0,0.0,0.0,1.0,1.0,0.0,33.0,0.0,0.0,5.0,14.0,1.0,18.0,0.0,0.0,5.0,9.0,2.0,13.0,0.0,9.4,-0.8,-3.12,Dropout
1.0,42.0,1.0,9991.0,0.0,1.0,150.0,1.0,19.0,19.0,5.0,5.0,113.7,0.0,0.0,0.0,1.0,1.0,0.0,30.0,0.0,11.0,15.0,15.0,13.0,11.4615384615385,0.0,6.0,11.0,15.0,10.0,11.5833333333333,1.0,16.2,0.30000000000000004,-0.92,Graduate
1.0,1.0,1.0,9556.0,1.0,1.0,135.0,1.0,1.0,1.0,1.0,1.0,131.5,0.0,0.0,0.0,1.0,1.0,1.0,21.0,0.0,0.0,7.0,14.0,5.0,11.200000000000001,0.0,0.0,8.0,11.0,6.0,11.5833333333333,0.0,16.2,0.30000000000000004,-0.92,Enrolled
1.0,1.0,1.0,9003.0,1.0,1.0,148.0,1.0,1.0,19.0,194.0,194.0,143.5,0.0,0.0,1.0,1.0,1.0,0.0,18.0,0.0,0.0,6.0,6.0,5.0,15.0,0.0,0.0,6.0,8.0,4.0,14.5,0.0,8.9,1.4000000000000001,3.5100000000000002,Graduate
1.0,1.0,1.0,9500.0,1.0,1.0,138.0,1.0,38.0,38.0,9.0,9.0,126.80000000000001,0.0,0.0,0.0,1.0,1.0,1.0,19.0,0.0,0.0,7.0,9.0,7.0,14.244444444444401,0.0,0.0,8.0,12.0,8.0,12.2333333333333,0.0,15.5,2.8000000000000003,-4.0600000000000005,Graduate
1.0,17.0,1.0,9070.0,1.0,1.0,119.0,1.0,38.0,19.0,9.0,9.0,115.2,0.0,0.0,0.0,1.0,1.0,1.0,21.0,0.0,0.0,6.0,8.0,4.0,11.5,0.0,0.0,6.0,7.0,5.0,11.0,0.0,15.5,2.8000000000000003,-4.0600000000000005,Dropout
1.0,39.0,2.0,9556.0,1.0,1.0,130.0,1.0,19.0,19.0,4.0,5.0,100.0,0.0,0.0,0.0,1.0,1.0,1.0,25.0,0.0,0.0,7.0,7.0,2.0,10.0,0.0,0.0,7.0,7.0,0.0,0.0,0.0,15.5,2.8000000000000003,-4.0600000000000005,Dropout
1.0,1.0,2.0,9670.0,1.0,1.0,135.0,1.0,19.0,19.0,7.0,10.0,121.4,0.0,0.0,0.0,1.0,1.0,0.0,19.0,0.0,0.0,5.0,7.0,3.0,12.3333333333333,0.0,0.0,5.0,5.0,5.0,11.600000000000001,0.0,9.4,-0.8,-3.12,Graduate
1.0,44.0,1.0,9070.0,1.0,39.0,120.0,1.0,19.0,1.0,9.0,3.0,120.0,1.0,0.0,0.0,1.0,1.0,0.0,23.0,0.0,2.0,7.0,8.0,5.0,12.200000000000001,0.0,5.0,9.0,10.0,7.0,12.1428571428571,1.0,16.2,0.30000000000000004,-0.92,Dropout
1.0,17.0,2.0,9070.0,1.0,1.0,126.0,1.0,38.0,38.0,9.0,8.0,129.9,1.0,0.0,0.0,1.0,1.0,1.0,19.0,0.0,0.0,6.0,6.0,6.0,13.6666666666667,0.0,0.0,6.0,7.0,5.0,13.200000000000001,0.0,12.4,0.5,1.79,Graduate
1.0,1.0,1.0,171.0,1.0,1.0,149.0,1.0,3.0,2.0,2.0,5.0,151.1,1.0,0.0,0.0,1.0,1.0,0.0,19.0,0.0,0.0,0.0,0.0,0.0,0.0,0.0,0.0,0.0,0.0,0.0,0.0,0.0,9.4,-0.8,-3.12,Graduate
1.0,39.0,1.0,9003.0,1.0,1.0,110.0,1.0,19.0,37.0,9.0,6.0,120.0,0.0,0.0,1.0,0.0,1.0,0.0,31.0,0.0,0.0,6.0,15.0,1.0,11.0,0.0,0.0,6.0,10.0,0.0,0.0,0.0,16.2,0.30000000000000004,-0.92,Dropout
1.0,39.0,1.0,9003.0,1.0,1.0,133.1,1.0,37.0,37.0,4.0,7.0,130.0,0.0,0.0,1.0,0.0,1.0,0.0,32.0,0.0,0.0,6.0,8.0,3.0,13.0,0.0,4.0,10.0,14.0,6.0,11.4285714285714,0.0,16.2,0.30000000000000004,-0.92,Dropout
1.0,16.0,2.0,9500.0,1.0,1.0,127.0,1.0,2.0,38.0,4.0,9.0,119.0,1.0,0.0,0.0,1.0,0.0,1.0,19.0,0.0,0.0,8.0,12.0,7.0,12.6,0.0,0.0,8.0,12.0,7.0,12.6,0.0,10.8,1.4000000000000001,1.74,Graduate
1.0,42.0,1.0,9773.0,1.0,6.0,120.0,1.0,34.0,34.0,0.0,0.0,122.0,1.0,0.0,0.0,1.0,0.0,0.0,34.0,0.0,8.0,10.0,11.0,10.0,12.200000000000001,0.0,5.0,10.0,12.0,9.0,12.3333333333333,0.0,7.6000000000000005,2.6,0.32,Graduate
1.0,16.0,6.0,9773.0,1.0,1.0,136.0,1.0,38.0,14.0,0.0,0.0,129.70000000000002,1.0,0.0,0.0,1.0,0.0,0.0,21.0,0.0,0.0,6.0,6.0,6.0,13.1666666666667,0.0,0.0,6.0,6.0,6.0,13.0,0.0,7.6000000000000005,2.6,0.32,Graduate
1.0,43.0,2.0,9238.0,1.0,1.0,110.0,1.0,37.0,37.0,9.0,7.0,112.5,1.0,0.0,0.0,1.0,0.0,1.0,53.0,0.0,4.0,7.0,16.0,6.0,11.0,0.0,2.0,7.0,9.0,7.0,11.0,0.0,9.4,-0.8,-3.12,Graduate
1.0,1.0,1.0,9500.0,1.0,1.0,136.0,1.0,19.0,19.0,4.0,7.0,136.0,0.0,0.0,0.0,1.0,0.0,1.0,19.0,0.0,0.0,7.0,7.0,7.0,14.0142857142857,0.0,0.0,8.0,8.0,8.0,15.35,0.0,13.9,-0.30000000000000004,0.79,Graduate
1.0,1.0,3.0,9773.0,1.0,1.0,145.0,1.0,38.0,38.0,9.0,5.0,133.1,0.0,0.0,0.0,1.0,0.0,1.0,20.0,0.0,0.0,6.0,9.0,4.0,13.0,0.0,0.0,6.0,13.0,4.0,11.25,0.0,10.8,1.4000000000000001,1.74,Graduate
1.0,1.0,2.0,9773.0,1.0,1.0,159.0,1.0,1.0,19.0,9.0,9.0,151.3,1.0,0.0,0.0,1.0,0.0,0.0,18.0,0.0,0.0,6.0,6.0,6.0,14.0,0.0,0.0,6.0,6.0,6.0,14.6666666666667,0.0,10.8,1.4000000000000001,1.74,Graduate
1.0,39.0,1.0,171.0,1.0,1.0,147.0,1.0,37.0,38.0,175.0,193.0,133.3,0.0,0.0,0.0,0.0,0.0,0.0,32.0,0.0,0.0,0.0,0.0,0.0,0.0,0.0,0.0,0.0,0.0,0.0,0.0,0.0,16.2,0.30000000000000004,-0.92,Dropout
1.0,43.0,1.0,9500.0,1.0,1.0,150.0,1.0,37.0,37.0,9.0,9.0,130.8,1.0,0.0,0.0,1.0,0.0,1.0,21.0,0.0,0.0,8.0,8.0,7.0,14.4285714285714,0.0,0.0,8.0,8.0,7.0,14.4285714285714,0.0,12.700000000000001,3.7,-1.7000000000000002,Graduate
1.0,7.0,1.0,8014.0,0.0,3.0,140.0,1.0,37.0,12.0,9.0,4.0,140.0,0.0,0.0,0.0,0.0,0.0,0.0,26.0,0.0,0.0,5.0,9.0,0.0,0.0,0.0,0.0,5.0,10.0,0.0,0.0,0.0,9.4,-0.8,-3.12,Dropout
1.0,42.0,1.0,9085.0,1.0,39.0,150.0,1.0,1.0,1.0,4.0,7.0,150.0,1.0,0.0,0.0,1.0,0.0,0.0,26.0,0.0,11.0,18.0,45.0,18.0,11.8333333333333,10.0,9.0,13.0,27.0,13.0,12.4615384615385,5.0,15.5,2.8000000000000003,-4.0600000000000005,Graduate
2.0,44.0,1.0,9991.0,0.0,39.0,130.0,1.0,1.0,37.0,4.0,9.0,130.0,0.0,0.0,0.0,0.0,0.0,0.0,21.0,0.0,0.0,5.0,12.0,3.0,11.3333333333333,0.0,0.0,5.0,10.0,1.0,13.0,0.0,15.5,2.8000000000000003,-4.0600000000000005,Dropout
1.0,17.0,1.0,9773.0,1.0,1.0,120.0,1.0,37.0,37.0,5.0,5.0,125.30000000000001,0.0,0.0,0.0,1.0,0.0,0.0,18.0,0.0,0.0,6.0,9.0,6.0,12.5,0.0,0.0,6.0,9.0,6.0,13.0,0.0,7.6000000000000005,2.6,0.32,Graduate
1.0,43.0,1.0,9070.0,1.0,39.0,130.0,1.0,19.0,37.0,5.0,9.0,124.0,1.0,0.0,0.0,1.0,0.0,1.0,21.0,0.0,4.0,12.0,12.0,12.0,13.3333333333333,0.0,5.0,12.0,12.0,11.0,12.5454545454545,0.0,15.5,2.8000000000000003,-4.0600000000000005,Graduate
1.0,1.0,1.0,9254.0,1.0,1.0,112.0,1.0,38.0,19.0,9.0,5.0,113.80000000000001,1.0,0.0,0.0,1.0,0.0,0.0,21.0,0.0,0.0,6.0,10.0,6.0,10.8333333333333,0.0,0.0,6.0,10.0,4.0,11.0,0.0,7.6000000000000005,2.6,0.32,Enrolled
1.0,17.0,1.0,9670.0,1.0,1.0,128.0,1.0,19.0,19.0,7.0,7.0,124.4,0.0,0.0,0.0,1.0,0.0,1.0,19.0,0.0,0.0,6.0,6.0,6.0,13.0,0.0,0.0,6.0,6.0,6.0,14.0,0.0,13.9,-0.30000000000000004,0.79,Graduate
1.0,17.0,1.0,9147.0,1.0,1.0,114.0,1.0,19.0,19.0,9.0,7.0,107.7,0.0,0.0,0.0,1.0,0.0,0.0,19.0,0.0,0.0,5.0,7.0,2.0,10.0,0.0,0.0,5.0,11.0,2.0,14.0,0.0,10.8,1.4000000000000001,1.74,Dropout
1.0,43.0,2.0,9238.0,1.0,1.0,118.0,1.0,38.0,38.0,5.0,5.0,110.0,0.0,0.0,0.0,1.0,0.0,1.0,19.0,0.0,0.0,6.0,8.0,6.0,11.4285714285714,0.0,0.0,6.0,11.0,5.0,11.200000000000001,0.0,10.8,1.4000000000000001,1.74,Graduate
1.0,7.0,1.0,9500.0,1.0,3.0,130.0,1.0,37.0,38.0,7.0,7.0,130.0,1.0,0.0,0.0,1.0,0.0,0.0,27.0,0.0,0.0,8.0,8.0,8.0,12.887500000000001,0.0,0.0,8.0,8.0,8.0,12.887500000000001,0.0,9.4,-0.8,-3.12,Graduate
1.0,1.0,2.0,9500.0,1.0,1.0,145.0,1.0,37.0,1.0,9.0,4.0,138.8,1.0,0.0,0.0,1.0,0.0,1.0,18.0,0.0,0.0,7.0,7.0,6.0,12.950000000000001,0.0,0.0,7.0,7.0,6.0,12.950000000000001,0.0,7.6000000000000005,2.6,0.32,Graduate
1.0,1.0,2.0,9147.0,1.0,1.0,121.0,1.0,19.0,19.0,9.0,9.0,126.30000000000001,1.0,0.0,0.0,1.0,0.0,0.0,20.0,0.0,0.0,5.0,12.0,1.0,10.0,2.0,0.0,5.0,5.0,0.0,0.0,0.0,12.700000000000001,3.7,-1.7000000000000002,Dropout
1.0,1.0,3.0,9500.0,1.0,1.0,114.0,1.0,1.0,1.0,5.0,5.0,114.5,1.0,0.0,0.0,1.0,0.0,1.0,19.0,0.0,0.0,7.0,7.0,7.0,13.0942857142857,0.0,0.0,8.0,8.0,8.0,12.55,0.0,12.4,0.5,1.79,Graduate
1.0,1.0,4.0,9670.0,1.0,1.0,127.0,1.0,1.0,1.0,7.0,7.0,116.5,1.0,0.0,0.0,1.0,0.0,0.0,20.0,0.0,0.0,6.0,7.0,0.0,0.0,0.0,0.0,6.0,6.0,0.0,0.0,0.0,16.2,0.30000000000000004,-0.92,Dropout
1.0,17.0,2.0,9238.0,1.0,1.0,145.0,1.0,19.0,38.0,7.0,6.0,128.6,1.0,0.0,0.0,1.0,0.0,1.0,19.0,0.0,0.0,6.0,12.0,5.0,11.714285714285701,0.0,0.0,6.0,11.0,6.0,11.0,0.0,12.700000000000001,3.7,-1.7000000000000002,Graduate
1.0,17.0,5.0,9238.0,1.0,1.0,130.0,1.0,19.0,1.0,5.0,5.0,130.0,1.0,0.0,0.0,1.0,0.0,0.0,20.0,0.0,0.0,6.0,8.0,4.0,11.25,0.0,0.0,6.0,15.0,3.0,10.0,0.0,9.4,-0.8,-3.12,Enrolled
1.0,1.0,1.0,171.0,1.0,1.0,150.0,1.0,38.0,19.0,7.0,10.0,134.6,0.0,0.0,0.0,1.0,0.0,0.0,20.0,0.0,0.0,0.0,0.0,0.0,0.0,0.0,0.0,0.0,0.0,0.0,0.0,0.0,15.5,2.8000000000000003,-4.0600000000000005,Dropout
1.0,1.0,1.0,9853.0,1.0,1.0,145.0,1.0,37.0,37.0,9.0,5.0,146.8,0.0,0.0,0.0,1.0,0.0,0.0,18.0,0.0,0.0,6.0,6.0,6.0,13.1666666666667,0.0,0.0,6.0,6.0,6.0,13.3333333333333,0.0,7.6000000000000005,2.6,0.32,Graduate
1.0,1.0,1.0,9085.0,1.0,1.0,128.0,1.0,19.0,1.0,5.0,4.0,135.70000000000002,1.0,0.0,0.0,1.0,0.0,0.0,20.0,0.0,0.0,5.0,7.0,4.0,12.75,0.0,0.0,5.0,5.0,5.0,13.4,0.0,10.8,1.4000000000000001,1.74,Graduate
2.0,39.0,1.0,9991.0,0.0,1.0,140.0,1.0,37.0,37.0,9.0,9.0,120.0,0.0,0.0,0.0,0.0,0.0,0.0,38.0,0.0,0.0,5.0,6.0,5.0,10.600000000000001,0.0,0.0,5.0,9.0,2.0,11.0,0.0,12.700000000000001,3.7,-1.7000000000000002,Dropout
4.0,39.0,1.0,8014.0,0.0,1.0,130.0,1.0,37.0,37.0,9.0,7.0,138.0,0.0,0.0,0.0,1.0,0.0,0.0,42.0,0.0,0.0,6.0,8.0,5.0,11.200000000000001,0.0,0.0,6.0,6.0,6.0,12.0,0.0,8.9,1.4000000000000001,3.5100000000000002,Graduate
1.0,39.0,1.0,9500.0,1.0,1.0,140.0,1.0,37.0,37.0,9.0,6.0,135.5,0.0,0.0,0.0,1.0,0.0,0.0,32.0,0.0,0.0,7.0,0.0,0.0,0.0,0.0,0.0,8.0,0.0,0.0,0.0,0.0,13.9,-0.30000000000000004,0.79,Dropout
1.0,15.0,1.0,9773.0,1.0,1.0,120.0,26.0,19.0,19.0,4.0,5.0,120.0,1.0,0.0,0.0,1.0,0.0,0.0,22.0,1.0,0.0,6.0,6.0,6.0,13.0,0.0,0.0,6.0,6.0,6.0,13.6666666666667,0.0,12.4,0.5,1.79,Graduate
2.0,39.0,1.0,9991.0,0.0,1.0,147.0,1.0,34.0,34.0,90.0,90.0,111.7,1.0,0.0,0.0,1.0,0.0,0.0,28.0,0.0,0.0,5.0,10.0,0.0,0.0,0.0,0.0,5.0,5.0,0.0,0.0,0.0,7.6000000000000005,2.6,0.32,Dropout
2.0,39.0,1.0,8014.0,0.0,9.0,133.1,1.0,37.0,37.0,8.0,10.0,100.0,1.0,0.0,0.0,1.0,0.0,0.0,37.0,0.0,0.0,6.0,0.0,0.0,0.0,0.0,0.0,6.0,0.0,0.0,0.0,0.0,9.4,-0.8,-3.12,Dropout
2.0,44.0,1.0,9003.0,1.0,39.0,160.0,1.0,37.0,38.0,9.0,4.0,160.0,0.0,0.0,0.0,1.0,0.0,0.0,43.0,0.0,0.0,6.0,8.0,6.0,14.1666666666667,0.0,0.0,6.0,9.0,6.0,15.0,0.0,15.5,2.8000000000000003,-4.0600000000000005,Graduate
6.0,39.0,1.0,8014.0,0.0,1.0,133.1,1.0,37.0,1.0,9.0,7.0,114.80000000000001,0.0,0.0,0.0,1.0,0.0,1.0,41.0,0.0,0.0,6.0,10.0,5.0,12.8333333333333,0.0,0.0,6.0,6.0,6.0,12.3333333333333,0.0,13.9,-0.30000000000000004,0.79,Graduate
4.0,39.0,1.0,8014.0,0.0,19.0,140.0,1.0,37.0,37.0,9.0,3.0,131.0,0.0,0.0,0.0,1.0,0.0,1.0,29.0,0.0,0.0,6.0,11.0,4.0,11.75,0.0,0.0,6.0,9.0,5.0,10.4,0.0,10.8,1.4000000000000001,1.74,Graduate
1.0,39.0,1.0,8014.0,0.0,1.0,133.1,1.0,37.0,37.0,9.0,9.0,97.0,0.0,0.0,0.0,1.0,0.0,1.0,35.0,0.0,0.0,6.0,8.0,6.0,10.8333333333333,0.0,0.0,6.0,7.0,6.0,11.5,0.0,10.8,1.4000000000000001,1.74,Graduate
1.0,17.0,6.0,9238.0,1.0,1.0,131.0,1.0,1.0,3.0,4.0,2.0,131.70000000000002,1.0,0.0,0.0,1.0,0.0,0.0,18.0,0.0,0.0,6.0,8.0,4.0,11.75,0.0,0.0,6.0,8.0,4.0,12.25,0.0,9.4,-0.8,-3.12,Dropout
1.0,39.0,1.0,9500.0,1.0,19.0,133.1,1.0,37.0,37.0,9.0,6.0,120.0,0.0,0.0,0.0,0.0,0.0,1.0,39.0,0.0,0.0,7.0,14.0,3.0,11.5,0.0,0.0,7.0,9.0,2.0,10.5,0.0,16.2,0.30000000000000004,-0.92,Dropout
4.0,39.0,1.0,9991.0,0.0,1.0,120.0,1.0,37.0,37.0,9.0,9.0,110.0,0.0,0.0,0.0,1.0,0.0,0.0,37.0,0.0,0.0,5.0,14.0,2.0,10.0,0.0,0.0,5.0,7.0,3.0,11.3333333333333,0.0,12.700000000000001,3.7,-1.7000000000000002,Enrolled
1.0,39.0,1.0,9500.0,1.0,1.0,130.0,1.0,37.0,37.0,9.0,7.0,133.0,1.0,0.0,0.0,1.0,0.0,1.0,26.0,0.0,0.0,7.0,7.0,6.0,13.700000000000001,0.0,0.0,7.0,7.0,6.0,13.700000000000001,0.0,7.6000000000000005,2.6,0.32,Graduate
1.0,7.0,1.0,9085.0,1.0,3.0,140.0,1.0,19.0,20.0,4.0,90.0,140.0,1.0,0.0,0.0,1.0,0.0,0.0,32.0,0.0,0.0,5.0,8.0,1.0,14.0,2.0,0.0,5.0,12.0,0.0,0.0,4.0,10.8,1.4000000000000001,1.74,Dropout
2.0,39.0,1.0,8014.0,0.0,1.0,133.1,1.0,37.0,37.0,6.0,8.0,100.0,0.0,0.0,1.0,1.0,0.0,0.0,37.0,0.0,3.0,8.0,12.0,7.0,11.375,0.0,2.0,7.0,10.0,6.0,12.1666666666667,0.0,13.9,-0.30000000000000004,0.79,Enrolled
1.0,39.0,1.0,9085.0,1.0,1.0,140.0,1.0,37.0,19.0,191.0,163.0,129.3,1.0,0.0,1.0,1.0,0.0,0.0,28.0,0.0,0.0,6.0,17.0,0.0,0.0,0.0,0.0,6.0,6.0,0.0,0.0,0.0,8.9,1.4000000000000001,3.5100000000000002,Enrolled
1.0,1.0,1.0,9238.0,1.0,1.0,133.1,1.0,19.0,37.0,0.0,0.0,137.0,1.0,0.0,0.0,1.0,0.0,0.0,19.0,0.0,0.0,6.0,10.0,0.0,0.0,4.0,0.0,6.0,0.0,0.0,0.0,0.0,7.6000000000000005,2.6,0.32,Dropout
1.0,1.0,5.0,9147.0,1.0,1.0,125.0,1.0,37.0,38.0,7.0,7.0,122.2,1.0,0.0,0.0,1.0,0.0,0.0,18.0,0.0,0.0,5.0,9.0,1.0,11.0,0.0,0.0,5.0,9.0,2.0,12.5,0.0,7.6000000000000005,2.6,0.32,Enrolled
1.0,1.0,1.0,9853.0,1.0,1.0,115.0,1.0,19.0,38.0,9.0,9.0,108.0,0.0,0.0,0.0,1.0,0.0,1.0,19.0,0.0,0.0,7.0,10.0,6.0,13.0,0.0,0.0,7.0,7.0,7.0,13.2857142857143,0.0,12.4,0.5,1.79,Graduate
2.0,7.0,1.0,9670.0,1.0,3.0,110.0,1.0,37.0,37.0,7.0,7.0,110.0,0.0,0.0,0.0,1.0,0.0,0.0,32.0,0.0,4.0,11.0,15.0,8.0,13.600000000000001,0.0,2.0,8.0,10.0,8.0,15.1111111111111,0.0,13.9,-0.30000000000000004,0.79,Graduate
2.0,39.0,1.0,9147.0,1.0,1.0,140.0,1.0,37.0,37.0,9.0,9.0,127.7,1.0,0.0,0.0,1.0,0.0,0.0,31.0,0.0,0.0,5.0,8.0,3.0,11.0,0.0,0.0,5.0,9.0,2.0,11.5,0.0,7.6000000000000005,2.6,0.32,Dropout
1.0,39.0,1.0,9500.0,1.0,1.0,100.0,1.0,3.0,1.0,2.0,5.0,121.30000000000001,1.0,0.0,0.0,1.0,0.0,0.0,34.0,0.0,0.0,8.0,11.0,7.0,11.7057142857143,0.0,0.0,8.0,11.0,7.0,11.7057142857143,0.0,10.8,1.4000000000000001,1.74,Enrolled
1.0,1.0,3.0,171.0,1.0,1.0,145.0,1.0,1.0,1.0,3.0,3.0,140.1,1.0,0.0,0.0,1.0,0.0,0.0,20.0,0.0,6.0,12.0,12.0,12.0,13.25,0.0,4.0,11.0,14.0,11.0,14.3333333333333,0.0,8.9,1.4000000000000001,3.5100000000000002,Graduate
1.0,39.0,1.0,9500.0,1.0,19.0,133.1,1.0,38.0,38.0,9.0,9.0,114.80000000000001,0.0,0.0,0.0,1.0,0.0,0.0,28.0,0.0,0.0,7.0,15.0,1.0,10.75,0.0,0.0,7.0,10.0,1.0,10.0,0.0,13.9,-0.30000000000000004,0.79,Dropout
1.0,44.0,1.0,9991.0,0.0,39.0,150.0,1.0,37.0,37.0,6.0,6.0,150.0,0.0,0.0,0.0,1.0,0.0,0.0,31.0,0.0,2.0,6.0,8.0,6.0,12.0,0.0,2.0,7.0,8.0,7.0,13.4285714285714,0.0,9.4,-0.8,-3.12,Enrolled
1.0,1.0,1.0,9773.0,1.0,1.0,145.0,1.0,19.0,38.0,4.0,10.0,131.70000000000002,1.0,0.0,0.0,1.0,0.0,0.0,18.0,0.0,0.0,6.0,7.0,6.0,12.6666666666667,0.0,0.0,6.0,8.0,4.0,12.25,0.0,7.6000000000000005,2.6,0.32,Enrolled
4.0,39.0,1.0,8014.0,0.0,19.0,133.1,1.0,37.0,37.0,90.0,7.0,110.0,0.0,0.0,0.0,0.0,0.0,0.0,31.0,0.0,0.0,6.0,8.0,5.0,11.4,0.0,0.0,6.0,9.0,3.0,11.0,0.0,9.4,-0.8,-3.12,Dropout
1.0,1.0,3.0,9773.0,1.0,1.0,110.0,1.0,19.0,19.0,5.0,5.0,105.5,1.0,0.0,0.0,1.0,0.0,0.0,19.0,0.0,0.0,6.0,6.0,6.0,13.0,0.0,0.0,6.0,8.0,5.0,12.4,0.0,12.4,0.5,1.79,Graduate
1.0,1.0,1.0,9238.0,1.0,1.0,128.0,1.0,37.0,19.0,9.0,4.0,127.30000000000001,1.0,0.0,0.0,1.0,0.0,1.0,19.0,0.0,0.0,6.0,8.0,6.0,14.0,0.0,0.0,6.0,8.0,6.0,12.2857142857143,0.0,16.2,0.30000000000000004,-0.92,Graduate
2.0,39.0,1.0,9238.0,1.0,19.0,133.1,1.0,37.0,37.0,9.0,9.0,130.0,1.0,0.0,0.0,1.0,0.0,0.0,31.0,0.0,0.0,6.0,11.0,0.0,0.0,0.0,0.0,5.0,10.0,0.0,0.0,0.0,9.4,-0.8,-3.12,Enrolled
1.0,7.0,1.0,9085.0,1.0,3.0,130.0,1.0,1.0,19.0,9.0,10.0,130.0,0.0,0.0,0.0,1.0,0.0,0.0,34.0,0.0,0.0,6.0,0.0,0.0,0.0,0.0,0.0,6.0,0.0,0.0,0.0,0.0,15.5,2.8000000000000003,-4.0600000000000005,Dropout
1.0,16.0,1.0,9556.0,1.0,1.0,137.0,1.0,37.0,37.0,9.0,7.0,122.7,1.0,0.0,0.0,1.0,0.0,1.0,18.0,0.0,0.0,7.0,7.0,7.0,15.2857142857143,0.0,0.0,8.0,8.0,8.0,16.075,0.0,12.4,0.5,1.79,Graduate
1.0,17.0,2.0,9254.0,1.0,1.0,123.0,1.0,37.0,37.0,7.0,7.0,113.9,1.0,0.0,0.0,1.0,0.0,0.0,18.0,0.0,0.0,6.0,6.0,6.0,13.1666666666667,0.0,0.0,6.0,6.0,6.0,12.6666666666667,0.0,11.100000000000001,0.6000000000000001,2.02,Graduate
1.0,1.0,1.0,9147.0,1.0,1.0,156.0,1.0,3.0,19.0,3.0,3.0,151.1,0.0,0.0,1.0,1.0,1.0,0.0,19.0,0.0,0.0,5.0,7.0,5.0,13.600000000000001,0.0,0.0,5.0,11.0,5.0,12.8333333333333,5.0,16.2,0.30000000000000004,-0.92,Graduate
1.0,17.0,2.0,9773.0,1.0,1.0,133.1,1.0,3.0,5.0,0.0,2.0,125.80000000000001,1.0,0.0,0.0,0.0,1.0,1.0,22.0,0.0,0.0,4.0,8.0,0.0,0.0,0.0,0.0,4.0,8.0,0.0,0.0,0.0,7.6000000000000005,2.6,0.32,Dropout
2.0,43.0,1.0,9670.0,1.0,1.0,100.0,1.0,34.0,34.0,0.0,0.0,128.20000000000002,0.0,0.0,0.0,1.0,1.0,0.0,32.0,0.0,6.0,10.0,12.0,10.0,11.4,0.0,4.0,9.0,9.0,4.0,11.5,0.0,7.6000000000000005,2.6,0.32,Graduate
1.0,39.0,1.0,9147.0,1.0,1.0,140.0,1.0,37.0,3.0,9.0,2.0,135.1,0.0,0.0,0.0,1.0,1.0,0.0,61.0,0.0,0.0,5.0,0.0,0.0,0.0,0.0,0.0,5.0,0.0,0.0,0.0,0.0,15.5,2.8000000000000003,-4.0600000000000005,Dropout
1.0,39.0,1.0,9991.0,0.0,1.0,130.0,1.0,37.0,37.0,9.0,9.0,120.2,1.0,0.0,0.0,1.0,1.0,0.0,30.0,0.0,0.0,5.0,7.0,5.0,11.0,0.0,0.0,5.0,5.0,5.0,11.600000000000001,0.0,7.6000000000000005,2.6,0.32,Graduate
2.0,39.0,1.0,9991.0,0.0,1.0,133.1,1.0,37.0,37.0,9.0,9.0,132.8,0.0,0.0,1.0,0.0,1.0,0.0,45.0,0.0,0.0,5.0,9.0,0.0,0.0,0.0,0.0,5.0,11.0,0.0,0.0,0.0,12.4,0.5,1.79,Dropout
1.0,44.0,1.0,9003.0,1.0,39.0,140.0,1.0,1.0,19.0,4.0,8.0,140.0,0.0,0.0,0.0,1.0,1.0,0.0,20.0,0.0,0.0,6.0,7.0,6.0,13.5714285714286,0.0,0.0,6.0,6.0,6.0,12.6666666666667,0.0,12.4,0.5,1.79,Graduate
1.0,18.0,5.0,9500.0,1.0,1.0,137.0,1.0,19.0,1.0,1.0,10.0,129.3,0.0,0.0,0.0,1.0,0.0,0.0,19.0,0.0,0.0,7.0,0.0,0.0,0.0,0.0,0.0,8.0,0.0,0.0,0.0,0.0,9.4,-0.8,-3.12,Dropout
1.0,42.0,1.0,9119.0,1.0,1.0,120.0,1.0,3.0,1.0,2.0,9.0,108.2,1.0,0.0,0.0,1.0,1.0,0.0,26.0,0.0,4.0,10.0,14.0,4.0,11.25,0.0,4.0,11.0,11.0,4.0,12.0,0.0,7.6000000000000005,2.6,0.32,Dropout
1.0,17.0,4.0,9670.0,1.0,1.0,125.0,1.0,1.0,1.0,4.0,90.0,125.4,1.0,0.0,0.0,1.0,1.0,0.0,19.0,0.0,0.0,5.0,6.0,3.0,13.3333333333333,0.0,0.0,5.0,5.0,1.0,11.0,0.0,7.6000000000000005,2.6,0.32,Dropout
1.0,17.0,1.0,9773.0,1.0,1.0,130.0,1.0,19.0,37.0,9.0,9.0,140.20000000000002,0.0,0.0,0.0,1.0,1.0,1.0,19.0,0.0,0.0,6.0,6.0,6.0,12.0,0.0,0.0,6.0,7.0,6.0,11.6666666666667,0.0,16.2,0.30000000000000004,-0.92,Graduate
1.0,1.0,3.0,9773.0,1.0,1.0,115.0,1.0,38.0,1.0,9.0,4.0,116.10000000000001,1.0,0.0,0.0,1.0,1.0,0.0,19.0,0.0,0.0,6.0,6.0,6.0,12.5,0.0,0.0,6.0,7.0,5.0,13.0,0.0,12.4,0.5,1.79,Graduate
1.0,1.0,1.0,9147.0,1.0,1.0,150.0,1.0,1.0,19.0,5.0,5.0,137.8,1.0,0.0,0.0,1.0,1.0,1.0,19.0,0.0,0.0,5.0,6.0,5.0,13.200000000000001,0.0,0.0,5.0,6.0,5.0,12.6666666666667,0.0,16.2,0.30000000000000004,-0.92,Graduate
1.0,1.0,3.0,9670.0,1.0,1.0,134.0,1.0,14.0,11.0,0.0,0.0,128.4,1.0,0.0,0.0,0.0,1.0,0.0,19.0,0.0,0.0,5.0,5.0,0.0,0.0,0.0,0.0,4.0,4.0,0.0,0.0,0.0,7.6000000000000005,2.6,0.32,Dropout
1.0,39.0,1.0,9670.0,1.0,1.0,120.0,1.0,34.0,34.0,0.0,0.0,106.0,1.0,0.0,0.0,0.0,1.0,0.0,28.0,0.0,0.0,5.0,7.0,3.0,11.6666666666667,0.0,0.0,5.0,8.0,2.0,11.5,1.0,7.6000000000000005,2.6,0.32,Dropout
1.0,43.0,1.0,9147.0,1.0,1.0,141.0,1.0,37.0,37.0,9.0,9.0,130.20000000000002,0.0,0.0,0.0,1.0,1.0,0.0,24.0,0.0,10.0,15.0,16.0,15.0,13.4666666666667,1.0,10.0,14.0,14.0,14.0,13.6428571428571,0.0,9.4,-0.8,-3.12,Graduate
1.0,1.0,1.0,9130.0,1.0,1.0,133.0,1.0,3.0,1.0,2.0,4.0,126.0,0.0,0.0,0.0,1.0,1.0,0.0,18.0,0.0,0.0,5.0,7.0,3.0,13.6666666666667,0.0,0.0,5.0,5.0,5.0,13.200000000000001,0.0,7.6000000000000005,2.6,0.32,Graduate
1.0,1.0,2.0,9119.0,1.0,1.0,149.0,1.0,38.0,38.0,5.0,5.0,141.0,0.0,0.0,0.0,1.0,1.0,0.0,18.0,0.0,0.0,5.0,9.0,2.0,11.6666666666667,0.0,0.0,5.0,9.0,2.0,12.5,2.0,7.6000000000000005,2.6,0.32,Enrolled
1.0,1.0,1.0,9773.0,1.0,1.0,121.0,1.0,1.0,3.0,3.0,7.0,113.0,1.0,0.0,0.0,1.0,1.0,1.0,18.0,0.0,0.0,6.0,7.0,6.0,11.6666666666667,0.0,0.0,6.0,12.0,5.0,10.200000000000001,0.0,12.4,0.5,1.79,Graduate
1.0,44.0,1.0,9003.0,1.0,39.0,120.0,1.0,4.0,1.0,2.0,8.0,120.0,0.0,0.0,0.0,1.0,1.0,0.0,21.0,0.0,0.0,6.0,9.0,5.0,13.4,0.0,0.0,6.0,9.0,5.0,12.4,0.0,8.9,1.4000000000000001,3.5100000000000002,Graduate
2.0,39.0,1.0,9991.0,0.0,1.0,148.0,1.0,19.0,37.0,9.0,5.0,130.9,0.0,0.0,0.0,0.0,1.0,0.0,28.0,0.0,0.0,5.0,5.0,0.0,0.0,0.0,0.0,5.0,6.0,0.0,0.0,0.0,12.4,0.5,1.79,Dropout
1.0,39.0,1.0,9003.0,1.0,12.0,133.1,1.0,37.0,19.0,9.0,10.0,120.0,0.0,0.0,0.0,1.0,1.0,0.0,58.0,0.0,0.0,6.0,9.0,0.0,0.0,0.0,0.0,6.0,6.0,0.0,0.0,0.0,13.9,-0.30000000000000004,0.79,Dropout
2.0,39.0,1.0,9991.0,0.0,1.0,135.0,1.0,34.0,34.0,0.0,0.0,134.1,1.0,0.0,0.0,0.0,1.0,0.0,49.0,0.0,0.0,5.0,5.0,0.0,0.0,0.0,0.0,5.0,5.0,0.0,0.0,0.0,7.6000000000000005,2.6,0.32,Dropout
1.0,39.0,1.0,9119.0,1.0,1.0,150.0,1.0,1.0,38.0,3.0,5.0,120.0,0.0,0.0,0.0,1.0,1.0,0.0,24.0,0.0,0.0,5.0,6.0,3.0,10.6666666666667,0.0,0.0,5.0,9.0,2.0,10.5,0.0,15.5,2.8000000000000003,-4.0600000000000005,Enrolled
1.0,43.0,1.0,9670.0,1.0,1.0,130.0,1.0,34.0,34.0,0.0,0.0,114.80000000000001,0.0,0.0,0.0,1.0,1.0,0.0,25.0,0.0,0.0,5.0,5.0,4.0,13.75,0.0,0.0,5.0,5.0,4.0,14.75,0.0,7.6000000000000005,2.6,0.32,Graduate
4.0,42.0,1.0,9147.0,1.0,1.0,133.1,1.0,37.0,38.0,7.0,3.0,123.0,1.0,0.0,0.0,1.0,1.0,0.0,33.0,0.0,0.0,5.0,5.0,1.0,10.0,0.0,0.0,5.0,5.0,0.0,0.0,0.0,7.6000000000000005,2.6,0.32,Dropout
2.0,39.0,2.0,9119.0,1.0,19.0,133.1,1.0,37.0,37.0,7.0,7.0,118.0,0.0,0.0,0.0,0.0,1.0,0.0,33.0,0.0,0.0,5.0,11.0,0.0,0.0,0.0,0.0,5.0,5.0,0.0,0.0,0.0,9.4,-0.8,-3.12,Dropout
2.0,43.0,1.0,9853.0,1.0,1.0,110.0,1.0,37.0,37.0,7.0,7.0,100.0,0.0,0.0,0.0,1.0,1.0,0.0,40.0,0.0,0.0,2.0,4.0,1.0,16.0,0.0,0.0,4.0,5.0,4.0,15.5,0.0,13.9,-0.30000000000000004,0.79,Graduate
2.0,39.0,1.0,9991.0,0.0,1.0,170.0,1.0,37.0,19.0,9.0,3.0,151.1,0.0,0.0,0.0,1.0,1.0,0.0,48.0,0.0,0.0,5.0,9.0,5.0,12.2857142857143,0.0,0.0,5.0,8.0,5.0,11.125,0.0,16.2,0.30000000000000004,-0.92,Graduate
1.0,17.0,3.0,9119.0,1.0,1.0,120.0,1.0,1.0,19.0,9.0,3.0,116.9,1.0,0.0,1.0,0.0,1.0,0.0,18.0,0.0,0.0,5.0,10.0,3.0,12.0,0.0,0.0,5.0,8.0,3.0,10.3333333333333,0.0,8.9,1.4000000000000001,3.5100000000000002,Enrolled
1.0,39.0,1.0,9500.0,1.0,19.0,133.1,1.0,38.0,38.0,9.0,8.0,106.0,1.0,0.0,0.0,1.0,1.0,0.0,24.0,0.0,0.0,7.0,7.0,6.0,12.6666666666667,1.0,0.0,7.0,7.0,6.0,12.6666666666667,1.0,7.6000000000000005,2.6,0.32,Graduate
2.0,1.0,1.0,9085.0,1.0,1.0,139.0,1.0,19.0,19.0,192.0,144.0,127.10000000000001,0.0,0.0,0.0,1.0,1.0,1.0,23.0,0.0,0.0,5.0,6.0,5.0,11.8,0.0,0.0,5.0,7.0,4.0,13.25,1.0,10.8,1.4000000000000001,1.74,Graduate
1.0,39.0,1.0,9991.0,0.0,19.0,133.1,1.0,19.0,37.0,7.0,5.0,155.5,1.0,0.0,1.0,0.0,1.0,0.0,39.0,0.0,0.0,5.0,6.0,5.0,10.600000000000001,0.0,0.0,5.0,7.0,5.0,14.6666666666667,0.0,10.8,1.4000000000000001,1.74,Dropout
1.0,18.0,1.0,9003.0,1.0,1.0,133.1,1.0,1.0,38.0,9.0,6.0,101.0,0.0,0.0,0.0,1.0,1.0,0.0,21.0,0.0,5.0,11.0,16.0,9.0,11.9,0.0,3.0,9.0,14.0,8.0,12.25,0.0,15.5,2.8000000000000003,-4.0600000000000005,Graduate
1.0,42.0,1.0,9119.0,1.0,6.0,120.0,1.0,35.0,35.0,6.0,6.0,128.20000000000002,1.0,0.0,0.0,1.0,1.0,0.0,34.0,0.0,4.0,6.0,8.0,4.0,11.25,0.0,1.0,5.0,8.0,2.0,10.5,0.0,7.6000000000000005,2.6,0.32,Dropout
2.0,39.0,1.0,9991.0,0.0,1.0,100.0,1.0,19.0,19.0,4.0,4.0,113.0,0.0,0.0,0.0,1.0,1.0,1.0,41.0,0.0,0.0,5.0,9.0,4.0,11.0,0.0,0.0,5.0,6.0,5.0,11.4,0.0,8.9,1.4000000000000001,3.5100000000000002,Enrolled
1.0,1.0,1.0,9773.0,1.0,1.0,134.0,1.0,1.0,38.0,4.0,5.0,122.80000000000001,0.0,0.0,0.0,1.0,1.0,0.0,18.0,0.0,0.0,6.0,6.0,6.0,12.0,0.0,0.0,6.0,6.0,6.0,12.5,0.0,12.700000000000001,3.7,-1.7000000000000002,Graduate
2.0,39.0,1.0,9991.0,0.0,1.0,130.0,1.0,38.0,38.0,9.0,3.0,145.6,0.0,0.0,0.0,1.0,1.0,0.0,34.0,0.0,0.0,5.0,10.0,4.0,11.75,0.0,0.0,5.0,10.0,4.0,10.8333333333333,0.0,13.9,-0.30000000000000004,0.79,Enrolled
1.0,1.0,1.0,9147.0,1.0,1.0,128.0,1.0,1.0,1.0,2.0,10.0,116.5,0.0,0.0,0.0,1.0,1.0,0.0,19.0,0.0,0.0,5.0,8.0,2.0,10.0,0.0,0.0,5.0,8.0,1.0,16.0,0.0,7.6000000000000005,2.6,0.32,Dropout
1.0,1.0,1.0,9500.0,1.0,1.0,154.0,1.0,19.0,19.0,3.0,3.0,142.0,0.0,0.0,0.0,1.0,1.0,0.0,19.0,0.0,0.0,8.0,8.0,7.0,13.714285714285701,0.0,0.0,8.0,8.0,7.0,13.714285714285701,0.0,12.700000000000001,3.7,-1.7000000000000002,Graduate
1.0,7.0,1.0,9003.0,1.0,4.0,150.0,1.0,1.0,1.0,4.0,6.0,150.0,0.0,0.0,0.0,1.0,1.0,0.0,28.0,0.0,0.0,6.0,14.0,6.0,14.875,0.0,0.0,6.0,12.0,6.0,15.8,0.0,16.2,0.30000000000000004,-0.92,Graduate
1.0,17.0,1.0,9070.0,1.0,1.0,134.0,1.0,1.0,1.0,5.0,0.0,133.3,1.0,0.0,0.0,1.0,1.0,0.0,18.0,0.0,0.0,6.0,7.0,5.0,10.8,1.0,0.0,6.0,6.0,0.0,0.0,0.0,7.6000000000000005,2.6,0.32,Dropout
1.0,1.0,1.0,9238.0,1.0,1.0,127.0,1.0,2.0,2.0,3.0,4.0,115.80000000000001,1.0,0.0,0.0,1.0,1.0,0.0,19.0,0.0,0.0,6.0,11.0,3.0,12.0,0.0,0.0,6.0,12.0,2.0,10.0,0.0,11.100000000000001,0.6000000000000001,2.02,Dropout
1.0,17.0,2.0,9085.0,1.0,1.0,133.1,1.0,19.0,38.0,9.0,1.0,100.0,1.0,0.0,1.0,0.0,1.0,0.0,19.0,0.0,0.0,6.0,10.0,5.0,12.5,0.0,0.0,6.0,19.0,2.0,13.5,0.0,12.4,0.5,1.79,Dropout
1.0,17.0,1.0,9500.0,1.0,1.0,130.0,1.0,1.0,3.0,9.0,2.0,128.6,1.0,0.0,0.0,1.0,0.0,0.0,18.0,0.0,0.0,7.0,7.0,7.0,14.728571428571401,0.0,0.0,8.0,11.0,8.0,16.3272727272727,0.0,16.2,0.30000000000000004,-0.92,Graduate
1.0,1.0,1.0,9130.0,1.0,1.0,135.0,1.0,3.0,3.0,2.0,2.0,137.1,1.0,0.0,0.0,1.0,0.0,0.0,18.0,0.0,0.0,6.0,8.0,6.0,12.0,0.0,0.0,6.0,8.0,5.0,14.8,0.0,12.4,0.5,1.79,Graduate
1.0,1.0,1.0,9773.0,1.0,1.0,143.0,1.0,1.0,3.0,3.0,3.0,149.0,1.0,0.0,0.0,1.0,0.0,0.0,18.0,0.0,0.0,6.0,8.0,6.0,11.4285714285714,0.0,0.0,6.0,7.0,6.0,11.0,0.0,11.100000000000001,0.6000000000000001,2.02,Dropout
1.0,44.0,2.0,9238.0,1.0,39.0,150.0,1.0,3.0,19.0,4.0,9.0,147.0,1.0,0.0,0.0,1.0,0.0,0.0,19.0,0.0,3.0,6.0,6.0,6.0,14.1666666666667,0.0,2.0,6.0,6.0,6.0,13.5,0.0,12.4,0.5,1.79,Graduate
2.0,7.0,1.0,9238.0,1.0,3.0,150.0,1.0,37.0,37.0,191.0,192.0,150.0,0.0,0.0,0.0,1.0,0.0,0.0,31.0,0.0,1.0,6.0,12.0,5.0,12.5,0.0,0.0,6.0,10.0,5.0,14.600000000000001,0.0,12.700000000000001,3.7,-1.7000000000000002,Graduate
1.0,39.0,1.0,8014.0,0.0,1.0,130.0,1.0,37.0,37.0,9.0,8.0,103.5,0.0,0.0,0.0,1.0,0.0,1.0,33.0,0.0,0.0,6.0,6.0,6.0,14.1666666666667,0.0,0.0,6.0,6.0,6.0,14.3333333333333,0.0,12.700000000000001,3.7,-1.7000000000000002,Graduate
1.0,1.0,3.0,9500.0,1.0,1.0,113.0,1.0,3.0,1.0,134.0,135.0,107.80000000000001,1.0,0.0,0.0,1.0,0.0,1.0,20.0,0.0,0.0,7.0,10.0,5.0,14.46,0.0,0.0,7.0,8.0,6.0,13.55,0.0,12.4,0.5,1.79,Enrolled
1.0,44.0,1.0,9085.0,1.0,39.0,130.0,6.0,19.0,1.0,6.0,4.0,130.0,1.0,0.0,0.0,1.0,0.0,0.0,22.0,1.0,0.0,6.0,12.0,5.0,12.8,0.0,0.0,6.0,19.0,2.0,11.5,0.0,12.4,0.5,1.79,Enrolled
1.0,17.0,1.0,9254.0,1.0,1.0,115.0,1.0,1.0,19.0,3.0,3.0,109.4,1.0,0.0,0.0,1.0,0.0,0.0,19.0,0.0,0.0,6.0,8.0,6.0,12.6666666666667,0.0,0.0,6.0,8.0,5.0,13.4,0.0,11.100000000000001,0.6000000000000001,2.02,Graduate
1.0,1.0,3.0,9070.0,1.0,1.0,146.0,1.0,34.0,34.0,0.0,0.0,143.6,1.0,0.0,0.0,1.0,0.0,0.0,18.0,0.0,0.0,6.0,6.0,6.0,12.5,0.0,0.0,6.0,6.0,6.0,13.0,0.0,7.6000000000000005,2.6,0.32,Dropout
1.0,17.0,3.0,9070.0,1.0,1.0,132.0,1.0,38.0,1.0,5.0,5.0,124.30000000000001,0.0,1.0,0.0,1.0,0.0,0.0,18.0,0.0,0.0,6.0,0.0,0.0,0.0,0.0,0.0,6.0,0.0,0.0,0.0,0.0,15.5,2.8000000000000003,-4.0600000000000005,Dropout
1.0,1.0,5.0,9670.0,1.0,1.0,116.0,1.0,19.0,38.0,9.0,9.0,119.5,1.0,0.0,0.0,0.0,0.0,0.0,18.0,0.0,0.0,6.0,0.0,0.0,0.0,0.0,0.0,6.0,0.0,0.0,0.0,0.0,8.9,1.4000000000000001,3.5100000000000002,Dropout
1.0,1.0,1.0,171.0,1.0,1.0,163.0,1.0,3.0,4.0,2.0,5.0,175.60000000000002,1.0,0.0,0.0,1.0,0.0,0.0,18.0,0.0,0.0,0.0,0.0,0.0,0.0,0.0,0.0,0.0,0.0,0.0,0.0,0.0,11.100000000000001,0.6000000000000001,2.02,Graduate
1.0,17.0,2.0,9147.0,1.0,1.0,122.0,1.0,19.0,19.0,7.0,7.0,116.10000000000001,1.0,0.0,0.0,1.0,0.0,1.0,19.0,0.0,0.0,5.0,8.0,5.0,11.200000000000001,0.0,0.0,5.0,5.0,3.0,11.0,0.0,12.4,0.5,1.79,Graduate
1.0,17.0,2.0,9238.0,1.0,1.0,136.0,1.0,1.0,3.0,3.0,4.0,126.60000000000001,1.0,0.0,0.0,1.0,0.0,0.0,18.0,0.0,0.0,6.0,6.0,6.0,16.5,0.0,0.0,6.0,7.0,6.0,17.428571428571402,0.0,11.100000000000001,0.6000000000000001,2.02,Dropout
1.0,17.0,1.0,9085.0,1.0,1.0,142.0,1.0,3.0,19.0,5.0,5.0,130.8,1.0,0.0,0.0,1.0,0.0,0.0,18.0,0.0,0.0,5.0,9.0,3.0,13.6666666666667,1.0,0.0,5.0,5.0,5.0,12.0,0.0,12.700000000000001,3.7,-1.7000000000000002,Graduate
1.0,17.0,6.0,9500.0,1.0,1.0,139.0,1.0,37.0,37.0,9.0,6.0,133.5,1.0,0.0,0.0,1.0,0.0,1.0,18.0,0.0,0.0,8.0,8.0,7.0,15.228571428571401,0.0,0.0,8.0,8.0,7.0,15.228571428571401,0.0,12.700000000000001,3.7,-1.7000000000000002,Graduate
1.0,53.0,1.0,9238.0,1.0,42.0,140.0,1.0,37.0,37.0,9.0,10.0,136.9,1.0,0.0,0.0,1.0,0.0,0.0,21.0,0.0,5.0,9.0,10.0,9.0,12.7777777777778,0.0,4.0,9.0,9.0,9.0,13.2222222222222,0.0,8.9,1.4000000000000001,3.5100000000000002,Graduate
1.0,1.0,1.0,9500.0,1.0,1.0,165.0,1.0,19.0,37.0,5.0,5.0,142.3,0.0,0.0,0.0,1.0,0.0,1.0,18.0,0.0,0.0,8.0,8.0,7.0,14.4285714285714,0.0,0.0,8.0,8.0,7.0,14.4285714285714,0.0,12.700000000000001,3.7,-1.7000000000000002,Graduate
1.0,17.0,3.0,9670.0,1.0,1.0,122.0,1.0,1.0,38.0,3.0,3.0,114.30000000000001,1.0,0.0,0.0,1.0,0.0,0.0,18.0,0.0,0.0,6.0,8.0,6.0,13.875,0.0,0.0,6.0,7.0,6.0,13.714285714285701,0.0,11.100000000000001,0.6000000000000001,2.02,Graduate
1.0,1.0,2.0,9500.0,1.0,1.0,135.0,1.0,19.0,19.0,9.0,10.0,122.9,1.0,0.0,0.0,1.0,0.0,0.0,18.0,0.0,0.0,7.0,10.0,7.0,13.128,0.0,0.0,8.0,13.0,6.0,13.1933333333333,0.0,15.5,2.8000000000000003,-4.0600000000000005,Graduate
1.0,17.0,1.0,9500.0,1.0,1.0,128.0,1.0,19.0,1.0,4.0,3.0,117.2,1.0,0.0,0.0,1.0,0.0,0.0,20.0,0.0,0.0,7.0,9.0,6.0,11.605,0.0,0.0,8.0,10.0,7.0,12.412500000000001,0.0,16.2,0.30000000000000004,-0.92,Graduate
1.0,17.0,1.0,9147.0,1.0,1.0,139.0,1.0,1.0,38.0,4.0,5.0,152.0,0.0,0.0,0.0,1.0,0.0,1.0,18.0,0.0,0.0,5.0,5.0,5.0,14.600000000000001,0.0,0.0,5.0,8.0,5.0,12.0,0.0,12.700000000000001,3.7,-1.7000000000000002,Graduate
1.0,1.0,2.0,9773.0,1.0,1.0,125.0,1.0,19.0,1.0,4.0,5.0,122.2,1.0,0.0,0.0,1.0,0.0,0.0,18.0,0.0,0.0,6.0,0.0,0.0,0.0,0.0,0.0,6.0,0.0,0.0,0.0,0.0,11.100000000000001,0.6000000000000001,2.02,Dropout
1.0,18.0,2.0,9147.0,1.0,1.0,102.0,1.0,37.0,38.0,191.0,143.0,101.7,1.0,0.0,0.0,1.0,0.0,1.0,20.0,0.0,0.0,5.0,6.0,5.0,11.8,0.0,0.0,5.0,6.0,5.0,11.600000000000001,0.0,8.9,1.4000000000000001,3.5100000000000002,Graduate
1.0,17.0,1.0,9254.0,1.0,1.0,116.0,1.0,19.0,19.0,9.0,8.0,119.9,1.0,0.0,0.0,1.0,0.0,0.0,20.0,0.0,0.0,6.0,6.0,6.0,12.3333333333333,0.0,0.0,6.0,6.0,6.0,12.3333333333333,0.0,12.4,0.5,1.79,Graduate
1.0,17.0,1.0,9147.0,1.0,1.0,138.0,1.0,37.0,1.0,9.0,9.0,123.7,1.0,0.0,1.0,1.0,0.0,1.0,19.0,0.0,0.0,5.0,5.0,4.0,11.0,0.0,0.0,5.0,5.0,0.0,0.0,0.0,11.100000000000001,0.6000000000000001,2.02,Dropout
1.0,51.0,1.0,9070.0,1.0,1.0,135.0,1.0,3.0,1.0,3.0,5.0,121.80000000000001,0.0,0.0,0.0,1.0,0.0,1.0,19.0,0.0,5.0,11.0,11.0,11.0,13.181818181818201,0.0,5.0,11.0,11.0,11.0,12.909090909090901,0.0,11.100000000000001,0.6000000000000001,2.02,Graduate
1.0,17.0,4.0,9670.0,1.0,1.0,110.0,1.0,19.0,37.0,9.0,99.0,106.10000000000001,1.0,1.0,1.0,0.0,0.0,1.0,18.0,0.0,0.0,6.0,6.0,1.0,11.0,0.0,0.0,6.0,0.0,0.0,0.0,0.0,12.700000000000001,3.7,-1.7000000000000002,Dropout
1.0,17.0,3.0,9773.0,1.0,1.0,132.0,1.0,1.0,1.0,4.0,9.0,124.30000000000001,1.0,0.0,1.0,1.0,0.0,1.0,19.0,0.0,0.0,6.0,6.0,6.0,11.8333333333333,0.0,0.0,6.0,7.0,6.0,12.2857142857143,0.0,15.5,2.8000000000000003,-4.0600000000000005,Graduate
1.0,1.0,2.0,9500.0,1.0,1.0,126.0,1.0,1.0,38.0,4.0,7.0,124.30000000000001,1.0,0.0,0.0,1.0,0.0,1.0,20.0,0.0,0.0,8.0,8.0,8.0,12.981250000000001,0.0,0.0,8.0,8.0,8.0,12.981250000000001,0.0,9.4,-0.8,-3.12,Graduate
1.0,44.0,1.0,9147.0,1.0,39.0,117.4,1.0,19.0,1.0,4.0,9.0,117.4,1.0,0.0,0.0,1.0,0.0,0.0,21.0,0.0,4.0,7.0,10.0,6.0,11.3333333333333,0.0,1.0,5.0,6.0,5.0,11.200000000000001,0.0,11.100000000000001,0.6000000000000001,2.02,Graduate
1.0,43.0,2.0,9500.0,1.0,1.0,120.0,1.0,41.0,3.0,2.0,2.0,112.7,0.0,0.0,0.0,1.0,0.0,0.0,21.0,0.0,0.0,8.0,12.0,6.0,11.68,0.0,0.0,8.0,12.0,6.0,11.68,0.0,10.8,1.4000000000000001,1.74,Graduate
1.0,17.0,1.0,9070.0,1.0,1.0,116.0,1.0,38.0,38.0,9.0,9.0,123.7,0.0,0.0,0.0,1.0,0.0,0.0,20.0,0.0,0.0,6.0,6.0,6.0,14.5,0.0,0.0,6.0,7.0,6.0,13.5,0.0,11.100000000000001,0.6000000000000001,2.02,Graduate
1.0,18.0,2.0,9853.0,1.0,1.0,111.0,1.0,38.0,38.0,191.0,171.0,105.80000000000001,1.0,0.0,0.0,1.0,0.0,0.0,19.0,0.0,0.0,7.0,7.0,7.0,13.1428571428571,0.0,0.0,7.0,8.0,7.0,12.8571428571429,0.0,8.9,1.4000000000000001,3.5100000000000002,Graduate
1.0,17.0,3.0,9085.0,1.0,1.0,128.0,1.0,1.0,19.0,4.0,90.0,124.2,0.0,0.0,0.0,0.0,0.0,0.0,21.0,0.0,0.0,5.0,8.0,2.0,11.5,0.0,0.0,5.0,7.0,2.0,10.5,0.0,7.6000000000000005,2.6,0.32,Dropout
1.0,1.0,1.0,9085.0,1.0,1.0,123.0,1.0,30.0,19.0,4.0,90.0,122.30000000000001,0.0,0.0,0.0,1.0,0.0,0.0,18.0,0.0,0.0,5.0,6.0,5.0,14.200000000000001,0.0,0.0,5.0,7.0,5.0,11.8,0.0,7.6000000000000005,2.6,0.32,Graduate
1.0,1.0,5.0,9254.0,1.0,1.0,131.0,1.0,19.0,37.0,9.0,9.0,123.7,0.0,0.0,0.0,1.0,0.0,1.0,19.0,0.0,0.0,6.0,8.0,5.0,11.6666666666667,0.0,0.0,6.0,7.0,5.0,12.200000000000001,0.0,8.9,1.4000000000000001,3.5100000000000002,Graduate
1.0,17.0,2.0,9500.0,1.0,1.0,135.0,1.0,19.0,19.0,9.0,4.0,129.8,1.0,0.0,0.0,1.0,0.0,0.0,18.0,0.0,0.0,7.0,8.0,7.0,13.175,0.0,0.0,8.0,8.0,8.0,14.875,0.0,13.9,-0.30000000000000004,0.79,Graduate
1.0,1.0,4.0,9500.0,1.0,1.0,136.0,1.0,1.0,1.0,9.0,9.0,123.80000000000001,1.0,0.0,0.0,1.0,0.0,1.0,19.0,0.0,0.0,8.0,8.0,7.0,13.3142857142857,0.0,0.0,8.0,8.0,7.0,13.3142857142857,0.0,12.700000000000001,3.7,-1.7000000000000002,Graduate
1.0,1.0,2.0,9147.0,1.0,1.0,132.0,1.0,1.0,19.0,4.0,3.0,126.4,1.0,0.0,0.0,1.0,0.0,1.0,18.0,0.0,0.0,5.0,13.0,3.0,10.600000000000001,0.0,0.0,5.0,12.0,3.0,10.5,0.0,13.9,-0.30000000000000004,0.79,Graduate
1.0,1.0,1.0,9853.0,1.0,1.0,120.0,1.0,19.0,37.0,5.0,7.0,115.10000000000001,0.0,0.0,0.0,1.0,0.0,1.0,18.0,0.0,0.0,6.0,11.0,4.0,12.0,0.0,0.0,6.0,8.0,4.0,10.75,0.0,15.5,2.8000000000000003,-4.0600000000000005,Enrolled
1.0,1.0,1.0,9773.0,1.0,1.0,144.0,1.0,37.0,37.0,8.0,8.0,138.4,0.0,0.0,0.0,1.0,0.0,0.0,18.0,0.0,0.0,6.0,7.0,6.0,13.4285714285714,0.0,0.0,6.0,7.0,6.0,14.1428571428571,0.0,13.9,-0.30000000000000004,0.79,Graduate
1.0,17.0,1.0,9085.0,1.0,1.0,129.0,1.0,1.0,37.0,9.0,9.0,118.2,1.0,0.0,0.0,1.0,0.0,1.0,18.0,0.0,0.0,5.0,7.0,4.0,13.25,0.0,0.0,5.0,8.0,5.0,15.5714285714286,0.0,10.8,1.4000000000000001,1.74,Graduate
1.0,17.0,1.0,9070.0,1.0,1.0,136.0,1.0,38.0,19.0,7.0,7.0,121.7,1.0,0.0,0.0,1.0,0.0,0.0,18.0,0.0,0.0,6.0,6.0,2.0,13.0,0.0,0.0,6.0,6.0,0.0,0.0,0.0,12.4,0.5,1.79,Dropout
1.0,1.0,3.0,9070.0,1.0,1.0,125.0,1.0,1.0,38.0,9.0,7.0,118.0,0.0,0.0,0.0,1.0,0.0,1.0,18.0,0.0,0.0,6.0,6.0,6.0,14.3333333333333,0.0,0.0,6.0,7.0,6.0,14.0,0.0,11.100000000000001,0.6000000000000001,2.02,Enrolled
1.0,17.0,1.0,9238.0,1.0,1.0,125.0,1.0,1.0,38.0,9.0,7.0,119.80000000000001,0.0,0.0,0.0,1.0,0.0,0.0,18.0,0.0,0.0,6.0,0.0,0.0,0.0,0.0,0.0,6.0,0.0,0.0,0.0,0.0,11.100000000000001,0.6000000000000001,2.02,Dropout
1.0,1.0,1.0,9238.0,1.0,1.0,154.0,1.0,1.0,3.0,4.0,2.0,164.9,0.0,0.0,0.0,1.0,0.0,0.0,18.0,0.0,0.0,6.0,6.0,6.0,14.0,0.0,0.0,6.0,6.0,6.0,13.1666666666667,0.0,10.8,1.4000000000000001,1.74,Graduate
1.0,42.0,1.0,9085.0,1.0,1.0,100.0,1.0,1.0,38.0,4.0,9.0,100.0,1.0,0.0,0.0,1.0,0.0,1.0,20.0,0.0,1.0,2.0,2.0,2.0,12.0,0.0,1.0,6.0,11.0,6.0,12.8333333333333,0.0,13.9,-0.30000000000000004,0.79,Graduate
1.0,1.0,1.0,9853.0,1.0,1.0,124.0,1.0,3.0,1.0,2.0,5.0,121.60000000000001,0.0,0.0,0.0,1.0,0.0,0.0,18.0,0.0,0.0,6.0,9.0,5.0,12.3333333333333,0.0,0.0,6.0,10.0,5.0,10.600000000000001,0.0,15.5,2.8000000000000003,-4.0600000000000005,Enrolled
1.0,17.0,4.0,9070.0,1.0,1.0,126.0,1.0,1.0,19.0,4.0,5.0,120.4,1.0,0.0,0.0,1.0,0.0,0.0,18.0,0.0,0.0,6.0,8.0,5.0,11.8,0.0,0.0,6.0,7.0,5.0,10.4,1.0,16.2,0.30000000000000004,-0.92,Graduate
1.0,18.0,6.0,9500.0,1.0,1.0,124.0,1.0,37.0,37.0,9.0,7.0,117.80000000000001,0.0,0.0,0.0,1.0,0.0,1.0,20.0,0.0,0.0,8.0,8.0,7.0,12.7914285714286,1.0,0.0,8.0,8.0,7.0,12.7914285714286,1.0,10.8,1.4000000000000001,1.74,Graduate
4.0,43.0,1.0,9670.0,1.0,1.0,150.0,1.0,37.0,37.0,9.0,6.0,110.0,0.0,0.0,0.0,1.0,0.0,0.0,40.0,0.0,4.0,8.0,8.0,8.0,11.625,0.0,3.0,7.0,12.0,5.0,11.200000000000001,0.0,9.4,-0.8,-3.12,Graduate
1.0,1.0,6.0,9500.0,1.0,1.0,133.0,1.0,38.0,38.0,9.0,9.0,128.8,1.0,0.0,0.0,1.0,0.0,1.0,18.0,0.0,0.0,7.0,11.0,6.0,11.994444444444401,0.0,0.0,8.0,11.0,7.0,12.4314285714286,0.0,15.5,2.8000000000000003,-4.0600000000000005,Graduate
1.0,1.0,5.0,9254.0,1.0,1.0,126.0,1.0,19.0,19.0,4.0,7.0,116.60000000000001,1.0,0.0,0.0,1.0,0.0,0.0,19.0,0.0,0.0,6.0,9.0,5.0,11.600000000000001,0.0,0.0,6.0,12.0,5.0,12.200000000000001,0.0,13.9,-0.30000000000000004,0.79,Graduate
1.0,7.0,1.0,9991.0,0.0,40.0,120.0,1.0,1.0,19.0,4.0,9.0,120.0,0.0,0.0,0.0,1.0,0.0,0.0,24.0,0.0,0.0,5.0,5.0,0.0,0.0,0.0,0.0,5.0,6.0,0.0,0.0,0.0,12.4,0.5,1.79,Dropout
1.0,1.0,3.0,9773.0,1.0,1.0,175.0,1.0,3.0,38.0,2.0,10.0,157.5,1.0,0.0,0.0,1.0,0.0,0.0,19.0,0.0,0.0,6.0,8.0,6.0,13.1666666666667,0.0,0.0,6.0,7.0,6.0,13.1666666666667,0.0,10.8,1.4000000000000001,1.74,Dropout
1.0,1.0,6.0,9500.0,1.0,1.0,141.0,1.0,2.0,1.0,4.0,4.0,136.3,1.0,0.0,0.0,1.0,0.0,0.0,19.0,0.0,0.0,8.0,8.0,7.0,14.100000000000001,0.0,0.0,8.0,8.0,7.0,14.100000000000001,0.0,10.8,1.4000000000000001,1.74,Graduate
1.0,1.0,1.0,9500.0,1.0,1.0,133.0,1.0,1.0,19.0,9.0,6.0,121.5,1.0,0.0,0.0,1.0,0.0,1.0,20.0,0.0,0.0,7.0,8.0,6.0,12.3966666666667,0.0,0.0,8.0,9.0,7.0,12.9428571428571,0.0,11.100000000000001,0.6000000000000001,2.02,Graduate
1.0,1.0,1.0,9500.0,1.0,1.0,143.0,1.0,38.0,38.0,5.0,5.0,133.9,0.0,0.0,0.0,1.0,0.0,0.0,18.0,0.0,0.0,7.0,7.0,7.0,15.0142857142857,0.0,0.0,8.0,8.0,8.0,16.087500000000002,0.0,12.4,0.5,1.79,Graduate
1.0,1.0,1.0,171.0,1.0,1.0,141.0,1.0,1.0,38.0,4.0,8.0,136.8,1.0,0.0,0.0,1.0,0.0,1.0,18.0,0.0,0.0,0.0,0.0,0.0,0.0,0.0,0.0,0.0,0.0,0.0,0.0,0.0,13.9,-0.30000000000000004,0.79,Graduate
1.0,17.0,2.0,9500.0,1.0,1.0,134.0,1.0,19.0,37.0,4.0,7.0,133.5,1.0,0.0,0.0,1.0,0.0,0.0,19.0,0.0,0.0,7.0,8.0,7.0,14.05,0.0,0.0,8.0,8.0,8.0,15.100000000000001,0.0,13.9,-0.30000000000000004,0.79,Graduate
1.0,17.0,3.0,9500.0,1.0,1.0,138.0,1.0,3.0,3.0,4.0,5.0,130.0,1.0,0.0,0.0,1.0,0.0,0.0,18.0,0.0,0.0,7.0,8.0,7.0,14.85,0.0,0.0,8.0,8.0,8.0,15.200000000000001,0.0,13.9,-0.30000000000000004,0.79,Dropout
1.0,44.0,1.0,9085.0,1.0,39.0,140.0,1.0,3.0,3.0,2.0,2.0,140.0,1.0,0.0,0.0,1.0,0.0,0.0,19.0,0.0,0.0,6.0,10.0,6.0,13.0,0.0,0.0,6.0,19.0,5.0,13.0,0.0,12.4,0.5,1.79,Graduate
1.0,1.0,2.0,9500.0,1.0,1.0,142.0,1.0,37.0,37.0,9.0,7.0,132.70000000000002,1.0,0.0,0.0,1.0,0.0,1.0,19.0,0.0,0.0,7.0,8.0,7.0,14.787500000000001,0.0,0.0,8.0,8.0,8.0,15.8625,0.0,13.9,-0.30000000000000004,0.79,Graduate
1.0,1.0,1.0,9500.0,1.0,1.0,118.0,1.0,19.0,19.0,5.0,7.0,117.80000000000001,0.0,0.0,0.0,1.0,0.0,1.0,19.0,0.0,0.0,7.0,7.0,7.0,13.700000000000001,0.0,0.0,8.0,9.0,7.0,14.671428571428601,0.0,12.4,0.5,1.79,Graduate
1.0,1.0,2.0,9500.0,1.0,1.0,131.0,1.0,1.0,37.0,4.0,4.0,126.10000000000001,1.0,0.0,0.0,1.0,0.0,1.0,19.0,0.0,0.0,7.0,7.0,7.0,12.4957142857143,0.0,0.0,8.0,9.0,7.0,12.242857142857101,0.0,11.100000000000001,0.6000000000000001,2.02,Dropout
1.0,1.0,1.0,9500.0,1.0,1.0,130.0,1.0,1.0,38.0,1.0,7.0,120.0,0.0,0.0,0.0,1.0,0.0,0.0,19.0,0.0,0.0,7.0,7.0,6.0,14.5666666666667,0.0,0.0,7.0,7.0,6.0,14.5666666666667,0.0,7.6000000000000005,2.6,0.32,Graduate
1.0,39.0,1.0,9670.0,1.0,12.0,133.1,1.0,1.0,19.0,1.0,5.0,100.0,1.0,0.0,1.0,0.0,0.0,0.0,25.0,0.0,0.0,5.0,5.0,5.0,11.200000000000001,0.0,0.0,5.0,5.0,4.0,11.25,0.0,9.4,-0.8,-3.12,Dropout
1.0,1.0,1.0,9500.0,1.0,1.0,130.0,1.0,19.0,19.0,4.0,10.0,116.80000000000001,0.0,0.0,0.0,1.0,0.0,0.0,20.0,0.0,0.0,8.0,8.0,7.0,12.685714285714301,0.0,0.0,8.0,8.0,7.0,12.685714285714301,0.0,12.700000000000001,3.7,-1.7000000000000002,Graduate
1.0,53.0,1.0,9238.0,1.0,42.0,130.0,1.0,1.0,19.0,5.0,5.0,128.3,0.0,0.0,1.0,0.0,0.0,0.0,23.0,0.0,5.0,9.0,12.0,7.0,13.5714285714286,0.0,4.0,9.0,14.0,4.0,13.25,0.0,8.9,1.4000000000000001,3.5100000000000002,Dropout
1.0,1.0,1.0,9070.0,1.0,1.0,133.1,1.0,19.0,19.0,7.0,7.0,117.0,0.0,0.0,0.0,1.0,0.0,0.0,20.0,0.0,0.0,6.0,0.0,0.0,0.0,0.0,0.0,6.0,0.0,0.0,0.0,0.0,15.5,2.8000000000000003,-4.0600000000000005,Dropout
1.0,39.0,1.0,8014.0,0.0,1.0,130.0,1.0,37.0,11.0,9.0,10.0,131.5,0.0,0.0,0.0,1.0,0.0,0.0,27.0,0.0,0.0,6.0,8.0,5.0,11.0,0.0,0.0,6.0,7.0,6.0,11.1666666666667,0.0,11.100000000000001,0.6000000000000001,2.02,Graduate
1.0,1.0,1.0,9500.0,1.0,1.0,149.0,1.0,19.0,1.0,4.0,4.0,134.8,0.0,0.0,0.0,1.0,0.0,0.0,18.0,0.0,0.0,8.0,8.0,8.0,14.445,0.0,0.0,8.0,8.0,8.0,14.445,0.0,9.4,-0.8,-3.12,Graduate
1.0,1.0,1.0,9853.0,1.0,1.0,163.0,1.0,19.0,1.0,5.0,10.0,146.6,1.0,0.0,1.0,1.0,0.0,0.0,18.0,0.0,0.0,6.0,9.0,5.0,13.600000000000001,0.0,0.0,6.0,10.0,4.0,11.75,0.0,9.4,-0.8,-3.12,Enrolled
1.0,7.0,1.0,8014.0,0.0,40.0,130.0,1.0,19.0,1.0,5.0,10.0,130.0,1.0,0.0,1.0,0.0,0.0,0.0,23.0,0.0,7.0,12.0,12.0,11.0,14.0,0.0,4.0,10.0,11.0,8.0,14.625,0.0,13.9,-0.30000000000000004,0.79,Dropout
1.0,1.0,6.0,9500.0,1.0,1.0,145.0,1.0,38.0,37.0,5.0,6.0,127.5,1.0,0.0,0.0,1.0,0.0,1.0,19.0,0.0,0.0,7.0,7.0,6.0,13.4166666666667,0.0,0.0,7.0,7.0,6.0,13.4166666666667,0.0,7.6000000000000005,2.6,0.32,Graduate
1.0,1.0,1.0,9147.0,1.0,1.0,130.0,1.0,37.0,38.0,3.0,3.0,123.0,0.0,0.0,0.0,1.0,0.0,0.0,18.0,0.0,0.0,5.0,8.0,5.0,12.3333333333333,2.0,0.0,5.0,7.0,5.0,11.4,0.0,15.5,2.8000000000000003,-4.0600000000000005,Graduate
1.0,43.0,1.0,9500.0,1.0,1.0,128.0,1.0,1.0,19.0,9.0,8.0,100.0,1.0,0.0,0.0,1.0,0.0,0.0,20.0,0.0,0.0,7.0,8.0,7.0,13.100000000000001,0.0,0.0,8.0,8.0,8.0,14.8125,0.0,13.9,-0.30000000000000004,0.79,Graduate
1.0,1.0,2.0,9670.0,1.0,1.0,111.0,1.0,19.0,19.0,9.0,9.0,114.2,1.0,0.0,0.0,1.0,0.0,0.0,18.0,0.0,0.0,6.0,9.0,4.0,13.200000000000001,0.0,0.0,6.0,10.0,5.0,12.8,0.0,12.4,0.5,1.79,Graduate
1.0,1.0,1.0,9500.0,1.0,1.0,140.0,1.0,1.0,1.0,4.0,4.0,123.5,1.0,0.0,0.0,1.0,0.0,1.0,19.0,0.0,0.0,8.0,8.0,8.0,14.75,0.0,0.0,8.0,8.0,8.0,14.75,0.0,9.4,-0.8,-3.12,Graduate
1.0,44.0,1.0,9238.0,1.0,39.0,140.0,1.0,19.0,19.0,8.0,8.0,144.3,1.0,0.0,0.0,1.0,0.0,1.0,19.0,0.0,3.0,6.0,7.0,6.0,13.1428571428571,0.0,2.0,6.0,6.0,6.0,14.3333333333333,0.0,12.4,0.5,1.79,Graduate
1.0,1.0,1.0,9853.0,1.0,1.0,145.0,1.0,38.0,37.0,5.0,5.0,142.20000000000002,0.0,0.0,0.0,1.0,0.0,0.0,19.0,0.0,0.0,6.0,9.0,4.0,12.5,0.0,0.0,6.0,9.0,5.0,12.5,0.0,9.4,-0.8,-3.12,Enrolled
1.0,1.0,1.0,9085.0,1.0,1.0,151.0,1.0,3.0,3.0,1.0,90.0,161.9,0.0,0.0,0.0,1.0,0.0,0.0,18.0,0.0,0.0,5.0,6.0,4.0,13.75,0.0,0.0,5.0,8.0,5.0,14.8571428571429,0.0,7.6000000000000005,2.6,0.32,Graduate
1.0,1.0,1.0,9238.0,1.0,1.0,132.0,1.0,37.0,37.0,9.0,5.0,135.9,0.0,0.0,0.0,1.0,0.0,0.0,18.0,0.0,0.0,6.0,11.0,5.0,12.4,0.0,0.0,6.0,7.0,6.0,13.0,0.0,9.4,-0.8,-3.12,Graduate
1.0,1.0,2.0,9773.0,1.0,1.0,116.0,1.0,19.0,19.0,4.0,7.0,110.10000000000001,1.0,0.0,0.0,1.0,0.0,0.0,18.0,0.0,0.0,6.0,6.0,6.0,13.3333333333333,0.0,0.0,6.0,6.0,6.0,12.0,0.0,11.100000000000001,0.6000000000000001,2.02,Graduate
1.0,2.0,1.0,9853.0,1.0,1.0,120.0,1.0,19.0,38.0,9.0,9.0,122.5,0.0,0.0,0.0,0.0,0.0,0.0,28.0,0.0,11.0,11.0,11.0,11.0,11.7272727272727,0.0,8.0,8.0,8.0,8.0,12.0,0.0,15.5,2.8000000000000003,-4.0600000000000005,Dropout
1.0,17.0,1.0,9254.0,1.0,1.0,158.0,1.0,37.0,37.0,5.0,9.0,138.1,1.0,0.0,0.0,1.0,0.0,0.0,19.0,0.0,0.0,6.0,8.0,4.0,12.5,0.0,0.0,6.0,11.0,1.0,14.0,0.0,7.6000000000000005,2.6,0.32,Dropout
1.0,43.0,1.0,171.0,1.0,1.0,116.0,1.0,3.0,1.0,2.0,3.0,117.30000000000001,1.0,0.0,1.0,1.0,0.0,0.0,20.0,0.0,0.0,0.0,0.0,0.0,0.0,0.0,0.0,0.0,0.0,0.0,0.0,0.0,13.9,-0.30000000000000004,0.79,Dropout
1.0,1.0,2.0,9500.0,1.0,1.0,112.0,1.0,1.0,37.0,4.0,9.0,106.80000000000001,1.0,0.0,0.0,1.0,0.0,1.0,19.0,0.0,0.0,7.0,8.0,6.0,13.533333333333301,0.0,0.0,8.0,9.0,7.0,13.6142857142857,0.0,12.4,0.5,1.79,Graduate
1.0,1.0,1.0,9070.0,1.0,1.0,126.0,1.0,1.0,19.0,4.0,0.0,120.10000000000001,0.0,1.0,0.0,1.0,0.0,1.0,20.0,0.0,0.0,6.0,6.0,6.0,13.1666666666667,0.0,0.0,6.0,6.0,6.0,12.6666666666667,0.0,11.100000000000001,0.6000000000000001,2.02,Graduate
1.0,1.0,2.0,9254.0,1.0,1.0,120.0,1.0,19.0,19.0,9.0,9.0,116.5,1.0,0.0,0.0,1.0,0.0,1.0,19.0,0.0,0.0,6.0,9.0,5.0,13.200000000000001,0.0,0.0,6.0,8.0,5.0,11.0,0.0,12.4,0.5,1.79,Graduate
1.0,51.0,1.0,9070.0,1.0,1.0,117.0,1.0,5.0,1.0,2.0,10.0,120.0,1.0,0.0,0.0,1.0,0.0,0.0,21.0,0.0,0.0,6.0,7.0,5.0,12.200000000000001,0.0,0.0,6.0,7.0,4.0,12.600000000000001,0.0,8.9,1.4000000000000001,3.5100000000000002,Enrolled
1.0,1.0,1.0,9853.0,1.0,1.0,153.0,1.0,1.0,19.0,9.0,4.0,139.70000000000002,1.0,0.0,0.0,1.0,0.0,1.0,19.0,0.0,0.0,7.0,7.0,7.0,13.4285714285714,0.0,0.0,7.0,7.0,7.0,14.8571428571429,0.0,11.100000000000001,0.6000000000000001,2.02,Graduate
1.0,1.0,2.0,9070.0,1.0,1.0,124.0,1.0,19.0,1.0,9.0,3.0,123.7,1.0,0.0,0.0,1.0,0.0,1.0,18.0,0.0,1.0,6.0,8.0,6.0,12.714285714285701,1.0,0.0,6.0,8.0,6.0,12.625,0.0,13.9,-0.30000000000000004,0.79,Graduate
1.0,17.0,2.0,9130.0,1.0,1.0,127.0,1.0,3.0,1.0,2.0,1.0,116.5,0.0,0.0,0.0,1.0,0.0,0.0,19.0,0.0,0.0,6.0,0.0,0.0,0.0,0.0,0.0,6.0,0.0,0.0,0.0,0.0,15.5,2.8000000000000003,-4.0600000000000005,Dropout
1.0,17.0,1.0,9670.0,1.0,1.0,126.0,1.0,12.0,38.0,9.0,5.0,122.2,0.0,0.0,0.0,1.0,0.0,1.0,19.0,0.0,0.0,6.0,6.0,6.0,13.6666666666667,0.0,0.0,6.0,9.0,6.0,13.6666666666667,0.0,8.9,1.4000000000000001,3.5100000000000002,Graduate
1.0,1.0,1.0,9773.0,1.0,1.0,133.1,1.0,38.0,19.0,132.0,103.0,146.0,0.0,0.0,1.0,1.0,0.0,0.0,20.0,0.0,0.0,6.0,6.0,5.0,11.0,0.0,0.0,6.0,6.0,6.0,13.1666666666667,0.0,16.2,0.30000000000000004,-0.92,Graduate
1.0,17.0,2.0,9853.0,1.0,1.0,114.0,1.0,1.0,1.0,4.0,0.0,108.80000000000001,1.0,0.0,0.0,1.0,0.0,0.0,18.0,0.0,0.0,7.0,11.0,5.0,11.4,0.0,0.0,7.0,9.0,6.0,13.3333333333333,0.0,13.9,-0.30000000000000004,0.79,Enrolled
1.0,43.0,1.0,171.0,1.0,1.0,133.0,1.0,19.0,19.0,5.0,7.0,133.0,0.0,0.0,0.0,1.0,0.0,0.0,18.0,0.0,0.0,0.0,0.0,0.0,0.0,0.0,0.0,0.0,0.0,0.0,0.0,0.0,15.5,2.8000000000000003,-4.0600000000000005,Enrolled
1.0,17.0,1.0,9130.0,1.0,1.0,130.0,1.0,1.0,1.0,4.0,5.0,123.80000000000001,0.0,0.0,0.0,1.0,0.0,0.0,18.0,0.0,0.0,5.0,7.0,4.0,12.0,0.0,0.0,5.0,6.0,5.0,12.0,0.0,7.6000000000000005,2.6,0.32,Graduate
1.0,17.0,3.0,9773.0,1.0,1.0,127.0,1.0,19.0,19.0,5.0,8.0,120.0,0.0,0.0,0.0,1.0,0.0,0.0,18.0,0.0,0.0,6.0,6.0,0.0,0.0,0.0,0.0,6.0,0.0,0.0,0.0,0.0,8.9,1.4000000000000001,3.5100000000000002,Dropout
1.0,17.0,3.0,9238.0,1.0,1.0,143.0,1.0,37.0,38.0,0.0,7.0,126.9,1.0,0.0,0.0,1.0,0.0,0.0,18.0,0.0,0.0,6.0,14.0,5.0,11.0,0.0,0.0,6.0,6.0,6.0,11.6666666666667,0.0,7.6000000000000005,2.6,0.32,Graduate
1.0,18.0,4.0,9773.0,1.0,1.0,130.0,1.0,19.0,19.0,4.0,4.0,121.30000000000001,1.0,0.0,0.0,1.0,0.0,0.0,20.0,0.0,0.0,6.0,12.0,5.0,12.0,0.0,0.0,6.0,8.0,6.0,11.5714285714286,0.0,15.5,2.8000000000000003,-4.0600000000000005,Dropout
1.0,17.0,3.0,9500.0,1.0,1.0,136.0,1.0,19.0,1.0,9.0,9.0,129.0,1.0,0.0,0.0,1.0,0.0,1.0,19.0,0.0,0.0,7.0,7.0,7.0,13.308571428571401,0.0,0.0,8.0,10.0,8.0,12.55,0.0,12.4,0.5,1.79,Graduate
1.0,1.0,1.0,9853.0,1.0,1.0,125.0,1.0,37.0,37.0,9.0,9.0,114.9,1.0,0.0,1.0,0.0,0.0,0.0,21.0,0.0,0.0,6.0,8.0,3.0,13.6666666666667,0.0,0.0,6.0,7.0,3.0,10.6666666666667,0.0,15.5,2.8000000000000003,-4.0600000000000005,Dropout
1.0,17.0,1.0,9670.0,1.0,3.0,110.0,1.0,12.0,3.0,5.0,8.0,106.5,1.0,0.0,1.0,0.0,0.0,0.0,20.0,0.0,0.0,6.0,6.0,0.0,0.0,0.0,0.0,6.0,9.0,0.0,0.0,0.0,10.8,1.4000000000000001,1.74,Dropout
1.0,1.0,1.0,9254.0,1.0,1.0,130.0,1.0,37.0,38.0,9.0,9.0,133.9,1.0,0.0,0.0,1.0,0.0,0.0,18.0,0.0,0.0,6.0,10.0,5.0,12.200000000000001,0.0,0.0,6.0,8.0,4.0,11.25,0.0,9.4,-0.8,-3.12,Graduate
1.0,1.0,1.0,9773.0,1.0,1.0,135.0,1.0,1.0,4.0,5.0,3.0,124.9,0.0,0.0,0.0,1.0,0.0,1.0,20.0,0.0,0.0,6.0,7.0,6.0,12.6666666666667,0.0,0.0,6.0,6.0,6.0,12.8333333333333,0.0,10.8,1.4000000000000001,1.74,Graduate
1.0,1.0,2.0,9500.0,1.0,1.0,133.0,1.0,19.0,37.0,1.0,9.0,128.5,1.0,0.0,0.0,1.0,0.0,1.0,19.0,0.0,0.0,8.0,8.0,8.0,14.071250000000001,0.0,0.0,8.0,8.0,8.0,14.071250000000001,0.0,9.4,-0.8,-3.12,Graduate
1.0,1.0,1.0,9085.0,1.0,6.0,122.0,1.0,19.0,19.0,9.0,9.0,126.2,1.0,0.0,0.0,1.0,0.0,0.0,22.0,0.0,0.0,5.0,14.0,4.0,14.25,3.0,0.0,5.0,9.0,5.0,13.200000000000001,4.0,9.4,-0.8,-3.12,Dropout
1.0,17.0,1.0,9130.0,1.0,1.0,122.0,1.0,19.0,19.0,9.0,9.0,121.7,1.0,0.0,0.0,0.0,0.0,0.0,22.0,0.0,0.0,6.0,0.0,0.0,0.0,0.0,0.0,2.0,2.0,0.0,0.0,2.0,9.4,-0.8,-3.12,Dropout
1.0,1.0,2.0,9853.0,1.0,1.0,121.0,1.0,38.0,38.0,7.0,5.0,120.0,1.0,0.0,0.0,1.0,0.0,0.0,18.0,0.0,0.0,6.0,10.0,3.0,12.0,0.0,0.0,6.0,8.0,4.0,10.25,0.0,10.8,1.4000000000000001,1.74,Enrolled
1.0,43.0,1.0,9147.0,1.0,1.0,123.0,1.0,3.0,19.0,9.0,9.0,113.2,0.0,0.0,0.0,1.0,0.0,0.0,21.0,0.0,3.0,10.0,18.0,6.0,11.1666666666667,2.0,4.0,10.0,16.0,7.0,10.5714285714286,0.0,7.6000000000000005,2.6,0.32,Enrolled
1.0,1.0,1.0,9238.0,1.0,1.0,128.0,1.0,19.0,19.0,0.0,5.0,120.30000000000001,1.0,0.0,0.0,1.0,0.0,0.0,19.0,0.0,0.0,6.0,12.0,2.0,13.0,0.0,0.0,6.0,8.0,5.0,11.600000000000001,0.0,7.6000000000000005,2.6,0.32,Graduate
1.0,1.0,4.0,171.0,1.0,1.0,139.0,1.0,37.0,38.0,9.0,9.0,127.80000000000001,1.0,0.0,0.0,1.0,0.0,0.0,19.0,0.0,0.0,0.0,0.0,0.0,0.0,0.0,0.0,0.0,0.0,0.0,0.0,0.0,10.8,1.4000000000000001,1.74,Dropout
1.0,1.0,2.0,9500.0,1.0,1.0,124.0,1.0,34.0,34.0,0.0,0.0,123.30000000000001,1.0,0.0,0.0,1.0,0.0,1.0,20.0,0.0,0.0,8.0,8.0,7.0,14.9014285714286,1.0,0.0,8.0,8.0,7.0,14.9014285714286,1.0,9.4,-0.8,-3.12,Dropout
1.0,1.0,3.0,9500.0,1.0,1.0,135.0,1.0,38.0,19.0,8.0,8.0,126.30000000000001,1.0,0.0,1.0,1.0,0.0,1.0,18.0,0.0,0.0,7.0,8.0,7.0,12.65,0.0,0.0,8.0,9.0,8.0,12.4455555555556,0.0,15.5,2.8000000000000003,-4.0600000000000005,Graduate
1.0,51.0,1.0,9991.0,0.0,42.0,110.0,1.0,19.0,37.0,5.0,9.0,128.20000000000002,0.0,0.0,0.0,0.0,0.0,0.0,22.0,0.0,7.0,12.0,12.0,7.0,11.0,0.0,5.0,5.0,5.0,5.0,10.600000000000001,0.0,8.9,1.4000000000000001,3.5100000000000002,Dropout
1.0,17.0,4.0,9085.0,1.0,1.0,138.0,1.0,19.0,36.0,90.0,7.0,134.9,1.0,0.0,0.0,1.0,0.0,0.0,20.0,0.0,0.0,5.0,7.0,4.0,12.4,0.0,0.0,5.0,9.0,5.0,12.6666666666667,0.0,7.6000000000000005,2.6,0.32,Graduate
1.0,44.0,1.0,9003.0,1.0,39.0,140.0,1.0,38.0,38.0,6.0,6.0,140.0,0.0,0.0,0.0,1.0,0.0,0.0,19.0,0.0,0.0,6.0,7.0,6.0,12.0,0.0,0.0,6.0,7.0,6.0,12.6666666666667,0.0,12.4,0.5,1.79,Graduate
1.0,1.0,5.0,9500.0,1.0,1.0,126.0,1.0,1.0,19.0,6.0,7.0,115.5,1.0,0.0,0.0,1.0,0.0,1.0,19.0,0.0,0.0,7.0,8.0,7.0,12.1357142857143,0.0,0.0,8.0,10.0,7.0,13.3285714285714,0.0,12.4,0.5,1.79,Graduate
1.0,1.0,2.0,9500.0,1.0,1.0,113.0,1.0,38.0,19.0,9.0,7.0,106.7,1.0,0.0,0.0,1.0,0.0,1.0,20.0,0.0,0.0,7.0,10.0,5.0,12.620000000000001,0.0,0.0,7.0,8.0,6.0,12.5,0.0,11.100000000000001,0.6000000000000001,2.02,Enrolled
1.0,39.0,1.0,9991.0,0.0,1.0,120.0,1.0,38.0,38.0,3.0,3.0,140.0,0.0,0.0,0.0,1.0,0.0,0.0,25.0,0.0,0.0,5.0,11.0,3.0,10.6666666666667,0.0,0.0,5.0,11.0,3.0,11.3333333333333,0.0,15.5,2.8000000000000003,-4.0600000000000005,Enrolled
1.0,1.0,1.0,9500.0,1.0,1.0,145.0,1.0,19.0,19.0,9.0,7.0,136.6,0.0,0.0,0.0,1.0,0.0,1.0,19.0,0.0,0.0,7.0,12.0,6.0,13.766666666666701,0.0,0.0,8.0,10.0,7.0,14.0514285714286,0.0,15.5,2.8000000000000003,-4.0600000000000005,Graduate
1.0,18.0,1.0,9500.0,1.0,1.0,124.0,1.0,38.0,37.0,9.0,7.0,119.30000000000001,1.0,0.0,0.0,1.0,0.0,0.0,19.0,0.0,0.0,8.0,8.0,8.0,13.11625,0.0,0.0,8.0,8.0,8.0,13.11625,0.0,9.4,-0.8,-3.12,Graduate
1.0,1.0,1.0,9070.0,1.0,1.0,160.0,1.0,3.0,38.0,1.0,9.0,152.0,1.0,0.0,0.0,0.0,0.0,0.0,19.0,0.0,0.0,5.0,5.0,0.0,0.0,0.0,0.0,6.0,0.0,0.0,0.0,0.0,10.8,1.4000000000000001,1.74,Dropout
1.0,1.0,1.0,9500.0,1.0,1.0,138.0,1.0,38.0,19.0,9.0,5.0,144.3,0.0,0.0,0.0,1.0,0.0,0.0,20.0,0.0,0.0,7.0,9.0,6.0,12.700000000000001,0.0,0.0,8.0,8.0,7.0,13.5714285714286,0.0,13.9,-0.30000000000000004,0.79,Graduate
1.0,39.0,2.0,9556.0,1.0,1.0,130.0,1.0,37.0,37.0,9.0,9.0,159.0,1.0,0.0,0.0,1.0,0.0,0.0,25.0,0.0,0.0,7.0,11.0,7.0,11.8571428571429,0.0,0.0,8.0,21.0,5.0,11.700000000000001,0.0,12.4,0.5,1.79,Enrolled
1.0,17.0,1.0,9500.0,1.0,1.0,127.0,1.0,19.0,38.0,5.0,9.0,129.5,1.0,0.0,0.0,1.0,0.0,1.0,20.0,0.0,0.0,7.0,7.0,6.0,12.3333333333333,0.0,0.0,7.0,7.0,6.0,12.3333333333333,0.0,7.6000000000000005,2.6,0.32,Graduate
1.0,39.0,1.0,9238.0,1.0,1.0,170.0,1.0,38.0,19.0,9.0,9.0,140.0,1.0,0.0,0.0,1.0,0.0,0.0,24.0,0.0,0.0,6.0,9.0,4.0,15.75,0.0,0.0,6.0,10.0,5.0,16.400000000000002,0.0,9.4,-0.8,-3.12,Enrolled
1.0,1.0,3.0,9670.0,1.0,1.0,111.0,1.0,1.0,1.0,5.0,5.0,105.4,0.0,0.0,0.0,1.0,0.0,0.0,20.0,0.0,0.0,5.0,6.0,5.0,13.3333333333333,0.0,0.0,5.0,6.0,5.0,13.200000000000001,0.0,7.6000000000000005,2.6,0.32,Graduate
1.0,42.0,1.0,9500.0,1.0,1.0,100.0,1.0,1.0,19.0,4.0,8.0,136.0,1.0,0.0,0.0,1.0,0.0,0.0,21.0,0.0,4.0,7.0,9.0,7.0,14.3555555555556,0.0,5.0,8.0,8.0,8.0,13.49375,0.0,15.5,2.8000000000000003,-4.0600000000000005,Graduate
1.0,44.0,1.0,9003.0,1.0,39.0,160.0,1.0,37.0,38.0,9.0,9.0,160.0,0.0,0.0,1.0,1.0,0.0,1.0,19.0,0.0,0.0,6.0,8.0,6.0,13.0,0.0,0.0,6.0,11.0,5.0,13.0,0.0,15.5,2.8000000000000003,-4.0600000000000005,Graduate
1.0,1.0,1.0,9773.0,1.0,1.0,152.0,1.0,38.0,37.0,9.0,9.0,139.1,0.0,0.0,0.0,1.0,0.0,1.0,19.0,0.0,0.0,6.0,6.0,6.0,12.8333333333333,0.0,0.0,6.0,6.0,6.0,13.5,0.0,16.2,0.30000000000000004,-0.92,Graduate
1.0,1.0,2.0,9670.0,1.0,1.0,144.0,1.0,37.0,38.0,9.0,9.0,126.9,0.0,0.0,0.0,1.0,0.0,1.0,21.0,0.0,0.0,5.0,5.0,5.0,13.200000000000001,0.0,0.0,5.0,5.0,4.0,13.0,0.0,9.4,-0.8,-3.12,Graduate
1.0,39.0,1.0,9500.0,1.0,3.0,133.8,1.0,3.0,37.0,2.0,10.0,184.0,0.0,0.0,0.0,1.0,0.0,0.0,28.0,0.0,0.0,7.0,9.0,7.0,17.0055555555556,0.0,1.0,8.0,9.0,8.0,16.5822222222222,0.0,15.5,2.8000000000000003,-4.0600000000000005,Graduate
1.0,1.0,1.0,9238.0,1.0,1.0,125.0,1.0,37.0,38.0,9.0,9.0,125.0,1.0,0.0,1.0,0.0,0.0,1.0,19.0,0.0,0.0,6.0,8.0,5.0,10.600000000000001,0.0,0.0,6.0,8.0,5.0,11.0,0.0,10.8,1.4000000000000001,1.74,Graduate
1.0,1.0,1.0,9147.0,1.0,1.0,150.0,1.0,37.0,37.0,9.0,6.0,138.5,0.0,0.0,0.0,1.0,0.0,1.0,18.0,0.0,0.0,5.0,5.0,5.0,14.0,0.0,0.0,5.0,6.0,5.0,13.600000000000001,0.0,12.4,0.5,1.79,Graduate
5.0,17.0,5.0,9500.0,1.0,1.0,143.0,1.0,37.0,38.0,5.0,8.0,133.5,1.0,0.0,0.0,1.0,0.0,1.0,18.0,0.0,0.0,8.0,8.0,7.0,12.1142857142857,0.0,0.0,8.0,8.0,7.0,12.1142857142857,0.0,12.700000000000001,3.7,-1.7000000000000002,Graduate
1.0,1.0,3.0,9500.0,1.0,1.0,145.0,1.0,19.0,37.0,7.0,7.0,141.5,1.0,0.0,0.0,1.0,0.0,1.0,18.0,0.0,0.0,8.0,8.0,8.0,13.058750000000002,0.0,0.0,8.0,8.0,8.0,13.058750000000002,0.0,9.4,-0.8,-3.12,Graduate
1.0,42.0,1.0,9500.0,1.0,1.0,120.0,1.0,1.0,2.0,9.0,3.0,130.0,1.0,0.0,0.0,1.0,0.0,0.0,22.0,0.0,4.0,8.0,8.0,7.0,13.2857142857143,0.0,4.0,8.0,8.0,7.0,13.2857142857143,0.0,12.700000000000001,3.7,-1.7000000000000002,Graduate
1.0,1.0,1.0,9147.0,1.0,1.0,138.0,1.0,37.0,37.0,194.0,171.0,131.0,1.0,0.0,0.0,1.0,0.0,0.0,19.0,0.0,0.0,5.0,9.0,4.0,11.0,0.0,0.0,5.0,8.0,3.0,10.6666666666667,0.0,12.4,0.5,1.79,Enrolled
1.0,1.0,1.0,9500.0,1.0,1.0,145.0,1.0,19.0,1.0,9.0,5.0,145.0,0.0,0.0,0.0,1.0,0.0,1.0,18.0,0.0,0.0,7.0,7.0,7.0,14.0714285714286,0.0,0.0,8.0,8.0,8.0,15.162500000000001,0.0,13.9,-0.30000000000000004,0.79,Graduate
1.0,17.0,1.0,9254.0,1.0,1.0,122.0,1.0,37.0,37.0,5.0,6.0,114.30000000000001,0.0,0.0,0.0,0.0,0.0,0.0,20.0,0.0,0.0,6.0,0.0,0.0,0.0,0.0,0.0,6.0,0.0,0.0,0.0,0.0,15.5,2.8000000000000003,-4.0600000000000005,Dropout
1.0,44.0,1.0,171.0,1.0,39.0,110.0,1.0,37.0,37.0,5.0,6.0,108.30000000000001,0.0,0.0,0.0,0.0,0.0,0.0,26.0,0.0,4.0,9.0,9.0,4.0,11.25,0.0,3.0,10.0,12.0,3.0,11.0,0.0,12.4,0.5,1.79,Dropout
1.0,1.0,3.0,9070.0,1.0,1.0,136.0,1.0,37.0,38.0,9.0,9.0,125.2,1.0,0.0,0.0,1.0,0.0,1.0,18.0,0.0,0.0,6.0,6.0,6.0,14.0,0.0,0.0,6.0,8.0,6.0,13.625,0.0,10.8,1.4000000000000001,1.74,Graduate
1.0,1.0,1.0,9254.0,1.0,1.0,145.0,1.0,1.0,38.0,4.0,9.0,131.70000000000002,1.0,0.0,0.0,1.0,0.0,1.0,21.0,0.0,0.0,6.0,8.0,6.0,12.1666666666667,0.0,0.0,6.0,11.0,3.0,11.6666666666667,0.0,10.8,1.4000000000000001,1.74,Dropout
1.0,17.0,4.0,9500.0,1.0,1.0,141.0,1.0,38.0,37.0,3.0,3.0,126.30000000000001,1.0,0.0,0.0,1.0,0.0,0.0,18.0,0.0,0.0,8.0,8.0,7.0,13.2971428571429,0.0,0.0,8.0,8.0,7.0,13.2971428571429,0.0,10.8,1.4000000000000001,1.74,Graduate
1.0,1.0,1.0,9085.0,1.0,1.0,149.0,1.0,19.0,19.0,4.0,6.0,147.6,1.0,0.0,0.0,1.0,0.0,0.0,20.0,0.0,0.0,6.0,14.0,6.0,13.9230769230769,0.0,0.0,6.0,9.0,6.0,14.25,0.0,15.5,2.8000000000000003,-4.0600000000000005,Graduate
1.0,1.0,6.0,9500.0,1.0,1.0,130.0,1.0,38.0,19.0,5.0,6.0,125.10000000000001,1.0,0.0,0.0,1.0,0.0,0.0,18.0,0.0,0.0,7.0,11.0,7.0,13.370000000000001,0.0,0.0,8.0,13.0,7.0,12.8333333333333,0.0,15.5,2.8000000000000003,-4.0600000000000005,Graduate
1.0,17.0,6.0,9147.0,1.0,1.0,121.0,1.0,19.0,38.0,7.0,9.0,123.80000000000001,0.0,0.0,0.0,1.0,0.0,1.0,19.0,0.0,0.0,5.0,5.0,5.0,12.4,0.0,0.0,5.0,8.0,3.0,11.0,0.0,12.700000000000001,3.7,-1.7000000000000002,Enrolled
1.0,1.0,1.0,9670.0,1.0,1.0,128.0,1.0,1.0,1.0,2.0,2.0,130.8,1.0,0.0,0.0,1.0,0.0,0.0,20.0,0.0,0.0,5.0,5.0,4.0,15.0,0.0,0.0,5.0,5.0,4.0,13.75,0.0,7.6000000000000005,2.6,0.32,Dropout
1.0,1.0,1.0,9853.0,1.0,1.0,152.0,1.0,19.0,19.0,9.0,5.0,154.10000000000002,0.0,0.0,1.0,1.0,0.0,1.0,18.0,0.0,0.0,6.0,6.0,6.0,13.3333333333333,0.0,0.0,6.0,7.0,6.0,12.5714285714286,0.0,12.700000000000001,3.7,-1.7000000000000002,Graduate
1.0,16.0,2.0,9147.0,1.0,1.0,132.0,1.0,37.0,37.0,9.0,9.0,122.60000000000001,1.0,0.0,0.0,1.0,0.0,1.0,20.0,0.0,0.0,5.0,8.0,3.0,12.0,0.0,0.0,5.0,9.0,4.0,12.625,0.0,10.8,1.4000000000000001,1.74,Enrolled
1.0,1.0,2.0,8014.0,0.0,1.0,107.0,1.0,19.0,11.0,0.0,0.0,103.5,1.0,0.0,0.0,1.0,0.0,0.0,22.0,0.0,0.0,6.0,7.0,5.0,13.4,0.0,0.0,6.0,9.0,5.0,12.200000000000001,0.0,7.6000000000000005,2.6,0.32,Graduate
1.0,1.0,1.0,171.0,1.0,1.0,131.0,1.0,19.0,38.0,4.0,5.0,132.8,1.0,0.0,0.0,1.0,0.0,0.0,18.0,0.0,0.0,0.0,0.0,0.0,0.0,0.0,0.0,0.0,0.0,0.0,0.0,0.0,7.6000000000000005,2.6,0.32,Enrolled
1.0,51.0,1.0,9991.0,0.0,1.0,141.0,1.0,19.0,38.0,5.0,7.0,100.0,0.0,0.0,0.0,1.0,0.0,0.0,21.0,0.0,1.0,5.0,9.0,4.0,11.5,0.0,1.0,5.0,5.0,5.0,11.4,0.0,8.9,1.4000000000000001,3.5100000000000002,Graduate
1.0,18.0,2.0,9853.0,1.0,1.0,120.0,1.0,1.0,1.0,9.0,0.0,115.80000000000001,0.0,0.0,0.0,1.0,0.0,0.0,18.0,0.0,0.0,7.0,12.0,6.0,12.0,0.0,0.0,7.0,11.0,6.0,12.1666666666667,0.0,13.9,-0.30000000000000004,0.79,Enrolled
1.0,1.0,1.0,9500.0,1.0,1.0,148.0,1.0,19.0,19.0,4.0,4.0,133.8,0.0,0.0,0.0,1.0,0.0,0.0,18.0,0.0,0.0,8.0,8.0,7.0,13.4857142857143,0.0,0.0,8.0,8.0,7.0,13.4857142857143,0.0,12.700000000000001,3.7,-1.7000000000000002,Graduate
1.0,1.0,1.0,9070.0,1.0,1.0,130.0,1.0,12.0,19.0,4.0,5.0,118.5,0.0,1.0,0.0,1.0,0.0,1.0,18.0,0.0,0.0,6.0,6.0,6.0,12.0,0.0,0.0,6.0,8.0,6.0,11.2857142857143,0.0,8.9,1.4000000000000001,3.5100000000000002,Graduate
1.0,17.0,1.0,171.0,1.0,1.0,145.0,1.0,37.0,37.0,9.0,1.0,150.3,1.0,0.0,0.0,1.0,0.0,0.0,19.0,0.0,0.0,0.0,0.0,0.0,0.0,0.0,0.0,0.0,0.0,0.0,0.0,0.0,15.5,2.8000000000000003,-4.0600000000000005,Dropout
1.0,17.0,3.0,9147.0,1.0,1.0,112.0,1.0,1.0,19.0,3.0,5.0,107.80000000000001,1.0,0.0,0.0,1.0,0.0,0.0,19.0,0.0,0.0,5.0,7.0,3.0,10.3333333333333,0.0,0.0,5.0,11.0,3.0,14.4285714285714,0.0,10.8,1.4000000000000001,1.74,Enrolled
1.0,1.0,1.0,9500.0,1.0,1.0,138.0,1.0,38.0,1.0,9.0,4.0,127.5,1.0,0.0,0.0,1.0,0.0,0.0,19.0,0.0,0.0,7.0,10.0,5.0,12.94,0.0,0.0,7.0,7.0,5.0,13.76,0.0,16.2,0.30000000000000004,-0.92,Enrolled
1.0,1.0,3.0,9500.0,1.0,1.0,135.0,1.0,1.0,37.0,7.0,7.0,120.5,1.0,0.0,0.0,1.0,0.0,0.0,19.0,0.0,0.0,8.0,11.0,7.0,13.2585714285714,0.0,0.0,8.0,11.0,7.0,13.2585714285714,0.0,10.8,1.4000000000000001,1.74,Graduate
1.0,1.0,1.0,9147.0,1.0,1.0,118.0,1.0,1.0,2.0,10.0,10.0,117.30000000000001,1.0,0.0,0.0,1.0,0.0,0.0,19.0,0.0,0.0,5.0,9.0,4.0,12.25,0.0,0.0,5.0,10.0,4.0,12.0,0.0,8.9,1.4000000000000001,3.5100000000000002,Enrolled
1.0,17.0,1.0,9254.0,1.0,1.0,123.0,1.0,38.0,37.0,9.0,7.0,120.60000000000001,1.0,0.0,0.0,0.0,0.0,0.0,19.0,0.0,0.0,6.0,9.0,3.0,11.6666666666667,0.0,0.0,6.0,15.0,1.0,10.0,0.0,10.8,1.4000000000000001,1.74,Dropout
1.0,16.0,4.0,9254.0,1.0,1.0,126.0,1.0,38.0,37.0,9.0,7.0,118.7,1.0,0.0,0.0,1.0,0.0,1.0,21.0,0.0,0.0,6.0,7.0,6.0,13.5714285714286,0.0,0.0,6.0,6.0,6.0,12.5,0.0,8.9,1.4000000000000001,3.5100000000000002,Graduate
1.0,1.0,2.0,9773.0,1.0,1.0,150.0,41.0,1.0,37.0,9.0,7.0,130.8,0.0,0.0,0.0,1.0,0.0,1.0,20.0,1.0,0.0,6.0,9.0,5.0,11.8,0.0,0.0,6.0,9.0,5.0,11.8333333333333,0.0,15.5,2.8000000000000003,-4.0600000000000005,Graduate
1.0,1.0,1.0,9147.0,1.0,1.0,121.0,1.0,19.0,19.0,3.0,9.0,112.60000000000001,1.0,0.0,0.0,1.0,0.0,1.0,20.0,0.0,0.0,5.0,7.0,5.0,14.200000000000001,0.0,0.0,5.0,7.0,5.0,13.2857142857143,0.0,11.100000000000001,0.6000000000000001,2.02,Graduate
1.0,39.0,1.0,9991.0,0.0,19.0,133.1,1.0,37.0,37.0,9.0,9.0,117.2,0.0,0.0,0.0,1.0,0.0,0.0,41.0,0.0,0.0,5.0,8.0,5.0,11.0,0.0,0.0,5.0,6.0,5.0,11.8,1.0,7.6000000000000005,2.6,0.32,Graduate
4.0,7.0,1.0,9500.0,1.0,40.0,130.0,1.0,37.0,37.0,3.0,3.0,130.0,1.0,0.0,0.0,1.0,0.0,0.0,32.0,0.0,0.0,7.0,16.0,4.0,13.625,0.0,0.0,7.0,8.0,7.0,12.637500000000001,0.0,12.4,0.5,1.79,Enrolled
1.0,17.0,3.0,9500.0,1.0,1.0,139.0,1.0,38.0,1.0,9.0,5.0,131.8,1.0,0.0,0.0,1.0,0.0,0.0,18.0,0.0,0.0,8.0,8.0,7.0,14.652857142857101,0.0,0.0,8.0,8.0,7.0,14.652857142857101,0.0,10.8,1.4000000000000001,1.74,Graduate
4.0,39.0,1.0,8014.0,0.0,1.0,160.0,1.0,37.0,37.0,3.0,4.0,97.0,0.0,0.0,0.0,1.0,0.0,1.0,35.0,0.0,0.0,6.0,9.0,6.0,11.3333333333333,0.0,0.0,6.0,6.0,6.0,11.3333333333333,0.0,15.5,2.8000000000000003,-4.0600000000000005,Graduate
1.0,39.0,1.0,9500.0,1.0,1.0,110.0,1.0,37.0,37.0,9.0,9.0,130.0,0.0,0.0,1.0,0.0,0.0,0.0,32.0,0.0,0.0,7.0,12.0,4.0,13.700000000000001,0.0,0.0,7.0,7.0,0.0,0.0,0.0,16.2,0.30000000000000004,-0.92,Dropout
1.0,39.0,1.0,8014.0,0.0,40.0,140.0,1.0,19.0,37.0,5.0,9.0,148.0,0.0,0.0,0.0,1.0,0.0,0.0,37.0,0.0,7.0,11.0,11.0,11.0,13.7272727272727,0.0,4.0,8.0,8.0,8.0,14.75,0.0,12.4,0.5,1.79,Graduate
2.0,39.0,2.0,9147.0,1.0,3.0,130.0,1.0,3.0,37.0,9.0,9.0,103.4,0.0,0.0,0.0,1.0,0.0,0.0,30.0,0.0,4.0,7.0,9.0,7.0,11.75,0.0,3.0,8.0,12.0,7.0,11.1428571428571,0.0,12.700000000000001,3.7,-1.7000000000000002,Dropout
1.0,43.0,2.0,9773.0,1.0,1.0,132.0,1.0,19.0,19.0,0.0,0.0,127.10000000000001,0.0,0.0,0.0,1.0,1.0,0.0,23.0,0.0,0.0,6.0,9.0,6.0,12.3333333333333,0.0,0.0,6.0,11.0,5.0,13.0,0.0,7.6000000000000005,2.6,0.32,Graduate
1.0,17.0,2.0,9773.0,1.0,1.0,139.0,1.0,3.0,1.0,2.0,7.0,124.0,1.0,0.0,0.0,1.0,0.0,1.0,20.0,0.0,0.0,6.0,6.0,6.0,14.0,0.0,0.0,6.0,7.0,6.0,13.8571428571429,0.0,15.5,2.8000000000000003,-4.0600000000000005,Dropout
1.0,1.0,1.0,9670.0,1.0,1.0,135.0,1.0,19.0,37.0,5.0,7.0,121.4,0.0,0.0,0.0,1.0,1.0,0.0,21.0,0.0,0.0,5.0,7.0,4.0,11.5,0.0,0.0,5.0,6.0,4.0,11.75,0.0,9.4,-0.8,-3.12,Graduate
1.0,1.0,1.0,9147.0,1.0,1.0,117.0,1.0,38.0,19.0,5.0,7.0,118.10000000000001,0.0,0.0,0.0,1.0,1.0,0.0,19.0,0.0,0.0,5.0,6.0,5.0,11.200000000000001,0.0,0.0,5.0,5.0,5.0,13.200000000000001,0.0,12.4,0.5,1.79,Graduate
1.0,17.0,4.0,9500.0,1.0,1.0,137.0,1.0,1.0,19.0,4.0,3.0,121.30000000000001,1.0,0.0,0.0,1.0,1.0,1.0,18.0,0.0,0.0,8.0,8.0,7.0,15.07,0.0,0.0,8.0,8.0,7.0,15.07,0.0,10.8,1.4000000000000001,1.74,Graduate
1.0,42.0,1.0,9119.0,1.0,1.0,144.0,1.0,34.0,34.0,0.0,0.0,119.5,0.0,0.0,0.0,1.0,1.0,0.0,18.0,0.0,0.0,5.0,6.0,1.0,10.0,0.0,0.0,5.0,7.0,1.0,12.0,0.0,10.8,1.4000000000000001,1.74,Dropout
1.0,39.0,1.0,9991.0,0.0,1.0,130.0,1.0,1.0,1.0,4.0,10.0,115.2,0.0,0.0,0.0,1.0,1.0,0.0,24.0,0.0,0.0,5.0,5.0,4.0,12.0,0.0,0.0,5.0,6.0,5.0,12.6666666666667,0.0,12.4,0.5,1.79,Enrolled
1.0,18.0,1.0,9670.0,1.0,1.0,140.0,1.0,1.0,37.0,9.0,9.0,130.20000000000002,1.0,0.0,0.0,1.0,1.0,0.0,22.0,0.0,0.0,6.0,11.0,4.0,13.0,0.0,0.0,6.0,11.0,4.0,12.600000000000001,0.0,12.700000000000001,3.7,-1.7000000000000002,Graduate
1.0,17.0,4.0,9254.0,1.0,1.0,130.0,1.0,19.0,1.0,5.0,5.0,130.0,1.0,0.0,0.0,1.0,1.0,0.0,18.0,0.0,0.0,6.0,7.0,4.0,11.0,0.0,0.0,6.0,7.0,3.0,11.25,0.0,16.2,0.30000000000000004,-0.92,Dropout
1.0,16.0,2.0,9238.0,1.0,1.0,130.0,1.0,37.0,37.0,5.0,6.0,126.9,1.0,0.0,0.0,1.0,0.0,0.0,18.0,0.0,0.0,6.0,8.0,6.0,13.5714285714286,0.0,0.0,6.0,11.0,5.0,12.1666666666667,0.0,9.4,-0.8,-3.12,Graduate
1.0,1.0,2.0,9070.0,1.0,1.0,152.0,101.0,2.0,1.0,9.0,1.0,168.5,1.0,0.0,0.0,1.0,1.0,0.0,21.0,1.0,0.0,6.0,7.0,5.0,14.600000000000001,0.0,0.0,6.0,6.0,5.0,14.200000000000001,0.0,16.2,0.30000000000000004,-0.92,Graduate
4.0,39.0,1.0,9500.0,1.0,1.0,133.1,1.0,37.0,37.0,9.0,9.0,130.0,0.0,0.0,1.0,1.0,0.0,0.0,38.0,0.0,0.0,7.0,13.0,3.0,11.8333333333333,0.0,0.0,7.0,14.0,2.0,10.0,0.0,16.2,0.30000000000000004,-0.92,Dropout
1.0,18.0,1.0,9556.0,1.0,1.0,140.0,1.0,38.0,37.0,9.0,9.0,122.80000000000001,0.0,0.0,0.0,1.0,0.0,1.0,19.0,0.0,0.0,7.0,11.0,7.0,12.625,0.0,0.0,8.0,11.0,8.0,12.512500000000001,0.0,12.700000000000001,3.7,-1.7000000000000002,Graduate
6.0,39.0,1.0,9500.0,1.0,1.0,133.1,1.0,37.0,37.0,9.0,9.0,110.0,0.0,0.0,0.0,1.0,0.0,0.0,36.0,0.0,0.0,7.0,12.0,4.0,11.5,0.0,0.0,7.0,14.0,3.0,12.3333333333333,0.0,16.2,0.30000000000000004,-0.92,Dropout
1.0,16.0,1.0,9085.0,1.0,1.0,140.0,1.0,1.0,1.0,9.0,9.0,127.10000000000001,1.0,0.0,0.0,1.0,0.0,0.0,18.0,0.0,0.0,5.0,8.0,4.0,13.25,1.0,0.0,5.0,10.0,4.0,10.5,0.0,12.700000000000001,3.7,-1.7000000000000002,Graduate
1.0,1.0,3.0,9500.0,1.0,1.0,133.1,1.0,19.0,19.0,5.0,5.0,108.5,1.0,0.0,0.0,1.0,0.0,0.0,19.0,0.0,0.0,7.0,9.0,7.0,12.606250000000001,0.0,0.0,8.0,12.0,6.0,11.9,0.0,12.4,0.5,1.79,Graduate
1.0,53.0,1.0,9085.0,1.0,42.0,140.0,1.0,19.0,38.0,9.0,9.0,138.20000000000002,0.0,0.0,1.0,0.0,0.0,0.0,21.0,0.0,7.0,10.0,15.0,8.0,13.75,0.0,4.0,9.0,17.0,5.0,13.200000000000001,0.0,8.9,1.4000000000000001,3.5100000000000002,Dropout
1.0,1.0,2.0,9500.0,1.0,1.0,133.1,1.0,19.0,38.0,192.0,192.0,96.0,1.0,0.0,0.0,1.0,0.0,0.0,19.0,0.0,0.0,7.0,10.0,6.0,13.5983333333333,0.0,0.0,8.0,11.0,6.0,11.9333333333333,0.0,11.100000000000001,0.6000000000000001,2.02,Enrolled
1.0,1.0,1.0,9238.0,1.0,1.0,135.0,1.0,19.0,19.0,9.0,9.0,124.5,0.0,0.0,0.0,1.0,0.0,1.0,18.0,0.0,0.0,6.0,11.0,5.0,11.1428571428571,0.0,0.0,6.0,8.0,6.0,12.2857142857143,0.0,16.2,0.30000000000000004,-0.92,Graduate
2.0,7.0,1.0,9500.0,1.0,3.0,120.0,1.0,37.0,19.0,9.0,7.0,120.0,1.0,0.0,0.0,1.0,0.0,0.0,45.0,0.0,7.0,11.0,11.0,11.0,12.700000000000001,0.0,6.0,10.0,12.0,10.0,12.968181818181801,0.0,13.9,-0.30000000000000004,0.79,Enrolled
1.0,17.0,1.0,9147.0,1.0,1.0,140.0,1.0,37.0,37.0,9.0,7.0,132.3,1.0,0.0,0.0,1.0,0.0,0.0,20.0,0.0,0.0,5.0,9.0,1.0,10.0,0.0,0.0,5.0,10.0,1.0,11.0,0.0,7.6000000000000005,2.6,0.32,Dropout
1.0,17.0,1.0,9254.0,1.0,1.0,128.0,1.0,19.0,1.0,5.0,7.0,120.7,1.0,0.0,1.0,1.0,0.0,0.0,18.0,0.0,0.0,6.0,8.0,6.0,11.6666666666667,0.0,0.0,6.0,10.0,4.0,11.5,0.0,13.9,-0.30000000000000004,0.79,Graduate
1.0,1.0,1.0,9670.0,1.0,1.0,141.0,1.0,1.0,19.0,4.0,4.0,132.6,0.0,0.0,0.0,1.0,0.0,1.0,18.0,0.0,0.0,6.0,8.0,6.0,14.0,0.0,0.0,6.0,7.0,6.0,13.1428571428571,0.0,11.100000000000001,0.6000000000000001,2.02,Graduate
1.0,7.0,2.0,9130.0,1.0,3.0,140.0,1.0,34.0,34.0,0.0,0.0,140.0,0.0,0.0,0.0,1.0,0.0,0.0,25.0,0.0,0.0,5.0,9.0,0.0,0.0,4.0,0.0,5.0,9.0,0.0,0.0,3.0,10.8,1.4000000000000001,1.74,Dropout
1.0,1.0,6.0,9500.0,1.0,1.0,139.0,1.0,1.0,1.0,4.0,4.0,124.5,1.0,0.0,0.0,1.0,0.0,0.0,19.0,0.0,0.0,8.0,9.0,7.0,12.0414285714286,0.0,0.0,8.0,9.0,7.0,12.0414285714286,0.0,10.8,1.4000000000000001,1.74,Graduate
1.0,1.0,1.0,171.0,1.0,1.0,142.0,1.0,19.0,19.0,7.0,7.0,142.0,1.0,0.0,0.0,1.0,0.0,1.0,18.0,0.0,0.0,0.0,0.0,0.0,0.0,0.0,0.0,0.0,0.0,0.0,0.0,0.0,13.9,-0.30000000000000004,0.79,Graduate
1.0,7.0,1.0,9254.0,1.0,40.0,130.0,1.0,1.0,1.0,3.0,6.0,130.0,0.0,0.0,0.0,1.0,0.0,0.0,39.0,0.0,12.0,13.0,14.0,13.0,13.7692307692308,0.0,9.0,12.0,16.0,12.0,14.5833333333333,0.0,13.9,-0.30000000000000004,0.79,Graduate
2.0,39.0,1.0,9003.0,1.0,1.0,130.0,1.0,38.0,37.0,9.0,9.0,144.0,0.0,0.0,0.0,1.0,0.0,0.0,29.0,0.0,13.0,18.0,20.0,18.0,15.4444444444444,0.0,11.0,13.0,13.0,13.0,15.307692307692301,0.0,15.5,2.8000000000000003,-4.0600000000000005,Graduate
1.0,17.0,1.0,9853.0,1.0,1.0,125.0,1.0,19.0,19.0,4.0,7.0,128.5,1.0,0.0,0.0,1.0,0.0,0.0,18.0,0.0,0.0,7.0,9.0,6.0,11.5,0.0,0.0,7.0,8.0,7.0,12.714285714285701,0.0,13.9,-0.30000000000000004,0.79,Enrolled
1.0,7.0,1.0,9070.0,1.0,3.0,140.0,1.0,37.0,2.0,9.0,3.0,140.0,0.0,0.0,0.0,0.0,0.0,0.0,23.0,0.0,0.0,3.0,3.0,2.0,10.0,0.0,0.0,6.0,0.0,0.0,0.0,0.0,10.8,1.4000000000000001,1.74,Dropout
1.0,42.0,1.0,9853.0,1.0,1.0,120.0,1.0,1.0,37.0,5.0,5.0,113.9,1.0,0.0,0.0,1.0,0.0,0.0,21.0,0.0,0.0,6.0,8.0,4.0,12.25,0.0,0.0,6.0,13.0,3.0,10.3333333333333,0.0,12.700000000000001,3.7,-1.7000000000000002,Dropout
1.0,1.0,1.0,9238.0,1.0,1.0,147.0,1.0,1.0,19.0,4.0,4.0,137.20000000000002,0.0,0.0,0.0,0.0,0.0,0.0,18.0,0.0,0.0,6.0,6.0,6.0,14.5,0.0,0.0,6.0,6.0,6.0,15.1666666666667,0.0,10.8,1.4000000000000001,1.74,Graduate
1.0,7.0,1.0,9085.0,1.0,40.0,140.0,1.0,1.0,19.0,5.0,5.0,140.0,1.0,0.0,0.0,1.0,0.0,0.0,23.0,0.0,0.0,6.0,7.0,6.0,15.5714285714286,0.0,0.0,6.0,8.0,6.0,16.375,0.0,12.4,0.5,1.79,Graduate
1.0,1.0,1.0,9130.0,1.0,1.0,161.0,1.0,1.0,19.0,4.0,4.0,152.3,0.0,0.0,0.0,1.0,0.0,0.0,18.0,0.0,0.0,6.0,7.0,6.0,15.5714285714286,0.0,0.0,6.0,7.0,6.0,14.714285714285701,0.0,11.100000000000001,0.6000000000000001,2.02,Graduate
2.0,39.0,1.0,8014.0,0.0,19.0,133.1,1.0,37.0,37.0,4.0,8.0,112.5,0.0,0.0,0.0,1.0,0.0,0.0,32.0,0.0,0.0,6.0,8.0,5.0,13.8,0.0,0.0,6.0,7.0,6.0,12.1666666666667,0.0,9.4,-0.8,-3.12,Graduate
2.0,39.0,2.0,9147.0,1.0,1.0,150.0,1.0,19.0,37.0,9.0,7.0,101.0,0.0,0.0,1.0,0.0,0.0,0.0,29.0,0.0,0.0,5.0,8.0,3.0,10.6666666666667,0.0,0.0,5.0,14.0,2.0,14.8,0.0,10.8,1.4000000000000001,1.74,Dropout
1.0,1.0,6.0,9238.0,1.0,1.0,113.0,1.0,1.0,38.0,194.0,163.0,112.30000000000001,1.0,0.0,1.0,1.0,0.0,1.0,20.0,0.0,0.0,6.0,8.0,5.0,11.600000000000001,0.0,0.0,6.0,8.0,4.0,11.75,0.0,8.9,1.4000000000000001,3.5100000000000002,Graduate
1.0,39.0,1.0,9238.0,1.0,1.0,140.0,1.0,34.0,34.0,0.0,0.0,114.0,1.0,0.0,0.0,0.0,0.0,0.0,28.0,0.0,0.0,6.0,11.0,1.0,13.0,0.0,0.0,6.0,12.0,0.0,0.0,0.0,9.4,-0.8,-3.12,Dropout
1.0,7.0,1.0,9147.0,1.0,3.0,130.0,1.0,38.0,38.0,1.0,9.0,130.0,0.0,0.0,0.0,1.0,0.0,0.0,27.0,0.0,0.0,5.0,9.0,3.0,12.0,0.0,0.0,5.0,11.0,4.0,13.625,0.0,10.8,1.4000000000000001,1.74,Graduate
1.0,43.0,2.0,9500.0,1.0,1.0,120.0,1.0,37.0,34.0,90.0,0.0,121.5,0.0,0.0,1.0,1.0,0.0,0.0,22.0,0.0,11.0,14.0,14.0,12.0,12.3333333333333,2.0,11.0,14.0,14.0,12.0,12.3333333333333,2.0,7.6000000000000005,2.6,0.32,Graduate
2.0,39.0,1.0,9003.0,1.0,19.0,133.1,1.0,19.0,37.0,9.0,10.0,120.0,0.0,0.0,1.0,1.0,0.0,0.0,37.0,0.0,0.0,6.0,10.0,6.0,12.875,0.0,0.0,6.0,12.0,6.0,12.9,0.0,16.2,0.30000000000000004,-0.92,Enrolled
1.0,7.0,1.0,8014.0,0.0,3.0,130.0,1.0,37.0,38.0,0.0,5.0,130.0,0.0,0.0,0.0,0.0,0.0,0.0,28.0,0.0,0.0,6.0,12.0,1.0,11.0,0.0,0.0,6.0,0.0,0.0,0.0,0.0,12.700000000000001,3.7,-1.7000000000000002,Dropout
2.0,39.0,1.0,9003.0,1.0,1.0,120.0,1.0,37.0,37.0,9.0,9.0,125.7,0.0,0.0,1.0,0.0,0.0,0.0,43.0,0.0,0.0,6.0,10.0,4.0,12.25,0.0,0.0,6.0,13.0,4.0,10.5,0.0,8.9,1.4000000000000001,3.5100000000000002,Dropout
1.0,43.0,1.0,9556.0,1.0,1.0,140.0,1.0,37.0,37.0,9.0,9.0,128.0,1.0,0.0,0.0,0.0,0.0,0.0,32.0,0.0,0.0,7.0,7.0,0.0,0.0,7.0,0.0,8.0,8.0,0.0,0.0,7.0,10.8,1.4000000000000001,1.74,Dropout
1.0,17.0,1.0,9238.0,1.0,1.0,123.0,1.0,1.0,1.0,9.0,9.0,113.2,0.0,0.0,0.0,1.0,0.0,1.0,20.0,0.0,0.0,6.0,11.0,4.0,10.75,0.0,0.0,6.0,13.0,5.0,11.5,0.0,15.5,2.8000000000000003,-4.0600000000000005,Enrolled
4.0,39.0,1.0,9500.0,1.0,19.0,133.1,1.0,38.0,1.0,9.0,4.0,120.0,0.0,0.0,0.0,1.0,0.0,1.0,35.0,0.0,0.0,8.0,9.0,8.0,13.63,1.0,0.0,8.0,9.0,8.0,13.63,1.0,9.4,-0.8,-3.12,Graduate
1.0,1.0,1.0,9670.0,1.0,1.0,130.0,1.0,37.0,37.0,0.0,0.0,117.80000000000001,1.0,0.0,0.0,1.0,0.0,0.0,21.0,0.0,0.0,5.0,8.0,3.0,13.0,0.0,0.0,5.0,7.0,4.0,11.5,1.0,7.6000000000000005,2.6,0.32,Graduate
1.0,1.0,4.0,9500.0,1.0,1.0,126.0,1.0,19.0,19.0,7.0,9.0,121.30000000000001,1.0,0.0,0.0,1.0,0.0,1.0,18.0,0.0,0.0,7.0,9.0,6.0,13.533333333333301,0.0,0.0,7.0,7.0,7.0,12.228571428571401,0.0,12.4,0.5,1.79,Enrolled
1.0,1.0,1.0,9500.0,1.0,1.0,176.0,1.0,3.0,38.0,3.0,7.0,169.70000000000002,0.0,0.0,0.0,1.0,0.0,1.0,18.0,0.0,0.0,7.0,7.0,7.0,16.900000000000002,0.0,0.0,8.0,9.0,8.0,16.3777777777778,0.0,16.2,0.30000000000000004,-0.92,Graduate
1.0,17.0,4.0,9238.0,1.0,1.0,124.0,1.0,19.0,19.0,5.0,8.0,117.7,1.0,0.0,0.0,1.0,0.0,0.0,18.0,0.0,0.0,6.0,10.0,5.0,12.0,0.0,0.0,6.0,11.0,4.0,12.0,0.0,16.2,0.30000000000000004,-0.92,Graduate
1.0,44.0,1.0,8014.0,0.0,39.0,120.0,1.0,19.0,37.0,7.0,6.0,121.80000000000001,1.0,0.0,0.0,1.0,0.0,0.0,22.0,0.0,3.0,6.0,6.0,6.0,12.5,0.0,2.0,6.0,7.0,6.0,13.2857142857143,0.0,12.4,0.5,1.79,Graduate
1.0,1.0,2.0,9500.0,1.0,1.0,140.0,1.0,1.0,1.0,4.0,10.0,128.3,1.0,0.0,0.0,1.0,0.0,0.0,19.0,0.0,0.0,8.0,8.0,7.0,12.7642857142857,0.0,0.0,8.0,8.0,7.0,12.7642857142857,0.0,10.8,1.4000000000000001,1.74,Graduate
1.0,18.0,2.0,9147.0,1.0,1.0,143.0,1.0,19.0,38.0,9.0,7.0,132.20000000000002,1.0,0.0,0.0,1.0,0.0,1.0,18.0,0.0,0.0,5.0,8.0,5.0,13.75,0.0,0.0,5.0,6.0,5.0,12.1666666666667,0.0,13.9,-0.30000000000000004,0.79,Graduate
1.0,1.0,2.0,171.0,1.0,1.0,136.0,1.0,39.0,1.0,3.0,4.0,134.3,1.0,0.0,1.0,1.0,0.0,0.0,19.0,0.0,0.0,0.0,0.0,0.0,0.0,0.0,0.0,0.0,0.0,0.0,0.0,0.0,12.4,0.5,1.79,Dropout
1.0,1.0,1.0,9500.0,1.0,1.0,132.0,1.0,19.0,1.0,9.0,5.0,123.4,0.0,0.0,0.0,1.0,0.0,1.0,18.0,0.0,0.0,7.0,7.0,7.0,14.6042857142857,0.0,0.0,8.0,9.0,8.0,15.6833333333333,0.0,11.100000000000001,0.6000000000000001,2.02,Graduate
2.0,39.0,1.0,9991.0,0.0,19.0,133.1,1.0,19.0,39.0,5.0,3.0,121.7,0.0,0.0,1.0,0.0,0.0,0.0,31.0,0.0,0.0,5.0,7.0,0.0,0.0,0.0,0.0,5.0,7.0,0.0,0.0,0.0,16.2,0.30000000000000004,-0.92,Dropout
2.0,39.0,1.0,8014.0,0.0,19.0,100.0,1.0,1.0,19.0,1.0,5.0,130.0,0.0,0.0,1.0,1.0,0.0,1.0,33.0,0.0,0.0,6.0,9.0,5.0,13.8333333333333,0.0,0.0,6.0,7.0,6.0,12.5,0.0,9.4,-0.8,-3.12,Graduate
1.0,1.0,3.0,9500.0,1.0,1.0,137.0,1.0,19.0,38.0,7.0,7.0,126.5,1.0,0.0,0.0,1.0,0.0,1.0,19.0,0.0,0.0,8.0,8.0,8.0,13.576250000000002,0.0,0.0,8.0,8.0,8.0,13.576250000000002,0.0,9.4,-0.8,-3.12,Graduate
1.0,17.0,1.0,9238.0,1.0,1.0,153.0,1.0,38.0,38.0,7.0,7.0,159.70000000000002,1.0,0.0,0.0,1.0,0.0,1.0,18.0,0.0,0.0,6.0,7.0,6.0,15.1428571428571,0.0,0.0,6.0,6.0,6.0,15.8333333333333,0.0,12.700000000000001,3.7,-1.7000000000000002,Graduate
1.0,1.0,1.0,9147.0,1.0,1.0,160.0,1.0,9.0,19.0,4.0,3.0,151.3,0.0,0.0,0.0,1.0,0.0,0.0,23.0,0.0,0.0,5.0,8.0,3.0,10.6666666666667,0.0,0.0,5.0,8.0,5.0,11.600000000000001,0.0,7.6000000000000005,2.6,0.32,Graduate
1.0,17.0,1.0,9238.0,1.0,1.0,145.0,1.0,38.0,38.0,5.0,7.0,138.0,1.0,0.0,0.0,1.0,0.0,0.0,20.0,0.0,0.0,6.0,11.0,5.0,11.200000000000001,0.0,0.0,6.0,6.0,6.0,12.0,0.0,9.4,-0.8,-3.12,Graduate
1.0,1.0,5.0,9500.0,1.0,1.0,137.0,1.0,38.0,38.0,4.0,8.0,126.5,1.0,0.0,0.0,1.0,0.0,0.0,18.0,0.0,0.0,8.0,8.0,8.0,13.763750000000002,0.0,0.0,8.0,8.0,8.0,13.763750000000002,0.0,9.4,-0.8,-3.12,Graduate
1.0,53.0,1.0,9085.0,1.0,42.0,140.0,1.0,1.0,1.0,4.0,3.0,140.0,1.0,0.0,1.0,1.0,0.0,0.0,21.0,0.0,7.0,9.0,10.0,8.0,13.25,0.0,4.0,9.0,14.0,5.0,12.200000000000001,0.0,8.9,1.4000000000000001,3.5100000000000002,Enrolled
1.0,1.0,1.0,9238.0,1.0,1.0,120.0,1.0,19.0,38.0,5.0,6.0,112.30000000000001,0.0,0.0,0.0,1.0,0.0,1.0,22.0,0.0,0.0,6.0,10.0,5.0,10.714285714285701,0.0,0.0,6.0,10.0,5.0,12.200000000000001,0.0,12.700000000000001,3.7,-1.7000000000000002,Graduate
1.0,1.0,1.0,9238.0,1.0,1.0,122.0,1.0,1.0,19.0,4.0,4.0,127.30000000000001,1.0,0.0,1.0,1.0,0.0,0.0,20.0,0.0,0.0,6.0,6.0,6.0,12.1666666666667,0.0,0.0,6.0,7.0,6.0,11.6666666666667,0.0,9.4,-0.8,-3.12,Graduate
1.0,7.0,1.0,9500.0,1.0,3.0,130.0,1.0,19.0,38.0,4.0,10.0,130.0,1.0,0.0,0.0,1.0,0.0,0.0,23.0,0.0,1.0,7.0,8.0,6.0,14.3571428571429,0.0,1.0,7.0,8.0,6.0,14.3571428571429,0.0,7.6000000000000005,2.6,0.32,Graduate
1.0,17.0,2.0,9773.0,1.0,1.0,133.1,1.0,3.0,1.0,4.0,5.0,115.0,1.0,0.0,0.0,1.0,0.0,0.0,19.0,0.0,0.0,6.0,6.0,6.0,12.8333333333333,0.0,0.0,6.0,6.0,6.0,12.6666666666667,0.0,16.2,0.30000000000000004,-0.92,Graduate
1.0,17.0,6.0,9500.0,1.0,1.0,150.0,1.0,1.0,37.0,1.0,1.0,131.5,1.0,0.0,0.0,1.0,0.0,0.0,19.0,0.0,0.0,8.0,8.0,7.0,13.925714285714301,0.0,0.0,8.0,8.0,7.0,13.925714285714301,0.0,10.8,1.4000000000000001,1.74,Graduate
1.0,39.0,1.0,9991.0,0.0,1.0,133.1,1.0,19.0,38.0,7.0,4.0,125.7,0.0,0.0,0.0,1.0,0.0,0.0,26.0,0.0,0.0,5.0,9.0,2.0,12.0,0.0,0.0,5.0,9.0,3.0,11.0,0.0,10.8,1.4000000000000001,1.74,Dropout
1.0,1.0,6.0,9500.0,1.0,1.0,141.0,1.0,1.0,37.0,4.0,3.0,126.80000000000001,1.0,0.0,0.0,1.0,0.0,0.0,18.0,0.0,0.0,7.0,7.0,7.0,13.4428571428571,0.0,0.0,8.0,9.0,8.0,13.744444444444401,0.0,16.2,0.30000000000000004,-0.92,Graduate
1.0,18.0,1.0,9119.0,1.0,1.0,146.0,1.0,1.0,37.0,7.0,7.0,132.4,1.0,0.0,0.0,1.0,1.0,0.0,18.0,0.0,0.0,5.0,5.0,1.0,16.0,0.0,0.0,5.0,5.0,0.0,0.0,0.0,9.4,-0.8,-3.12,Dropout
1.0,44.0,1.0,9003.0,1.0,39.0,150.0,1.0,38.0,37.0,9.0,9.0,150.0,1.0,0.0,0.0,1.0,1.0,0.0,20.0,0.0,0.0,6.0,8.0,6.0,13.125,0.0,0.0,6.0,10.0,6.0,13.200000000000001,0.0,16.2,0.30000000000000004,-0.92,Graduate
1.0,1.0,1.0,9670.0,1.0,1.0,133.1,1.0,3.0,1.0,4.0,4.0,95.0,0.0,0.0,0.0,1.0,1.0,0.0,19.0,0.0,0.0,6.0,7.0,0.0,0.0,0.0,0.0,6.0,6.0,0.0,0.0,0.0,15.5,2.8000000000000003,-4.0600000000000005,Dropout
1.0,43.0,1.0,9991.0,0.0,1.0,120.0,1.0,37.0,37.0,9.0,9.0,128.20000000000002,0.0,0.0,0.0,0.0,1.0,0.0,32.0,0.0,5.0,9.0,9.0,5.0,11.4,0.0,4.0,4.0,4.0,4.0,11.0,0.0,10.8,1.4000000000000001,1.74,Dropout
2.0,39.0,1.0,9130.0,1.0,1.0,150.0,1.0,19.0,19.0,4.0,4.0,130.0,0.0,0.0,0.0,0.0,1.0,0.0,31.0,0.0,0.0,4.0,12.0,2.0,11.0,2.0,0.0,5.0,9.0,3.0,11.6666666666667,0.0,9.4,-0.8,-3.12,Dropout
1.0,39.0,1.0,9119.0,1.0,19.0,133.1,1.0,1.0,19.0,4.0,5.0,100.0,0.0,0.0,0.0,1.0,1.0,0.0,25.0,0.0,0.0,5.0,13.0,1.0,11.0,0.0,0.0,5.0,11.0,1.0,10.0,0.0,13.9,-0.30000000000000004,0.79,Enrolled
1.0,42.0,1.0,9085.0,1.0,39.0,140.0,1.0,19.0,3.0,9.0,1.0,159.9,1.0,0.0,0.0,1.0,0.0,0.0,21.0,0.0,2.0,6.0,14.0,5.0,13.6666666666667,0.0,2.0,6.0,10.0,5.0,13.0,0.0,16.2,0.30000000000000004,-0.92,Graduate
2.0,43.0,1.0,9991.0,0.0,1.0,140.0,1.0,37.0,37.0,4.0,9.0,100.0,0.0,0.0,0.0,0.0,0.0,0.0,31.0,0.0,2.0,6.0,10.0,4.0,11.75,0.0,0.0,5.0,6.0,1.0,10.0,0.0,12.700000000000001,3.7,-1.7000000000000002,Dropout
2.0,39.0,1.0,9853.0,1.0,1.0,133.1,1.0,37.0,37.0,5.0,5.0,116.5,0.0,0.0,0.0,1.0,0.0,0.0,34.0,0.0,0.0,7.0,11.0,1.0,10.0,0.0,0.0,7.0,7.0,1.0,13.0,0.0,16.2,0.30000000000000004,-0.92,Dropout
1.0,1.0,1.0,9238.0,1.0,1.0,128.0,1.0,19.0,19.0,9.0,9.0,120.0,0.0,0.0,0.0,1.0,0.0,1.0,18.0,0.0,0.0,6.0,8.0,6.0,13.5,0.0,0.0,6.0,9.0,6.0,12.8333333333333,0.0,11.100000000000001,0.6000000000000001,2.02,Graduate
1.0,1.0,3.0,9238.0,1.0,1.0,117.0,1.0,19.0,19.0,9.0,9.0,117.0,1.0,0.0,1.0,1.0,0.0,0.0,19.0,0.0,0.0,6.0,0.0,0.0,0.0,0.0,0.0,6.0,0.0,0.0,0.0,0.0,12.4,0.5,1.79,Dropout
1.0,53.0,1.0,9670.0,1.0,42.0,140.0,1.0,19.0,37.0,3.0,6.0,140.0,1.0,0.0,1.0,1.0,0.0,0.0,21.0,0.0,0.0,6.0,12.0,1.0,12.0,0.0,0.0,6.0,11.0,1.0,11.0,0.0,8.9,1.4000000000000001,3.5100000000000002,Enrolled
1.0,1.0,2.0,9853.0,1.0,1.0,124.0,1.0,38.0,37.0,5.0,3.0,118.10000000000001,1.0,0.0,0.0,0.0,0.0,0.0,18.0,0.0,0.0,6.0,11.0,3.0,13.0,0.0,0.0,6.0,10.0,5.0,11.8,0.0,9.4,-0.8,-3.12,Dropout
1.0,1.0,1.0,9254.0,1.0,1.0,158.0,1.0,19.0,39.0,4.0,8.0,153.5,1.0,0.0,0.0,1.0,0.0,0.0,20.0,0.0,0.0,6.0,7.0,6.0,14.8333333333333,0.0,0.0,6.0,6.0,6.0,16.0,0.0,11.100000000000001,0.6000000000000001,2.02,Graduate
1.0,43.0,1.0,9773.0,1.0,1.0,137.0,1.0,38.0,37.0,9.0,5.0,127.9,1.0,0.0,0.0,1.0,0.0,0.0,20.0,0.0,0.0,6.0,6.0,6.0,11.8333333333333,0.0,0.0,6.0,7.0,6.0,12.8571428571429,0.0,15.5,2.8000000000000003,-4.0600000000000005,Graduate
1.0,17.0,3.0,9670.0,1.0,1.0,123.0,1.0,38.0,38.0,7.0,8.0,118.80000000000001,1.0,1.0,0.0,1.0,0.0,1.0,18.0,0.0,0.0,6.0,10.0,5.0,12.0,0.0,0.0,6.0,11.0,5.0,12.3333333333333,0.0,11.100000000000001,0.6000000000000001,2.02,Graduate
1.0,1.0,1.0,9238.0,1.0,1.0,126.0,1.0,38.0,38.0,7.0,8.0,126.7,1.0,0.0,0.0,1.0,0.0,0.0,19.0,0.0,0.0,6.0,11.0,4.0,12.75,0.0,0.0,6.0,7.0,6.0,11.3333333333333,0.0,7.6000000000000005,2.6,0.32,Graduate
1.0,43.0,1.0,9085.0,1.0,1.0,170.0,1.0,19.0,19.0,5.0,1.0,170.0,1.0,0.0,0.0,1.0,0.0,0.0,19.0,0.0,0.0,5.0,5.0,0.0,0.0,5.0,0.0,5.0,7.0,4.0,14.75,1.0,12.700000000000001,3.7,-1.7000000000000002,Enrolled
4.0,39.0,1.0,9130.0,1.0,1.0,133.1,1.0,3.0,1.0,5.0,5.0,110.0,1.0,0.0,0.0,1.0,0.0,1.0,30.0,0.0,0.0,6.0,7.0,0.0,0.0,0.0,0.0,6.0,16.0,1.0,10.0,0.0,11.100000000000001,0.6000000000000001,2.02,Dropout
1.0,17.0,1.0,9238.0,1.0,1.0,115.0,1.0,19.0,38.0,5.0,5.0,115.0,1.0,0.0,0.0,1.0,0.0,0.0,19.0,0.0,0.0,6.0,6.0,6.0,12.0,0.0,0.0,6.0,7.0,6.0,12.8571428571429,0.0,11.100000000000001,0.6000000000000001,2.02,Graduate
1.0,1.0,3.0,9556.0,1.0,1.0,132.0,1.0,38.0,37.0,7.0,7.0,119.0,1.0,0.0,0.0,1.0,0.0,0.0,19.0,0.0,0.0,7.0,9.0,7.0,11.6777777777778,0.0,0.0,8.0,8.0,8.0,13.8,0.0,12.700000000000001,3.7,-1.7000000000000002,Graduate
1.0,1.0,4.0,9500.0,1.0,1.0,132.0,1.0,1.0,37.0,4.0,7.0,121.80000000000001,1.0,0.0,0.0,1.0,0.0,1.0,19.0,0.0,0.0,8.0,8.0,7.0,13.600000000000001,0.0,0.0,8.0,8.0,7.0,13.600000000000001,0.0,12.700000000000001,3.7,-1.7000000000000002,Graduate
1.0,1.0,1.0,9085.0,1.0,1.0,143.0,1.0,19.0,38.0,9.0,9.0,133.4,1.0,0.0,0.0,1.0,0.0,0.0,19.0,0.0,0.0,6.0,7.0,6.0,16.0,0.0,0.0,6.0,8.0,6.0,15.875,0.0,12.4,0.5,1.79,Graduate
1.0,1.0,3.0,9238.0,1.0,1.0,137.0,1.0,1.0,1.0,3.0,3.0,131.4,1.0,0.0,0.0,1.0,0.0,0.0,20.0,0.0,0.0,6.0,9.0,5.0,11.8,0.0,0.0,6.0,7.0,6.0,11.5,0.0,7.6000000000000005,2.6,0.32,Graduate
1.0,42.0,1.0,9119.0,1.0,1.0,130.0,1.0,19.0,37.0,9.0,3.0,135.0,0.0,0.0,1.0,1.0,1.0,0.0,25.0,0.0,0.0,5.0,5.0,0.0,0.0,0.0,2.0,6.0,7.0,2.0,14.0,0.0,13.9,-0.30000000000000004,0.79,Dropout
1.0,1.0,2.0,9773.0,1.0,1.0,121.0,1.0,19.0,19.0,9.0,9.0,122.80000000000001,0.0,0.0,0.0,1.0,1.0,0.0,19.0,0.0,0.0,6.0,0.0,0.0,0.0,0.0,0.0,6.0,0.0,0.0,0.0,0.0,12.4,0.5,1.79,Dropout
2.0,39.0,1.0,9853.0,1.0,1.0,130.0,1.0,37.0,19.0,7.0,3.0,140.0,0.0,0.0,1.0,1.0,0.0,1.0,34.0,0.0,0.0,6.0,7.0,6.0,16.1428571428571,0.0,0.0,6.0,10.0,6.0,16.2,0.0,9.4,-0.8,-3.12,Graduate
1.0,18.0,2.0,9500.0,1.0,1.0,135.0,1.0,38.0,37.0,9.0,5.0,125.30000000000001,1.0,0.0,0.0,1.0,0.0,1.0,18.0,0.0,0.0,8.0,8.0,7.0,11.7857142857143,0.0,0.0,8.0,8.0,7.0,11.7857142857143,0.0,12.700000000000001,3.7,-1.7000000000000002,Graduate
1.0,1.0,6.0,9500.0,1.0,1.0,137.0,1.0,1.0,1.0,4.0,5.0,126.30000000000001,1.0,0.0,0.0,1.0,0.0,1.0,18.0,0.0,0.0,8.0,8.0,8.0,13.423750000000002,0.0,0.0,8.0,8.0,8.0,13.423750000000002,0.0,9.4,-0.8,-3.12,Graduate
1.0,1.0,1.0,9670.0,1.0,1.0,100.0,1.0,38.0,38.0,9.0,10.0,100.0,0.0,0.0,0.0,1.0,0.0,0.0,20.0,0.0,0.0,6.0,8.0,6.0,12.5,0.0,0.0,6.0,10.0,5.0,14.1666666666667,0.0,11.100000000000001,0.6000000000000001,2.02,Graduate
1.0,17.0,2.0,9500.0,1.0,1.0,127.0,1.0,19.0,37.0,9.0,7.0,121.30000000000001,1.0,0.0,0.0,1.0,0.0,1.0,20.0,0.0,0.0,8.0,8.0,7.0,12.464285714285701,0.0,0.0,8.0,8.0,7.0,12.464285714285701,0.0,10.8,1.4000000000000001,1.74,Graduate
1.0,53.0,1.0,9991.0,0.0,1.0,140.0,1.0,38.0,38.0,191.0,193.0,135.0,0.0,0.0,1.0,1.0,0.0,0.0,23.0,0.0,6.0,11.0,18.0,8.0,12.375,0.0,3.0,9.0,15.0,5.0,12.600000000000001,0.0,8.9,1.4000000000000001,3.5100000000000002,Enrolled
1.0,39.0,1.0,9670.0,1.0,1.0,140.0,1.0,37.0,37.0,6.0,6.0,120.0,0.0,0.0,0.0,1.0,0.0,0.0,28.0,0.0,0.0,6.0,8.0,1.0,10.0,0.0,0.0,6.0,9.0,0.0,0.0,0.0,10.8,1.4000000000000001,1.74,Dropout
1.0,17.0,1.0,9773.0,1.0,1.0,121.0,1.0,37.0,19.0,9.0,10.0,113.7,0.0,0.0,0.0,1.0,0.0,0.0,18.0,0.0,0.0,6.0,8.0,5.0,12.600000000000001,0.0,0.0,6.0,10.0,6.0,12.4285714285714,0.0,15.5,2.8000000000000003,-4.0600000000000005,Enrolled
1.0,43.0,1.0,9147.0,1.0,1.0,131.0,1.0,19.0,38.0,9.0,9.0,129.70000000000002,1.0,0.0,0.0,1.0,0.0,0.0,19.0,0.0,0.0,5.0,5.0,5.0,12.600000000000001,0.0,0.0,5.0,6.0,4.0,12.4,0.0,16.2,0.30000000000000004,-0.92,Graduate
2.0,1.0,1.0,9147.0,1.0,1.0,151.0,1.0,38.0,37.0,9.0,8.0,132.1,1.0,0.0,0.0,1.0,0.0,0.0,34.0,0.0,0.0,5.0,7.0,2.0,10.0,0.0,0.0,5.0,6.0,4.0,12.0,0.0,7.6000000000000005,2.6,0.32,Dropout
2.0,51.0,1.0,9853.0,1.0,1.0,130.0,1.0,37.0,37.0,7.0,8.0,120.30000000000001,0.0,0.0,0.0,1.0,0.0,0.0,35.0,0.0,0.0,7.0,7.0,0.0,0.0,0.0,0.0,6.0,0.0,0.0,0.0,0.0,8.9,1.4000000000000001,3.5100000000000002,Dropout
1.0,7.0,1.0,9991.0,0.0,40.0,120.0,1.0,37.0,37.0,9.0,7.0,120.0,0.0,0.0,0.0,1.0,0.0,0.0,32.0,0.0,0.0,5.0,7.0,5.0,11.600000000000001,0.0,0.0,5.0,8.0,5.0,12.3333333333333,0.0,12.4,0.5,1.79,Graduate
1.0,17.0,2.0,9254.0,1.0,1.0,136.0,1.0,19.0,19.0,4.0,7.0,123.10000000000001,1.0,0.0,0.0,1.0,0.0,0.0,19.0,0.0,0.0,6.0,8.0,6.0,12.1666666666667,0.0,0.0,6.0,6.0,6.0,13.5,0.0,11.100000000000001,0.6000000000000001,2.02,Graduate
1.0,17.0,5.0,9670.0,1.0,1.0,125.0,1.0,1.0,19.0,9.0,7.0,119.4,1.0,0.0,0.0,1.0,0.0,0.0,18.0,0.0,0.0,6.0,10.0,4.0,13.600000000000001,0.0,0.0,6.0,7.0,5.0,12.6666666666667,0.0,11.100000000000001,0.6000000000000001,2.02,Graduate
2.0,39.0,1.0,9147.0,1.0,1.0,133.1,1.0,37.0,37.0,9.0,9.0,140.0,0.0,0.0,0.0,0.0,0.0,0.0,35.0,0.0,0.0,5.0,8.0,4.0,12.5,1.0,0.0,5.0,8.0,5.0,11.8,0.0,9.4,-0.8,-3.12,Dropout
1.0,39.0,1.0,8014.0,0.0,1.0,133.1,1.0,1.0,12.0,4.0,5.0,116.5,0.0,0.0,0.0,1.0,1.0,1.0,24.0,0.0,0.0,6.0,6.0,4.0,12.25,0.0,0.0,6.0,10.0,4.0,11.5,0.0,12.4,0.5,1.79,Enrolled
1.0,17.0,1.0,9238.0,1.0,1.0,120.0,1.0,19.0,37.0,9.0,9.0,113.0,1.0,0.0,0.0,1.0,0.0,1.0,20.0,0.0,0.0,6.0,7.0,6.0,11.714285714285701,0.0,0.0,6.0,8.0,6.0,12.625,0.0,13.9,-0.30000000000000004,0.79,Graduate
1.0,1.0,3.0,9773.0,1.0,1.0,143.0,11.0,19.0,19.0,4.0,9.0,133.9,1.0,0.0,0.0,1.0,1.0,1.0,18.0,1.0,0.0,6.0,7.0,6.0,13.5,0.0,0.0,6.0,7.0,6.0,13.0,0.0,16.2,0.30000000000000004,-0.92,Graduate
1.0,1.0,3.0,9500.0,1.0,1.0,133.1,1.0,38.0,19.0,7.0,9.0,115.5,1.0,0.0,0.0,1.0,1.0,1.0,20.0,0.0,0.0,8.0,8.0,7.0,13.0242857142857,0.0,0.0,8.0,8.0,7.0,13.0242857142857,0.0,10.8,1.4000000000000001,1.74,Graduate
1.0,17.0,5.0,9254.0,1.0,1.0,121.0,1.0,1.0,19.0,4.0,7.0,116.5,1.0,0.0,0.0,0.0,1.0,0.0,18.0,0.0,0.0,6.0,12.0,0.0,0.0,0.0,0.0,6.0,0.0,0.0,0.0,0.0,9.4,-0.8,-3.12,Dropout
1.0,1.0,1.0,9119.0,1.0,1.0,168.0,1.0,19.0,19.0,4.0,4.0,171.20000000000002,0.0,0.0,0.0,1.0,1.0,1.0,18.0,0.0,0.0,5.0,6.0,5.0,17.3333333333333,0.0,0.0,5.0,8.0,5.0,18.5714285714286,0.0,12.4,0.5,1.79,Graduate
1.0,1.0,1.0,9670.0,1.0,1.0,124.0,1.0,19.0,37.0,5.0,7.0,119.10000000000001,0.0,0.0,0.0,1.0,1.0,1.0,20.0,0.0,0.0,5.0,7.0,4.0,11.0,0.0,0.0,5.0,7.0,4.0,11.5,0.0,9.4,-0.8,-3.12,Graduate
1.0,17.0,2.0,9853.0,1.0,1.0,127.0,1.0,19.0,38.0,3.0,3.0,121.10000000000001,1.0,0.0,0.0,1.0,1.0,0.0,19.0,0.0,0.0,7.0,10.0,6.0,13.6666666666667,0.0,0.0,7.0,9.0,6.0,12.5,0.0,12.4,0.5,1.79,Dropout
1.0,1.0,2.0,9070.0,1.0,1.0,129.0,1.0,1.0,1.0,4.0,9.0,132.9,1.0,0.0,0.0,1.0,1.0,1.0,20.0,0.0,0.0,6.0,9.0,6.0,11.375,0.0,0.0,6.0,6.0,5.0,13.8,0.0,7.6000000000000005,2.6,0.32,Enrolled
1.0,1.0,1.0,9238.0,1.0,1.0,137.0,1.0,19.0,1.0,9.0,9.0,132.8,0.0,0.0,0.0,1.0,1.0,0.0,19.0,0.0,0.0,6.0,6.0,6.0,12.8333333333333,0.0,0.0,6.0,8.0,6.0,11.8333333333333,0.0,10.8,1.4000000000000001,1.74,Graduate
1.0,1.0,1.0,9773.0,1.0,1.0,120.0,1.0,36.0,37.0,0.0,0.0,126.7,1.0,0.0,0.0,1.0,1.0,0.0,20.0,0.0,0.0,6.0,9.0,5.0,12.600000000000001,0.0,0.0,6.0,11.0,4.0,11.5,0.0,7.6000000000000005,2.6,0.32,Graduate
1.0,1.0,1.0,9500.0,1.0,1.0,110.0,1.0,19.0,19.0,9.0,7.0,105.80000000000001,1.0,0.0,0.0,1.0,1.0,0.0,22.0,0.0,0.0,7.0,8.0,6.0,14.3333333333333,0.0,0.0,8.0,9.0,7.0,13.7714285714286,0.0,11.100000000000001,0.6000000000000001,2.02,Graduate
1.0,17.0,2.0,9119.0,1.0,1.0,120.0,1.0,1.0,19.0,9.0,8.0,117.2,0.0,0.0,0.0,1.0,1.0,1.0,18.0,0.0,0.0,5.0,8.0,4.0,13.5,0.0,0.0,6.0,10.0,6.0,13.625,0.0,11.100000000000001,0.6000000000000001,2.02,Enrolled
1.0,1.0,1.0,9500.0,1.0,1.0,143.0,1.0,38.0,38.0,9.0,9.0,140.0,0.0,0.0,0.0,1.0,1.0,0.0,19.0,0.0,0.0,8.0,8.0,7.0,14.2857142857143,0.0,0.0,8.0,8.0,7.0,14.2857142857143,0.0,12.700000000000001,3.7,-1.7000000000000002,Graduate
1.0,44.0,1.0,9003.0,1.0,39.0,120.0,1.0,1.0,19.0,9.0,7.0,120.0,0.0,0.0,0.0,1.0,1.0,0.0,22.0,0.0,2.0,6.0,15.0,3.0,11.75,0.0,0.0,6.0,12.0,2.0,10.0,0.0,13.9,-0.30000000000000004,0.79,Dropout
1.0,17.0,5.0,9119.0,1.0,1.0,124.0,11.0,4.0,12.0,2.0,9.0,119.5,1.0,0.0,0.0,1.0,1.0,0.0,20.0,1.0,0.0,5.0,5.0,5.0,14.8,0.0,0.0,5.0,5.0,5.0,17.6,0.0,8.9,1.4000000000000001,3.5100000000000002,Graduate
2.0,39.0,1.0,9003.0,1.0,1.0,168.0,1.0,1.0,41.0,9.0,3.0,153.9,0.0,0.0,1.0,0.0,1.0,0.0,34.0,0.0,0.0,6.0,7.0,0.0,0.0,0.0,0.0,6.0,0.0,0.0,0.0,0.0,12.4,0.5,1.79,Dropout
2.0,39.0,1.0,8014.0,0.0,19.0,133.1,1.0,1.0,1.0,4.0,4.0,130.0,0.0,0.0,0.0,1.0,1.0,0.0,24.0,0.0,0.0,6.0,14.0,1.0,10.0,0.0,0.0,5.0,5.0,0.0,0.0,0.0,16.2,0.30000000000000004,-0.92,Dropout
1.0,39.0,2.0,9670.0,1.0,1.0,150.0,1.0,34.0,34.0,0.0,0.0,107.0,1.0,0.0,0.0,1.0,1.0,0.0,26.0,0.0,0.0,5.0,5.0,0.0,0.0,0.0,0.0,5.0,5.0,0.0,0.0,0.0,7.6000000000000005,2.6,0.32,Dropout
1.0,39.0,1.0,9500.0,1.0,1.0,140.0,1.0,37.0,37.0,9.0,6.0,132.8,0.0,0.0,0.0,1.0,1.0,0.0,35.0,0.0,0.0,7.0,10.0,4.0,12.600000000000001,0.0,0.0,7.0,9.0,5.0,12.38,0.0,12.4,0.5,1.79,Dropout
1.0,1.0,1.0,9991.0,0.0,1.0,145.0,1.0,2.0,37.0,4.0,9.0,127.5,1.0,0.0,0.0,1.0,1.0,0.0,22.0,0.0,0.0,5.0,9.0,5.0,12.4285714285714,1.0,0.0,5.0,7.0,5.0,11.8,0.0,7.6000000000000005,2.6,0.32,Graduate
1.0,18.0,1.0,9254.0,1.0,1.0,118.0,1.0,38.0,38.0,5.0,5.0,123.30000000000001,1.0,0.0,0.0,1.0,1.0,0.0,26.0,0.0,0.0,6.0,10.0,4.0,10.0,0.0,0.0,6.0,11.0,3.0,12.0,0.0,9.4,-0.8,-3.12,Enrolled
1.0,17.0,1.0,9147.0,1.0,1.0,123.0,1.0,1.0,19.0,3.0,4.0,122.0,0.0,0.0,0.0,1.0,1.0,0.0,19.0,0.0,0.0,5.0,7.0,3.0,12.3333333333333,0.0,0.0,5.0,5.0,0.0,0.0,0.0,8.9,1.4000000000000001,3.5100000000000002,Dropout
1.0,1.0,5.0,9254.0,1.0,1.0,120.0,1.0,3.0,19.0,3.0,9.0,114.80000000000001,1.0,0.0,0.0,0.0,1.0,0.0,19.0,0.0,0.0,6.0,0.0,0.0,0.0,0.0,0.0,6.0,0.0,0.0,0.0,0.0,8.9,1.4000000000000001,3.5100000000000002,Dropout
1.0,44.0,1.0,171.0,1.0,39.0,140.0,1.0,3.0,3.0,2.0,2.0,140.0,0.0,0.0,1.0,1.0,1.0,0.0,20.0,0.0,0.0,0.0,0.0,0.0,0.0,0.0,0.0,0.0,0.0,0.0,0.0,0.0,15.5,2.8000000000000003,-4.0600000000000005,Graduate
1.0,51.0,1.0,9670.0,1.0,1.0,126.0,1.0,3.0,3.0,1.0,10.0,111.0,0.0,0.0,1.0,1.0,1.0,0.0,21.0,0.0,5.0,11.0,12.0,10.0,12.100000000000001,0.0,2.0,8.0,9.0,8.0,13.3333333333333,0.0,11.100000000000001,0.6000000000000001,2.02,Graduate
1.0,1.0,2.0,9773.0,1.0,1.0,137.0,1.0,1.0,19.0,7.0,7.0,133.20000000000002,1.0,0.0,0.0,1.0,0.0,1.0,19.0,0.0,0.0,6.0,7.0,6.0,14.714285714285701,0.0,0.0,6.0,6.0,6.0,15.0,0.0,13.9,-0.30000000000000004,0.79,Graduate
1.0,1.0,3.0,9773.0,1.0,1.0,130.0,1.0,19.0,19.0,9.0,9.0,123.0,1.0,0.0,0.0,1.0,0.0,0.0,18.0,0.0,0.0,6.0,6.0,6.0,12.6666666666667,0.0,0.0,6.0,7.0,6.0,12.8333333333333,0.0,12.700000000000001,3.7,-1.7000000000000002,Graduate
1.0,53.0,1.0,9003.0,1.0,42.0,150.0,1.0,1.0,38.0,8.0,8.0,150.0,0.0,0.0,0.0,1.0,0.0,1.0,23.0,0.0,7.0,12.0,14.0,12.0,14.384615384615401,0.0,5.0,10.0,12.0,10.0,13.3,0.0,8.9,1.4000000000000001,3.5100000000000002,Graduate
1.0,17.0,3.0,9147.0,1.0,1.0,147.0,1.0,19.0,38.0,5.0,7.0,132.3,1.0,0.0,0.0,1.0,0.0,1.0,18.0,0.0,0.0,5.0,5.0,5.0,13.4,0.0,0.0,5.0,6.0,5.0,12.200000000000001,0.0,12.700000000000001,3.7,-1.7000000000000002,Graduate
1.0,18.0,1.0,9500.0,1.0,1.0,140.0,1.0,37.0,38.0,5.0,7.0,126.0,1.0,0.0,0.0,1.0,0.0,0.0,18.0,0.0,0.0,8.0,8.0,7.0,13.3142857142857,0.0,0.0,8.0,8.0,7.0,13.3142857142857,0.0,12.700000000000001,3.7,-1.7000000000000002,Graduate
1.0,1.0,3.0,9500.0,1.0,1.0,132.0,1.0,38.0,38.0,9.0,9.0,119.30000000000001,1.0,0.0,0.0,1.0,0.0,0.0,19.0,0.0,0.0,8.0,8.0,7.0,11.988571428571401,0.0,0.0,8.0,8.0,7.0,11.988571428571401,0.0,10.8,1.4000000000000001,1.74,Graduate
1.0,53.0,1.0,9147.0,1.0,42.0,130.0,1.0,1.0,19.0,143.0,172.0,133.8,1.0,0.0,0.0,1.0,0.0,0.0,21.0,0.0,6.0,11.0,17.0,11.0,11.5454545454545,0.0,3.0,9.0,13.0,8.0,12.8888888888889,0.0,8.9,1.4000000000000001,3.5100000000000002,Graduate
1.0,1.0,1.0,9085.0,1.0,1.0,130.0,1.0,37.0,37.0,9.0,6.0,126.5,1.0,0.0,0.0,1.0,0.0,1.0,18.0,0.0,0.0,6.0,13.0,6.0,16.4615384615385,0.0,0.0,6.0,8.0,6.0,13.875,0.0,15.5,2.8000000000000003,-4.0600000000000005,Graduate
1.0,1.0,1.0,9773.0,1.0,1.0,151.0,1.0,38.0,37.0,9.0,5.0,138.4,1.0,0.0,0.0,1.0,0.0,1.0,24.0,0.0,0.0,6.0,7.0,6.0,13.6666666666667,0.0,0.0,6.0,6.0,6.0,12.8333333333333,0.0,10.8,1.4000000000000001,1.74,Graduate
1.0,1.0,4.0,9500.0,1.0,1.0,144.0,1.0,3.0,39.0,2.0,3.0,129.0,1.0,0.0,0.0,1.0,0.0,0.0,18.0,0.0,0.0,7.0,8.0,7.0,12.65,0.0,0.0,8.0,9.0,8.0,13.4111111111111,0.0,16.2,0.30000000000000004,-0.92,Dropout
1.0,1.0,1.0,9670.0,1.0,1.0,127.0,1.0,19.0,1.0,5.0,7.0,118.30000000000001,1.0,0.0,0.0,1.0,0.0,0.0,18.0,0.0,0.0,6.0,7.0,6.0,12.3333333333333,0.0,0.0,6.0,10.0,3.0,12.0,0.0,13.9,-0.30000000000000004,0.79,Enrolled
1.0,17.0,2.0,9500.0,1.0,1.0,131.0,1.0,19.0,37.0,9.0,7.0,129.8,1.0,0.0,0.0,1.0,0.0,0.0,20.0,0.0,0.0,7.0,8.0,6.0,14.370000000000001,0.0,0.0,8.0,10.0,7.0,14.65,0.0,12.4,0.5,1.79,Graduate
1.0,17.0,2.0,9085.0,1.0,1.0,123.0,1.0,1.0,19.0,4.0,9.0,113.60000000000001,1.0,0.0,0.0,1.0,0.0,0.0,19.0,0.0,0.0,5.0,13.0,3.0,12.0,2.0,0.0,5.0,8.0,4.0,11.75,0.0,9.4,-0.8,-3.12,Enrolled
1.0,1.0,5.0,9773.0,1.0,1.0,130.0,1.0,34.0,38.0,0.0,8.0,128.3,1.0,0.0,0.0,0.0,0.0,1.0,18.0,0.0,0.0,6.0,12.0,3.0,12.0,0.0,0.0,6.0,15.0,3.0,10.6666666666667,0.0,7.6000000000000005,2.6,0.32,Dropout
1.0,43.0,1.0,9254.0,1.0,1.0,130.0,1.0,1.0,19.0,5.0,7.0,130.0,0.0,0.0,0.0,1.0,0.0,1.0,19.0,0.0,0.0,6.0,11.0,4.0,12.0,0.0,0.0,6.0,14.0,3.0,11.0,0.0,10.8,1.4000000000000001,1.74,Dropout
1.0,17.0,2.0,9853.0,1.0,1.0,131.0,1.0,1.0,38.0,4.0,8.0,121.9,1.0,0.0,0.0,1.0,0.0,0.0,19.0,0.0,0.0,6.0,10.0,5.0,12.600000000000001,0.0,0.0,6.0,7.0,5.0,11.200000000000001,0.0,10.8,1.4000000000000001,1.74,Graduate
1.0,1.0,5.0,9238.0,1.0,3.0,135.0,1.0,1.0,38.0,9.0,3.0,129.4,0.0,0.0,1.0,1.0,0.0,0.0,18.0,0.0,0.0,6.0,6.0,6.0,12.1666666666667,0.0,0.0,6.0,6.0,6.0,12.3333333333333,0.0,10.8,1.4000000000000001,1.74,Graduate
1.0,1.0,2.0,9853.0,1.0,1.0,123.0,1.0,19.0,1.0,194.0,103.0,115.30000000000001,1.0,0.0,0.0,1.0,0.0,0.0,20.0,0.0,0.0,7.0,8.0,6.0,13.5,0.0,0.0,7.0,8.0,6.0,14.0,0.0,11.100000000000001,0.6000000000000001,2.02,Enrolled
1.0,1.0,5.0,9500.0,1.0,1.0,145.0,1.0,38.0,38.0,9.0,9.0,125.5,1.0,0.0,0.0,1.0,0.0,1.0,18.0,0.0,0.0,8.0,8.0,8.0,13.763750000000002,0.0,0.0,8.0,8.0,8.0,13.763750000000002,0.0,9.4,-0.8,-3.12,Graduate
1.0,17.0,6.0,9556.0,1.0,1.0,118.0,1.0,38.0,38.0,5.0,5.0,117.80000000000001,1.0,0.0,0.0,1.0,0.0,1.0,19.0,0.0,0.0,7.0,11.0,6.0,12.4,0.0,0.0,7.0,8.0,6.0,12.8,0.0,11.100000000000001,0.6000000000000001,2.02,Graduate
1.0,17.0,3.0,9147.0,1.0,1.0,125.0,1.0,3.0,38.0,2.0,10.0,118.7,1.0,0.0,0.0,1.0,0.0,0.0,18.0,0.0,0.0,5.0,16.0,4.0,10.6666666666667,0.0,0.0,5.0,11.0,2.0,12.0,0.0,13.9,-0.30000000000000004,0.79,Enrolled
1.0,1.0,2.0,9500.0,1.0,1.0,152.0,1.0,37.0,37.0,9.0,9.0,139.0,1.0,0.0,0.0,1.0,0.0,0.0,18.0,0.0,0.0,7.0,7.0,6.0,14.3333333333333,0.0,0.0,7.0,7.0,6.0,14.3333333333333,0.0,7.6000000000000005,2.6,0.32,Graduate
1.0,1.0,1.0,9085.0,1.0,1.0,101.0,1.0,1.0,37.0,4.0,9.0,98.9,1.0,0.0,0.0,1.0,0.0,0.0,21.0,0.0,0.0,6.0,12.0,4.0,12.5,0.0,0.0,6.0,13.0,2.0,12.6666666666667,0.0,11.100000000000001,0.6000000000000001,2.02,Enrolled
1.0,17.0,1.0,9254.0,1.0,1.0,137.0,1.0,34.0,38.0,0.0,7.0,137.70000000000002,1.0,0.0,1.0,0.0,0.0,0.0,19.0,0.0,0.0,6.0,14.0,1.0,10.0,0.0,0.0,6.0,13.0,0.0,0.0,0.0,7.6000000000000005,2.6,0.32,Dropout
1.0,1.0,4.0,9500.0,1.0,1.0,123.0,1.0,1.0,1.0,3.0,3.0,113.60000000000001,1.0,0.0,0.0,1.0,0.0,0.0,21.0,0.0,0.0,7.0,8.0,7.0,14.696250000000001,0.0,0.0,8.0,9.0,8.0,14.6222222222222,0.0,12.4,0.5,1.79,Graduate
1.0,1.0,1.0,9085.0,1.0,1.0,120.0,1.0,4.0,1.0,2.0,9.0,113.4,0.0,0.0,0.0,1.0,0.0,0.0,18.0,0.0,0.0,6.0,14.0,4.0,11.5,0.0,0.0,6.0,17.0,3.0,13.75,0.0,11.100000000000001,0.6000000000000001,2.02,Enrolled
1.0,17.0,3.0,9556.0,1.0,1.0,131.0,1.0,19.0,38.0,9.0,7.0,128.5,0.0,0.0,0.0,1.0,0.0,1.0,18.0,0.0,0.0,7.0,9.0,7.0,12.8555555555556,0.0,0.0,8.0,8.0,8.0,13.912500000000001,0.0,12.700000000000001,3.7,-1.7000000000000002,Graduate
1.0,1.0,1.0,9500.0,1.0,1.0,141.0,1.0,1.0,1.0,3.0,10.0,142.8,0.0,0.0,0.0,1.0,0.0,0.0,18.0,0.0,0.0,7.0,7.0,7.0,13.700000000000001,0.0,0.0,8.0,9.0,8.0,13.994444444444401,0.0,11.100000000000001,0.6000000000000001,2.02,Graduate
1.0,1.0,1.0,9130.0,1.0,1.0,144.0,1.0,3.0,1.0,1.0,3.0,137.70000000000002,0.0,0.0,0.0,0.0,0.0,0.0,23.0,0.0,0.0,5.0,9.0,0.0,0.0,3.0,1.0,5.0,10.0,1.0,12.0,3.0,10.8,1.4000000000000001,1.74,Dropout
1.0,1.0,1.0,9238.0,1.0,1.0,107.0,1.0,19.0,37.0,7.0,7.0,103.5,1.0,0.0,0.0,1.0,0.0,0.0,20.0,0.0,0.0,6.0,13.0,3.0,11.200000000000001,0.0,0.0,6.0,9.0,4.0,12.0,0.0,16.2,0.30000000000000004,-0.92,Enrolled
1.0,1.0,1.0,9500.0,1.0,1.0,133.0,1.0,38.0,38.0,5.0,5.0,123.2,0.0,0.0,0.0,1.0,0.0,0.0,18.0,0.0,0.0,7.0,7.0,7.0,13.2857142857143,0.0,0.0,8.0,9.0,8.0,13.3333333333333,0.0,16.2,0.30000000000000004,-0.92,Graduate
1.0,17.0,2.0,9853.0,1.0,1.0,126.0,1.0,1.0,19.0,2.0,10.0,126.0,1.0,0.0,0.0,1.0,0.0,0.0,19.0,0.0,0.0,6.0,9.0,5.0,13.0,0.0,0.0,6.0,8.0,5.0,10.4,0.0,7.6000000000000005,2.6,0.32,Enrolled
1.0,39.0,1.0,9500.0,1.0,1.0,133.1,1.0,1.0,38.0,3.0,7.0,121.7,0.0,0.0,0.0,1.0,0.0,1.0,27.0,0.0,0.0,7.0,8.0,6.0,12.600000000000001,0.0,0.0,7.0,9.0,6.0,11.685714285714301,0.0,12.4,0.5,1.79,Enrolled
1.0,17.0,1.0,9147.0,1.0,1.0,147.0,1.0,37.0,37.0,9.0,6.0,142.8,1.0,0.0,1.0,0.0,0.0,1.0,19.0,0.0,0.0,5.0,5.0,5.0,12.8,0.0,0.0,5.0,5.0,4.0,12.0,0.0,11.100000000000001,0.6000000000000001,2.02,Enrolled
1.0,43.0,1.0,9130.0,1.0,1.0,120.0,1.0,1.0,19.0,9.0,9.0,120.0,1.0,0.0,0.0,1.0,0.0,0.0,21.0,0.0,0.0,6.0,14.0,5.0,11.5,1.0,0.0,6.0,13.0,5.0,11.0,1.0,15.5,2.8000000000000003,-4.0600000000000005,Dropout
1.0,18.0,1.0,9500.0,1.0,1.0,130.0,1.0,37.0,38.0,7.0,8.0,119.30000000000001,1.0,0.0,0.0,1.0,0.0,1.0,19.0,0.0,0.0,8.0,8.0,7.0,11.4,0.0,0.0,8.0,8.0,7.0,11.4,0.0,10.8,1.4000000000000001,1.74,Graduate
1.0,44.0,1.0,9238.0,1.0,1.0,120.0,1.0,37.0,37.0,6.0,9.0,121.0,0.0,0.0,0.0,1.0,0.0,1.0,21.0,0.0,3.0,6.0,6.0,6.0,12.3333333333333,0.0,2.0,6.0,8.0,6.0,11.3333333333333,0.0,13.9,-0.30000000000000004,0.79,Graduate
1.0,1.0,5.0,9773.0,1.0,1.0,138.0,1.0,19.0,19.0,9.0,9.0,139.4,1.0,0.0,0.0,1.0,0.0,0.0,18.0,0.0,0.0,6.0,7.0,5.0,12.8,0.0,0.0,6.0,10.0,4.0,12.200000000000001,0.0,10.8,1.4000000000000001,1.74,Graduate
1.0,17.0,1.0,9085.0,1.0,1.0,124.0,1.0,19.0,38.0,7.0,7.0,113.9,1.0,0.0,0.0,1.0,0.0,1.0,20.0,0.0,0.0,5.0,8.0,5.0,12.0,1.0,0.0,5.0,8.0,4.0,15.0,1.0,12.700000000000001,3.7,-1.7000000000000002,Graduate
1.0,1.0,1.0,9853.0,1.0,1.0,133.0,1.0,37.0,37.0,9.0,7.0,124.60000000000001,1.0,0.0,0.0,1.0,0.0,1.0,18.0,0.0,0.0,6.0,8.0,5.0,13.0,0.0,0.0,6.0,9.0,5.0,13.5,0.0,9.4,-0.8,-3.12,Graduate
1.0,17.0,1.0,9070.0,1.0,1.0,122.0,1.0,1.0,1.0,4.0,8.0,123.80000000000001,1.0,0.0,1.0,0.0,0.0,1.0,18.0,0.0,0.0,6.0,6.0,6.0,11.8333333333333,0.0,0.0,6.0,8.0,6.0,11.0,0.0,12.700000000000001,3.7,-1.7000000000000002,Dropout
1.0,1.0,3.0,9085.0,1.0,1.0,138.0,1.0,1.0,3.0,4.0,4.0,126.30000000000001,1.0,0.0,0.0,1.0,0.0,0.0,18.0,0.0,0.0,6.0,8.0,6.0,14.0,0.0,0.0,6.0,9.0,6.0,13.3333333333333,0.0,8.9,1.4000000000000001,3.5100000000000002,Graduate
1.0,17.0,4.0,9773.0,1.0,1.0,134.0,1.0,1.0,1.0,3.0,3.0,120.4,1.0,0.0,0.0,1.0,0.0,1.0,18.0,0.0,0.0,6.0,6.0,6.0,12.3333333333333,0.0,0.0,6.0,6.0,6.0,13.5,0.0,16.2,0.30000000000000004,-0.92,Graduate
1.0,1.0,3.0,9500.0,1.0,1.0,128.0,1.0,1.0,1.0,7.0,7.0,120.5,1.0,0.0,0.0,1.0,0.0,1.0,19.0,0.0,0.0,7.0,10.0,5.0,13.040000000000001,0.0,0.0,7.0,7.0,7.0,12.5,0.0,12.4,0.5,1.79,Enrolled
1.0,53.0,1.0,9085.0,1.0,42.0,140.0,1.0,19.0,38.0,8.0,9.0,144.9,1.0,0.0,1.0,0.0,0.0,0.0,23.0,0.0,7.0,11.0,18.0,11.0,13.1666666666667,0.0,4.0,9.0,15.0,8.0,13.3333333333333,0.0,8.9,1.4000000000000001,3.5100000000000002,Enrolled
1.0,39.0,1.0,9085.0,1.0,19.0,133.1,1.0,19.0,19.0,4.0,9.0,139.9,1.0,0.0,0.0,1.0,0.0,1.0,24.0,0.0,1.0,6.0,7.0,6.0,12.5,0.0,0.0,6.0,11.0,6.0,12.8333333333333,0.0,8.9,1.4000000000000001,3.5100000000000002,Graduate
1.0,1.0,1.0,171.0,1.0,1.0,142.0,1.0,1.0,1.0,3.0,3.0,133.3,1.0,0.0,0.0,1.0,0.0,0.0,19.0,0.0,0.0,0.0,0.0,0.0,0.0,0.0,0.0,0.0,0.0,0.0,0.0,0.0,10.8,1.4000000000000001,1.74,Graduate
1.0,1.0,3.0,9500.0,1.0,1.0,141.0,1.0,19.0,19.0,9.0,9.0,126.0,1.0,0.0,0.0,1.0,0.0,0.0,18.0,0.0,0.0,8.0,8.0,7.0,15.657142857142901,0.0,0.0,8.0,8.0,7.0,15.657142857142901,0.0,12.700000000000001,3.7,-1.7000000000000002,Graduate
1.0,1.0,2.0,9070.0,1.0,1.0,145.0,1.0,1.0,19.0,4.0,3.0,133.5,0.0,0.0,0.0,1.0,0.0,0.0,19.0,0.0,0.0,6.0,6.0,6.0,12.1666666666667,0.0,0.0,6.0,6.0,6.0,11.3333333333333,0.0,12.700000000000001,3.7,-1.7000000000000002,Graduate
1.0,17.0,2.0,9853.0,1.0,1.0,145.0,1.0,38.0,19.0,4.0,9.0,127.9,1.0,0.0,0.0,1.0,0.0,0.0,19.0,0.0,0.0,6.0,0.0,0.0,0.0,0.0,0.0,6.0,0.0,0.0,0.0,0.0,10.8,1.4000000000000001,1.74,Dropout
1.0,1.0,1.0,9238.0,1.0,1.0,108.0,1.0,1.0,38.0,5.0,8.0,105.9,0.0,0.0,0.0,1.0,0.0,1.0,20.0,0.0,0.0,6.0,11.0,5.0,10.600000000000001,0.0,0.0,6.0,9.0,5.0,11.1666666666667,0.0,11.100000000000001,0.6000000000000001,2.02,Enrolled
1.0,1.0,1.0,9085.0,1.0,1.0,132.0,1.0,1.0,12.0,4.0,5.0,124.30000000000001,0.0,0.0,0.0,1.0,0.0,0.0,20.0,0.0,0.0,6.0,10.0,6.0,13.4285714285714,0.0,0.0,6.0,11.0,5.0,12.6666666666667,0.0,13.9,-0.30000000000000004,0.79,Enrolled
1.0,39.0,1.0,9773.0,1.0,1.0,140.0,1.0,34.0,37.0,0.0,0.0,102.5,0.0,0.0,0.0,1.0,0.0,0.0,26.0,0.0,0.0,6.0,8.0,4.0,11.75,0.0,0.0,6.0,12.0,0.0,0.0,0.0,7.6000000000000005,2.6,0.32,Dropout
1.0,39.0,1.0,9254.0,1.0,19.0,133.1,1.0,19.0,1.0,9.0,5.0,97.0,0.0,0.0,1.0,0.0,1.0,0.0,36.0,0.0,0.0,5.0,10.0,0.0,0.0,0.0,0.0,5.0,5.0,0.0,0.0,0.0,15.5,2.8000000000000003,-4.0600000000000005,Dropout
1.0,17.0,1.0,171.0,1.0,1.0,128.0,1.0,1.0,1.0,4.0,10.0,134.70000000000002,0.0,0.0,0.0,0.0,1.0,0.0,19.0,0.0,0.0,0.0,0.0,0.0,0.0,0.0,0.0,0.0,0.0,0.0,0.0,0.0,10.8,1.4000000000000001,1.74,Dropout
1.0,42.0,1.0,9119.0,1.0,1.0,120.0,1.0,19.0,37.0,9.0,9.0,113.80000000000001,0.0,0.0,0.0,0.0,1.0,0.0,27.0,0.0,0.0,5.0,0.0,0.0,0.0,0.0,0.0,5.0,0.0,0.0,0.0,0.0,15.5,2.8000000000000003,-4.0600000000000005,Dropout
1.0,1.0,4.0,9119.0,1.0,1.0,120.0,1.0,3.0,1.0,123.0,152.0,116.9,0.0,0.0,0.0,1.0,1.0,0.0,18.0,0.0,0.0,5.0,9.0,1.0,13.0,0.0,0.0,5.0,5.0,0.0,0.0,0.0,8.9,1.4000000000000001,3.5100000000000002,Dropout
1.0,1.0,4.0,9500.0,1.0,1.0,139.0,1.0,37.0,38.0,9.0,9.0,124.0,1.0,0.0,0.0,1.0,1.0,1.0,18.0,0.0,0.0,8.0,8.0,7.0,13.331428571428601,0.0,0.0,8.0,8.0,7.0,13.331428571428601,0.0,10.8,1.4000000000000001,1.74,Graduate
1.0,39.0,1.0,9070.0,1.0,1.0,139.3,1.0,38.0,38.0,5.0,5.0,117.5,0.0,0.0,0.0,1.0,1.0,0.0,28.0,0.0,0.0,6.0,0.0,0.0,0.0,0.0,0.0,6.0,0.0,0.0,0.0,0.0,12.4,0.5,1.79,Dropout
1.0,44.0,1.0,171.0,1.0,39.0,150.0,1.0,19.0,1.0,9.0,9.0,154.8,1.0,0.0,0.0,1.0,1.0,0.0,21.0,0.0,0.0,0.0,0.0,0.0,0.0,0.0,0.0,0.0,0.0,0.0,0.0,0.0,12.4,0.5,1.79,Graduate
1.0,1.0,1.0,9500.0,1.0,1.0,138.0,1.0,19.0,37.0,4.0,9.0,141.0,0.0,0.0,0.0,1.0,1.0,0.0,19.0,0.0,0.0,7.0,7.0,6.0,13.700000000000001,0.0,0.0,7.0,7.0,6.0,13.700000000000001,0.0,7.6000000000000005,2.6,0.32,Graduate
1.0,39.0,1.0,9670.0,1.0,9.0,133.1,1.0,6.0,22.0,3.0,3.0,120.0,0.0,0.0,1.0,0.0,1.0,0.0,26.0,0.0,0.0,5.0,5.0,0.0,0.0,0.0,0.0,5.0,5.0,0.0,0.0,5.0,9.4,-0.8,-3.12,Dropout
1.0,51.0,1.0,9119.0,1.0,1.0,136.0,1.0,1.0,19.0,3.0,5.0,133.6,1.0,0.0,0.0,1.0,1.0,0.0,20.0,0.0,4.0,9.0,12.0,9.0,13.454545454545501,0.0,2.0,7.0,9.0,6.0,13.875,0.0,11.100000000000001,0.6000000000000001,2.02,Dropout
1.0,1.0,6.0,9500.0,1.0,1.0,134.0,1.0,38.0,38.0,9.0,9.0,122.0,1.0,0.0,0.0,1.0,1.0,0.0,19.0,0.0,0.0,8.0,8.0,7.0,12.200000000000001,0.0,0.0,8.0,8.0,7.0,12.200000000000001,0.0,12.700000000000001,3.7,-1.7000000000000002,Graduate
1.0,1.0,1.0,9147.0,1.0,1.0,140.0,1.0,19.0,19.0,7.0,3.0,120.0,1.0,0.0,0.0,1.0,1.0,0.0,21.0,0.0,0.0,5.0,8.0,3.0,10.0,0.0,0.0,5.0,10.0,4.0,11.0,0.0,12.700000000000001,3.7,-1.7000000000000002,Dropout
1.0,53.0,1.0,9670.0,1.0,42.0,110.0,1.0,1.0,19.0,9.0,9.0,114.2,0.0,0.0,0.0,1.0,1.0,1.0,23.0,0.0,0.0,6.0,7.0,5.0,13.0,0.0,0.0,6.0,7.0,6.0,12.8571428571429,0.0,8.9,1.4000000000000001,3.5100000000000002,Graduate
1.0,39.0,1.0,8014.0,0.0,38.0,133.1,1.0,38.0,37.0,4.0,8.0,95.5,0.0,0.0,0.0,1.0,1.0,0.0,29.0,0.0,0.0,6.0,11.0,6.0,12.0,0.0,0.0,6.0,6.0,6.0,14.0,0.0,11.100000000000001,0.6000000000000001,2.02,Graduate
1.0,1.0,1.0,9500.0,1.0,1.0,129.0,1.0,1.0,1.0,9.0,9.0,120.0,0.0,0.0,0.0,1.0,1.0,0.0,20.0,0.0,0.0,8.0,8.0,7.0,15.0285714285714,0.0,0.0,8.0,8.0,7.0,15.0285714285714,0.0,12.700000000000001,3.7,-1.7000000000000002,Graduate
1.0,1.0,1.0,9238.0,1.0,1.0,116.0,1.0,1.0,19.0,5.0,9.0,111.10000000000001,0.0,0.0,0.0,1.0,1.0,0.0,18.0,0.0,0.0,6.0,8.0,6.0,12.0,0.0,0.0,6.0,7.0,6.0,11.714285714285701,0.0,15.5,2.8000000000000003,-4.0600000000000005,Graduate
1.0,1.0,1.0,9773.0,1.0,1.0,130.0,1.0,1.0,38.0,3.0,5.0,128.6,1.0,0.0,0.0,1.0,1.0,0.0,19.0,0.0,0.0,6.0,8.0,5.0,12.0,0.0,0.0,6.0,8.0,5.0,12.4,0.0,9.4,-0.8,-3.12,Graduate
1.0,7.0,1.0,9556.0,1.0,3.0,130.0,1.0,1.0,37.0,4.0,8.0,130.0,0.0,0.0,0.0,0.0,1.0,0.0,23.0,0.0,3.0,7.0,7.0,3.0,13.6666666666667,0.0,3.0,8.0,8.0,3.0,11.3333333333333,4.0,10.8,1.4000000000000001,1.74,Dropout
1.0,1.0,1.0,171.0,1.0,1.0,116.0,1.0,38.0,1.0,5.0,1.0,111.10000000000001,0.0,0.0,0.0,1.0,1.0,0.0,21.0,0.0,0.0,0.0,0.0,0.0,0.0,0.0,0.0,0.0,0.0,0.0,0.0,0.0,13.9,-0.30000000000000004,0.79,Dropout
1.0,17.0,1.0,9147.0,1.0,1.0,136.0,1.0,1.0,1.0,9.0,3.0,122.7,1.0,0.0,0.0,1.0,1.0,0.0,18.0,0.0,0.0,5.0,6.0,5.0,12.0,0.0,0.0,5.0,7.0,4.0,12.5,0.0,15.5,2.8000000000000003,-4.0600000000000005,Enrolled
1.0,1.0,1.0,171.0,1.0,1.0,147.0,1.0,37.0,19.0,7.0,7.0,134.4,1.0,0.0,0.0,1.0,1.0,1.0,18.0,0.0,0.0,0.0,0.0,0.0,0.0,0.0,0.0,0.0,0.0,0.0,0.0,0.0,10.8,1.4000000000000001,1.74,Graduate
1.0,1.0,5.0,9070.0,1.0,1.0,117.0,1.0,19.0,37.0,5.0,5.0,131.0,1.0,0.0,1.0,0.0,1.0,0.0,21.0,0.0,0.0,6.0,6.0,1.0,14.0,0.0,0.0,6.0,7.0,0.0,0.0,7.0,9.4,-0.8,-3.12,Dropout
1.0,51.0,1.0,9238.0,1.0,1.0,141.0,1.0,1.0,1.0,5.0,9.0,125.0,0.0,0.0,0.0,1.0,1.0,0.0,22.0,0.0,0.0,6.0,6.0,0.0,0.0,0.0,0.0,6.0,7.0,0.0,0.0,0.0,11.100000000000001,0.6000000000000001,2.02,Dropout
1.0,18.0,1.0,9556.0,1.0,1.0,133.1,1.0,3.0,19.0,2.0,8.0,106.0,1.0,0.0,0.0,1.0,1.0,0.0,21.0,0.0,0.0,7.0,8.0,7.0,12.375,0.0,0.0,7.0,11.0,5.0,12.5833333333333,0.0,8.9,1.4000000000000001,3.5100000000000002,Graduate
1.0,39.0,1.0,9500.0,1.0,1.0,133.1,1.0,38.0,19.0,9.0,9.0,128.0,1.0,0.0,0.0,0.0,1.0,0.0,32.0,0.0,0.0,7.0,0.0,0.0,0.0,0.0,0.0,8.0,0.0,0.0,0.0,0.0,16.2,0.30000000000000004,-0.92,Dropout
1.0,7.0,1.0,9003.0,1.0,3.0,120.0,1.0,1.0,19.0,4.0,1.0,120.0,1.0,0.0,0.0,1.0,1.0,0.0,27.0,0.0,14.0,18.0,21.0,18.0,11.4210526315789,0.0,10.0,13.0,16.0,13.0,11.0769230769231,1.0,15.5,2.8000000000000003,-4.0600000000000005,Graduate
1.0,1.0,1.0,9500.0,1.0,1.0,148.0,1.0,19.0,38.0,9.0,8.0,134.8,1.0,0.0,0.0,1.0,1.0,0.0,18.0,0.0,0.0,7.0,7.0,6.0,13.35,0.0,0.0,7.0,7.0,6.0,13.35,0.0,7.6000000000000005,2.6,0.32,Graduate
1.0,39.0,1.0,9070.0,1.0,1.0,130.0,1.0,1.0,1.0,5.0,3.0,112.0,1.0,0.0,0.0,1.0,1.0,1.0,24.0,0.0,0.0,6.0,6.0,6.0,15.0,0.0,0.0,6.0,6.0,2.0,16.0,0.0,15.5,2.8000000000000003,-4.0600000000000005,Graduate
1.0,1.0,1.0,9130.0,1.0,1.0,120.0,1.0,19.0,37.0,1.0,9.0,116.10000000000001,1.0,0.0,0.0,1.0,1.0,0.0,22.0,0.0,0.0,5.0,9.0,2.0,10.5,0.0,0.0,5.0,5.0,0.0,0.0,0.0,12.700000000000001,3.7,-1.7000000000000002,Dropout
1.0,43.0,1.0,9130.0,1.0,1.0,120.0,1.0,2.0,3.0,3.0,2.0,120.0,1.0,0.0,0.0,0.0,1.0,0.0,22.0,0.0,0.0,6.0,0.0,0.0,0.0,0.0,0.0,4.0,6.0,0.0,0.0,2.0,10.8,1.4000000000000001,1.74,Dropout
1.0,1.0,3.0,9147.0,1.0,1.0,133.0,1.0,37.0,37.0,9.0,5.0,119.7,1.0,0.0,0.0,1.0,1.0,0.0,19.0,0.0,0.0,5.0,8.0,5.0,13.25,0.0,0.0,5.0,6.0,5.0,11.8333333333333,0.0,13.9,-0.30000000000000004,0.79,Graduate
1.0,17.0,6.0,9119.0,1.0,1.0,129.0,1.0,37.0,13.0,4.0,90.0,117.10000000000001,1.0,0.0,0.0,1.0,1.0,0.0,19.0,0.0,0.0,5.0,10.0,0.0,0.0,0.0,0.0,5.0,5.0,0.0,0.0,0.0,7.6000000000000005,2.6,0.32,Dropout
1.0,1.0,2.0,9085.0,1.0,1.0,118.0,1.0,1.0,19.0,3.0,3.0,112.4,1.0,0.0,0.0,1.0,1.0,0.0,21.0,0.0,0.0,5.0,7.0,4.0,11.5,0.0,0.0,5.0,15.0,3.0,10.600000000000001,4.0,10.8,1.4000000000000001,1.74,Enrolled
1.0,1.0,2.0,9500.0,1.0,1.0,140.0,1.0,1.0,1.0,2.0,7.0,131.0,1.0,0.0,0.0,1.0,0.0,1.0,18.0,0.0,0.0,8.0,8.0,8.0,13.881250000000001,0.0,0.0,8.0,8.0,8.0,13.881250000000001,0.0,9.4,-0.8,-3.12,Graduate
1.0,1.0,2.0,9254.0,1.0,1.0,127.0,1.0,3.0,19.0,3.0,10.0,130.9,1.0,0.0,0.0,1.0,0.0,0.0,18.0,0.0,0.0,6.0,8.0,6.0,11.3333333333333,0.0,0.0,6.0,8.0,5.0,12.600000000000001,0.0,9.4,-0.8,-3.12,Graduate
1.0,1.0,1.0,171.0,1.0,1.0,131.0,1.0,19.0,19.0,9.0,9.0,134.9,1.0,0.0,1.0,1.0,0.0,0.0,20.0,0.0,0.0,0.0,0.0,0.0,0.0,0.0,0.0,0.0,0.0,0.0,0.0,0.0,16.2,0.30000000000000004,-0.92,Dropout
1.0,17.0,1.0,9238.0,1.0,1.0,132.0,1.0,1.0,19.0,4.0,9.0,127.10000000000001,1.0,0.0,0.0,1.0,0.0,0.0,19.0,0.0,0.0,6.0,7.0,6.0,12.8571428571429,0.0,0.0,6.0,7.0,6.0,13.6666666666667,0.0,13.9,-0.30000000000000004,0.79,Graduate
1.0,17.0,5.0,9773.0,1.0,1.0,113.0,1.0,38.0,38.0,191.0,175.0,110.2,1.0,0.0,1.0,1.0,0.0,0.0,19.0,0.0,0.0,6.0,6.0,5.0,11.600000000000001,0.0,0.0,6.0,6.0,6.0,12.5,0.0,8.9,1.4000000000000001,3.5100000000000002,Graduate
1.0,17.0,1.0,9254.0,1.0,1.0,115.0,1.0,12.0,1.0,9.0,3.0,108.7,1.0,0.0,0.0,1.0,0.0,1.0,18.0,0.0,0.0,6.0,9.0,5.0,11.4,0.0,0.0,6.0,6.0,6.0,11.3333333333333,0.0,12.4,0.5,1.79,Graduate
1.0,1.0,1.0,9130.0,1.0,1.0,133.1,1.0,1.0,1.0,3.0,9.0,138.0,1.0,0.0,0.0,1.0,0.0,0.0,20.0,0.0,0.0,6.0,11.0,6.0,13.3333333333333,0.0,0.0,6.0,10.0,6.0,13.0,0.0,16.2,0.30000000000000004,-0.92,Enrolled
1.0,44.0,1.0,9070.0,1.0,39.0,150.0,1.0,12.0,37.0,3.0,9.0,147.70000000000002,0.0,0.0,1.0,1.0,0.0,1.0,22.0,0.0,2.0,7.0,7.0,7.0,13.5714285714286,0.0,5.0,9.0,9.0,9.0,13.7777777777778,0.0,12.4,0.5,1.79,Graduate
2.0,39.0,1.0,9556.0,1.0,19.0,133.1,1.0,37.0,38.0,9.0,9.0,123.0,0.0,0.0,0.0,1.0,0.0,0.0,31.0,0.0,0.0,7.0,13.0,6.0,11.8333333333333,0.0,0.0,7.0,8.0,7.0,12.228571428571401,0.0,12.4,0.5,1.79,Graduate
1.0,17.0,1.0,9853.0,1.0,1.0,141.0,1.0,19.0,19.0,9.0,8.0,142.8,0.0,0.0,0.0,1.0,0.0,1.0,19.0,0.0,0.0,7.0,7.0,7.0,14.4285714285714,0.0,0.0,7.0,7.0,7.0,14.1428571428571,0.0,16.2,0.30000000000000004,-0.92,Graduate
1.0,1.0,2.0,171.0,1.0,1.0,140.0,1.0,1.0,3.0,3.0,3.0,138.3,1.0,0.0,0.0,1.0,0.0,0.0,18.0,0.0,0.0,0.0,0.0,0.0,0.0,0.0,0.0,0.0,0.0,0.0,0.0,0.0,12.4,0.5,1.79,Enrolled
1.0,1.0,2.0,9254.0,1.0,1.0,136.0,1.0,38.0,38.0,9.0,7.0,125.2,1.0,0.0,0.0,1.0,0.0,1.0,18.0,0.0,0.0,6.0,8.0,6.0,12.2857142857143,0.0,0.0,6.0,9.0,5.0,12.4,0.0,8.9,1.4000000000000001,3.5100000000000002,Graduate
1.0,1.0,1.0,9085.0,1.0,1.0,140.0,1.0,12.0,1.0,1.0,90.0,141.8,0.0,0.0,0.0,1.0,0.0,0.0,21.0,0.0,0.0,5.0,7.0,5.0,14.4,0.0,0.0,5.0,5.0,5.0,13.8,0.0,7.6000000000000005,2.6,0.32,Graduate
1.0,17.0,5.0,9500.0,1.0,1.0,143.0,1.0,38.0,1.0,9.0,7.0,130.6,1.0,0.0,0.0,1.0,0.0,1.0,18.0,0.0,0.0,7.0,8.0,7.0,13.15,0.0,0.0,8.0,9.0,8.0,15.068750000000001,0.0,13.9,-0.30000000000000004,0.79,Graduate
1.0,44.0,1.0,9147.0,1.0,39.0,130.0,22.0,2.0,37.0,2.0,8.0,130.0,0.0,0.0,1.0,0.0,1.0,0.0,25.0,1.0,0.0,5.0,6.0,0.0,0.0,0.0,0.0,5.0,5.0,0.0,0.0,0.0,15.5,2.8000000000000003,-4.0600000000000005,Dropout
1.0,15.0,1.0,9119.0,1.0,1.0,133.1,41.0,1.0,3.0,5.0,8.0,100.0,0.0,0.0,1.0,1.0,1.0,0.0,21.0,1.0,0.0,5.0,5.0,0.0,0.0,0.0,0.0,6.0,8.0,0.0,0.0,0.0,11.100000000000001,0.6000000000000001,2.02,Dropout
1.0,18.0,2.0,9500.0,1.0,1.0,129.0,1.0,38.0,37.0,5.0,5.0,119.0,1.0,0.0,0.0,1.0,0.0,1.0,19.0,0.0,0.0,8.0,8.0,7.0,12.3428571428571,0.0,0.0,8.0,8.0,7.0,12.3428571428571,0.0,10.8,1.4000000000000001,1.74,Graduate
1.0,1.0,2.0,9773.0,1.0,1.0,132.0,1.0,38.0,1.0,9.0,9.0,124.30000000000001,1.0,0.0,0.0,1.0,0.0,0.0,19.0,0.0,0.0,6.0,6.0,5.0,12.200000000000001,0.0,0.0,6.0,7.0,5.0,10.8,0.0,10.8,1.4000000000000001,1.74,Enrolled
1.0,17.0,1.0,9254.0,1.0,1.0,118.0,1.0,11.0,34.0,5.0,0.0,122.2,1.0,0.0,0.0,1.0,0.0,0.0,22.0,0.0,0.0,6.0,10.0,4.0,10.5,0.0,0.0,6.0,14.0,1.0,11.0,0.0,7.6000000000000005,2.6,0.32,Dropout
1.0,15.0,1.0,9147.0,1.0,1.0,150.0,1.0,38.0,1.0,9.0,1.0,150.0,0.0,0.0,0.0,1.0,1.0,0.0,19.0,0.0,0.0,5.0,5.0,5.0,10.600000000000001,0.0,0.0,5.0,8.0,5.0,11.600000000000001,0.0,12.4,0.5,1.79,Graduate
1.0,39.0,1.0,8014.0,0.0,19.0,133.1,1.0,37.0,37.0,9.0,5.0,135.5,0.0,0.0,0.0,1.0,0.0,0.0,58.0,0.0,0.0,6.0,6.0,0.0,0.0,0.0,0.0,6.0,6.0,0.0,0.0,0.0,11.100000000000001,0.6000000000000001,2.02,Dropout
1.0,16.0,2.0,9238.0,1.0,1.0,122.0,1.0,19.0,37.0,9.0,7.0,127.30000000000001,1.0,0.0,0.0,1.0,0.0,1.0,19.0,0.0,0.0,6.0,8.0,4.0,11.25,0.0,0.0,6.0,6.0,6.0,12.0,0.0,10.8,1.4000000000000001,1.74,Graduate
1.0,43.0,1.0,9670.0,1.0,1.0,127.0,22.0,37.0,37.0,9.0,9.0,127.0,1.0,0.0,0.0,1.0,1.0,0.0,23.0,1.0,3.0,9.0,11.0,6.0,10.5,0.0,4.0,10.0,10.0,10.0,11.700000000000001,0.0,9.4,-0.8,-3.12,Graduate
1.0,1.0,2.0,9773.0,1.0,1.0,122.0,1.0,37.0,37.0,9.0,9.0,126.9,1.0,0.0,0.0,1.0,0.0,1.0,19.0,0.0,0.0,6.0,11.0,4.0,11.0,0.0,0.0,6.0,11.0,3.0,11.6666666666667,0.0,9.4,-0.8,-3.12,Enrolled
1.0,18.0,3.0,9500.0,1.0,1.0,131.0,1.0,19.0,1.0,4.0,7.0,127.5,1.0,0.0,0.0,1.0,0.0,0.0,18.0,0.0,0.0,7.0,7.0,7.0,13.4571428571429,0.0,0.0,8.0,8.0,8.0,14.512500000000001,0.0,13.9,-0.30000000000000004,0.79,Graduate
1.0,1.0,2.0,9085.0,1.0,1.0,130.0,1.0,19.0,19.0,90.0,90.0,122.0,0.0,0.0,0.0,1.0,0.0,0.0,20.0,0.0,0.0,5.0,6.0,5.0,12.600000000000001,0.0,0.0,5.0,8.0,4.0,12.3333333333333,0.0,7.6000000000000005,2.6,0.32,Graduate
1.0,17.0,5.0,9085.0,1.0,1.0,130.0,1.0,19.0,19.0,90.0,7.0,115.80000000000001,0.0,0.0,0.0,0.0,0.0,0.0,18.0,0.0,0.0,6.0,0.0,0.0,0.0,0.0,0.0,6.0,0.0,0.0,0.0,0.0,12.700000000000001,3.7,-1.7000000000000002,Dropout
1.0,17.0,1.0,9670.0,1.0,1.0,130.0,1.0,3.0,19.0,5.0,5.0,121.60000000000001,0.0,0.0,0.0,1.0,0.0,0.0,18.0,0.0,0.0,6.0,6.0,6.0,13.6666666666667,0.0,0.0,6.0,8.0,5.0,13.600000000000001,0.0,8.9,1.4000000000000001,3.5100000000000002,Graduate
1.0,17.0,4.0,9147.0,1.0,1.0,122.0,1.0,19.0,19.0,5.0,7.0,116.4,1.0,0.0,1.0,1.0,0.0,1.0,18.0,0.0,0.0,5.0,5.0,5.0,11.600000000000001,0.0,0.0,5.0,5.0,5.0,11.8,0.0,11.100000000000001,0.6000000000000001,2.02,Graduate
1.0,39.0,1.0,9130.0,1.0,1.0,114.0,1.0,38.0,38.0,9.0,10.0,120.0,0.0,0.0,0.0,1.0,0.0,0.0,24.0,0.0,0.0,6.0,9.0,6.0,12.5714285714286,0.0,0.0,6.0,10.0,5.0,12.8333333333333,0.0,11.100000000000001,0.6000000000000001,2.02,Dropout
1.0,17.0,4.0,9853.0,1.0,1.0,143.0,1.0,37.0,37.0,9.0,5.0,127.30000000000001,1.0,0.0,0.0,1.0,0.0,0.0,18.0,0.0,0.0,6.0,7.0,5.0,11.8,0.0,0.0,6.0,7.0,5.0,11.4,0.0,10.8,1.4000000000000001,1.74,Dropout
1.0,1.0,3.0,9147.0,1.0,1.0,127.0,1.0,1.0,38.0,5.0,7.0,123.5,1.0,0.0,0.0,1.0,0.0,1.0,19.0,0.0,0.0,5.0,5.0,5.0,11.600000000000001,0.0,0.0,5.0,11.0,3.0,12.6666666666667,0.0,9.4,-0.8,-3.12,Enrolled
1.0,17.0,3.0,9238.0,1.0,1.0,141.0,1.0,19.0,38.0,9.0,7.0,125.60000000000001,1.0,0.0,0.0,1.0,0.0,1.0,19.0,0.0,0.0,6.0,8.0,6.0,11.3333333333333,0.0,0.0,6.0,6.0,6.0,11.8333333333333,0.0,8.9,1.4000000000000001,3.5100000000000002,Graduate
1.0,1.0,1.0,9254.0,1.0,1.0,129.0,1.0,38.0,38.0,6.0,6.0,118.5,1.0,0.0,0.0,1.0,0.0,0.0,18.0,0.0,0.0,6.0,6.0,6.0,10.6666666666667,0.0,0.0,6.0,6.0,6.0,11.5,0.0,7.6000000000000005,2.6,0.32,Graduate
1.0,1.0,2.0,9130.0,1.0,1.0,140.0,1.0,19.0,37.0,9.0,9.0,129.5,1.0,0.0,0.0,1.0,0.0,0.0,18.0,0.0,0.0,5.0,10.0,4.0,13.5,1.0,0.0,5.0,5.0,5.0,13.4,0.0,12.700000000000001,3.7,-1.7000000000000002,Enrolled
1.0,1.0,1.0,171.0,1.0,1.0,137.0,1.0,19.0,19.0,5.0,5.0,134.6,1.0,0.0,0.0,1.0,0.0,1.0,19.0,0.0,0.0,0.0,0.0,0.0,0.0,0.0,0.0,0.0,0.0,0.0,0.0,0.0,10.8,1.4000000000000001,1.74,Graduate
1.0,44.0,1.0,9085.0,1.0,1.0,140.0,1.0,4.0,4.0,2.0,6.0,140.0,0.0,0.0,0.0,1.0,0.0,0.0,22.0,0.0,2.0,6.0,9.0,6.0,13.3333333333333,0.0,1.0,6.0,9.0,4.0,11.5,0.0,13.9,-0.30000000000000004,0.79,Graduate
1.0,1.0,1.0,9254.0,1.0,1.0,143.0,1.0,2.0,37.0,1.0,1.0,133.20000000000002,1.0,0.0,0.0,1.0,0.0,0.0,19.0,0.0,0.0,6.0,9.0,5.0,13.4,0.0,0.0,6.0,16.0,2.0,13.5,0.0,10.8,1.4000000000000001,1.74,Enrolled
3.0,17.0,1.0,9238.0,1.0,1.0,138.0,1.0,37.0,37.0,9.0,9.0,133.5,1.0,0.0,0.0,1.0,0.0,1.0,21.0,0.0,0.0,6.0,8.0,3.0,10.200000000000001,0.0,0.0,6.0,13.0,4.0,12.25,0.0,12.700000000000001,3.7,-1.7000000000000002,Enrolled
1.0,17.0,1.0,9773.0,1.0,1.0,120.0,1.0,19.0,38.0,9.0,7.0,117.9,1.0,0.0,0.0,1.0,0.0,1.0,21.0,0.0,0.0,6.0,6.0,5.0,13.0,0.0,0.0,6.0,7.0,6.0,12.8333333333333,0.0,8.9,1.4000000000000001,3.5100000000000002,Graduate
1.0,1.0,3.0,9500.0,1.0,1.0,144.0,1.0,38.0,38.0,5.0,7.0,128.0,1.0,0.0,0.0,1.0,0.0,1.0,18.0,0.0,0.0,8.0,11.0,7.0,12.9085714285714,0.0,0.0,8.0,11.0,7.0,12.9085714285714,0.0,10.8,1.4000000000000001,1.74,Graduate
1.0,1.0,5.0,9853.0,1.0,1.0,123.0,1.0,1.0,12.0,4.0,9.0,113.2,1.0,0.0,0.0,1.0,0.0,0.0,20.0,0.0,0.0,6.0,12.0,4.0,12.0,0.0,0.0,6.0,11.0,1.0,10.0,0.0,10.8,1.4000000000000001,1.74,Dropout
1.0,1.0,3.0,9254.0,1.0,1.0,129.0,1.0,37.0,38.0,7.0,7.0,122.0,1.0,0.0,0.0,1.0,0.0,1.0,18.0,0.0,0.0,6.0,9.0,6.0,10.8333333333333,0.0,0.0,6.0,8.0,5.0,11.0,0.0,7.6000000000000005,2.6,0.32,Enrolled
1.0,16.0,3.0,9070.0,1.0,1.0,152.0,1.0,1.0,38.0,4.0,8.0,156.9,1.0,0.0,0.0,1.0,0.0,0.0,19.0,0.0,0.0,6.0,6.0,6.0,15.3333333333333,0.0,0.0,6.0,9.0,6.0,15.8333333333333,0.0,12.700000000000001,3.7,-1.7000000000000002,Graduate
1.0,1.0,2.0,9500.0,1.0,1.0,130.0,1.0,1.0,38.0,9.0,9.0,125.10000000000001,1.0,0.0,0.0,1.0,0.0,1.0,18.0,0.0,0.0,7.0,9.0,6.0,12.8166666666667,0.0,0.0,8.0,11.0,6.0,12.875,0.0,11.100000000000001,0.6000000000000001,2.02,Enrolled
1.0,15.0,1.0,9147.0,1.0,1.0,133.1,41.0,41.0,1.0,3.0,4.0,100.0,0.0,0.0,1.0,0.0,1.0,0.0,26.0,1.0,6.0,7.0,7.0,6.0,13.0,0.0,2.0,6.0,6.0,2.0,14.0,0.0,11.100000000000001,0.6000000000000001,2.02,Dropout
1.0,15.0,1.0,9119.0,1.0,1.0,160.0,32.0,1.0,3.0,143.0,152.0,160.0,0.0,0.0,1.0,1.0,0.0,0.0,19.0,1.0,0.0,6.0,11.0,2.0,13.5,1.0,0.0,5.0,11.0,2.0,11.0,0.0,8.9,1.4000000000000001,3.5100000000000002,Enrolled
2.0,39.0,1.0,8014.0,0.0,1.0,140.0,1.0,37.0,37.0,9.0,9.0,101.0,0.0,0.0,0.0,1.0,0.0,0.0,35.0,0.0,0.0,6.0,7.0,6.0,12.5,0.0,0.0,6.0,6.0,6.0,12.1666666666667,0.0,15.5,2.8000000000000003,-4.0600000000000005,Graduate
1.0,18.0,1.0,9670.0,1.0,1.0,133.0,1.0,1.0,1.0,9.0,9.0,121.5,1.0,0.0,0.0,1.0,0.0,1.0,19.0,0.0,0.0,6.0,7.0,6.0,13.0,0.0,0.0,6.0,6.0,6.0,14.3333333333333,0.0,12.4,0.5,1.79,Graduate
1.0,1.0,1.0,9085.0,1.0,1.0,138.0,1.0,38.0,37.0,9.0,6.0,126.80000000000001,1.0,0.0,0.0,1.0,1.0,0.0,18.0,0.0,0.0,5.0,6.0,4.0,11.75,0.0,0.0,5.0,10.0,5.0,12.5714285714286,1.0,10.8,1.4000000000000001,1.74,Graduate
1.0,1.0,5.0,9670.0,1.0,1.0,142.0,1.0,19.0,19.0,7.0,3.0,132.9,0.0,0.0,0.0,1.0,1.0,0.0,19.0,0.0,0.0,5.0,5.0,4.0,12.5,0.0,0.0,5.0,5.0,4.0,14.25,0.0,7.6000000000000005,2.6,0.32,Graduate
1.0,1.0,1.0,171.0,1.0,1.0,115.0,1.0,1.0,1.0,9.0,9.0,134.3,1.0,0.0,0.0,1.0,1.0,0.0,25.0,0.0,16.0,17.0,19.0,17.0,11.6111111111111,0.0,14.0,17.0,22.0,17.0,12.0555555555556,0.0,12.4,0.5,1.79,Graduate
1.0,17.0,6.0,9254.0,1.0,1.0,125.0,1.0,1.0,1.0,4.0,3.0,120.5,1.0,0.0,0.0,1.0,1.0,0.0,18.0,0.0,0.0,6.0,6.0,6.0,14.0,0.0,0.0,6.0,6.0,6.0,14.6666666666667,0.0,11.100000000000001,0.6000000000000001,2.02,Graduate
1.0,17.0,1.0,9003.0,1.0,1.0,170.0,1.0,1.0,4.0,9.0,5.0,144.1,1.0,0.0,1.0,0.0,1.0,0.0,26.0,0.0,0.0,6.0,8.0,0.0,0.0,0.0,0.0,6.0,10.0,0.0,0.0,0.0,16.2,0.30000000000000004,-0.92,Dropout
1.0,43.0,1.0,9991.0,0.0,1.0,140.0,1.0,1.0,1.0,6.0,6.0,100.0,0.0,0.0,0.0,1.0,1.0,0.0,34.0,0.0,0.0,5.0,5.0,5.0,13.8,0.0,0.0,5.0,6.0,5.0,13.8333333333333,0.0,9.4,-0.8,-3.12,Graduate
1.0,1.0,2.0,9254.0,1.0,1.0,110.0,1.0,4.0,19.0,4.0,3.0,114.80000000000001,1.0,0.0,0.0,0.0,1.0,0.0,18.0,0.0,0.0,5.0,6.0,0.0,0.0,0.0,0.0,5.0,5.0,0.0,0.0,0.0,12.700000000000001,3.7,-1.7000000000000002,Dropout
1.0,1.0,1.0,171.0,1.0,1.0,114.0,1.0,3.0,29.0,3.0,5.0,111.9,0.0,0.0,0.0,0.0,1.0,0.0,18.0,0.0,0.0,0.0,0.0,0.0,0.0,0.0,0.0,0.0,0.0,0.0,0.0,0.0,9.4,-0.8,-3.12,Dropout
1.0,17.0,3.0,9119.0,1.0,1.0,138.0,1.0,1.0,19.0,4.0,3.0,125.4,1.0,0.0,0.0,1.0,1.0,1.0,18.0,0.0,0.0,5.0,9.0,4.0,12.25,0.0,0.0,5.0,9.0,3.0,12.3333333333333,0.0,8.9,1.4000000000000001,3.5100000000000002,Dropout
1.0,44.0,1.0,9003.0,1.0,39.0,140.0,1.0,37.0,37.0,9.0,4.0,140.0,0.0,0.0,0.0,1.0,1.0,0.0,20.0,0.0,0.0,6.0,12.0,3.0,11.5,0.0,0.0,6.0,12.0,3.0,13.6666666666667,0.0,12.4,0.5,1.79,Dropout
1.0,44.0,1.0,9070.0,1.0,39.0,140.0,1.0,1.0,19.0,4.0,4.0,140.0,0.0,0.0,0.0,1.0,1.0,0.0,25.0,0.0,2.0,7.0,9.0,6.0,12.5714285714286,0.0,5.0,9.0,9.0,9.0,12.5555555555556,0.0,16.2,0.30000000000000004,-0.92,Graduate
1.0,17.0,1.0,9130.0,1.0,1.0,132.0,1.0,2.0,1.0,4.0,1.0,127.80000000000001,0.0,0.0,0.0,1.0,1.0,0.0,18.0,0.0,0.0,6.0,9.0,6.0,12.0,0.0,0.0,6.0,10.0,5.0,12.1666666666667,0.0,11.100000000000001,0.6000000000000001,2.02,Dropout
1.0,1.0,1.0,9003.0,1.0,1.0,148.0,1.0,19.0,37.0,9.0,9.0,131.6,1.0,0.0,0.0,1.0,1.0,0.0,19.0,0.0,8.0,12.0,17.0,11.0,12.0,2.0,4.0,12.0,21.0,12.0,12.3076923076923,0.0,15.5,2.8000000000000003,-4.0600000000000005,Graduate
1.0,1.0,1.0,171.0,1.0,1.0,132.0,1.0,1.0,1.0,4.0,1.0,119.4,1.0,0.0,0.0,1.0,1.0,0.0,20.0,0.0,0.0,0.0,0.0,0.0,0.0,0.0,0.0,0.0,0.0,0.0,0.0,0.0,10.8,1.4000000000000001,1.74,Dropout
1.0,18.0,2.0,9238.0,1.0,1.0,126.0,1.0,19.0,37.0,5.0,7.0,129.9,1.0,0.0,0.0,1.0,1.0,1.0,20.0,0.0,1.0,7.0,9.0,6.0,12.0,0.0,2.0,6.0,6.0,6.0,11.1666666666667,0.0,10.8,1.4000000000000001,1.74,Graduate
1.0,1.0,1.0,9119.0,1.0,1.0,121.0,1.0,3.0,1.0,2.0,3.0,114.0,0.0,0.0,0.0,1.0,1.0,0.0,20.0,0.0,0.0,5.0,9.0,4.0,11.600000000000001,0.0,0.0,5.0,7.0,4.0,12.25,2.0,7.6000000000000005,2.6,0.32,Enrolled
1.0,1.0,2.0,9147.0,1.0,1.0,120.0,1.0,1.0,37.0,4.0,9.0,113.4,1.0,0.0,0.0,1.0,1.0,1.0,19.0,0.0,0.0,5.0,5.0,0.0,0.0,0.0,0.0,5.0,5.0,0.0,0.0,0.0,11.100000000000001,0.6000000000000001,2.02,Dropout
1.0,1.0,1.0,9147.0,1.0,1.0,123.0,1.0,1.0,19.0,4.0,5.0,117.80000000000001,0.0,0.0,0.0,1.0,1.0,0.0,20.0,0.0,0.0,5.0,9.0,5.0,12.0,0.0,0.0,5.0,9.0,4.0,13.0,0.0,8.9,1.4000000000000001,3.5100000000000002,Enrolled
1.0,1.0,6.0,9500.0,1.0,1.0,122.0,1.0,1.0,1.0,3.0,7.0,114.30000000000001,1.0,0.0,0.0,1.0,1.0,0.0,18.0,0.0,0.0,7.0,8.0,6.0,13.9766666666667,0.0,0.0,8.0,12.0,6.0,12.0416666666667,1.0,11.100000000000001,0.6000000000000001,2.02,Enrolled
1.0,1.0,1.0,9670.0,1.0,1.0,136.0,1.0,2.0,38.0,143.0,163.0,129.70000000000002,1.0,0.0,0.0,1.0,1.0,0.0,19.0,0.0,0.0,6.0,10.0,4.0,12.5,0.0,0.0,6.0,12.0,1.0,10.0,3.0,16.2,0.30000000000000004,-0.92,Enrolled
1.0,18.0,1.0,9147.0,1.0,1.0,119.0,1.0,37.0,37.0,7.0,7.0,112.0,1.0,0.0,0.0,0.0,1.0,0.0,20.0,0.0,0.0,5.0,5.0,0.0,0.0,0.0,0.0,5.0,0.0,0.0,0.0,0.0,9.4,-0.8,-3.12,Dropout
1.0,39.0,1.0,9670.0,1.0,1.0,120.0,1.0,38.0,37.0,7.0,7.0,140.0,0.0,0.0,0.0,1.0,1.0,0.0,24.0,0.0,0.0,6.0,15.0,4.0,10.5,0.0,0.0,6.0,16.0,4.0,12.5,0.0,15.5,2.8000000000000003,-4.0600000000000005,Dropout
1.0,44.0,1.0,9003.0,1.0,39.0,150.0,1.0,38.0,38.0,9.0,8.0,150.0,1.0,0.0,0.0,1.0,1.0,0.0,20.0,0.0,0.0,6.0,8.0,5.0,12.8571428571429,0.0,0.0,6.0,11.0,6.0,12.3,0.0,16.2,0.30000000000000004,-0.92,Graduate
1.0,1.0,3.0,9670.0,1.0,1.0,121.0,1.0,3.0,19.0,2.0,8.0,122.4,1.0,0.0,0.0,1.0,1.0,0.0,19.0,0.0,0.0,5.0,7.0,3.0,11.6666666666667,0.0,0.0,5.0,5.0,4.0,12.0,0.0,9.4,-0.8,-3.12,Enrolled
1.0,51.0,1.0,9119.0,1.0,1.0,140.0,1.0,1.0,19.0,4.0,4.0,150.0,0.0,0.0,0.0,1.0,1.0,0.0,23.0,0.0,0.0,5.0,7.0,2.0,13.0,0.0,0.0,5.0,11.0,1.0,10.0,0.0,8.9,1.4000000000000001,3.5100000000000002,Dropout
1.0,17.0,2.0,9254.0,1.0,1.0,135.0,1.0,19.0,19.0,4.0,3.0,135.0,1.0,0.0,0.0,1.0,1.0,0.0,20.0,0.0,0.0,6.0,8.0,6.0,11.8333333333333,0.0,0.0,6.0,9.0,5.0,10.4,0.0,7.6000000000000005,2.6,0.32,Enrolled
1.0,43.0,4.0,8014.0,0.0,1.0,116.0,1.0,34.0,34.0,0.0,0.0,116.2,0.0,0.0,0.0,1.0,1.0,0.0,21.0,0.0,9.0,11.0,11.0,11.0,12.454545454545501,0.0,3.0,11.0,17.0,8.0,12.75,0.0,9.4,-0.8,-3.12,Graduate
1.0,17.0,2.0,9119.0,1.0,1.0,120.0,1.0,10.0,12.0,9.0,9.0,120.4,1.0,0.0,0.0,1.0,1.0,0.0,20.0,0.0,0.0,5.0,6.0,3.0,11.0,0.0,0.0,5.0,6.0,0.0,0.0,0.0,10.8,1.4000000000000001,1.74,Dropout
2.0,17.0,5.0,9119.0,1.0,1.0,126.0,1.0,37.0,38.0,4.0,4.0,122.9,1.0,0.0,0.0,1.0,1.0,0.0,21.0,0.0,0.0,5.0,10.0,4.0,13.200000000000001,0.0,0.0,5.0,7.0,4.0,14.25,2.0,7.6000000000000005,2.6,0.32,Enrolled
1.0,1.0,1.0,9773.0,1.0,1.0,170.0,1.0,1.0,19.0,9.0,7.0,155.0,0.0,0.0,0.0,1.0,1.0,1.0,18.0,0.0,0.0,6.0,6.0,6.0,15.5,0.0,0.0,6.0,6.0,6.0,14.1666666666667,0.0,11.100000000000001,0.6000000000000001,2.02,Graduate
1.0,1.0,3.0,9254.0,1.0,1.0,123.0,1.0,1.0,1.0,4.0,3.0,123.4,1.0,0.0,0.0,1.0,1.0,0.0,18.0,0.0,0.0,6.0,8.0,6.0,12.3333333333333,0.0,0.0,6.0,6.0,6.0,13.6666666666667,0.0,11.100000000000001,0.6000000000000001,2.02,Graduate
1.0,17.0,1.0,9147.0,1.0,1.0,120.0,1.0,3.0,38.0,3.0,7.0,124.2,1.0,0.0,0.0,1.0,1.0,0.0,18.0,0.0,0.0,5.0,13.0,5.0,12.0,0.0,0.0,5.0,9.0,4.0,11.4,0.0,13.9,-0.30000000000000004,0.79,Enrolled
1.0,44.0,1.0,9003.0,1.0,39.0,130.0,1.0,3.0,3.0,7.0,1.0,130.0,1.0,0.0,0.0,1.0,1.0,0.0,20.0,0.0,0.0,6.0,12.0,4.0,11.600000000000001,0.0,0.0,6.0,11.0,5.0,11.5,0.0,15.5,2.8000000000000003,-4.0600000000000005,Enrolled
1.0,17.0,1.0,9773.0,1.0,1.0,130.0,1.0,19.0,38.0,4.0,9.0,126.2,0.0,0.0,0.0,1.0,1.0,1.0,18.0,0.0,0.0,6.0,7.0,6.0,11.3333333333333,0.0,0.0,6.0,8.0,6.0,12.2857142857143,0.0,16.2,0.30000000000000004,-0.92,Graduate
1.0,17.0,1.0,9773.0,1.0,1.0,117.0,1.0,37.0,37.0,0.0,4.0,120.5,1.0,0.0,0.0,1.0,1.0,0.0,19.0,0.0,0.0,6.0,12.0,0.0,0.0,1.0,0.0,6.0,0.0,0.0,0.0,0.0,9.4,-0.8,-3.12,Dropout
1.0,17.0,1.0,9119.0,1.0,1.0,131.0,1.0,1.0,3.0,9.0,10.0,123.7,1.0,0.0,0.0,1.0,1.0,0.0,20.0,0.0,0.0,5.0,7.0,4.0,12.0,0.0,0.0,5.0,8.0,2.0,12.5,0.0,10.8,1.4000000000000001,1.74,Enrolled
1.0,17.0,1.0,9130.0,1.0,1.0,130.0,1.0,19.0,38.0,4.0,7.0,122.5,0.0,0.0,0.0,1.0,1.0,0.0,19.0,0.0,0.0,5.0,11.0,4.0,12.0,1.0,0.0,5.0,9.0,5.0,12.600000000000001,0.0,9.4,-0.8,-3.12,Graduate
1.0,39.0,1.0,9991.0,0.0,1.0,133.0,1.0,37.0,37.0,9.0,5.0,139.20000000000002,1.0,0.0,1.0,1.0,1.0,0.0,33.0,0.0,0.0,5.0,11.0,2.0,12.5,0.0,0.0,5.0,9.0,2.0,11.5,1.0,12.700000000000001,3.7,-1.7000000000000002,Dropout
1.0,51.0,1.0,171.0,1.0,1.0,128.0,1.0,2.0,1.0,3.0,3.0,131.20000000000002,1.0,0.0,0.0,1.0,1.0,0.0,21.0,0.0,6.0,12.0,12.0,12.0,13.6666666666667,0.0,4.0,11.0,16.0,11.0,13.0,0.0,8.9,1.4000000000000001,3.5100000000000002,Graduate
2.0,39.0,1.0,9003.0,1.0,1.0,133.1,1.0,1.0,19.0,4.0,4.0,120.0,0.0,0.0,1.0,0.0,1.0,0.0,25.0,0.0,0.0,6.0,17.0,2.0,14.5,2.0,0.0,6.0,13.0,0.0,0.0,1.0,15.5,2.8000000000000003,-4.0600000000000005,Dropout
1.0,1.0,1.0,9085.0,1.0,1.0,123.0,1.0,1.0,1.0,4.0,9.0,116.7,1.0,0.0,0.0,1.0,1.0,1.0,20.0,0.0,0.0,6.0,10.0,4.0,13.200000000000001,0.0,0.0,6.0,8.0,0.0,0.0,0.0,12.4,0.5,1.79,Dropout
1.0,53.0,1.0,9085.0,1.0,42.0,150.0,1.0,1.0,1.0,9.0,4.0,150.0,1.0,0.0,0.0,1.0,1.0,1.0,22.0,0.0,1.0,7.0,11.0,5.0,12.1666666666667,0.0,4.0,8.0,14.0,5.0,14.8,0.0,8.9,1.4000000000000001,3.5100000000000002,Dropout
4.0,39.0,1.0,9773.0,1.0,19.0,133.1,1.0,37.0,37.0,9.0,1.0,117.5,0.0,0.0,0.0,1.0,0.0,0.0,39.0,0.0,0.0,6.0,10.0,4.0,11.25,0.0,0.0,6.0,6.0,6.0,11.3333333333333,0.0,10.8,1.4000000000000001,1.74,Graduate
1.0,1.0,2.0,9670.0,1.0,1.0,140.0,1.0,3.0,1.0,2.0,6.0,137.6,1.0,0.0,0.0,1.0,1.0,1.0,21.0,0.0,0.0,6.0,8.0,6.0,15.1666666666667,0.0,0.0,6.0,7.0,6.0,14.4285714285714,0.0,8.9,1.4000000000000001,3.5100000000000002,Graduate
1.0,17.0,1.0,9254.0,1.0,1.0,126.0,1.0,1.0,1.0,9.0,9.0,124.30000000000001,0.0,0.0,0.0,1.0,0.0,1.0,19.0,0.0,0.0,6.0,8.0,6.0,11.1666666666667,0.0,0.0,6.0,7.0,4.0,13.4,0.0,16.2,0.30000000000000004,-0.92,Graduate
1.0,39.0,1.0,9500.0,1.0,19.0,133.1,1.0,37.0,37.0,9.0,7.0,116.0,0.0,0.0,0.0,1.0,0.0,1.0,26.0,0.0,0.0,7.0,8.0,6.0,10.9833333333333,0.0,0.0,7.0,8.0,6.0,10.9833333333333,0.0,7.6000000000000005,2.6,0.32,Graduate
1.0,18.0,2.0,9238.0,1.0,1.0,121.0,1.0,19.0,1.0,4.0,3.0,121.4,1.0,0.0,0.0,1.0,0.0,1.0,19.0,0.0,0.0,6.0,8.0,4.0,10.75,0.0,0.0,6.0,11.0,5.0,11.5,0.0,15.5,2.8000000000000003,-4.0600000000000005,Graduate
1.0,53.0,1.0,9085.0,1.0,42.0,140.0,1.0,1.0,3.0,4.0,2.0,142.8,1.0,0.0,0.0,0.0,0.0,1.0,20.0,0.0,7.0,12.0,15.0,11.0,13.384615384615401,0.0,4.0,9.0,13.0,7.0,14.2857142857143,0.0,8.9,1.4000000000000001,3.5100000000000002,Graduate
1.0,17.0,1.0,9670.0,1.0,1.0,133.1,1.0,1.0,37.0,4.0,9.0,96.0,1.0,0.0,0.0,1.0,0.0,1.0,25.0,0.0,0.0,6.0,8.0,6.0,11.2857142857143,0.0,0.0,6.0,10.0,5.0,12.200000000000001,0.0,15.5,2.8000000000000003,-4.0600000000000005,Enrolled
1.0,43.0,1.0,8014.0,0.0,1.0,131.0,1.0,19.0,37.0,8.0,5.0,125.0,0.0,0.0,0.0,1.0,1.0,0.0,24.0,0.0,0.0,6.0,13.0,0.0,0.0,3.0,0.0,6.0,6.0,0.0,0.0,0.0,16.2,0.30000000000000004,-0.92,Dropout
1.0,17.0,6.0,9119.0,1.0,1.0,124.0,1.0,19.0,19.0,4.0,0.0,126.10000000000001,1.0,0.0,0.0,1.0,1.0,0.0,20.0,0.0,0.0,5.0,7.0,4.0,13.0,0.0,0.0,5.0,9.0,5.0,14.8333333333333,3.0,7.6000000000000005,2.6,0.32,Graduate
2.0,39.0,1.0,9003.0,1.0,1.0,120.0,1.0,37.0,37.0,9.0,9.0,155.8,0.0,0.0,0.0,1.0,1.0,0.0,29.0,0.0,0.0,6.0,9.0,6.0,16.1111111111111,0.0,0.0,6.0,7.0,6.0,13.5,0.0,13.9,-0.30000000000000004,0.79,Graduate
1.0,1.0,1.0,9773.0,1.0,1.0,133.1,1.0,1.0,3.0,9.0,9.0,116.0,0.0,0.0,0.0,1.0,1.0,0.0,20.0,0.0,0.0,6.0,8.0,6.0,11.5,0.0,0.0,6.0,8.0,6.0,11.0,0.0,16.2,0.30000000000000004,-0.92,Graduate
1.0,44.0,1.0,9130.0,1.0,39.0,110.0,1.0,3.0,4.0,2.0,2.0,110.0,1.0,0.0,0.0,1.0,1.0,0.0,20.0,0.0,0.0,6.0,15.0,4.0,10.75,0.0,0.0,6.0,12.0,2.0,10.5,0.0,13.9,-0.30000000000000004,0.79,Dropout
1.0,39.0,1.0,9670.0,1.0,19.0,133.1,1.0,19.0,1.0,5.0,8.0,97.2,1.0,0.0,0.0,1.0,1.0,1.0,24.0,0.0,0.0,6.0,10.0,4.0,11.600000000000001,0.0,0.0,6.0,8.0,5.0,13.0,0.0,11.100000000000001,0.6000000000000001,2.02,Graduate
1.0,39.0,1.0,9500.0,1.0,19.0,133.1,1.0,1.0,3.0,2.0,2.0,100.0,0.0,0.0,1.0,1.0,1.0,0.0,24.0,0.0,0.0,7.0,21.0,0.0,0.0,3.0,0.0,7.0,7.0,0.0,0.0,0.0,16.2,0.30000000000000004,-0.92,Dropout
1.0,7.0,1.0,9119.0,1.0,40.0,140.0,1.0,3.0,1.0,2.0,5.0,140.0,0.0,0.0,0.0,1.0,1.0,0.0,23.0,0.0,0.0,5.0,5.0,5.0,13.8,0.0,0.0,5.0,7.0,5.0,14.1428571428571,0.0,11.100000000000001,0.6000000000000001,2.02,Graduate
1.0,43.0,1.0,9556.0,1.0,1.0,130.0,1.0,1.0,37.0,5.0,5.0,128.0,1.0,0.0,0.0,1.0,1.0,0.0,20.0,0.0,0.0,7.0,8.0,7.0,13.5857142857143,0.0,0.0,8.0,8.0,8.0,14.6875,0.0,15.5,2.8000000000000003,-4.0600000000000005,Graduate
1.0,17.0,2.0,9670.0,1.0,1.0,110.0,1.0,1.0,1.0,4.0,10.0,115.30000000000001,1.0,0.0,0.0,1.0,1.0,0.0,19.0,0.0,0.0,6.0,8.0,6.0,13.8571428571429,0.0,0.0,6.0,8.0,5.0,13.0,0.0,15.5,2.8000000000000003,-4.0600000000000005,Graduate
4.0,39.0,1.0,9003.0,1.0,1.0,140.0,1.0,37.0,37.0,9.0,8.0,150.0,0.0,0.0,0.0,1.0,1.0,0.0,28.0,0.0,0.0,6.0,12.0,5.0,12.0,0.0,0.0,6.0,10.0,6.0,12.3333333333333,0.0,11.100000000000001,0.6000000000000001,2.02,Enrolled
1.0,44.0,1.0,9003.0,1.0,39.0,160.0,1.0,1.0,38.0,4.0,4.0,160.0,1.0,0.0,0.0,1.0,1.0,1.0,20.0,0.0,0.0,6.0,9.0,6.0,13.4444444444444,0.0,0.0,6.0,9.0,5.0,12.600000000000001,0.0,13.9,-0.30000000000000004,0.79,Graduate
1.0,1.0,1.0,9070.0,1.0,1.0,138.0,1.0,38.0,37.0,3.0,3.0,133.1,0.0,0.0,0.0,1.0,1.0,0.0,18.0,0.0,0.0,6.0,6.0,6.0,14.0,0.0,0.0,6.0,7.0,6.0,13.8571428571429,0.0,8.9,1.4000000000000001,3.5100000000000002,Graduate
1.0,1.0,1.0,9670.0,1.0,1.0,126.0,1.0,1.0,1.0,90.0,90.0,119.0,1.0,0.0,1.0,1.0,1.0,0.0,20.0,0.0,0.0,6.0,10.0,1.0,12.0,1.0,0.0,6.0,0.0,0.0,0.0,0.0,10.8,1.4000000000000001,1.74,Dropout
2.0,39.0,1.0,9991.0,0.0,1.0,120.0,1.0,37.0,19.0,5.0,3.0,156.0,1.0,0.0,0.0,1.0,1.0,0.0,33.0,0.0,0.0,5.0,5.0,5.0,14.200000000000001,0.0,0.0,5.0,6.0,5.0,13.8333333333333,0.0,10.8,1.4000000000000001,1.74,Graduate
2.0,39.0,1.0,9500.0,1.0,1.0,130.0,1.0,37.0,37.0,191.0,183.0,163.70000000000002,0.0,0.0,0.0,1.0,0.0,0.0,35.0,0.0,0.0,7.0,11.0,5.0,13.34,0.0,0.0,7.0,9.0,5.0,10.84,0.0,12.4,0.5,1.79,Enrolled
1.0,39.0,1.0,9500.0,1.0,40.0,130.0,1.0,37.0,37.0,9.0,7.0,130.0,0.0,0.0,0.0,1.0,0.0,0.0,27.0,0.0,3.0,8.0,12.0,7.0,12.4571428571429,0.0,3.0,8.0,12.0,7.0,12.4571428571429,0.0,12.700000000000001,3.7,-1.7000000000000002,Enrolled
1.0,17.0,5.0,9773.0,1.0,1.0,122.0,1.0,38.0,38.0,7.0,7.0,123.10000000000001,1.0,0.0,0.0,0.0,0.0,0.0,19.0,0.0,0.0,6.0,12.0,3.0,11.0,0.0,0.0,6.0,12.0,3.0,12.0,0.0,9.4,-0.8,-3.12,Dropout
1.0,39.0,1.0,9991.0,0.0,1.0,160.0,41.0,37.0,19.0,9.0,9.0,160.0,0.0,0.0,0.0,1.0,0.0,1.0,31.0,1.0,0.0,5.0,13.0,4.0,10.5,0.0,0.0,5.0,10.0,4.0,10.5,0.0,15.5,2.8000000000000003,-4.0600000000000005,Enrolled
1.0,1.0,1.0,171.0,1.0,1.0,134.0,1.0,19.0,37.0,7.0,7.0,136.1,1.0,0.0,0.0,1.0,1.0,0.0,19.0,0.0,0.0,0.0,0.0,0.0,0.0,0.0,0.0,0.0,0.0,0.0,0.0,0.0,9.4,-0.8,-3.12,Graduate
1.0,43.0,1.0,9070.0,1.0,1.0,134.0,1.0,19.0,37.0,7.0,7.0,132.70000000000002,1.0,0.0,0.0,1.0,1.0,0.0,22.0,0.0,9.0,13.0,13.0,13.0,14.0,0.0,7.0,12.0,13.0,12.0,13.0,0.0,15.5,2.8000000000000003,-4.0600000000000005,Graduate
1.0,43.0,1.0,9500.0,1.0,1.0,140.0,100.0,1.0,1.0,6.0,6.0,128.20000000000002,0.0,0.0,0.0,1.0,0.0,0.0,39.0,1.0,0.0,7.0,0.0,0.0,0.0,0.0,0.0,8.0,0.0,0.0,0.0,0.0,12.700000000000001,3.7,-1.7000000000000002,Dropout
1.0,17.0,1.0,9254.0,1.0,1.0,127.0,1.0,1.0,1.0,4.0,8.0,126.7,1.0,0.0,0.0,0.0,1.0,0.0,22.0,0.0,0.0,1.0,1.0,0.0,0.0,0.0,0.0,6.0,0.0,0.0,0.0,0.0,12.4,0.5,1.79,Dropout
2.0,39.0,1.0,9991.0,0.0,1.0,133.1,1.0,37.0,19.0,9.0,10.0,150.0,0.0,0.0,0.0,1.0,1.0,0.0,47.0,0.0,0.0,5.0,8.0,4.0,10.0,0.0,0.0,5.0,8.0,4.0,12.5,0.0,9.4,-0.8,-3.12,Enrolled
1.0,17.0,1.0,171.0,1.0,1.0,143.0,1.0,19.0,37.0,5.0,9.0,156.3,1.0,0.0,0.0,1.0,1.0,1.0,19.0,0.0,0.0,0.0,0.0,0.0,0.0,0.0,0.0,0.0,0.0,0.0,0.0,0.0,11.100000000000001,0.6000000000000001,2.02,Graduate
1.0,10.0,1.0,9254.0,1.0,1.0,115.0,24.0,3.0,1.0,9.0,9.0,116.10000000000001,1.0,0.0,0.0,1.0,0.0,0.0,19.0,1.0,0.0,6.0,6.0,6.0,13.5,0.0,0.0,6.0,6.0,6.0,14.3333333333333,0.0,12.4,0.5,1.79,Graduate
1.0,17.0,1.0,9500.0,1.0,1.0,131.0,1.0,19.0,37.0,9.0,9.0,123.80000000000001,1.0,0.0,0.0,1.0,0.0,0.0,19.0,0.0,0.0,7.0,0.0,0.0,0.0,0.0,0.0,8.0,0.0,0.0,0.0,0.0,15.5,2.8000000000000003,-4.0600000000000005,Dropout
1.0,1.0,1.0,171.0,1.0,1.0,146.0,1.0,19.0,37.0,9.0,7.0,153.0,1.0,0.0,0.0,1.0,0.0,1.0,21.0,0.0,15.0,17.0,18.0,17.0,13.3888888888889,0.0,15.0,17.0,18.0,17.0,14.8888888888889,0.0,11.100000000000001,0.6000000000000001,2.02,Graduate
1.0,7.0,1.0,9500.0,1.0,5.0,140.0,1.0,19.0,1.0,4.0,1.0,140.0,1.0,0.0,0.0,0.0,0.0,0.0,39.0,0.0,0.0,7.0,0.0,0.0,0.0,0.0,0.0,8.0,0.0,0.0,0.0,0.0,12.4,0.5,1.79,Dropout
1.0,17.0,1.0,171.0,1.0,1.0,135.0,1.0,19.0,1.0,4.0,1.0,131.9,1.0,0.0,0.0,1.0,1.0,0.0,19.0,0.0,6.0,12.0,12.0,12.0,13.5833333333333,0.0,4.0,11.0,12.0,11.0,13.5833333333333,0.0,8.9,1.4000000000000001,3.5100000000000002,Graduate
1.0,1.0,1.0,171.0,1.0,1.0,133.0,1.0,37.0,19.0,9.0,8.0,141.4,0.0,0.0,0.0,1.0,1.0,1.0,20.0,0.0,0.0,0.0,0.0,0.0,0.0,0.0,0.0,0.0,0.0,0.0,0.0,0.0,13.9,-0.30000000000000004,0.79,Enrolled
1.0,39.0,1.0,9147.0,1.0,12.0,133.1,1.0,1.0,1.0,9.0,4.0,140.0,1.0,0.0,1.0,0.0,1.0,0.0,24.0,0.0,0.0,5.0,5.0,0.0,0.0,0.0,0.0,5.0,5.0,0.0,0.0,0.0,12.700000000000001,3.7,-1.7000000000000002,Dropout
1.0,39.0,1.0,9991.0,0.0,1.0,120.0,1.0,19.0,19.0,9.0,9.0,115.0,1.0,0.0,0.0,1.0,1.0,0.0,27.0,0.0,0.0,5.0,9.0,1.0,10.0,0.0,0.0,5.0,5.0,0.0,0.0,0.0,12.700000000000001,3.7,-1.7000000000000002,Dropout
2.0,39.0,1.0,9991.0,0.0,1.0,133.1,1.0,37.0,37.0,9.0,9.0,168.0,0.0,0.0,0.0,1.0,1.0,0.0,29.0,0.0,0.0,5.0,5.0,5.0,15.200000000000001,0.0,0.0,5.0,5.0,5.0,15.200000000000001,0.0,11.100000000000001,0.6000000000000001,2.02,Graduate
1.0,17.0,1.0,9085.0,1.0,1.0,130.0,1.0,19.0,1.0,9.0,4.0,101.30000000000001,1.0,0.0,0.0,1.0,1.0,0.0,20.0,0.0,0.0,6.0,12.0,4.0,12.8,0.0,0.0,6.0,17.0,0.0,0.0,0.0,12.4,0.5,1.79,Dropout
1.0,1.0,1.0,9670.0,1.0,1.0,125.0,1.0,19.0,1.0,7.0,4.0,122.60000000000001,0.0,0.0,0.0,1.0,1.0,0.0,21.0,0.0,0.0,5.0,7.0,5.0,11.1666666666667,0.0,0.0,5.0,5.0,4.0,11.0,0.0,9.4,-0.8,-3.12,Dropout
1.0,1.0,1.0,171.0,1.0,1.0,134.0,1.0,3.0,2.0,2.0,2.0,141.70000000000002,1.0,0.0,0.0,1.0,1.0,0.0,18.0,0.0,0.0,0.0,0.0,0.0,0.0,0.0,0.0,0.0,0.0,0.0,0.0,0.0,7.6000000000000005,2.6,0.32,Enrolled
1.0,1.0,1.0,9500.0,1.0,1.0,151.0,1.0,1.0,1.0,4.0,3.0,132.3,0.0,0.0,0.0,1.0,1.0,0.0,19.0,0.0,0.0,8.0,9.0,7.0,12.8285714285714,0.0,0.0,8.0,9.0,7.0,12.8285714285714,0.0,12.700000000000001,3.7,-1.7000000000000002,Graduate
1.0,17.0,1.0,9773.0,1.0,1.0,112.0,1.0,1.0,1.0,5.0,1.0,111.7,0.0,0.0,1.0,0.0,1.0,0.0,19.0,0.0,0.0,6.0,6.0,6.0,12.5,0.0,0.0,6.0,10.0,4.0,12.600000000000001,0.0,15.5,2.8000000000000003,-4.0600000000000005,Dropout
1.0,39.0,1.0,9119.0,1.0,1.0,120.0,1.0,37.0,37.0,9.0,9.0,98.7,0.0,0.0,0.0,1.0,1.0,1.0,28.0,0.0,0.0,5.0,12.0,3.0,10.0,0.0,0.0,5.0,10.0,3.0,12.4,0.0,12.4,0.5,1.79,Graduate
1.0,15.0,1.0,9254.0,1.0,1.0,140.0,26.0,19.0,1.0,9.0,7.0,140.0,1.0,0.0,0.0,0.0,0.0,0.0,21.0,1.0,0.0,6.0,6.0,6.0,11.5,0.0,0.0,6.0,10.0,4.0,13.25,0.0,13.9,-0.30000000000000004,0.79,Graduate
1.0,10.0,1.0,9500.0,1.0,1.0,140.0,24.0,3.0,3.0,2.0,9.0,140.0,1.0,0.0,1.0,0.0,0.0,0.0,23.0,1.0,0.0,8.0,11.0,7.0,11.3285714285714,0.0,0.0,8.0,11.0,7.0,11.3285714285714,0.0,12.700000000000001,3.7,-1.7000000000000002,Dropout
4.0,39.0,1.0,9003.0,1.0,1.0,133.1,1.0,19.0,19.0,9.0,4.0,100.7,0.0,0.0,0.0,1.0,0.0,0.0,39.0,0.0,0.0,6.0,15.0,2.0,13.0,2.0,0.0,6.0,13.0,3.0,13.0,1.0,15.5,2.8000000000000003,-4.0600000000000005,Enrolled
1.0,17.0,3.0,9500.0,1.0,1.0,143.0,1.0,38.0,1.0,9.0,5.0,133.8,1.0,0.0,0.0,1.0,0.0,0.0,18.0,0.0,0.0,7.0,7.0,6.0,13.033333333333301,0.0,0.0,7.0,7.0,6.0,13.033333333333301,0.0,7.6000000000000005,2.6,0.32,Graduate
2.0,15.0,1.0,9773.0,1.0,1.0,133.1,41.0,37.0,37.0,9.0,6.0,100.0,0.0,0.0,0.0,1.0,0.0,0.0,59.0,1.0,0.0,6.0,8.0,6.0,12.1666666666667,0.0,0.0,6.0,7.0,4.0,11.75,0.0,11.100000000000001,0.6000000000000001,2.02,Graduate
1.0,7.0,1.0,9119.0,1.0,4.0,180.0,1.0,4.0,3.0,2.0,7.0,180.0,0.0,0.0,1.0,1.0,1.0,0.0,30.0,0.0,0.0,5.0,6.0,4.0,14.5,0.0,0.0,5.0,10.0,3.0,16.2,0.0,13.9,-0.30000000000000004,0.79,Enrolled
1.0,1.0,1.0,9085.0,1.0,1.0,136.0,1.0,1.0,38.0,9.0,9.0,130.8,1.0,0.0,0.0,1.0,0.0,0.0,18.0,0.0,0.0,5.0,7.0,5.0,14.4,1.0,0.0,5.0,5.0,5.0,13.600000000000001,0.0,12.700000000000001,3.7,-1.7000000000000002,Graduate
2.0,44.0,1.0,9991.0,0.0,39.0,140.0,1.0,37.0,37.0,9.0,9.0,140.0,0.0,0.0,0.0,1.0,0.0,0.0,41.0,0.0,2.0,6.0,10.0,4.0,12.25,0.0,3.0,7.0,9.0,6.0,12.5,0.0,9.4,-0.8,-3.12,Enrolled
1.0,39.0,1.0,9500.0,1.0,1.0,130.0,1.0,37.0,19.0,9.0,8.0,106.2,1.0,0.0,0.0,1.0,0.0,0.0,27.0,0.0,0.0,7.0,14.0,0.0,0.0,0.0,0.0,7.0,14.0,0.0,0.0,0.0,11.100000000000001,0.6000000000000001,2.02,Dropout
1.0,1.0,1.0,9238.0,1.0,1.0,141.0,1.0,38.0,19.0,9.0,10.0,125.60000000000001,1.0,0.0,0.0,1.0,0.0,1.0,18.0,0.0,0.0,6.0,6.0,6.0,12.6666666666667,0.0,0.0,6.0,6.0,6.0,12.0,0.0,9.4,-0.8,-3.12,Graduate
1.0,18.0,5.0,9853.0,1.0,1.0,121.0,1.0,38.0,19.0,7.0,7.0,117.5,1.0,0.0,1.0,0.0,0.0,0.0,20.0,0.0,0.0,6.0,14.0,2.0,12.0,0.0,0.0,6.0,14.0,3.0,11.6666666666667,0.0,10.8,1.4000000000000001,1.74,Dropout
2.0,39.0,1.0,9119.0,1.0,3.0,120.0,1.0,37.0,37.0,4.0,7.0,122.5,0.0,0.0,0.0,0.0,0.0,0.0,32.0,0.0,0.0,5.0,6.0,0.0,0.0,0.0,0.0,5.0,5.0,0.0,0.0,0.0,12.700000000000001,3.7,-1.7000000000000002,Dropout
1.0,17.0,1.0,9147.0,1.0,1.0,129.0,1.0,38.0,37.0,3.0,5.0,132.9,1.0,0.0,0.0,1.0,0.0,0.0,19.0,0.0,0.0,5.0,5.0,3.0,11.6666666666667,0.0,0.0,5.0,10.0,4.0,10.8,0.0,9.4,-0.8,-3.12,Dropout
2.0,39.0,1.0,9853.0,1.0,12.0,133.1,1.0,37.0,37.0,7.0,8.0,103.0,0.0,0.0,0.0,1.0,0.0,0.0,41.0,0.0,0.0,6.0,0.0,0.0,0.0,0.0,0.0,6.0,0.0,0.0,0.0,0.0,16.2,0.30000000000000004,-0.92,Dropout
4.0,17.0,5.0,8014.0,0.0,1.0,100.0,1.0,19.0,19.0,90.0,90.0,107.0,0.0,0.0,0.0,1.0,0.0,0.0,38.0,0.0,0.0,5.0,12.0,1.0,10.0,0.0,0.0,5.0,10.0,0.0,0.0,0.0,10.8,1.4000000000000001,1.74,Dropout
1.0,7.0,1.0,9130.0,1.0,2.0,133.1,6.0,42.0,1.0,4.0,9.0,100.0,0.0,0.0,0.0,1.0,1.0,0.0,35.0,1.0,0.0,7.0,8.0,0.0,0.0,1.0,0.0,6.0,9.0,0.0,0.0,0.0,8.9,1.4000000000000001,3.5100000000000002,Dropout
1.0,39.0,1.0,8014.0,0.0,1.0,133.1,1.0,34.0,34.0,0.0,0.0,100.0,1.0,0.0,0.0,1.0,0.0,0.0,27.0,0.0,0.0,6.0,11.0,4.0,12.25,0.0,0.0,6.0,16.0,3.0,12.0,0.0,7.6000000000000005,2.6,0.32,Dropout
1.0,17.0,1.0,9070.0,1.0,1.0,139.0,1.0,1.0,37.0,4.0,9.0,131.3,1.0,0.0,0.0,1.0,0.0,0.0,19.0,0.0,0.0,6.0,10.0,4.0,12.0,1.0,0.0,6.0,6.0,6.0,12.5,0.0,7.6000000000000005,2.6,0.32,Graduate
1.0,18.0,1.0,9773.0,1.0,1.0,125.0,1.0,19.0,37.0,9.0,5.0,122.2,0.0,0.0,0.0,0.0,0.0,0.0,18.0,0.0,0.0,6.0,7.0,5.0,12.600000000000001,0.0,0.0,6.0,6.0,5.0,11.8,0.0,11.100000000000001,0.6000000000000001,2.02,Enrolled
2.0,39.0,1.0,9991.0,0.0,9.0,133.1,1.0,34.0,34.0,0.0,0.0,118.4,0.0,0.0,0.0,0.0,0.0,0.0,39.0,0.0,0.0,5.0,5.0,0.0,0.0,0.0,0.0,5.0,5.0,0.0,0.0,0.0,7.6000000000000005,2.6,0.32,Dropout
2.0,7.0,1.0,9254.0,1.0,2.0,100.0,1.0,37.0,37.0,9.0,9.0,100.0,0.0,0.0,0.0,0.0,0.0,0.0,37.0,0.0,0.0,5.0,5.0,0.0,0.0,0.0,0.0,5.0,10.0,0.0,0.0,0.0,10.8,1.4000000000000001,1.74,Dropout
5.0,39.0,1.0,9500.0,1.0,1.0,110.0,1.0,38.0,38.0,9.0,9.0,110.0,0.0,0.0,0.0,0.0,0.0,0.0,37.0,0.0,0.0,8.0,8.0,0.0,0.0,1.0,0.0,8.0,8.0,0.0,0.0,1.0,12.700000000000001,3.7,-1.7000000000000002,Dropout
2.0,43.0,1.0,8014.0,0.0,1.0,133.1,1.0,34.0,34.0,0.0,0.0,100.0,0.0,0.0,0.0,1.0,0.0,1.0,35.0,0.0,11.0,16.0,16.0,16.0,12.6875,0.0,11.0,13.0,13.0,13.0,12.0,0.0,9.4,-0.8,-3.12,Graduate
1.0,43.0,1.0,9147.0,1.0,1.0,123.0,1.0,37.0,37.0,9.0,9.0,106.2,0.0,0.0,0.0,1.0,0.0,0.0,49.0,0.0,9.0,13.0,22.0,10.0,10.4,0.0,4.0,9.0,18.0,6.0,10.6666666666667,0.0,12.700000000000001,3.7,-1.7000000000000002,Graduate
1.0,7.0,1.0,9147.0,1.0,40.0,110.0,1.0,37.0,37.0,9.0,9.0,110.0,0.0,0.0,0.0,1.0,0.0,0.0,52.0,0.0,11.0,15.0,26.0,14.0,10.4666666666667,0.0,9.0,12.0,16.0,12.0,10.9230769230769,0.0,13.9,-0.30000000000000004,0.79,Graduate
1.0,1.0,2.0,9085.0,1.0,1.0,130.0,1.0,1.0,38.0,5.0,5.0,122.30000000000001,1.0,0.0,0.0,1.0,0.0,0.0,18.0,0.0,0.0,5.0,10.0,5.0,14.3333333333333,2.0,0.0,5.0,8.0,5.0,13.0,1.0,9.4,-0.8,-3.12,Graduate
1.0,39.0,1.0,8014.0,0.0,1.0,133.1,1.0,37.0,37.0,9.0,9.0,112.5,0.0,0.0,0.0,1.0,0.0,1.0,30.0,0.0,0.0,7.0,7.0,6.0,14.6666666666667,1.0,0.0,6.0,7.0,6.0,14.3333333333333,0.0,10.8,1.4000000000000001,1.74,Graduate
1.0,1.0,2.0,9500.0,1.0,1.0,97.0,1.0,1.0,19.0,2.0,7.0,98.10000000000001,1.0,0.0,0.0,1.0,0.0,0.0,21.0,0.0,0.0,7.0,7.0,7.0,12.8357142857143,0.0,0.0,8.0,8.0,8.0,14.231250000000001,0.0,11.100000000000001,0.6000000000000001,2.02,Graduate
1.0,1.0,1.0,9119.0,1.0,1.0,130.0,1.0,37.0,19.0,9.0,5.0,140.20000000000002,1.0,0.0,0.0,1.0,1.0,0.0,20.0,0.0,0.0,5.0,5.0,0.0,0.0,0.0,0.0,5.0,0.0,0.0,0.0,0.0,9.4,-0.8,-3.12,Dropout
1.0,17.0,1.0,9147.0,1.0,1.0,139.0,1.0,1.0,38.0,6.0,6.0,143.6,1.0,0.0,1.0,1.0,1.0,0.0,18.0,0.0,0.0,5.0,9.0,0.0,0.0,0.0,0.0,5.0,5.0,0.0,0.0,0.0,7.6000000000000005,2.6,0.32,Enrolled
1.0,16.0,1.0,171.0,1.0,1.0,150.0,1.0,37.0,37.0,9.0,9.0,134.6,1.0,0.0,0.0,1.0,1.0,0.0,19.0,0.0,0.0,0.0,0.0,0.0,0.0,0.0,0.0,0.0,0.0,0.0,0.0,0.0,7.6000000000000005,2.6,0.32,Dropout
1.0,1.0,3.0,9500.0,1.0,1.0,141.0,1.0,3.0,19.0,2.0,10.0,126.80000000000001,1.0,0.0,0.0,1.0,1.0,0.0,18.0,0.0,0.0,8.0,8.0,8.0,13.248750000000001,0.0,0.0,8.0,8.0,8.0,13.248750000000001,0.0,9.4,-0.8,-3.12,Graduate
1.0,15.0,1.0,33.0,1.0,1.0,133.1,41.0,2.0,3.0,2.0,4.0,100.0,0.0,0.0,0.0,1.0,1.0,0.0,20.0,1.0,0.0,7.0,10.0,7.0,12.8571428571429,0.0,0.0,7.0,7.0,4.0,12.75,0.0,8.9,1.4000000000000001,3.5100000000000002,Enrolled
1.0,17.0,1.0,9130.0,1.0,1.0,137.0,1.0,38.0,19.0,5.0,7.0,130.0,1.0,0.0,0.0,1.0,0.0,0.0,21.0,0.0,0.0,6.0,12.0,5.0,13.600000000000001,0.0,0.0,6.0,10.0,4.0,14.25,0.0,12.4,0.5,1.79,Enrolled
1.0,1.0,4.0,9147.0,1.0,1.0,116.0,1.0,1.0,1.0,3.0,4.0,113.60000000000001,1.0,0.0,0.0,1.0,0.0,1.0,22.0,0.0,0.0,5.0,6.0,3.0,14.0,0.0,0.0,5.0,8.0,5.0,12.4,0.0,11.100000000000001,0.6000000000000001,2.02,Graduate
1.0,44.0,1.0,9130.0,1.0,39.0,140.0,1.0,19.0,19.0,5.0,5.0,140.0,1.0,0.0,1.0,0.0,0.0,0.0,20.0,0.0,1.0,6.0,11.0,3.0,12.0,0.0,0.0,6.0,11.0,2.0,11.0,0.0,12.4,0.5,1.79,Enrolled
1.0,17.0,4.0,9085.0,1.0,1.0,106.0,1.0,37.0,1.0,3.0,9.0,106.0,0.0,0.0,0.0,1.0,0.0,0.0,20.0,0.0,0.0,6.0,9.0,6.0,13.1666666666667,0.0,0.0,6.0,8.0,4.0,14.0,0.0,13.9,-0.30000000000000004,0.79,Enrolled
1.0,17.0,6.0,9238.0,1.0,1.0,135.0,1.0,1.0,19.0,7.0,7.0,126.60000000000001,1.0,0.0,0.0,1.0,0.0,1.0,19.0,0.0,0.0,6.0,8.0,6.0,13.625,0.0,0.0,6.0,7.0,6.0,12.1666666666667,0.0,12.700000000000001,3.7,-1.7000000000000002,Graduate
1.0,17.0,5.0,9500.0,1.0,1.0,144.0,1.0,19.0,38.0,9.0,5.0,130.70000000000002,1.0,0.0,0.0,1.0,0.0,1.0,18.0,0.0,0.0,7.0,8.0,7.0,14.85,0.0,0.0,8.0,9.0,8.0,15.6111111111111,0.0,13.9,-0.30000000000000004,0.79,Graduate
1.0,1.0,2.0,9147.0,1.0,1.0,108.0,1.0,1.0,19.0,4.0,4.0,105.9,1.0,0.0,0.0,1.0,1.0,0.0,21.0,0.0,0.0,5.0,9.0,4.0,10.75,0.0,0.0,5.0,6.0,5.0,11.4,0.0,11.100000000000001,0.6000000000000001,2.02,Graduate
1.0,15.0,1.0,9556.0,1.0,1.0,137.0,26.0,19.0,1.0,9.0,4.0,137.0,0.0,0.0,1.0,1.0,0.0,0.0,19.0,1.0,0.0,7.0,11.0,0.0,0.0,4.0,0.0,7.0,11.0,2.0,11.6666666666667,0.0,8.9,1.4000000000000001,3.5100000000000002,Enrolled
1.0,43.0,1.0,9130.0,1.0,1.0,133.1,6.0,37.0,37.0,9.0,6.0,100.0,0.0,0.0,0.0,1.0,0.0,0.0,37.0,1.0,0.0,6.0,0.0,0.0,0.0,0.0,0.0,6.0,0.0,0.0,0.0,0.0,13.9,-0.30000000000000004,0.79,Dropout
2.0,1.0,1.0,8014.0,0.0,1.0,121.0,1.0,37.0,37.0,9.0,9.0,114.4,1.0,0.0,0.0,1.0,0.0,0.0,45.0,0.0,8.0,12.0,14.0,12.0,14.0,0.0,2.0,7.0,12.0,7.0,13.8571428571429,0.0,7.6000000000000005,2.6,0.32,Enrolled
1.0,39.0,1.0,9003.0,1.0,19.0,133.1,1.0,37.0,37.0,9.0,10.0,120.0,0.0,0.0,1.0,0.0,1.0,0.0,38.0,0.0,0.0,6.0,8.0,0.0,0.0,0.0,0.0,6.0,10.0,0.0,0.0,0.0,16.2,0.30000000000000004,-0.92,Dropout
6.0,39.0,1.0,9991.0,0.0,12.0,130.0,1.0,37.0,37.0,90.0,90.0,119.0,1.0,0.0,0.0,0.0,1.0,0.0,55.0,0.0,0.0,5.0,5.0,0.0,0.0,0.0,0.0,5.0,5.0,0.0,0.0,0.0,7.6000000000000005,2.6,0.32,Dropout
5.0,39.0,1.0,9003.0,1.0,1.0,133.1,1.0,37.0,37.0,9.0,7.0,110.0,0.0,0.0,1.0,0.0,0.0,0.0,28.0,0.0,0.0,6.0,17.0,5.0,13.0,0.0,0.0,6.0,11.0,4.0,11.75,0.0,13.9,-0.30000000000000004,0.79,Dropout
5.0,7.0,1.0,9991.0,0.0,2.0,120.0,1.0,37.0,37.0,6.0,6.0,120.0,0.0,0.0,0.0,1.0,0.0,0.0,46.0,0.0,6.0,8.0,12.0,8.0,12.375,0.0,4.0,9.0,11.0,5.0,12.4,0.0,8.9,1.4000000000000001,3.5100000000000002,Graduate
1.0,1.0,4.0,171.0,1.0,1.0,131.0,1.0,19.0,19.0,4.0,4.0,119.80000000000001,1.0,1.0,0.0,1.0,0.0,0.0,22.0,0.0,0.0,0.0,0.0,0.0,0.0,0.0,0.0,0.0,0.0,0.0,0.0,0.0,16.2,0.30000000000000004,-0.92,Graduate
2.0,39.0,2.0,9670.0,1.0,19.0,133.1,1.0,37.0,37.0,9.0,9.0,135.6,0.0,0.0,0.0,1.0,0.0,0.0,46.0,0.0,0.0,6.0,10.0,5.0,11.4,0.0,0.0,6.0,9.0,4.0,13.75,0.0,12.4,0.5,1.79,Dropout
1.0,39.0,1.0,9991.0,0.0,1.0,100.0,1.0,19.0,37.0,5.0,5.0,120.7,0.0,0.0,0.0,1.0,0.0,0.0,28.0,0.0,0.0,5.0,9.0,4.0,11.25,0.0,0.0,5.0,7.0,4.0,13.0,0.0,7.6000000000000005,2.6,0.32,Enrolled
1.0,1.0,3.0,9085.0,1.0,1.0,131.0,1.0,37.0,19.0,9.0,8.0,136.3,1.0,0.0,1.0,0.0,0.0,0.0,18.0,0.0,0.0,5.0,7.0,3.0,13.0,0.0,0.0,5.0,8.0,3.0,12.0,0.0,7.6000000000000005,2.6,0.32,Dropout
1.0,16.0,1.0,171.0,1.0,1.0,158.0,1.0,38.0,37.0,9.0,9.0,164.3,1.0,0.0,0.0,1.0,1.0,1.0,18.0,0.0,0.0,0.0,0.0,0.0,0.0,0.0,0.0,0.0,0.0,0.0,0.0,0.0,10.8,1.4000000000000001,1.74,Enrolled
1.0,1.0,1.0,9773.0,1.0,1.0,146.0,1.0,37.0,37.0,9.0,7.0,149.20000000000002,1.0,0.0,0.0,1.0,1.0,1.0,21.0,0.0,0.0,6.0,6.0,6.0,13.5,0.0,0.0,6.0,6.0,6.0,14.1666666666667,0.0,12.700000000000001,3.7,-1.7000000000000002,Graduate
1.0,16.0,2.0,9070.0,1.0,1.0,133.0,1.0,1.0,3.0,4.0,2.0,122.5,1.0,0.0,0.0,1.0,0.0,0.0,18.0,0.0,0.0,6.0,11.0,1.0,11.0,1.0,0.0,6.0,11.0,4.0,11.0,4.0,7.6000000000000005,2.6,0.32,Enrolled
1.0,43.0,1.0,9991.0,0.0,1.0,120.0,1.0,19.0,37.0,3.0,9.0,100.0,0.0,0.0,0.0,1.0,0.0,0.0,34.0,0.0,0.0,5.0,9.0,0.0,0.0,0.0,0.0,5.0,10.0,1.0,11.0,0.0,13.9,-0.30000000000000004,0.79,Dropout
1.0,17.0,1.0,9853.0,1.0,1.0,119.0,1.0,37.0,38.0,9.0,9.0,125.0,1.0,0.0,0.0,1.0,0.0,1.0,21.0,0.0,0.0,6.0,9.0,5.0,12.0,0.0,0.0,6.0,8.0,5.0,11.200000000000001,0.0,10.8,1.4000000000000001,1.74,Dropout
1.0,1.0,1.0,9773.0,1.0,1.0,132.0,1.0,37.0,19.0,9.0,9.0,131.0,1.0,0.0,0.0,1.0,0.0,1.0,18.0,0.0,0.0,6.0,8.0,5.0,13.0,0.0,0.0,6.0,7.0,6.0,13.0,0.0,15.5,2.8000000000000003,-4.0600000000000005,Graduate
1.0,1.0,1.0,171.0,1.0,1.0,130.0,1.0,29.0,38.0,9.0,8.0,122.0,1.0,0.0,0.0,1.0,1.0,0.0,20.0,0.0,0.0,0.0,0.0,0.0,0.0,0.0,0.0,0.0,0.0,0.0,0.0,0.0,7.6000000000000005,2.6,0.32,Graduate
1.0,1.0,1.0,9147.0,1.0,1.0,132.0,1.0,38.0,37.0,7.0,7.0,131.3,1.0,0.0,0.0,1.0,0.0,0.0,18.0,0.0,0.0,5.0,8.0,4.0,12.0,0.0,0.0,5.0,8.0,4.0,12.25,0.0,9.4,-0.8,-3.12,Enrolled
1.0,17.0,2.0,9119.0,1.0,1.0,133.1,1.0,1.0,2.0,3.0,3.0,117.0,1.0,0.0,0.0,1.0,1.0,0.0,21.0,0.0,0.0,5.0,10.0,5.0,11.1666666666667,0.0,0.0,5.0,10.0,3.0,10.8,0.0,12.4,0.5,1.79,Enrolled
1.0,17.0,1.0,9254.0,1.0,1.0,119.0,1.0,37.0,37.0,5.0,4.0,118.0,1.0,0.0,0.0,1.0,1.0,0.0,19.0,0.0,0.0,6.0,13.0,2.0,10.5,0.0,0.0,6.0,11.0,1.0,12.0,0.0,10.8,1.4000000000000001,1.74,Dropout
1.0,17.0,2.0,8014.0,0.0,1.0,134.0,1.0,1.0,19.0,4.0,99.0,126.0,1.0,0.0,0.0,1.0,1.0,0.0,22.0,0.0,0.0,6.0,7.0,6.0,12.6666666666667,0.0,0.0,6.0,6.0,6.0,12.1666666666667,0.0,7.6000000000000005,2.6,0.32,Graduate
1.0,44.0,1.0,9003.0,1.0,39.0,120.0,1.0,1.0,19.0,4.0,7.0,120.0,0.0,0.0,0.0,1.0,1.0,0.0,23.0,0.0,1.0,6.0,6.0,1.0,11.0,0.0,0.0,6.0,8.0,0.0,0.0,0.0,15.5,2.8000000000000003,-4.0600000000000005,Dropout
1.0,17.0,4.0,171.0,1.0,1.0,172.0,1.0,3.0,1.0,2.0,10.0,155.60000000000002,1.0,0.0,0.0,1.0,1.0,0.0,19.0,0.0,0.0,0.0,0.0,0.0,0.0,0.0,0.0,0.0,0.0,0.0,0.0,0.0,9.4,-0.8,-3.12,Dropout
1.0,1.0,4.0,9147.0,1.0,1.0,120.0,1.0,19.0,38.0,5.0,5.0,122.80000000000001,1.0,0.0,0.0,1.0,1.0,0.0,18.0,0.0,0.0,5.0,6.0,4.0,11.5,0.0,0.0,5.0,12.0,2.0,10.3333333333333,0.0,10.8,1.4000000000000001,1.74,Enrolled
1.0,1.0,3.0,171.0,1.0,1.0,129.0,1.0,38.0,37.0,9.0,3.0,127.30000000000001,1.0,0.0,1.0,0.0,1.0,1.0,19.0,0.0,0.0,0.0,0.0,0.0,0.0,0.0,0.0,0.0,0.0,0.0,0.0,0.0,9.4,-0.8,-3.12,Dropout
1.0,17.0,1.0,9147.0,1.0,1.0,118.0,1.0,1.0,38.0,9.0,9.0,118.4,1.0,0.0,0.0,1.0,1.0,0.0,19.0,0.0,0.0,5.0,10.0,2.0,10.5,0.0,0.0,5.0,5.0,4.0,11.75,0.0,12.4,0.5,1.79,Enrolled
1.0,1.0,1.0,9670.0,1.0,1.0,127.0,1.0,1.0,37.0,4.0,9.0,128.1,0.0,0.0,0.0,1.0,1.0,0.0,19.0,0.0,0.0,5.0,8.0,4.0,12.5,0.0,0.0,5.0,6.0,4.0,11.0,0.0,7.6000000000000005,2.6,0.32,Enrolled
1.0,1.0,2.0,9500.0,1.0,1.0,133.1,1.0,37.0,37.0,9.0,9.0,99.0,1.0,0.0,0.0,1.0,1.0,0.0,22.0,0.0,0.0,7.0,9.0,6.0,12.8333333333333,0.0,0.0,8.0,12.0,6.0,12.5,0.0,16.2,0.30000000000000004,-0.92,Enrolled
1.0,1.0,1.0,9773.0,1.0,1.0,164.0,1.0,19.0,1.0,9.0,9.0,161.20000000000002,0.0,0.0,0.0,1.0,1.0,1.0,18.0,0.0,0.0,6.0,7.0,6.0,15.5714285714286,0.0,0.0,6.0,7.0,6.0,16.1428571428571,0.0,13.9,-0.30000000000000004,0.79,Graduate
1.0,17.0,1.0,9238.0,1.0,1.0,136.0,1.0,37.0,37.0,7.0,7.0,140.9,1.0,0.0,0.0,1.0,1.0,0.0,18.0,0.0,0.0,6.0,10.0,4.0,12.0,0.0,0.0,6.0,7.0,5.0,11.8,0.0,9.4,-0.8,-3.12,Dropout
1.0,17.0,1.0,9773.0,1.0,1.0,117.0,1.0,38.0,38.0,9.0,9.0,111.10000000000001,0.0,0.0,1.0,1.0,1.0,0.0,19.0,0.0,0.0,6.0,6.0,4.0,11.25,0.0,0.0,6.0,6.0,3.0,11.3333333333333,0.0,16.2,0.30000000000000004,-0.92,Dropout
1.0,1.0,4.0,171.0,1.0,1.0,131.0,1.0,1.0,1.0,0.0,3.0,149.9,1.0,0.0,0.0,1.0,1.0,0.0,18.0,0.0,0.0,0.0,0.0,0.0,0.0,0.0,0.0,0.0,0.0,0.0,0.0,0.0,11.100000000000001,0.6000000000000001,2.02,Graduate
1.0,17.0,6.0,9670.0,1.0,1.0,110.0,1.0,1.0,19.0,4.0,10.0,111.30000000000001,0.0,0.0,0.0,1.0,1.0,0.0,21.0,0.0,0.0,6.0,10.0,6.0,12.2857142857143,0.0,0.0,6.0,11.0,4.0,14.25,0.0,15.5,2.8000000000000003,-4.0600000000000005,Enrolled
1.0,1.0,2.0,9254.0,1.0,1.0,125.0,1.0,1.0,19.0,4.0,1.0,121.5,1.0,0.0,0.0,1.0,1.0,0.0,18.0,0.0,0.0,6.0,12.0,5.0,11.0,0.0,0.0,6.0,11.0,3.0,10.3333333333333,0.0,9.4,-0.8,-3.12,Enrolled
1.0,44.0,1.0,9003.0,1.0,39.0,120.0,1.0,19.0,38.0,6.0,6.0,120.0,1.0,0.0,0.0,1.0,1.0,0.0,19.0,0.0,0.0,6.0,8.0,6.0,12.1428571428571,0.0,0.0,6.0,11.0,5.0,13.600000000000001,0.0,12.4,0.5,1.79,Graduate
1.0,39.0,1.0,9003.0,1.0,19.0,133.1,1.0,1.0,19.0,9.0,8.0,120.0,0.0,0.0,1.0,0.0,1.0,0.0,27.0,0.0,0.0,6.0,11.0,2.0,11.5,0.0,0.0,6.0,7.0,0.0,0.0,0.0,8.9,1.4000000000000001,3.5100000000000002,Dropout
1.0,53.0,1.0,9003.0,1.0,42.0,130.0,1.0,38.0,38.0,9.0,9.0,130.0,1.0,0.0,1.0,1.0,1.0,0.0,20.0,0.0,7.0,12.0,16.0,11.0,12.5454545454545,0.0,5.0,10.0,12.0,8.0,11.625,0.0,8.9,1.4000000000000001,3.5100000000000002,Enrolled
1.0,1.0,5.0,9254.0,1.0,1.0,101.0,1.0,3.0,19.0,3.0,9.0,98.9,1.0,0.0,0.0,1.0,1.0,0.0,20.0,0.0,0.0,6.0,10.0,4.0,13.0,0.0,0.0,6.0,6.0,6.0,13.0,0.0,12.4,0.5,1.79,Graduate
1.0,1.0,6.0,9500.0,1.0,1.0,141.0,1.0,4.0,3.0,2.0,1.0,136.3,1.0,0.0,0.0,1.0,1.0,0.0,18.0,0.0,0.0,8.0,9.0,8.0,12.887500000000001,1.0,0.0,8.0,9.0,8.0,12.887500000000001,1.0,9.4,-0.8,-3.12,Graduate
1.0,17.0,1.0,9773.0,1.0,1.0,128.0,1.0,38.0,19.0,9.0,10.0,125.2,1.0,0.0,0.0,1.0,1.0,0.0,18.0,0.0,0.0,6.0,6.0,6.0,12.6666666666667,0.0,0.0,6.0,7.0,5.0,13.600000000000001,0.0,12.4,0.5,1.79,Enrolled
1.0,1.0,2.0,9070.0,1.0,1.0,145.0,1.0,38.0,19.0,7.0,7.0,130.0,1.0,0.0,0.0,1.0,1.0,0.0,18.0,0.0,0.0,6.0,7.0,6.0,12.8333333333333,0.0,0.0,6.0,7.0,6.0,12.5714285714286,0.0,8.9,1.4000000000000001,3.5100000000000002,Graduate
1.0,1.0,1.0,9147.0,1.0,1.0,160.0,1.0,1.0,38.0,4.0,7.0,141.5,1.0,0.0,0.0,1.0,1.0,0.0,18.0,0.0,0.0,5.0,10.0,3.0,10.6666666666667,1.0,0.0,5.0,11.0,2.0,12.5,0.0,9.4,-0.8,-3.12,Dropout
1.0,16.0,5.0,9085.0,1.0,1.0,134.0,1.0,19.0,37.0,8.0,8.0,123.9,1.0,0.0,0.0,1.0,1.0,0.0,18.0,0.0,0.0,5.0,11.0,5.0,13.0,2.0,0.0,5.0,7.0,5.0,12.4,0.0,9.4,-0.8,-3.12,Enrolled
1.0,17.0,2.0,9500.0,1.0,1.0,125.0,1.0,19.0,19.0,5.0,5.0,114.5,1.0,0.0,0.0,1.0,0.0,0.0,18.0,0.0,0.0,7.0,11.0,6.0,11.9833333333333,0.0,0.0,8.0,12.0,8.0,12.281250000000002,0.0,16.2,0.30000000000000004,-0.92,Graduate
1.0,39.0,1.0,8014.0,0.0,15.0,133.1,1.0,34.0,34.0,0.0,0.0,100.0,1.0,0.0,0.0,0.0,0.0,0.0,37.0,0.0,0.0,5.0,9.0,0.0,0.0,0.0,0.0,5.0,5.0,0.0,0.0,5.0,9.4,-0.8,-3.12,Dropout
2.0,39.0,1.0,8014.0,0.0,1.0,120.0,1.0,38.0,37.0,5.0,3.0,110.5,0.0,0.0,0.0,1.0,0.0,1.0,36.0,0.0,0.0,6.0,6.0,6.0,11.8333333333333,0.0,0.0,6.0,6.0,6.0,11.5,0.0,10.8,1.4000000000000001,1.74,Graduate
2.0,39.0,1.0,9085.0,1.0,19.0,133.1,1.0,19.0,19.0,9.0,5.0,101.0,1.0,0.0,0.0,1.0,0.0,0.0,26.0,0.0,0.0,6.0,21.0,3.0,12.6666666666667,0.0,0.0,6.0,15.0,2.0,11.0,0.0,15.5,2.8000000000000003,-4.0600000000000005,Dropout
1.0,1.0,1.0,9085.0,1.0,1.0,121.0,1.0,37.0,38.0,6.0,9.0,121.0,0.0,0.0,0.0,1.0,0.0,0.0,19.0,0.0,0.0,5.0,9.0,4.0,13.75,1.0,0.0,5.0,8.0,4.0,14.5,0.0,7.6000000000000005,2.6,0.32,Graduate
1.0,39.0,1.0,8014.0,0.0,1.0,120.0,1.0,37.0,1.0,7.0,4.0,95.0,1.0,0.0,0.0,1.0,0.0,0.0,24.0,0.0,0.0,6.0,8.0,5.0,11.4,0.0,0.0,6.0,8.0,5.0,11.8,0.0,15.5,2.8000000000000003,-4.0600000000000005,Dropout
1.0,1.0,2.0,9773.0,1.0,1.0,130.0,109.0,19.0,1.0,9.0,9.0,126.9,1.0,0.0,0.0,1.0,0.0,1.0,19.0,1.0,0.0,6.0,8.0,6.0,13.1666666666667,0.0,0.0,6.0,6.0,6.0,13.0,0.0,11.100000000000001,0.6000000000000001,2.02,Dropout
1.0,42.0,1.0,9670.0,1.0,1.0,130.0,1.0,1.0,1.0,9.0,10.0,116.30000000000001,1.0,0.0,0.0,1.0,0.0,1.0,20.0,0.0,3.0,7.0,10.0,6.0,12.8333333333333,0.0,2.0,8.0,8.0,5.0,11.8,0.0,12.700000000000001,3.7,-1.7000000000000002,Graduate
1.0,18.0,1.0,9670.0,1.0,1.0,128.0,1.0,19.0,3.0,9.0,7.0,120.0,1.0,0.0,0.0,1.0,0.0,0.0,19.0,0.0,0.0,6.0,8.0,6.0,14.125,0.0,0.0,6.0,10.0,5.0,14.5,0.0,11.100000000000001,0.6000000000000001,2.02,Graduate
1.0,1.0,1.0,9085.0,1.0,1.0,126.0,1.0,38.0,37.0,9.0,9.0,123.60000000000001,1.0,0.0,0.0,1.0,0.0,0.0,21.0,0.0,0.0,5.0,10.0,3.0,11.6666666666667,0.0,0.0,5.0,5.0,5.0,13.0,0.0,10.8,1.4000000000000001,1.74,Graduate
2.0,39.0,1.0,9556.0,1.0,1.0,120.0,1.0,37.0,37.0,9.0,4.0,150.0,0.0,0.0,0.0,0.0,0.0,0.0,50.0,0.0,0.0,7.0,18.0,6.0,10.25,0.0,0.0,7.0,14.0,4.0,11.25,0.0,12.700000000000001,3.7,-1.7000000000000002,Dropout
2.0,39.0,1.0,9556.0,1.0,1.0,100.0,1.0,37.0,37.0,9.0,9.0,120.0,0.0,0.0,0.0,1.0,0.0,0.0,47.0,0.0,1.0,7.0,16.0,6.0,12.5142857142857,0.0,0.0,7.0,15.0,4.0,11.75,0.0,12.700000000000001,3.7,-1.7000000000000002,Dropout
1.0,42.0,1.0,9853.0,1.0,1.0,120.0,1.0,1.0,19.0,4.0,7.0,111.30000000000001,0.0,0.0,0.0,1.0,0.0,0.0,24.0,0.0,9.0,13.0,17.0,10.0,11.5,0.0,7.0,13.0,18.0,9.0,10.4444444444444,0.0,16.2,0.30000000000000004,-0.92,Dropout
1.0,39.0,1.0,9991.0,0.0,1.0,110.0,1.0,37.0,37.0,7.0,10.0,150.0,0.0,0.0,0.0,0.0,0.0,0.0,48.0,0.0,0.0,5.0,5.0,1.0,10.0,0.0,0.0,5.0,5.0,0.0,0.0,0.0,15.5,2.8000000000000003,-4.0600000000000005,Dropout
1.0,1.0,1.0,9085.0,1.0,1.0,127.0,1.0,37.0,2.0,9.0,4.0,123.2,1.0,0.0,0.0,1.0,0.0,1.0,18.0,0.0,0.0,6.0,7.0,6.0,15.714285714285701,0.0,0.0,6.0,17.0,5.0,12.7777777777778,0.0,12.4,0.5,1.79,Graduate
1.0,44.0,1.0,9991.0,0.0,39.0,130.0,1.0,37.0,37.0,5.0,5.0,130.0,1.0,0.0,0.0,1.0,1.0,0.0,32.0,0.0,2.0,6.0,9.0,4.0,12.5,0.0,3.0,7.0,7.0,4.0,11.0,0.0,9.4,-0.8,-3.12,Dropout
1.0,1.0,1.0,9670.0,1.0,1.0,141.0,1.0,19.0,3.0,4.0,0.0,137.9,1.0,0.0,0.0,0.0,1.0,0.0,20.0,0.0,0.0,5.0,6.0,3.0,12.0,0.0,0.0,5.0,5.0,4.0,12.75,0.0,7.6000000000000005,2.6,0.32,Dropout
1.0,39.0,1.0,9119.0,1.0,1.0,120.0,1.0,37.0,38.0,9.0,8.0,100.0,0.0,0.0,1.0,1.0,1.0,0.0,24.0,0.0,0.0,5.0,11.0,0.0,0.0,0.0,0.0,5.0,5.0,0.0,0.0,0.0,16.2,0.30000000000000004,-0.92,Dropout
2.0,39.0,1.0,9130.0,1.0,19.0,133.1,1.0,37.0,38.0,9.0,9.0,120.0,0.0,0.0,0.0,1.0,1.0,0.0,53.0,0.0,0.0,5.0,9.0,4.0,12.25,2.0,0.0,5.0,8.0,4.0,11.75,0.0,9.4,-0.8,-3.12,Graduate
2.0,39.0,1.0,9773.0,1.0,19.0,133.1,1.0,19.0,19.0,9.0,4.0,131.0,0.0,0.0,1.0,0.0,1.0,0.0,42.0,0.0,0.0,4.0,5.0,0.0,0.0,0.0,0.0,4.0,4.0,0.0,0.0,0.0,13.9,-0.30000000000000004,0.79,Dropout
2.0,39.0,1.0,9991.0,0.0,12.0,133.1,1.0,37.0,37.0,9.0,9.0,133.8,1.0,0.0,0.0,1.0,1.0,0.0,52.0,0.0,0.0,5.0,5.0,5.0,13.600000000000001,0.0,0.0,5.0,5.0,5.0,14.200000000000001,0.0,7.6000000000000005,2.6,0.32,Graduate
1.0,43.0,1.0,8014.0,0.0,1.0,130.0,1.0,38.0,3.0,132.0,122.0,100.0,0.0,0.0,0.0,1.0,1.0,0.0,54.0,0.0,9.0,13.0,14.0,13.0,13.307692307692301,0.0,7.0,11.0,12.0,11.0,12.8181818181818,0.0,12.700000000000001,3.7,-1.7000000000000002,Enrolled
2.0,39.0,1.0,9991.0,0.0,1.0,110.0,1.0,37.0,37.0,9.0,10.0,150.0,0.0,0.0,0.0,1.0,1.0,0.0,49.0,0.0,0.0,5.0,6.0,5.0,12.200000000000001,0.0,0.0,5.0,9.0,5.0,11.8,0.0,15.5,2.8000000000000003,-4.0600000000000005,Graduate
1.0,17.0,1.0,9670.0,1.0,1.0,125.0,1.0,38.0,37.0,7.0,5.0,126.4,0.0,0.0,0.0,1.0,1.0,1.0,18.0,0.0,0.0,6.0,7.0,6.0,12.2857142857143,0.0,0.0,6.0,7.0,6.0,13.3333333333333,1.0,16.2,0.30000000000000004,-0.92,Graduate
2.0,39.0,1.0,9130.0,1.0,1.0,130.0,1.0,1.0,19.0,6.0,6.0,154.0,1.0,0.0,0.0,1.0,1.0,0.0,37.0,0.0,1.0,5.0,12.0,3.0,12.0,2.0,1.0,5.0,8.0,4.0,13.0,1.0,10.8,1.4000000000000001,1.74,Graduate
1.0,1.0,1.0,9500.0,1.0,1.0,121.0,1.0,1.0,1.0,4.0,4.0,114.9,0.0,0.0,0.0,1.0,1.0,1.0,21.0,0.0,0.0,7.0,9.0,6.0,13.3428571428571,0.0,0.0,8.0,10.0,7.0,11.65,0.0,12.4,0.5,1.79,Graduate
1.0,39.0,1.0,9670.0,1.0,9.0,133.1,1.0,37.0,37.0,5.0,3.0,110.0,0.0,0.0,1.0,1.0,1.0,0.0,26.0,0.0,0.0,5.0,5.0,0.0,0.0,0.0,0.0,5.0,5.0,0.0,0.0,0.0,9.4,-0.8,-3.12,Dropout
1.0,1.0,1.0,9070.0,1.0,1.0,147.0,1.0,3.0,1.0,2.0,3.0,149.8,1.0,0.0,0.0,1.0,1.0,0.0,20.0,0.0,5.0,12.0,12.0,11.0,14.2727272727273,0.0,5.0,12.0,12.0,11.0,14.8181818181818,0.0,16.2,0.30000000000000004,-0.92,Graduate
1.0,1.0,4.0,9500.0,1.0,1.0,128.0,1.0,1.0,37.0,4.0,3.0,117.9,1.0,0.0,0.0,1.0,0.0,1.0,19.0,0.0,0.0,7.0,9.0,7.0,12.137500000000001,0.0,0.0,8.0,9.0,8.0,12.9111111111111,0.0,12.4,0.5,1.79,Graduate
1.0,1.0,2.0,9070.0,1.0,1.0,164.0,1.0,38.0,38.0,9.0,7.0,165.8,1.0,0.0,0.0,1.0,0.0,0.0,18.0,0.0,0.0,6.0,7.0,6.0,14.1666666666667,0.0,0.0,6.0,7.0,6.0,14.8571428571429,0.0,9.4,-0.8,-3.12,Graduate
1.0,17.0,5.0,9500.0,1.0,1.0,137.0,1.0,1.0,1.0,4.0,4.0,127.60000000000001,1.0,0.0,0.0,1.0,0.0,0.0,18.0,0.0,0.0,7.0,7.0,7.0,13.5285714285714,0.0,0.0,8.0,9.0,8.0,14.655555555555601,0.0,12.4,0.5,1.79,Graduate
1.0,17.0,2.0,8014.0,0.0,1.0,122.0,1.0,37.0,19.0,9.0,9.0,123.80000000000001,0.0,0.0,0.0,1.0,0.0,0.0,20.0,0.0,0.0,6.0,8.0,5.0,12.0,0.0,0.0,6.0,8.0,6.0,11.0,0.0,10.8,1.4000000000000001,1.74,Graduate
1.0,17.0,4.0,9254.0,1.0,1.0,124.0,1.0,3.0,3.0,3.0,3.0,126.10000000000001,1.0,0.0,0.0,1.0,0.0,0.0,20.0,0.0,0.0,5.0,5.0,5.0,11.4,0.0,0.0,6.0,11.0,1.0,11.0,0.0,10.8,1.4000000000000001,1.74,Dropout
1.0,1.0,2.0,171.0,1.0,1.0,120.0,1.0,3.0,19.0,4.0,7.0,119.7,1.0,0.0,0.0,1.0,0.0,0.0,21.0,0.0,0.0,0.0,0.0,0.0,0.0,0.0,0.0,0.0,0.0,0.0,0.0,0.0,8.9,1.4000000000000001,3.5100000000000002,Dropout
1.0,1.0,2.0,171.0,1.0,1.0,117.0,1.0,1.0,19.0,3.0,3.0,121.60000000000001,1.0,0.0,0.0,1.0,0.0,0.0,22.0,0.0,6.0,12.0,12.0,12.0,12.9166666666667,0.0,4.0,11.0,16.0,11.0,14.5,0.0,8.9,1.4000000000000001,3.5100000000000002,Graduate
1.0,43.0,1.0,9500.0,1.0,1.0,140.0,1.0,1.0,38.0,4.0,7.0,100.0,0.0,0.0,0.0,1.0,0.0,1.0,18.0,0.0,0.0,7.0,8.0,7.0,13.637500000000001,0.0,0.0,8.0,8.0,8.0,14.387500000000001,0.0,13.9,-0.30000000000000004,0.79,Graduate
1.0,1.0,5.0,9500.0,1.0,1.0,130.0,1.0,19.0,37.0,9.0,7.0,127.60000000000001,1.0,0.0,0.0,1.0,0.0,0.0,18.0,0.0,0.0,7.0,10.0,7.0,12.9,0.0,0.0,8.0,15.0,7.0,12.1428571428571,0.0,15.5,2.8000000000000003,-4.0600000000000005,Dropout
1.0,1.0,1.0,9500.0,1.0,1.0,138.0,1.0,1.0,38.0,4.0,9.0,132.5,1.0,0.0,0.0,1.0,0.0,1.0,19.0,0.0,0.0,8.0,8.0,7.0,14.36,0.0,0.0,8.0,8.0,7.0,14.36,0.0,10.8,1.4000000000000001,1.74,Graduate
1.0,1.0,1.0,9500.0,1.0,1.0,141.0,1.0,3.0,1.0,9.0,9.0,124.30000000000001,0.0,0.0,0.0,1.0,0.0,0.0,19.0,0.0,0.0,8.0,8.0,7.0,14.5142857142857,0.0,0.0,8.0,8.0,7.0,14.5142857142857,0.0,12.700000000000001,3.7,-1.7000000000000002,Enrolled
1.0,1.0,3.0,9500.0,1.0,1.0,142.0,1.0,1.0,1.0,4.0,7.0,131.0,1.0,0.0,0.0,1.0,0.0,0.0,18.0,0.0,0.0,8.0,8.0,7.0,14.700000000000001,0.0,0.0,8.0,8.0,7.0,14.700000000000001,0.0,10.8,1.4000000000000001,1.74,Graduate
1.0,7.0,1.0,9991.0,0.0,40.0,120.0,1.0,43.0,3.0,3.0,3.0,120.0,0.0,0.0,0.0,1.0,0.0,0.0,27.0,0.0,0.0,5.0,5.0,5.0,15.200000000000001,0.0,0.0,5.0,6.0,5.0,14.0,0.0,11.100000000000001,0.6000000000000001,2.02,Enrolled
1.0,1.0,3.0,9556.0,1.0,1.0,122.0,1.0,19.0,19.0,3.0,10.0,113.30000000000001,1.0,0.0,0.0,1.0,0.0,1.0,20.0,0.0,0.0,7.0,7.0,7.0,13.0,0.0,0.0,8.0,8.0,8.0,15.0625,0.0,12.4,0.5,1.79,Graduate
1.0,1.0,2.0,9853.0,1.0,1.0,131.0,1.0,1.0,1.0,2.0,9.0,121.9,1.0,0.0,0.0,1.0,0.0,0.0,20.0,0.0,0.0,6.0,6.0,6.0,13.5,0.0,0.0,6.0,6.0,0.0,0.0,0.0,12.700000000000001,3.7,-1.7000000000000002,Dropout
1.0,1.0,2.0,9085.0,1.0,1.0,120.0,1.0,38.0,1.0,9.0,3.0,118.30000000000001,1.0,0.0,0.0,1.0,0.0,0.0,20.0,0.0,0.0,5.0,11.0,5.0,12.3333333333333,2.0,0.0,5.0,7.0,5.0,12.600000000000001,0.0,9.4,-0.8,-3.12,Graduate
1.0,1.0,1.0,9147.0,1.0,1.0,131.0,1.0,3.0,19.0,1.0,4.0,118.80000000000001,0.0,0.0,0.0,1.0,0.0,0.0,19.0,0.0,0.0,5.0,6.0,5.0,13.4,0.0,0.0,5.0,6.0,5.0,13.0,0.0,16.2,0.30000000000000004,-0.92,Graduate
1.0,1.0,2.0,9085.0,1.0,1.0,130.0,1.0,37.0,19.0,9.0,8.0,129.0,0.0,0.0,0.0,1.0,0.0,0.0,20.0,0.0,0.0,5.0,7.0,4.0,11.75,0.0,0.0,5.0,9.0,2.0,10.5,0.0,7.6000000000000005,2.6,0.32,Enrolled
1.0,43.0,3.0,171.0,1.0,1.0,120.0,1.0,37.0,37.0,9.0,9.0,143.3,1.0,0.0,0.0,1.0,0.0,1.0,20.0,0.0,0.0,0.0,0.0,0.0,0.0,0.0,0.0,0.0,0.0,0.0,0.0,0.0,7.6000000000000005,2.6,0.32,Graduate
1.0,1.0,1.0,171.0,1.0,1.0,136.0,1.0,3.0,3.0,1.0,2.0,152.5,1.0,0.0,0.0,1.0,0.0,0.0,20.0,0.0,0.0,0.0,0.0,0.0,0.0,0.0,0.0,0.0,0.0,0.0,0.0,0.0,13.9,-0.30000000000000004,0.79,Enrolled
1.0,53.0,1.0,9085.0,1.0,42.0,160.0,1.0,1.0,19.0,4.0,6.0,155.70000000000002,1.0,0.0,0.0,1.0,0.0,0.0,27.0,0.0,7.0,12.0,17.0,11.0,14.7272727272727,0.0,4.0,9.0,10.0,7.0,14.1428571428571,0.0,8.9,1.4000000000000001,3.5100000000000002,Graduate
1.0,1.0,2.0,9085.0,1.0,1.0,157.0,1.0,3.0,3.0,5.0,2.0,153.9,1.0,0.0,0.0,1.0,0.0,0.0,18.0,0.0,0.0,6.0,7.0,6.0,16.5714285714286,0.0,0.0,6.0,6.0,6.0,15.6666666666667,0.0,13.9,-0.30000000000000004,0.79,Graduate
1.0,1.0,1.0,9500.0,1.0,1.0,150.0,1.0,19.0,1.0,4.0,4.0,137.8,0.0,0.0,0.0,1.0,0.0,0.0,18.0,0.0,0.0,7.0,10.0,7.0,15.145,0.0,0.0,8.0,8.0,8.0,15.742500000000001,0.0,15.5,2.8000000000000003,-4.0600000000000005,Graduate
1.0,17.0,1.0,9500.0,1.0,1.0,148.0,1.0,1.0,37.0,9.0,7.0,143.3,0.0,0.0,0.0,1.0,0.0,1.0,18.0,0.0,0.0,7.0,7.0,7.0,13.4428571428571,0.0,0.0,8.0,8.0,8.0,15.075000000000001,0.0,13.9,-0.30000000000000004,0.79,Graduate
1.0,1.0,1.0,9085.0,1.0,1.0,120.0,1.0,37.0,37.0,9.0,1.0,123.2,0.0,0.0,0.0,1.0,0.0,0.0,20.0,0.0,0.0,5.0,8.0,5.0,14.1666666666667,2.0,0.0,5.0,6.0,4.0,11.75,2.0,9.4,-0.8,-3.12,Graduate
1.0,1.0,1.0,9773.0,1.0,1.0,150.0,1.0,1.0,1.0,4.0,4.0,138.1,1.0,0.0,0.0,1.0,0.0,0.0,19.0,0.0,0.0,6.0,7.0,6.0,14.0,0.0,0.0,6.0,7.0,5.0,15.0,0.0,11.100000000000001,0.6000000000000001,2.02,Enrolled
1.0,17.0,1.0,9238.0,1.0,1.0,158.0,1.0,1.0,1.0,5.0,6.0,140.5,0.0,0.0,0.0,1.0,0.0,1.0,20.0,0.0,0.0,6.0,9.0,6.0,11.3333333333333,0.0,0.0,6.0,6.0,6.0,12.3333333333333,0.0,10.8,1.4000000000000001,1.74,Graduate
1.0,1.0,4.0,9500.0,1.0,1.0,145.0,1.0,3.0,19.0,1.0,5.0,130.0,1.0,0.0,0.0,1.0,0.0,0.0,18.0,0.0,0.0,8.0,8.0,8.0,13.76125,0.0,0.0,8.0,8.0,8.0,13.76125,0.0,9.4,-0.8,-3.12,Graduate
1.0,44.0,1.0,9070.0,1.0,39.0,100.0,1.0,1.0,38.0,4.0,6.0,104.80000000000001,0.0,0.0,1.0,0.0,0.0,0.0,22.0,0.0,2.0,7.0,9.0,5.0,11.600000000000001,0.0,5.0,9.0,9.0,5.0,10.0,0.0,12.4,0.5,1.79,Dropout
1.0,17.0,1.0,8014.0,0.0,1.0,136.0,1.0,37.0,37.0,5.0,8.0,132.5,0.0,0.0,1.0,1.0,0.0,1.0,22.0,0.0,1.0,6.0,7.0,4.0,12.75,0.0,1.0,6.0,8.0,5.0,13.0,0.0,13.9,-0.30000000000000004,0.79,Graduate
1.0,39.0,1.0,9991.0,0.0,1.0,133.1,1.0,1.0,1.0,4.0,2.0,127.7,0.0,0.0,0.0,1.0,0.0,0.0,25.0,0.0,0.0,5.0,12.0,4.0,12.5,0.0,0.0,5.0,10.0,4.0,11.0,0.0,13.9,-0.30000000000000004,0.79,Enrolled
1.0,1.0,1.0,9085.0,1.0,1.0,148.0,1.0,19.0,3.0,4.0,2.0,136.5,0.0,0.0,0.0,1.0,0.0,0.0,19.0,0.0,0.0,6.0,13.0,6.0,15.307692307692301,0.0,0.0,6.0,9.0,6.0,14.0,0.0,15.5,2.8000000000000003,-4.0600000000000005,Graduate
1.0,44.0,1.0,9130.0,1.0,39.0,130.0,1.0,3.0,1.0,4.0,1.0,130.0,1.0,0.0,0.0,0.0,0.0,0.0,21.0,0.0,1.0,6.0,12.0,5.0,13.2857142857143,0.0,0.0,6.0,10.0,4.0,12.0,0.0,16.2,0.30000000000000004,-0.92,Dropout
1.0,39.0,1.0,9500.0,1.0,40.0,130.0,1.0,1.0,1.0,4.0,4.0,190.0,1.0,0.0,0.0,1.0,0.0,0.0,27.0,0.0,1.0,7.0,7.0,7.0,14.7571428571429,0.0,1.0,8.0,9.0,8.0,14.0777777777778,0.0,16.2,0.30000000000000004,-0.92,Graduate
1.0,17.0,4.0,9500.0,1.0,1.0,136.0,1.0,1.0,1.0,4.0,9.0,128.5,1.0,0.0,0.0,1.0,0.0,0.0,18.0,0.0,0.0,7.0,7.0,6.0,12.766666666666701,0.0,0.0,7.0,7.0,6.0,12.766666666666701,0.0,7.6000000000000005,2.6,0.32,Graduate
1.0,17.0,3.0,9254.0,1.0,1.0,122.0,1.0,1.0,1.0,4.0,4.0,126.60000000000001,0.0,0.0,0.0,0.0,0.0,0.0,18.0,0.0,0.0,5.0,5.0,5.0,10.4,0.0,0.0,6.0,13.0,0.0,0.0,0.0,10.8,1.4000000000000001,1.74,Dropout
1.0,17.0,1.0,9556.0,1.0,1.0,140.0,1.0,3.0,3.0,1.0,7.0,131.6,1.0,0.0,0.0,1.0,1.0,0.0,19.0,0.0,0.0,7.0,0.0,0.0,0.0,0.0,0.0,7.0,0.0,0.0,0.0,0.0,11.100000000000001,0.6000000000000001,2.02,Dropout
5.0,39.0,1.0,9991.0,0.0,1.0,110.0,1.0,1.0,1.0,3.0,3.0,119.0,0.0,0.0,0.0,1.0,1.0,1.0,35.0,0.0,0.0,5.0,10.0,4.0,10.5,0.0,0.0,5.0,6.0,5.0,12.600000000000001,0.0,8.9,1.4000000000000001,3.5100000000000002,Graduate
1.0,17.0,1.0,9085.0,1.0,1.0,130.0,1.0,37.0,36.0,4.0,90.0,127.60000000000001,0.0,0.0,0.0,1.0,1.0,0.0,23.0,0.0,0.0,5.0,6.0,4.0,14.25,0.0,0.0,5.0,6.0,5.0,13.4,0.0,7.6000000000000005,2.6,0.32,Graduate
1.0,39.0,1.0,9500.0,1.0,1.0,133.1,1.0,1.0,37.0,9.0,9.0,100.0,0.0,0.0,0.0,1.0,1.0,0.0,28.0,0.0,0.0,7.0,11.0,3.0,11.9166666666667,1.0,0.0,7.0,17.0,0.0,0.0,0.0,16.2,0.30000000000000004,-0.92,Dropout
1.0,1.0,1.0,9119.0,1.0,1.0,128.0,1.0,38.0,38.0,9.0,7.0,124.5,1.0,0.0,0.0,1.0,1.0,0.0,19.0,0.0,0.0,5.0,10.0,3.0,10.6666666666667,0.0,0.0,5.0,9.0,2.0,14.0,2.0,7.6000000000000005,2.6,0.32,Enrolled
1.0,1.0,1.0,9773.0,1.0,1.0,117.0,1.0,1.0,19.0,4.0,4.0,109.30000000000001,0.0,0.0,0.0,1.0,1.0,0.0,19.0,0.0,0.0,6.0,11.0,4.0,12.25,0.0,0.0,6.0,10.0,3.0,12.6666666666667,0.0,7.6000000000000005,2.6,0.32,Enrolled
1.0,1.0,2.0,9670.0,1.0,1.0,124.0,1.0,19.0,1.0,9.0,4.0,117.7,1.0,0.0,1.0,1.0,1.0,0.0,20.0,0.0,0.0,5.0,5.0,4.0,12.0,0.0,0.0,5.0,6.0,5.0,11.600000000000001,0.0,9.4,-0.8,-3.12,Dropout
1.0,1.0,1.0,9670.0,1.0,1.0,124.0,1.0,2.0,2.0,3.0,3.0,124.7,1.0,0.0,0.0,1.0,1.0,0.0,21.0,0.0,0.0,5.0,7.0,3.0,11.0,0.0,0.0,5.0,5.0,4.0,12.75,0.0,7.6000000000000005,2.6,0.32,Dropout
1.0,17.0,3.0,9070.0,1.0,1.0,128.0,1.0,37.0,37.0,5.0,5.0,124.5,1.0,0.0,0.0,1.0,1.0,0.0,18.0,0.0,0.0,6.0,6.0,6.0,14.1666666666667,0.0,0.0,6.0,8.0,5.0,13.0,0.0,10.8,1.4000000000000001,1.74,Graduate
1.0,1.0,5.0,9070.0,1.0,1.0,125.0,1.0,3.0,3.0,2.0,2.0,140.8,1.0,0.0,0.0,1.0,1.0,0.0,22.0,0.0,0.0,6.0,6.0,6.0,14.6666666666667,0.0,0.0,6.0,6.0,6.0,15.0,0.0,9.4,-0.8,-3.12,Graduate
1.0,17.0,3.0,9085.0,1.0,1.0,121.0,1.0,38.0,1.0,9.0,9.0,111.9,1.0,0.0,0.0,1.0,1.0,0.0,21.0,0.0,0.0,5.0,11.0,0.0,0.0,0.0,0.0,5.0,10.0,5.0,12.2857142857143,1.0,10.8,1.4000000000000001,1.74,Graduate
1.0,7.0,1.0,9556.0,1.0,3.0,140.0,1.0,3.0,3.0,2.0,2.0,140.0,0.0,0.0,1.0,0.0,1.0,0.0,38.0,0.0,0.0,7.0,8.0,3.0,12.6666666666667,0.0,0.0,5.0,5.0,0.0,0.0,0.0,13.9,-0.30000000000000004,0.79,Dropout
1.0,1.0,1.0,171.0,1.0,1.0,124.0,1.0,19.0,1.0,9.0,9.0,121.2,1.0,0.0,0.0,1.0,1.0,0.0,20.0,0.0,0.0,0.0,0.0,0.0,0.0,0.0,0.0,0.0,0.0,0.0,0.0,0.0,10.8,1.4000000000000001,1.74,Enrolled
1.0,43.0,4.0,171.0,1.0,1.0,136.0,1.0,37.0,37.0,9.0,9.0,123.80000000000001,1.0,0.0,0.0,1.0,1.0,0.0,19.0,0.0,0.0,0.0,0.0,0.0,0.0,0.0,0.0,0.0,0.0,0.0,0.0,0.0,7.6000000000000005,2.6,0.32,Dropout
1.0,7.0,1.0,9119.0,1.0,1.0,140.8,1.0,34.0,34.0,0.0,0.0,134.0,0.0,0.0,0.0,1.0,1.0,0.0,24.0,0.0,0.0,5.0,0.0,0.0,0.0,0.0,0.0,5.0,0.0,0.0,0.0,0.0,7.6000000000000005,2.6,0.32,Dropout
1.0,18.0,3.0,9070.0,1.0,1.0,142.0,1.0,1.0,37.0,4.0,7.0,130.8,1.0,0.0,0.0,0.0,1.0,0.0,19.0,0.0,0.0,6.0,0.0,0.0,0.0,0.0,0.0,6.0,0.0,0.0,0.0,0.0,12.700000000000001,3.7,-1.7000000000000002,Dropout
1.0,1.0,1.0,9500.0,1.0,1.0,133.0,1.0,37.0,38.0,9.0,9.0,130.20000000000002,1.0,0.0,0.0,1.0,1.0,1.0,19.0,0.0,0.0,7.0,7.0,7.0,13.700000000000001,0.0,0.0,8.0,9.0,8.0,14.0222222222222,0.0,16.2,0.30000000000000004,-0.92,Graduate
1.0,1.0,1.0,9147.0,1.0,1.0,131.0,1.0,3.0,19.0,3.0,10.0,123.30000000000001,0.0,0.0,0.0,1.0,1.0,0.0,19.0,0.0,0.0,5.0,7.0,5.0,11.8,0.0,0.0,5.0,8.0,4.0,12.4,2.0,16.2,0.30000000000000004,-0.92,Enrolled
1.0,39.0,1.0,9119.0,1.0,3.0,130.0,1.0,3.0,3.0,3.0,10.0,147.6,0.0,0.0,0.0,1.0,1.0,0.0,31.0,0.0,0.0,5.0,0.0,0.0,0.0,0.0,0.0,5.0,0.0,0.0,0.0,0.0,10.8,1.4000000000000001,1.74,Dropout
1.0,17.0,1.0,9670.0,1.0,1.0,120.0,1.0,38.0,37.0,9.0,8.0,113.4,1.0,0.0,0.0,1.0,1.0,1.0,19.0,0.0,0.0,6.0,6.0,6.0,13.3333333333333,0.0,0.0,6.0,7.0,6.0,13.2857142857143,0.0,8.9,1.4000000000000001,3.5100000000000002,Graduate
1.0,17.0,1.0,9070.0,1.0,1.0,141.0,1.0,19.0,38.0,4.0,5.0,133.70000000000002,1.0,0.0,0.0,1.0,1.0,0.0,22.0,0.0,0.0,6.0,7.0,5.0,11.4,0.0,0.0,6.0,6.0,6.0,12.1666666666667,0.0,7.6000000000000005,2.6,0.32,Graduate
1.0,39.0,1.0,9085.0,1.0,1.0,130.0,1.0,34.0,1.0,0.0,2.0,128.20000000000002,0.0,0.0,0.0,1.0,1.0,0.0,25.0,0.0,0.0,5.0,5.0,0.0,0.0,0.0,0.0,5.0,5.0,0.0,0.0,0.0,7.6000000000000005,2.6,0.32,Dropout
1.0,1.0,1.0,9500.0,1.0,1.0,168.0,1.0,1.0,1.0,5.0,5.0,161.0,1.0,0.0,0.0,1.0,1.0,0.0,18.0,0.0,0.0,7.0,7.0,7.0,16.1428571428571,0.0,0.0,8.0,9.0,0.0,0.0,0.0,16.2,0.30000000000000004,-0.92,Dropout
1.0,7.0,1.0,9500.0,1.0,3.0,130.0,1.0,37.0,37.0,90.0,90.0,130.0,1.0,0.0,0.0,1.0,1.0,0.0,30.0,0.0,0.0,8.0,8.0,0.0,0.0,8.0,0.0,8.0,8.0,0.0,0.0,8.0,9.4,-0.8,-3.12,Dropout
1.0,1.0,1.0,9500.0,1.0,1.0,156.0,1.0,38.0,37.0,9.0,9.0,156.3,0.0,0.0,0.0,1.0,1.0,1.0,18.0,0.0,0.0,8.0,8.0,8.0,15.633750000000001,0.0,0.0,8.0,8.0,8.0,15.633750000000001,0.0,9.4,-0.8,-3.12,Graduate
1.0,1.0,1.0,9773.0,1.0,1.0,137.0,1.0,1.0,1.0,5.0,5.0,129.3,1.0,0.0,0.0,1.0,1.0,0.0,18.0,0.0,0.0,6.0,6.0,6.0,13.6666666666667,0.0,0.0,6.0,6.0,6.0,14.5,0.0,12.700000000000001,3.7,-1.7000000000000002,Graduate
1.0,17.0,6.0,9773.0,1.0,1.0,131.0,1.0,34.0,34.0,0.0,0.0,129.3,0.0,0.0,0.0,1.0,1.0,0.0,18.0,0.0,0.0,6.0,0.0,0.0,0.0,0.0,0.0,6.0,0.0,0.0,0.0,0.0,7.6000000000000005,2.6,0.32,Dropout
1.0,1.0,1.0,9238.0,1.0,1.0,130.0,1.0,38.0,38.0,7.0,7.0,136.3,1.0,0.0,0.0,1.0,1.0,0.0,18.0,0.0,0.0,6.0,8.0,6.0,12.5,0.0,0.0,6.0,7.0,6.0,11.5,0.0,10.8,1.4000000000000001,1.74,Graduate
1.0,39.0,1.0,9670.0,1.0,1.0,133.1,1.0,1.0,19.0,4.0,9.0,140.0,0.0,0.0,0.0,1.0,1.0,1.0,25.0,0.0,0.0,6.0,8.0,6.0,12.2857142857143,0.0,0.0,6.0,6.0,6.0,13.0,0.0,15.5,2.8000000000000003,-4.0600000000000005,Graduate
1.0,1.0,1.0,9119.0,1.0,1.0,131.0,1.0,3.0,1.0,4.0,1.0,135.9,0.0,0.0,0.0,1.0,1.0,0.0,18.0,0.0,0.0,5.0,10.0,2.0,14.0,0.0,0.0,5.0,7.0,3.0,11.0,1.0,7.6000000000000005,2.6,0.32,Enrolled
1.0,1.0,5.0,171.0,1.0,1.0,160.0,1.0,1.0,1.0,4.0,4.0,139.70000000000002,0.0,0.0,0.0,1.0,1.0,0.0,18.0,0.0,0.0,0.0,0.0,0.0,0.0,0.0,0.0,0.0,0.0,0.0,0.0,0.0,12.700000000000001,3.7,-1.7000000000000002,Dropout
1.0,1.0,4.0,9147.0,1.0,1.0,117.0,1.0,1.0,38.0,8.0,9.0,117.0,1.0,0.0,0.0,1.0,1.0,0.0,19.0,0.0,0.0,5.0,5.0,4.0,10.75,0.0,0.0,5.0,6.0,4.0,12.25,0.0,12.4,0.5,1.79,Enrolled
1.0,39.0,1.0,9556.0,1.0,19.0,133.1,1.0,19.0,1.0,7.0,10.0,105.0,0.0,0.0,0.0,1.0,1.0,0.0,25.0,0.0,0.0,7.0,14.0,4.0,12.950000000000001,1.0,0.0,7.0,11.0,4.0,13.125,1.0,15.5,2.8000000000000003,-4.0600000000000005,Dropout
1.0,1.0,3.0,9500.0,1.0,1.0,130.0,1.0,37.0,38.0,9.0,5.0,130.5,1.0,0.0,0.0,1.0,0.0,0.0,19.0,0.0,0.0,7.0,7.0,6.0,12.450000000000001,0.0,0.0,7.0,7.0,6.0,12.450000000000001,0.0,7.6000000000000005,2.6,0.32,Graduate
1.0,44.0,1.0,9991.0,0.0,39.0,130.0,1.0,37.0,37.0,9.0,9.0,130.0,0.0,0.0,0.0,1.0,0.0,0.0,31.0,0.0,2.0,6.0,12.0,4.0,12.25,0.0,3.0,7.0,9.0,7.0,12.0,0.0,9.4,-0.8,-3.12,Enrolled
1.0,1.0,3.0,9500.0,1.0,1.0,137.0,1.0,19.0,19.0,5.0,4.0,131.5,1.0,0.0,0.0,1.0,0.0,1.0,20.0,0.0,0.0,8.0,8.0,8.0,13.381250000000001,0.0,0.0,8.0,8.0,8.0,13.381250000000001,0.0,9.4,-0.8,-3.12,Graduate
1.0,42.0,1.0,9500.0,1.0,1.0,133.1,41.0,3.0,1.0,3.0,10.0,100.0,1.0,0.0,0.0,0.0,0.0,0.0,33.0,1.0,1.0,7.0,10.0,5.0,12.16,0.0,0.0,6.0,7.0,5.0,11.34,0.0,12.4,0.5,1.79,Dropout
1.0,44.0,1.0,9085.0,1.0,39.0,140.0,1.0,1.0,3.0,9.0,4.0,140.0,0.0,0.0,1.0,0.0,0.0,0.0,24.0,0.0,2.0,6.0,11.0,4.0,12.5,0.0,1.0,6.0,18.0,2.0,11.5,0.0,12.4,0.5,1.79,Enrolled
1.0,17.0,4.0,9238.0,1.0,1.0,140.0,1.0,19.0,37.0,9.0,9.0,130.20000000000002,1.0,0.0,0.0,1.0,0.0,1.0,18.0,0.0,0.0,6.0,8.0,6.0,12.75,0.0,0.0,6.0,10.0,6.0,12.1666666666667,0.0,12.700000000000001,3.7,-1.7000000000000002,Graduate
1.0,17.0,2.0,9500.0,1.0,1.0,135.0,1.0,1.0,19.0,4.0,10.0,133.5,1.0,0.0,0.0,1.0,0.0,0.0,19.0,0.0,0.0,8.0,8.0,8.0,13.342500000000001,0.0,0.0,8.0,8.0,8.0,13.342500000000001,0.0,9.4,-0.8,-3.12,Graduate
1.0,1.0,4.0,9500.0,1.0,1.0,140.0,1.0,38.0,38.0,7.0,7.0,133.20000000000002,1.0,0.0,0.0,1.0,0.0,1.0,20.0,0.0,0.0,7.0,10.0,7.0,14.175,0.0,0.0,8.0,14.0,6.0,13.031250000000002,0.0,15.5,2.8000000000000003,-4.0600000000000005,Graduate
2.0,39.0,1.0,9500.0,1.0,1.0,100.0,1.0,37.0,38.0,4.0,4.0,130.0,0.0,0.0,0.0,1.0,1.0,1.0,33.0,0.0,0.0,8.0,16.0,1.0,10.0,1.0,0.0,8.0,16.0,1.0,10.0,1.0,12.700000000000001,3.7,-1.7000000000000002,Enrolled
1.0,39.0,1.0,9119.0,1.0,1.0,160.0,1.0,38.0,37.0,7.0,7.0,129.0,0.0,0.0,0.0,1.0,1.0,0.0,24.0,0.0,0.0,5.0,9.0,0.0,0.0,0.0,0.0,5.0,8.0,2.0,14.5,2.0,7.6000000000000005,2.6,0.32,Dropout
1.0,39.0,1.0,9991.0,0.0,19.0,133.1,1.0,2.0,1.0,2.0,4.0,100.0,0.0,0.0,0.0,1.0,1.0,0.0,24.0,0.0,0.0,5.0,7.0,0.0,0.0,0.0,0.0,5.0,7.0,0.0,0.0,0.0,16.2,0.30000000000000004,-0.92,Dropout
1.0,17.0,1.0,9085.0,1.0,1.0,128.0,1.0,38.0,37.0,9.0,9.0,116.5,1.0,0.0,0.0,1.0,1.0,0.0,18.0,0.0,0.0,5.0,6.0,5.0,12.0,0.0,0.0,5.0,8.0,5.0,12.1428571428571,0.0,10.8,1.4000000000000001,1.74,Graduate
1.0,1.0,2.0,9254.0,1.0,1.0,121.0,1.0,37.0,37.0,9.0,9.0,124.2,1.0,0.0,0.0,1.0,0.0,1.0,18.0,0.0,0.0,6.0,8.0,6.0,10.5714285714286,0.0,0.0,6.0,9.0,5.0,11.4,0.0,16.2,0.30000000000000004,-0.92,Graduate
1.0,51.0,1.0,9085.0,1.0,1.0,127.0,1.0,3.0,3.0,2.0,8.0,138.8,1.0,0.0,0.0,1.0,0.0,0.0,22.0,0.0,4.0,12.0,19.0,11.0,14.153846153846201,0.0,5.0,12.0,20.0,12.0,15.4285714285714,0.0,8.9,1.4000000000000001,3.5100000000000002,Graduate
1.0,1.0,1.0,9773.0,1.0,1.0,132.0,1.0,2.0,1.0,9.0,9.0,126.4,1.0,1.0,0.0,1.0,0.0,1.0,18.0,0.0,0.0,6.0,9.0,6.0,11.1666666666667,0.0,0.0,6.0,11.0,5.0,12.4,0.0,10.8,1.4000000000000001,1.74,Graduate
1.0,1.0,1.0,171.0,1.0,1.0,147.0,1.0,19.0,19.0,3.0,10.0,151.9,1.0,0.0,0.0,1.0,0.0,0.0,21.0,0.0,13.0,17.0,20.0,17.0,12.0,0.0,14.0,17.0,18.0,17.0,12.6666666666667,0.0,11.100000000000001,0.6000000000000001,2.02,Graduate
2.0,39.0,1.0,9991.0,0.0,1.0,110.0,1.0,37.0,37.0,5.0,1.0,120.0,1.0,0.0,0.0,1.0,0.0,0.0,38.0,0.0,0.0,5.0,11.0,3.0,11.3333333333333,0.0,0.0,5.0,9.0,4.0,12.0,0.0,9.4,-0.8,-3.12,Dropout
1.0,43.0,1.0,9238.0,1.0,1.0,142.0,1.0,34.0,34.0,99.0,99.0,131.9,0.0,0.0,0.0,1.0,0.0,1.0,29.0,0.0,9.0,16.0,17.0,16.0,12.5882352941176,0.0,10.0,13.0,14.0,13.0,13.3571428571429,0.0,9.4,-0.8,-3.12,Graduate
1.0,44.0,1.0,9130.0,1.0,39.0,130.0,1.0,38.0,37.0,4.0,9.0,130.0,1.0,0.0,0.0,1.0,0.0,1.0,20.0,0.0,0.0,6.0,11.0,4.0,12.0,0.0,0.0,6.0,9.0,4.0,10.75,0.0,16.2,0.30000000000000004,-0.92,Enrolled
1.0,17.0,1.0,9254.0,1.0,1.0,131.0,1.0,38.0,37.0,4.0,9.0,131.70000000000002,1.0,0.0,0.0,0.0,0.0,0.0,18.0,0.0,0.0,6.0,0.0,0.0,0.0,0.0,0.0,6.0,0.0,0.0,0.0,0.0,12.700000000000001,3.7,-1.7000000000000002,Dropout
2.0,43.0,1.0,9991.0,0.0,1.0,110.0,1.0,37.0,37.0,9.0,9.0,132.5,0.0,0.0,0.0,1.0,1.0,0.0,37.0,0.0,7.0,12.0,13.0,12.0,12.25,0.0,8.0,13.0,13.0,13.0,12.8461538461538,0.0,9.4,-0.8,-3.12,Graduate
1.0,1.0,3.0,9147.0,1.0,1.0,128.0,1.0,3.0,3.0,5.0,10.0,116.5,0.0,0.0,0.0,1.0,1.0,0.0,20.0,0.0,0.0,5.0,7.0,5.0,11.600000000000001,0.0,0.0,5.0,5.0,5.0,12.8,0.0,12.4,0.5,1.79,Graduate
1.0,1.0,1.0,9130.0,1.0,1.0,136.0,1.0,19.0,19.0,90.0,8.0,133.9,1.0,0.0,0.0,0.0,1.0,0.0,20.0,0.0,0.0,5.0,7.0,4.0,13.0,0.0,0.0,5.0,11.0,3.0,12.0,2.0,10.8,1.4000000000000001,1.74,Dropout
2.0,39.0,1.0,9119.0,1.0,1.0,120.0,1.0,37.0,38.0,9.0,10.0,145.4,0.0,0.0,1.0,1.0,1.0,0.0,40.0,0.0,0.0,5.0,11.0,3.0,10.6666666666667,0.0,0.0,5.0,5.0,2.0,12.5,0.0,16.2,0.30000000000000004,-0.92,Dropout
2.0,39.0,1.0,8014.0,0.0,1.0,140.0,1.0,37.0,3.0,9.0,10.0,172.0,0.0,0.0,0.0,1.0,1.0,0.0,44.0,0.0,5.0,11.0,21.0,9.0,12.3333333333333,0.0,8.0,11.0,16.0,9.0,11.0,0.0,12.4,0.5,1.79,Enrolled
1.0,1.0,1.0,9147.0,1.0,1.0,118.0,1.0,1.0,1.0,9.0,9.0,111.0,0.0,0.0,0.0,0.0,1.0,0.0,21.0,0.0,0.0,5.0,7.0,2.0,11.0,0.0,0.0,5.0,9.0,3.0,11.4285714285714,0.0,10.8,1.4000000000000001,1.74,Dropout
1.0,44.0,1.0,9070.0,1.0,39.0,120.0,1.0,2.0,19.0,3.0,8.0,120.0,0.0,0.0,0.0,1.0,1.0,0.0,21.0,0.0,2.0,7.0,10.0,6.0,13.4285714285714,0.0,5.0,9.0,9.0,8.0,13.125,0.0,16.2,0.30000000000000004,-0.92,Graduate
1.0,1.0,6.0,9500.0,1.0,1.0,151.0,1.0,3.0,1.0,2.0,1.0,129.8,1.0,0.0,0.0,1.0,1.0,0.0,18.0,0.0,0.0,8.0,10.0,8.0,13.05375,2.0,0.0,8.0,10.0,8.0,13.05375,2.0,9.4,-0.8,-3.12,Graduate
1.0,1.0,5.0,9500.0,1.0,1.0,130.0,1.0,1.0,3.0,9.0,10.0,118.10000000000001,1.0,0.0,0.0,1.0,1.0,0.0,18.0,0.0,0.0,7.0,10.0,6.0,12.0357142857143,0.0,0.0,8.0,9.0,7.0,13.75,0.0,13.9,-0.30000000000000004,0.79,Enrolled
1.0,39.0,1.0,9003.0,1.0,1.0,140.0,1.0,3.0,1.0,5.0,9.0,130.0,0.0,0.0,0.0,1.0,1.0,0.0,27.0,0.0,0.0,6.0,6.0,6.0,14.1666666666667,0.0,0.0,6.0,7.0,6.0,13.8333333333333,0.0,11.100000000000001,0.6000000000000001,2.02,Graduate
2.0,39.0,1.0,9070.0,1.0,19.0,133.1,1.0,37.0,37.0,9.0,10.0,126.30000000000001,0.0,0.0,0.0,0.0,1.0,0.0,38.0,0.0,0.0,6.0,6.0,0.0,0.0,0.0,0.0,6.0,8.0,0.0,0.0,0.0,10.8,1.4000000000000001,1.74,Dropout
1.0,18.0,1.0,9130.0,1.0,1.0,146.0,1.0,3.0,3.0,5.0,2.0,137.8,0.0,0.0,0.0,1.0,1.0,0.0,18.0,0.0,0.0,6.0,11.0,5.0,13.600000000000001,0.0,0.0,6.0,13.0,3.0,12.6666666666667,0.0,13.9,-0.30000000000000004,0.79,Dropout
1.0,17.0,4.0,9254.0,1.0,1.0,122.0,1.0,1.0,1.0,4.0,2.0,116.10000000000001,1.0,0.0,0.0,1.0,1.0,0.0,19.0,0.0,0.0,6.0,7.0,5.0,12.200000000000001,0.0,0.0,6.0,12.0,2.0,12.0,0.0,7.6000000000000005,2.6,0.32,Enrolled
1.0,1.0,1.0,9130.0,1.0,1.0,121.0,1.0,3.0,19.0,2.0,9.0,115.4,1.0,0.0,0.0,1.0,1.0,0.0,18.0,0.0,0.0,6.0,8.0,6.0,13.714285714285701,0.0,0.0,6.0,7.0,5.0,13.3333333333333,0.0,15.5,2.8000000000000003,-4.0600000000000005,Dropout
1.0,43.0,1.0,9773.0,1.0,1.0,127.0,1.0,1.0,1.0,9.0,6.0,110.0,0.0,0.0,1.0,0.0,1.0,0.0,19.0,0.0,0.0,6.0,10.0,3.0,11.6666666666667,0.0,0.0,6.0,11.0,2.0,10.0,0.0,16.2,0.30000000000000004,-0.92,Dropout
1.0,39.0,1.0,9670.0,1.0,1.0,133.1,1.0,37.0,37.0,90.0,90.0,97.4,0.0,0.0,1.0,0.0,1.0,0.0,44.0,0.0,0.0,6.0,9.0,1.0,14.0,0.0,0.0,6.0,6.0,0.0,0.0,0.0,12.700000000000001,3.7,-1.7000000000000002,Dropout
1.0,44.0,1.0,9085.0,1.0,39.0,130.0,1.0,1.0,1.0,4.0,4.0,130.0,1.0,1.0,0.0,1.0,1.0,0.0,26.0,0.0,2.0,6.0,20.0,4.0,12.5,0.0,1.0,6.0,16.0,3.0,10.0,0.0,15.5,2.8000000000000003,-4.0600000000000005,Dropout
1.0,43.0,1.0,9130.0,1.0,1.0,156.0,1.0,19.0,1.0,9.0,4.0,156.0,0.0,0.0,1.0,0.0,1.0,0.0,24.0,0.0,0.0,6.0,11.0,5.0,11.8333333333333,0.0,0.0,6.0,11.0,4.0,11.5,0.0,15.5,2.8000000000000003,-4.0600000000000005,Dropout
1.0,39.0,1.0,9003.0,1.0,1.0,130.0,1.0,19.0,1.0,9.0,6.0,126.10000000000001,1.0,0.0,0.0,0.0,1.0,0.0,27.0,0.0,0.0,6.0,6.0,0.0,0.0,0.0,0.0,6.0,8.0,0.0,0.0,0.0,15.5,2.8000000000000003,-4.0600000000000005,Dropout
1.0,39.0,1.0,9003.0,1.0,1.0,110.0,1.0,1.0,1.0,9.0,4.0,120.0,0.0,0.0,1.0,0.0,1.0,0.0,27.0,0.0,0.0,6.0,0.0,0.0,0.0,0.0,0.0,6.0,0.0,0.0,0.0,0.0,13.9,-0.30000000000000004,0.79,Dropout
1.0,43.0,1.0,9070.0,1.0,1.0,108.0,1.0,38.0,38.0,7.0,7.0,105.2,1.0,0.0,0.0,1.0,1.0,0.0,25.0,0.0,11.0,17.0,18.0,13.0,11.538461538461501,0.0,10.0,15.0,15.0,10.0,12.4,0.0,12.700000000000001,3.7,-1.7000000000000002,Dropout
1.0,44.0,1.0,9003.0,1.0,1.0,120.0,1.0,3.0,2.0,2.0,6.0,120.0,1.0,0.0,0.0,1.0,1.0,0.0,21.0,0.0,4.0,9.0,14.0,7.0,11.2857142857143,2.0,2.0,8.0,15.0,4.0,12.25,0.0,12.700000000000001,3.7,-1.7000000000000002,Enrolled
1.0,1.0,1.0,171.0,1.0,1.0,150.0,1.0,38.0,19.0,9.0,9.0,137.8,1.0,0.0,0.0,1.0,1.0,1.0,19.0,0.0,0.0,0.0,0.0,0.0,0.0,0.0,0.0,0.0,0.0,0.0,0.0,0.0,13.9,-0.30000000000000004,0.79,Graduate
1.0,17.0,2.0,9070.0,1.0,1.0,152.0,1.0,39.0,39.0,3.0,3.0,134.20000000000002,1.0,0.0,0.0,1.0,1.0,0.0,20.0,0.0,0.0,6.0,7.0,5.0,11.8,0.0,0.0,6.0,9.0,4.0,12.0,0.0,15.5,2.8000000000000003,-4.0600000000000005,Enrolled
1.0,44.0,1.0,9119.0,1.0,39.0,150.0,1.0,19.0,3.0,5.0,2.0,150.0,0.0,0.0,0.0,1.0,1.0,0.0,20.0,0.0,0.0,5.0,16.0,0.0,0.0,0.0,0.0,5.0,12.0,2.0,10.5,0.0,12.700000000000001,3.7,-1.7000000000000002,Enrolled
1.0,17.0,5.0,9119.0,1.0,1.0,123.0,1.0,3.0,1.0,2.0,9.0,116.0,1.0,0.0,1.0,0.0,1.0,0.0,20.0,0.0,0.0,5.0,5.0,0.0,0.0,0.0,0.0,5.0,5.0,0.0,0.0,0.0,8.9,1.4000000000000001,3.5100000000000002,Dropout
1.0,1.0,1.0,9119.0,1.0,1.0,150.0,1.0,1.0,1.0,3.0,3.0,143.4,0.0,0.0,0.0,0.0,1.0,1.0,18.0,0.0,0.0,5.0,5.0,5.0,14.200000000000001,0.0,0.0,5.0,5.0,5.0,14.200000000000001,0.0,8.9,1.4000000000000001,3.5100000000000002,Enrolled
1.0,17.0,1.0,171.0,1.0,1.0,145.0,1.0,4.0,4.0,3.0,3.0,143.6,0.0,0.0,1.0,1.0,1.0,0.0,19.0,0.0,5.0,12.0,12.0,10.0,12.700000000000001,0.0,4.0,11.0,16.0,10.0,12.2727272727273,0.0,8.9,1.4000000000000001,3.5100000000000002,Enrolled
1.0,44.0,1.0,9130.0,1.0,39.0,150.0,1.0,1.0,37.0,4.0,8.0,150.0,1.0,0.0,0.0,0.0,0.0,0.0,22.0,0.0,1.0,6.0,10.0,3.0,12.6666666666667,0.0,0.0,6.0,7.0,0.0,0.0,0.0,15.5,2.8000000000000003,-4.0600000000000005,Dropout
1.0,1.0,4.0,9670.0,1.0,1.0,125.0,1.0,4.0,19.0,2.0,5.0,118.0,1.0,0.0,0.0,1.0,0.0,0.0,19.0,0.0,0.0,6.0,7.0,6.0,14.4285714285714,0.0,0.0,6.0,8.0,6.0,15.0,2.0,16.2,0.30000000000000004,-0.92,Graduate
1.0,1.0,4.0,9500.0,1.0,1.0,117.0,1.0,1.0,1.0,4.0,7.0,109.30000000000001,1.0,0.0,0.0,1.0,0.0,1.0,18.0,0.0,0.0,7.0,7.0,7.0,13.1171428571429,0.0,0.0,8.0,9.0,7.0,12.600000000000001,0.0,11.100000000000001,0.6000000000000001,2.02,Graduate
1.0,1.0,2.0,9238.0,1.0,1.0,121.0,1.0,19.0,19.0,191.0,171.0,119.30000000000001,1.0,0.0,1.0,1.0,0.0,0.0,20.0,0.0,0.0,6.0,7.0,6.0,12.6666666666667,0.0,0.0,6.0,7.0,6.0,11.8333333333333,0.0,8.9,1.4000000000000001,3.5100000000000002,Graduate
1.0,17.0,1.0,171.0,1.0,1.0,140.0,41.0,1.0,1.0,5.0,7.0,146.3,1.0,0.0,0.0,1.0,0.0,1.0,18.0,1.0,0.0,0.0,0.0,0.0,0.0,0.0,0.0,0.0,0.0,0.0,0.0,0.0,12.700000000000001,3.7,-1.7000000000000002,Dropout
1.0,39.0,1.0,9773.0,1.0,1.0,130.0,1.0,1.0,19.0,1.0,3.0,161.5,0.0,0.0,0.0,1.0,1.0,0.0,36.0,0.0,0.0,6.0,7.0,6.0,15.2857142857143,0.0,0.0,6.0,6.0,6.0,16.5,0.0,10.8,1.4000000000000001,1.74,Graduate
1.0,15.0,1.0,9147.0,1.0,1.0,140.0,26.0,37.0,2.0,6.0,4.0,140.0,0.0,0.0,1.0,1.0,1.0,0.0,19.0,1.0,0.0,5.0,12.0,3.0,10.5,0.0,0.0,5.0,8.0,4.0,11.25,0.0,12.4,0.5,1.79,Graduate
1.0,53.0,1.0,9147.0,1.0,42.0,140.0,1.0,1.0,1.0,6.0,6.0,142.20000000000002,0.0,0.0,0.0,1.0,1.0,1.0,21.0,0.0,6.0,11.0,11.0,11.0,12.636363636363601,0.0,3.0,9.0,11.0,9.0,12.600000000000001,0.0,8.9,1.4000000000000001,3.5100000000000002,Graduate
1.0,1.0,1.0,9147.0,1.0,1.0,140.0,1.0,19.0,38.0,9.0,9.0,129.20000000000002,1.0,0.0,0.0,1.0,0.0,0.0,26.0,0.0,0.0,5.0,6.0,0.0,0.0,0.0,0.0,5.0,0.0,0.0,0.0,0.0,15.5,2.8000000000000003,-4.0600000000000005,Dropout
1.0,39.0,1.0,9003.0,1.0,1.0,140.0,41.0,1.0,1.0,9.0,9.0,100.0,0.0,0.0,1.0,0.0,0.0,0.0,29.0,1.0,3.0,9.0,9.0,3.0,14.3333333333333,0.0,1.0,7.0,8.0,1.0,14.0,0.0,15.5,2.8000000000000003,-4.0600000000000005,Dropout
1.0,44.0,1.0,9254.0,1.0,39.0,170.0,1.0,19.0,2.0,9.0,3.0,170.0,0.0,0.0,0.0,0.0,1.0,0.0,26.0,0.0,2.0,8.0,14.0,8.0,15.125,0.0,1.0,6.0,12.0,6.0,13.6666666666667,0.0,11.100000000000001,0.6000000000000001,2.02,Enrolled
1.0,7.0,1.0,9500.0,1.0,3.0,140.0,1.0,3.0,19.0,2.0,6.0,140.0,0.0,0.0,0.0,1.0,1.0,0.0,27.0,0.0,0.0,7.0,0.0,0.0,0.0,0.0,0.0,8.0,0.0,0.0,0.0,0.0,12.4,0.5,1.79,Dropout
1.0,51.0,1.0,9147.0,1.0,1.0,116.0,1.0,3.0,3.0,2.0,2.0,115.2,0.0,0.0,1.0,1.0,1.0,0.0,32.0,0.0,2.0,7.0,16.0,3.0,12.0,0.0,3.0,8.0,10.0,3.0,10.3333333333333,0.0,8.9,1.4000000000000001,3.5100000000000002,Enrolled
1.0,16.0,3.0,9853.0,1.0,1.0,134.0,1.0,37.0,19.0,9.0,5.0,121.4,1.0,0.0,0.0,1.0,0.0,1.0,23.0,0.0,0.0,6.0,10.0,4.0,14.25,1.0,0.0,6.0,8.0,5.0,12.0,0.0,7.6000000000000005,2.6,0.32,Enrolled
1.0,39.0,1.0,9147.0,1.0,1.0,133.1,41.0,38.0,38.0,9.0,8.0,134.8,0.0,0.0,0.0,1.0,0.0,0.0,24.0,1.0,0.0,5.0,12.0,2.0,10.5,0.0,0.0,5.0,9.0,4.0,10.0,2.0,16.2,0.30000000000000004,-0.92,Enrolled
1.0,1.0,2.0,9773.0,1.0,1.0,140.0,1.0,1.0,1.0,9.0,9.0,136.9,1.0,0.0,0.0,1.0,0.0,1.0,19.0,0.0,0.0,6.0,7.0,6.0,13.5,0.0,0.0,6.0,7.0,6.0,14.4285714285714,0.0,16.2,0.30000000000000004,-0.92,Graduate
1.0,42.0,1.0,9003.0,1.0,1.0,140.0,1.0,19.0,19.0,4.0,4.0,140.0,1.0,0.0,0.0,1.0,1.0,0.0,25.0,0.0,0.0,6.0,14.0,5.0,11.6666666666667,0.0,0.0,6.0,11.0,4.0,12.0,0.0,15.5,2.8000000000000003,-4.0600000000000005,Enrolled
1.0,17.0,6.0,9254.0,1.0,1.0,108.0,1.0,1.0,19.0,4.0,5.0,112.2,1.0,0.0,0.0,1.0,1.0,0.0,19.0,0.0,0.0,6.0,13.0,5.0,10.8,0.0,0.0,6.0,12.0,3.0,10.0,0.0,9.4,-0.8,-3.12,Enrolled
1.0,1.0,3.0,9773.0,1.0,1.0,149.0,1.0,1.0,3.0,0.0,0.0,148.70000000000002,0.0,0.0,0.0,0.0,1.0,0.0,20.0,0.0,0.0,4.0,4.0,0.0,0.0,0.0,0.0,4.0,8.0,0.0,0.0,0.0,10.8,1.4000000000000001,1.74,Dropout
2.0,1.0,1.0,9254.0,1.0,1.0,140.0,1.0,19.0,38.0,4.0,7.0,133.0,0.0,0.0,0.0,1.0,1.0,0.0,33.0,0.0,3.0,9.0,11.0,9.0,12.8,0.0,2.0,7.0,9.0,7.0,11.4285714285714,0.0,12.700000000000001,3.7,-1.7000000000000002,Graduate
2.0,39.0,1.0,9991.0,0.0,1.0,140.0,1.0,37.0,12.0,9.0,9.0,150.0,0.0,0.0,1.0,1.0,1.0,0.0,35.0,0.0,0.0,5.0,6.0,5.0,10.8,0.0,0.0,5.0,7.0,5.0,12.0,2.0,9.4,-0.8,-3.12,Dropout
1.0,1.0,1.0,9147.0,1.0,1.0,133.1,1.0,37.0,38.0,7.0,7.0,98.0,1.0,0.0,0.0,1.0,1.0,0.0,23.0,0.0,0.0,5.0,8.0,4.0,11.4,0.0,0.0,5.0,7.0,4.0,11.0,0.0,11.100000000000001,0.6000000000000001,2.02,Graduate
1.0,1.0,1.0,9500.0,1.0,1.0,125.0,1.0,37.0,19.0,9.0,9.0,122.4,1.0,0.0,0.0,1.0,1.0,0.0,19.0,0.0,0.0,7.0,7.0,7.0,13.7257142857143,0.0,0.0,8.0,8.0,8.0,14.5,0.0,11.100000000000001,0.6000000000000001,2.02,Graduate
1.0,1.0,1.0,9670.0,1.0,1.0,133.1,1.0,1.0,37.0,9.0,10.0,139.0,0.0,0.0,0.0,1.0,1.0,0.0,21.0,0.0,0.0,6.0,6.0,5.0,12.8,0.0,0.0,6.0,9.0,5.0,12.25,0.0,10.8,1.4000000000000001,1.74,Enrolled
1.0,1.0,5.0,9070.0,1.0,1.0,133.1,1.0,1.0,19.0,3.0,3.0,112.0,1.0,0.0,0.0,1.0,1.0,1.0,21.0,0.0,0.0,6.0,6.0,6.0,13.5,0.0,0.0,6.0,6.0,6.0,11.1666666666667,0.0,11.100000000000001,0.6000000000000001,2.02,Graduate
1.0,39.0,1.0,9500.0,1.0,1.0,130.0,1.0,37.0,37.0,3.0,7.0,143.8,0.0,0.0,0.0,1.0,1.0,0.0,27.0,0.0,0.0,8.0,8.0,7.0,15.57,0.0,0.0,8.0,8.0,7.0,15.57,0.0,10.8,1.4000000000000001,1.74,Dropout
1.0,17.0,3.0,9147.0,1.0,1.0,122.0,1.0,3.0,38.0,123.0,171.0,116.10000000000001,1.0,0.0,1.0,1.0,1.0,0.0,19.0,0.0,0.0,5.0,10.0,4.0,11.0,0.0,0.0,5.0,13.0,2.0,12.0,0.0,8.9,1.4000000000000001,3.5100000000000002,Enrolled
1.0,7.0,2.0,9500.0,1.0,3.0,140.0,1.0,37.0,38.0,9.0,9.0,138.0,0.0,0.0,0.0,1.0,1.0,0.0,28.0,0.0,0.0,7.0,7.0,7.0,14.1142857142857,0.0,0.0,8.0,9.0,8.0,15.9111111111111,0.0,16.2,0.30000000000000004,-0.92,Dropout
1.0,43.0,1.0,9147.0,1.0,1.0,123.0,1.0,37.0,38.0,7.0,7.0,110.0,0.0,0.0,0.0,1.0,1.0,0.0,25.0,0.0,0.0,5.0,12.0,3.0,11.0,1.0,0.0,5.0,12.0,4.0,11.5,0.0,9.4,-0.8,-3.12,Enrolled
2.0,39.0,1.0,9238.0,1.0,19.0,133.1,1.0,37.0,37.0,9.0,4.0,103.5,0.0,0.0,0.0,1.0,1.0,0.0,42.0,0.0,0.0,6.0,0.0,0.0,0.0,0.0,0.0,6.0,0.0,0.0,0.0,0.0,15.5,2.8000000000000003,-4.0600000000000005,Dropout
1.0,7.0,1.0,9991.0,0.0,3.0,140.0,1.0,37.0,37.0,9.0,9.0,140.0,0.0,0.0,0.0,1.0,1.0,0.0,27.0,0.0,0.0,5.0,6.0,4.0,13.5,0.0,0.0,5.0,6.0,4.0,13.75,0.0,7.6000000000000005,2.6,0.32,Graduate
1.0,1.0,1.0,9070.0,1.0,1.0,116.0,1.0,3.0,3.0,0.0,1.0,108.7,1.0,0.0,0.0,1.0,1.0,0.0,23.0,0.0,0.0,6.0,9.0,4.0,11.25,1.0,0.0,6.0,10.0,0.0,0.0,4.0,7.6000000000000005,2.6,0.32,Dropout
1.0,17.0,3.0,9254.0,1.0,1.0,118.0,1.0,19.0,1.0,4.0,4.0,115.9,1.0,0.0,0.0,1.0,1.0,1.0,18.0,0.0,0.0,6.0,7.0,6.0,12.1428571428571,0.0,0.0,6.0,8.0,6.0,11.3333333333333,0.0,8.9,1.4000000000000001,3.5100000000000002,Graduate
2.0,39.0,1.0,9500.0,1.0,1.0,140.0,1.0,37.0,37.0,9.0,4.0,127.30000000000001,0.0,0.0,0.0,1.0,1.0,0.0,26.0,0.0,0.0,8.0,8.0,7.0,13.0757142857143,0.0,0.0,8.0,8.0,7.0,13.0757142857143,0.0,10.8,1.4000000000000001,1.74,Graduate
1.0,1.0,4.0,9147.0,1.0,1.0,146.0,1.0,3.0,1.0,3.0,10.0,138.70000000000002,0.0,0.0,0.0,1.0,1.0,0.0,18.0,0.0,0.0,5.0,0.0,0.0,0.0,0.0,0.0,5.0,0.0,0.0,0.0,0.0,8.9,1.4000000000000001,3.5100000000000002,Dropout
1.0,39.0,1.0,9991.0,0.0,1.0,150.0,1.0,3.0,5.0,2.0,2.0,135.8,0.0,0.0,1.0,1.0,1.0,0.0,29.0,0.0,1.0,5.0,9.0,3.0,11.0,0.0,0.0,5.0,11.0,2.0,13.5,0.0,12.700000000000001,3.7,-1.7000000000000002,Dropout
1.0,17.0,1.0,9085.0,1.0,1.0,137.0,1.0,1.0,1.0,4.0,7.0,134.6,1.0,0.0,0.0,1.0,1.0,0.0,22.0,0.0,0.0,6.0,16.0,0.0,0.0,0.0,0.0,6.0,7.0,0.0,0.0,0.0,16.2,0.30000000000000004,-0.92,Dropout
1.0,43.0,1.0,9500.0,1.0,1.0,136.0,1.0,19.0,37.0,173.0,183.0,118.4,1.0,0.0,0.0,1.0,0.0,0.0,21.0,0.0,0.0,7.0,12.0,4.0,13.125,0.0,0.0,7.0,8.0,6.0,12.3333333333333,0.0,13.9,-0.30000000000000004,0.79,Enrolled
1.0,1.0,3.0,9500.0,1.0,1.0,134.0,1.0,38.0,38.0,7.0,9.0,132.8,1.0,0.0,0.0,1.0,0.0,1.0,19.0,0.0,0.0,8.0,8.0,7.0,13.5128571428571,0.0,0.0,8.0,8.0,7.0,13.5128571428571,0.0,10.8,1.4000000000000001,1.74,Graduate
1.0,1.0,1.0,9238.0,1.0,1.0,160.0,1.0,38.0,37.0,9.0,7.0,155.5,1.0,0.0,0.0,1.0,0.0,1.0,18.0,0.0,0.0,6.0,7.0,6.0,12.8333333333333,0.0,0.0,6.0,6.0,6.0,12.1666666666667,0.0,10.8,1.4000000000000001,1.74,Graduate
1.0,1.0,3.0,9085.0,1.0,1.0,126.0,1.0,38.0,1.0,9.0,9.0,132.0,1.0,0.0,0.0,1.0,0.0,1.0,18.0,0.0,0.0,5.0,8.0,3.0,15.0,2.0,0.0,5.0,9.0,3.0,11.6666666666667,0.0,9.4,-0.8,-3.12,Dropout
1.0,39.0,1.0,9003.0,1.0,19.0,133.1,1.0,37.0,38.0,4.0,9.0,110.0,0.0,0.0,1.0,0.0,0.0,0.0,40.0,0.0,0.0,6.0,12.0,5.0,12.8,0.0,0.0,6.0,16.0,3.0,13.3333333333333,0.0,11.100000000000001,0.6000000000000001,2.02,Dropout
1.0,17.0,3.0,9254.0,1.0,1.0,114.0,26.0,38.0,3.0,9.0,3.0,127.30000000000001,1.0,0.0,1.0,0.0,0.0,0.0,20.0,1.0,0.0,6.0,14.0,3.0,12.3333333333333,0.0,0.0,6.0,16.0,0.0,0.0,0.0,10.8,1.4000000000000001,1.74,Dropout
1.0,1.0,3.0,9500.0,1.0,1.0,139.0,1.0,3.0,1.0,4.0,1.0,126.0,1.0,0.0,0.0,1.0,1.0,0.0,18.0,0.0,0.0,8.0,15.0,5.0,12.288,1.0,0.0,8.0,15.0,5.0,12.288,1.0,10.8,1.4000000000000001,1.74,Dropout
1.0,43.0,2.0,8014.0,0.0,3.0,130.0,1.0,34.0,34.0,0.0,0.0,130.0,0.0,0.0,0.0,1.0,1.0,0.0,31.0,0.0,8.0,12.0,21.0,12.0,12.3333333333333,0.0,6.0,10.0,13.0,7.0,13.2857142857143,2.0,7.6000000000000005,2.6,0.32,Graduate
1.0,1.0,2.0,9147.0,1.0,1.0,131.0,1.0,1.0,1.0,9.0,9.0,118.80000000000001,0.0,0.0,0.0,1.0,1.0,1.0,18.0,0.0,0.0,5.0,9.0,4.0,11.5,0.0,0.0,5.0,5.0,5.0,12.8,0.0,12.4,0.5,1.79,Graduate
1.0,43.0,2.0,9670.0,1.0,1.0,130.0,1.0,19.0,1.0,4.0,4.0,127.60000000000001,1.0,0.0,0.0,1.0,1.0,0.0,22.0,0.0,4.0,6.0,6.0,6.0,11.8333333333333,0.0,0.0,6.0,11.0,4.0,11.1428571428571,0.0,10.8,1.4000000000000001,1.74,Dropout
1.0,51.0,1.0,9147.0,1.0,19.0,133.1,1.0,19.0,19.0,9.0,5.0,112.10000000000001,0.0,0.0,1.0,0.0,1.0,0.0,38.0,0.0,0.0,5.0,5.0,0.0,0.0,0.0,0.0,5.0,5.0,0.0,0.0,0.0,8.9,1.4000000000000001,3.5100000000000002,Dropout
1.0,43.0,1.0,9991.0,0.0,3.0,130.0,1.0,3.0,1.0,2.0,9.0,130.0,0.0,0.0,0.0,1.0,1.0,0.0,33.0,0.0,0.0,5.0,5.0,0.0,0.0,0.0,0.0,5.0,5.0,0.0,0.0,0.0,12.700000000000001,3.7,-1.7000000000000002,Dropout
1.0,1.0,3.0,9119.0,1.0,1.0,117.0,1.0,1.0,1.0,3.0,5.0,111.10000000000001,0.0,0.0,0.0,1.0,1.0,1.0,19.0,0.0,0.0,5.0,10.0,5.0,11.8,0.0,0.0,5.0,12.0,3.0,11.5,0.0,11.100000000000001,0.6000000000000001,2.02,Enrolled
1.0,17.0,1.0,9670.0,1.0,1.0,127.0,1.0,3.0,3.0,1.0,1.0,121.4,0.0,0.0,0.0,1.0,1.0,0.0,18.0,0.0,0.0,6.0,0.0,0.0,0.0,0.0,0.0,6.0,0.0,0.0,0.0,0.0,15.5,2.8000000000000003,-4.0600000000000005,Dropout
1.0,1.0,5.0,9119.0,1.0,1.0,131.0,1.0,1.0,19.0,4.0,7.0,126.80000000000001,0.0,0.0,0.0,0.0,1.0,1.0,18.0,0.0,0.0,5.0,6.0,5.0,12.200000000000001,0.0,0.0,5.0,8.0,4.0,12.0,0.0,8.9,1.4000000000000001,3.5100000000000002,Enrolled
1.0,51.0,1.0,9991.0,0.0,1.0,134.0,1.0,1.0,1.0,5.0,3.0,120.60000000000001,1.0,0.0,0.0,1.0,1.0,0.0,27.0,0.0,2.0,6.0,6.0,6.0,12.3333333333333,0.0,0.0,5.0,5.0,5.0,13.0,0.0,11.100000000000001,0.6000000000000001,2.02,Graduate
1.0,39.0,1.0,9254.0,1.0,1.0,130.0,1.0,37.0,37.0,9.0,9.0,126.5,0.0,0.0,0.0,1.0,1.0,0.0,26.0,0.0,0.0,6.0,7.0,6.0,12.4285714285714,0.0,0.0,6.0,6.0,6.0,12.8333333333333,0.0,7.6000000000000005,2.6,0.32,Graduate
1.0,1.0,6.0,9500.0,1.0,1.0,127.0,1.0,1.0,19.0,3.0,3.0,120.2,1.0,0.0,0.0,1.0,0.0,1.0,19.0,0.0,0.0,7.0,7.0,7.0,12.765714285714301,0.0,0.0,8.0,9.0,8.0,13.5444444444444,0.0,12.4,0.5,1.79,Graduate
2.0,51.0,1.0,9500.0,1.0,1.0,130.0,1.0,37.0,37.0,5.0,5.0,120.0,0.0,0.0,0.0,1.0,1.0,0.0,44.0,0.0,0.0,7.0,11.0,5.0,12.100000000000001,0.0,0.0,7.0,10.0,5.0,12.600000000000001,0.0,11.100000000000001,0.6000000000000001,2.02,Dropout
1.0,1.0,2.0,9147.0,1.0,1.0,142.0,1.0,37.0,38.0,9.0,9.0,137.5,1.0,0.0,0.0,1.0,1.0,0.0,19.0,0.0,0.0,5.0,10.0,5.0,12.0,0.0,0.0,5.0,9.0,5.0,11.5,0.0,13.9,-0.30000000000000004,0.79,Graduate
1.0,18.0,1.0,9070.0,1.0,1.0,117.0,1.0,1.0,37.0,4.0,7.0,127.9,1.0,0.0,0.0,1.0,1.0,0.0,20.0,0.0,0.0,6.0,6.0,0.0,0.0,0.0,0.0,6.0,6.0,0.0,0.0,0.0,9.4,-0.8,-3.12,Dropout
1.0,39.0,1.0,9003.0,1.0,19.0,133.1,1.0,19.0,37.0,1.0,1.0,140.0,0.0,0.0,1.0,1.0,1.0,0.0,24.0,0.0,0.0,6.0,10.0,6.0,14.8888888888889,0.0,0.0,6.0,11.0,6.0,13.7272727272727,0.0,16.2,0.30000000000000004,-0.92,Enrolled
4.0,43.0,1.0,9991.0,0.0,1.0,164.0,1.0,37.0,37.0,6.0,6.0,131.8,0.0,0.0,0.0,1.0,0.0,0.0,31.0,0.0,7.0,14.0,19.0,13.0,11.3571428571429,0.0,9.0,14.0,14.0,13.0,12.0,1.0,9.4,-0.8,-3.12,Graduate
1.0,43.0,1.0,9070.0,1.0,1.0,130.0,1.0,37.0,37.0,9.0,9.0,129.0,1.0,0.0,0.0,1.0,0.0,0.0,25.0,0.0,0.0,6.0,6.0,6.0,13.5,0.0,0.0,6.0,6.0,6.0,12.5,0.0,9.4,-0.8,-3.12,Graduate
1.0,17.0,4.0,9773.0,1.0,1.0,127.0,1.0,2.0,37.0,9.0,9.0,115.80000000000001,1.0,0.0,1.0,0.0,0.0,0.0,19.0,0.0,0.0,6.0,6.0,0.0,0.0,0.0,0.0,6.0,0.0,0.0,0.0,0.0,8.9,1.4000000000000001,3.5100000000000002,Dropout
1.0,17.0,3.0,9500.0,1.0,1.0,140.0,1.0,3.0,2.0,3.0,3.0,126.4,1.0,0.0,0.0,1.0,0.0,0.0,18.0,0.0,0.0,7.0,7.0,7.0,13.884285714285701,0.0,0.0,8.0,9.0,8.0,14.75,0.0,11.100000000000001,0.6000000000000001,2.02,Dropout
1.0,43.0,1.0,9085.0,1.0,1.0,130.0,1.0,19.0,38.0,4.0,9.0,130.0,1.0,0.0,0.0,0.0,0.0,0.0,19.0,0.0,0.0,6.0,12.0,5.0,13.0,0.0,0.0,6.0,12.0,3.0,11.6666666666667,0.0,13.9,-0.30000000000000004,0.79,Enrolled
1.0,1.0,3.0,9500.0,1.0,1.0,122.0,1.0,3.0,1.0,4.0,3.0,114.80000000000001,1.0,0.0,0.0,1.0,0.0,1.0,19.0,0.0,0.0,7.0,11.0,4.0,12.65,0.0,0.0,7.0,9.0,5.0,11.100000000000001,0.0,12.4,0.5,1.79,Enrolled
1.0,17.0,1.0,9147.0,1.0,1.0,162.0,1.0,1.0,38.0,4.0,5.0,138.6,1.0,0.0,0.0,1.0,0.0,0.0,19.0,0.0,0.0,5.0,10.0,1.0,11.0,0.0,0.0,5.0,13.0,0.0,0.0,0.0,12.700000000000001,3.7,-1.7000000000000002,Enrolled
1.0,39.0,1.0,9670.0,1.0,1.0,133.1,1.0,1.0,1.0,4.0,4.0,112.9,0.0,0.0,0.0,1.0,0.0,0.0,24.0,0.0,0.0,6.0,12.0,2.0,11.6666666666667,0.0,0.0,6.0,20.0,2.0,10.5,6.0,16.2,0.30000000000000004,-0.92,Dropout
1.0,1.0,1.0,9238.0,1.0,1.0,120.0,1.0,3.0,3.0,3.0,3.0,111.60000000000001,0.0,0.0,0.0,1.0,0.0,0.0,20.0,0.0,0.0,6.0,6.0,6.0,14.5,0.0,0.0,6.0,6.0,6.0,12.6666666666667,0.0,12.4,0.5,1.79,Graduate
1.0,17.0,1.0,9254.0,1.0,1.0,160.0,1.0,19.0,37.0,5.0,3.0,152.0,0.0,0.0,0.0,1.0,0.0,0.0,18.0,0.0,0.0,6.0,7.0,6.0,14.714285714285701,0.0,0.0,6.0,7.0,6.0,14.1666666666667,0.0,12.700000000000001,3.7,-1.7000000000000002,Graduate
1.0,1.0,1.0,9238.0,1.0,1.0,141.0,1.0,38.0,1.0,5.0,7.0,132.6,0.0,0.0,0.0,1.0,0.0,1.0,18.0,0.0,0.0,6.0,7.0,6.0,13.2857142857143,0.0,0.0,6.0,6.0,6.0,14.3333333333333,0.0,12.4,0.5,1.79,Graduate
1.0,17.0,1.0,9085.0,1.0,1.0,125.0,1.0,1.0,38.0,4.0,9.0,118.4,1.0,0.0,0.0,1.0,0.0,0.0,21.0,0.0,0.0,5.0,13.0,3.0,11.3333333333333,2.0,0.0,5.0,12.0,2.0,10.5,1.0,9.4,-0.8,-3.12,Enrolled
1.0,7.0,1.0,9500.0,1.0,3.0,120.0,1.0,37.0,37.0,4.0,5.0,120.0,0.0,0.0,1.0,0.0,0.0,0.0,28.0,0.0,0.0,7.0,7.0,0.0,0.0,7.0,0.0,7.0,7.0,0.0,0.0,7.0,13.9,-0.30000000000000004,0.79,Dropout
1.0,1.0,1.0,9147.0,1.0,1.0,128.0,1.0,38.0,37.0,5.0,6.0,122.10000000000001,0.0,0.0,0.0,1.0,0.0,1.0,18.0,0.0,0.0,5.0,11.0,4.0,11.5714285714286,0.0,0.0,5.0,9.0,5.0,12.0,0.0,13.9,-0.30000000000000004,0.79,Enrolled
1.0,1.0,1.0,9853.0,1.0,1.0,162.0,1.0,37.0,19.0,9.0,8.0,142.8,0.0,0.0,1.0,1.0,0.0,0.0,18.0,0.0,0.0,6.0,10.0,5.0,13.0,0.0,0.0,6.0,10.0,4.0,11.5,0.0,12.700000000000001,3.7,-1.7000000000000002,Dropout
1.0,1.0,1.0,9238.0,1.0,1.0,130.0,1.0,1.0,1.0,4.0,4.0,124.80000000000001,0.0,0.0,0.0,1.0,0.0,1.0,18.0,0.0,0.0,6.0,9.0,6.0,11.5,0.0,0.0,6.0,11.0,5.0,14.0,0.0,11.100000000000001,0.6000000000000001,2.02,Graduate
1.0,17.0,2.0,9147.0,1.0,1.0,134.0,1.0,37.0,19.0,9.0,8.0,126.30000000000001,1.0,0.0,0.0,1.0,0.0,1.0,18.0,0.0,0.0,5.0,8.0,5.0,11.8,0.0,0.0,5.0,10.0,5.0,11.600000000000001,3.0,16.2,0.30000000000000004,-0.92,Graduate
1.0,1.0,1.0,9147.0,1.0,1.0,133.1,1.0,19.0,19.0,9.0,9.0,119.0,1.0,0.0,0.0,0.0,0.0,1.0,19.0,0.0,0.0,5.0,7.0,3.0,10.6666666666667,0.0,0.0,5.0,10.0,3.0,12.2857142857143,0.0,10.8,1.4000000000000001,1.74,Dropout
1.0,17.0,1.0,9500.0,1.0,1.0,137.0,1.0,19.0,38.0,3.0,9.0,124.9,0.0,0.0,0.0,1.0,0.0,1.0,19.0,0.0,0.0,7.0,11.0,6.0,13.887500000000001,0.0,0.0,8.0,9.0,8.0,14.8644444444444,0.0,15.5,2.8000000000000003,-4.0600000000000005,Graduate
1.0,1.0,1.0,9238.0,1.0,1.0,133.1,1.0,38.0,38.0,191.0,192.0,118.0,0.0,0.0,1.0,1.0,0.0,1.0,20.0,0.0,0.0,6.0,7.0,5.0,11.4,0.0,0.0,6.0,9.0,6.0,11.5,0.0,8.9,1.4000000000000001,3.5100000000000002,Graduate
2.0,43.0,1.0,8014.0,0.0,1.0,110.0,1.0,37.0,19.0,9.0,3.0,100.0,0.0,0.0,0.0,1.0,0.0,0.0,34.0,0.0,9.0,11.0,17.0,9.0,12.3333333333333,0.0,3.0,7.0,12.0,7.0,12.1428571428571,0.0,9.4,-0.8,-3.12,Graduate
2.0,39.0,1.0,9500.0,1.0,1.0,133.1,1.0,37.0,37.0,9.0,9.0,109.0,1.0,0.0,0.0,1.0,0.0,0.0,39.0,0.0,0.0,7.0,8.0,5.0,12.16,0.0,0.0,7.0,8.0,5.0,12.16,0.0,7.6000000000000005,2.6,0.32,Enrolled
1.0,17.0,3.0,9500.0,1.0,1.0,133.0,1.0,3.0,19.0,2.0,5.0,130.8,1.0,0.0,0.0,1.0,0.0,0.0,19.0,0.0,0.0,8.0,8.0,8.0,13.4275,0.0,0.0,8.0,8.0,8.0,13.4275,0.0,9.4,-0.8,-3.12,Graduate
1.0,39.0,1.0,9070.0,1.0,1.0,130.0,1.0,1.0,19.0,4.0,4.0,110.0,1.0,0.0,0.0,1.0,0.0,0.0,24.0,0.0,0.0,6.0,6.0,6.0,15.1666666666667,0.0,0.0,6.0,6.0,2.0,15.5,0.0,15.5,2.8000000000000003,-4.0600000000000005,Graduate
1.0,10.0,1.0,9773.0,1.0,1.0,151.0,22.0,38.0,37.0,0.0,5.0,151.0,1.0,0.0,0.0,1.0,0.0,0.0,18.0,1.0,0.0,6.0,12.0,0.0,0.0,1.0,0.0,6.0,0.0,0.0,0.0,0.0,9.4,-0.8,-3.12,Dropout
1.0,17.0,1.0,9130.0,1.0,1.0,125.0,1.0,19.0,19.0,3.0,10.0,131.0,1.0,0.0,0.0,1.0,1.0,0.0,19.0,0.0,0.0,5.0,11.0,2.0,10.5,2.0,0.0,5.0,9.0,0.0,0.0,3.0,10.8,1.4000000000000001,1.74,Dropout
1.0,1.0,1.0,9147.0,1.0,1.0,158.0,1.0,1.0,38.0,3.0,6.0,155.20000000000002,0.0,0.0,0.0,1.0,1.0,1.0,18.0,0.0,0.0,5.0,5.0,5.0,11.8,0.0,0.0,5.0,8.0,3.0,11.0,0.0,9.4,-0.8,-3.12,Graduate
1.0,1.0,2.0,9147.0,1.0,1.0,128.0,1.0,3.0,1.0,3.0,3.0,121.0,1.0,1.0,1.0,1.0,1.0,0.0,20.0,0.0,0.0,5.0,6.0,5.0,13.200000000000001,0.0,0.0,5.0,10.0,5.0,11.4,3.0,16.2,0.30000000000000004,-0.92,Enrolled
1.0,1.0,6.0,9500.0,1.0,1.0,133.0,1.0,1.0,1.0,9.0,9.0,119.7,1.0,1.0,1.0,1.0,1.0,0.0,19.0,0.0,2.0,7.0,8.0,7.0,13.075000000000001,0.0,1.0,8.0,11.0,8.0,12.3611111111111,0.0,12.4,0.5,1.79,Graduate
1.0,1.0,1.0,9130.0,1.0,1.0,138.0,1.0,3.0,19.0,2.0,4.0,131.0,1.0,0.0,0.0,1.0,1.0,0.0,19.0,0.0,0.0,6.0,8.0,4.0,11.600000000000001,0.0,0.0,6.0,14.0,2.0,13.0,0.0,11.100000000000001,0.6000000000000001,2.02,Dropout
1.0,17.0,1.0,9003.0,1.0,1.0,126.0,1.0,37.0,3.0,5.0,2.0,116.9,0.0,0.0,0.0,1.0,1.0,0.0,19.0,0.0,0.0,6.0,10.0,6.0,13.6666666666667,0.0,0.0,6.0,10.0,4.0,12.25,0.0,13.9,-0.30000000000000004,0.79,Dropout
2.0,39.0,1.0,9991.0,0.0,1.0,140.0,1.0,36.0,14.0,9.0,10.0,130.0,1.0,0.0,0.0,1.0,1.0,0.0,41.0,0.0,0.0,5.0,9.0,4.0,10.75,0.0,0.0,5.0,7.0,2.0,10.0,0.0,9.4,-0.8,-3.12,Dropout
1.0,1.0,2.0,9500.0,1.0,1.0,143.0,1.0,5.0,5.0,2.0,2.0,137.8,0.0,0.0,0.0,1.0,1.0,0.0,19.0,0.0,0.0,7.0,10.0,6.0,13.492857142857101,0.0,0.0,8.0,9.0,8.0,12.6888888888889,0.0,12.4,0.5,1.79,Graduate
1.0,43.0,3.0,9254.0,1.0,1.0,135.0,1.0,3.0,3.0,2.0,2.0,122.10000000000001,0.0,0.0,0.0,1.0,1.0,0.0,19.0,0.0,0.0,6.0,14.0,3.0,12.5,0.0,0.0,6.0,9.0,4.0,11.0,0.0,12.700000000000001,3.7,-1.7000000000000002,Enrolled
1.0,7.0,1.0,9500.0,1.0,3.0,120.0,1.0,1.0,1.0,7.0,10.0,120.0,1.0,0.0,0.0,0.0,1.0,0.0,23.0,0.0,0.0,7.0,0.0,0.0,0.0,0.0,0.0,8.0,0.0,0.0,0.0,0.0,12.700000000000001,3.7,-1.7000000000000002,Dropout
1.0,1.0,1.0,9119.0,1.0,1.0,148.0,1.0,19.0,38.0,9.0,7.0,133.0,0.0,0.0,0.0,1.0,1.0,0.0,18.0,0.0,0.0,5.0,12.0,5.0,13.2857142857143,0.0,0.0,5.0,16.0,5.0,14.8,0.0,12.4,0.5,1.79,Dropout
1.0,1.0,1.0,9147.0,1.0,1.0,126.0,1.0,3.0,19.0,3.0,3.0,115.2,0.0,0.0,0.0,1.0,1.0,0.0,19.0,0.0,0.0,5.0,6.0,5.0,12.600000000000001,0.0,0.0,5.0,13.0,5.0,11.8,5.0,16.2,0.30000000000000004,-0.92,Graduate
1.0,44.0,1.0,9003.0,1.0,39.0,160.0,1.0,3.0,3.0,2.0,10.0,160.0,1.0,0.0,0.0,1.0,1.0,0.0,20.0,0.0,0.0,6.0,7.0,6.0,14.0,0.0,0.0,6.0,7.0,6.0,14.6666666666667,0.0,12.4,0.5,1.79,Graduate
1.0,39.0,1.0,9085.0,1.0,1.0,140.0,1.0,37.0,37.0,90.0,90.0,106.30000000000001,0.0,0.0,1.0,0.0,1.0,0.0,35.0,0.0,0.0,5.0,7.0,2.0,11.5,0.0,0.0,5.0,8.0,2.0,10.5,0.0,7.6000000000000005,2.6,0.32,Dropout
4.0,39.0,2.0,9670.0,1.0,19.0,133.1,1.0,19.0,1.0,90.0,90.0,103.0,0.0,0.0,0.0,0.0,1.0,0.0,34.0,0.0,0.0,6.0,6.0,0.0,0.0,0.0,0.0,6.0,9.0,0.0,0.0,0.0,10.8,1.4000000000000001,1.74,Dropout
1.0,1.0,1.0,9070.0,1.0,1.0,136.0,1.0,3.0,3.0,9.0,9.0,136.0,1.0,0.0,1.0,0.0,0.0,1.0,19.0,0.0,0.0,6.0,6.0,6.0,11.8333333333333,0.0,0.0,6.0,8.0,6.0,12.875,0.0,10.8,1.4000000000000001,1.74,Graduate
1.0,15.0,1.0,9238.0,1.0,1.0,150.0,26.0,19.0,1.0,9.0,9.0,146.5,1.0,0.0,1.0,0.0,1.0,0.0,22.0,1.0,0.0,6.0,10.0,5.0,11.5,0.0,0.0,6.0,8.0,5.0,12.4,0.0,13.9,-0.30000000000000004,0.79,Graduate
1.0,17.0,3.0,9070.0,1.0,1.0,130.0,1.0,1.0,4.0,4.0,2.0,131.4,0.0,0.0,0.0,1.0,1.0,0.0,20.0,0.0,0.0,6.0,6.0,6.0,14.1666666666667,0.0,0.0,6.0,8.0,6.0,12.3333333333333,0.0,11.100000000000001,0.6000000000000001,2.02,Graduate
2.0,42.0,1.0,9991.0,0.0,1.0,130.0,1.0,3.0,2.0,2.0,2.0,130.0,0.0,0.0,0.0,1.0,1.0,0.0,27.0,0.0,2.0,2.0,2.0,2.0,12.5,0.0,0.0,5.0,6.0,2.0,12.5,0.0,12.700000000000001,3.7,-1.7000000000000002,Enrolled
2.0,39.0,1.0,9119.0,1.0,1.0,110.0,1.0,19.0,19.0,0.0,5.0,137.0,0.0,0.0,1.0,1.0,1.0,0.0,30.0,0.0,0.0,5.0,5.0,0.0,0.0,0.0,0.0,5.0,5.0,0.0,0.0,0.0,7.6000000000000005,2.6,0.32,Dropout
1.0,39.0,1.0,9119.0,1.0,1.0,110.0,1.0,1.0,1.0,4.0,4.0,125.9,0.0,0.0,0.0,1.0,1.0,0.0,34.0,0.0,0.0,5.0,7.0,0.0,0.0,0.0,0.0,5.0,8.0,1.0,11.0,0.0,10.8,1.4000000000000001,1.74,Enrolled
1.0,1.0,1.0,9254.0,1.0,1.0,121.0,1.0,1.0,1.0,5.0,4.0,111.9,1.0,0.0,0.0,0.0,1.0,0.0,20.0,0.0,0.0,6.0,14.0,2.0,10.5,0.0,0.0,6.0,16.0,0.0,0.0,0.0,10.8,1.4000000000000001,1.74,Dropout
1.0,17.0,1.0,9070.0,1.0,1.0,127.0,1.0,37.0,38.0,9.0,5.0,131.20000000000002,1.0,0.0,0.0,1.0,1.0,0.0,18.0,0.0,0.0,6.0,6.0,6.0,11.8333333333333,0.0,0.0,6.0,6.0,6.0,13.1666666666667,0.0,7.6000000000000005,2.6,0.32,Graduate
1.0,1.0,1.0,9130.0,1.0,1.0,140.0,1.0,9.0,19.0,4.0,4.0,131.20000000000002,0.0,0.0,0.0,1.0,1.0,1.0,26.0,0.0,0.0,5.0,9.0,0.0,0.0,0.0,0.0,5.0,6.0,0.0,0.0,0.0,7.6000000000000005,2.6,0.32,Dropout
1.0,39.0,1.0,9991.0,0.0,1.0,130.0,1.0,1.0,1.0,3.0,7.0,140.0,0.0,0.0,0.0,1.0,1.0,0.0,26.0,0.0,0.0,5.0,5.0,5.0,12.4,0.0,0.0,5.0,5.0,5.0,12.4,0.0,15.5,2.8000000000000003,-4.0600000000000005,Graduate
1.0,39.0,2.0,9147.0,1.0,1.0,130.0,1.0,19.0,19.0,5.0,9.0,121.5,0.0,0.0,0.0,0.0,1.0,0.0,26.0,0.0,0.0,5.0,5.0,2.0,10.5,0.0,0.0,5.0,9.0,0.0,0.0,0.0,10.8,1.4000000000000001,1.74,Dropout
1.0,39.0,1.0,9991.0,0.0,1.0,100.0,1.0,37.0,37.0,9.0,6.0,153.5,0.0,0.0,1.0,0.0,1.0,0.0,31.0,0.0,0.0,5.0,9.0,0.0,0.0,0.0,0.0,5.0,6.0,0.0,0.0,0.0,12.4,0.5,1.79,Dropout
1.0,1.0,3.0,171.0,1.0,1.0,139.0,1.0,37.0,19.0,9.0,8.0,142.20000000000002,1.0,0.0,0.0,1.0,1.0,1.0,20.0,0.0,6.0,12.0,12.0,12.0,14.5833333333333,0.0,4.0,11.0,14.0,11.0,14.3333333333333,0.0,8.9,1.4000000000000001,3.5100000000000002,Graduate
1.0,1.0,1.0,9773.0,1.0,1.0,150.0,1.0,19.0,11.0,0.0,0.0,131.1,1.0,0.0,0.0,1.0,1.0,0.0,19.0,0.0,0.0,6.0,6.0,6.0,11.6666666666667,0.0,0.0,6.0,10.0,3.0,12.6666666666667,0.0,7.6000000000000005,2.6,0.32,Graduate
1.0,17.0,1.0,9670.0,1.0,1.0,133.1,1.0,34.0,3.0,7.0,2.0,130.6,1.0,0.0,1.0,0.0,1.0,0.0,23.0,0.0,0.0,5.0,5.0,0.0,0.0,0.0,0.0,5.0,5.0,0.0,0.0,0.0,7.6000000000000005,2.6,0.32,Dropout
1.0,1.0,6.0,9500.0,1.0,1.0,119.0,1.0,1.0,1.0,4.0,4.0,115.0,1.0,0.0,0.0,1.0,1.0,1.0,20.0,0.0,0.0,7.0,14.0,1.0,13.0,0.0,0.0,7.0,15.0,0.0,0.0,0.0,11.100000000000001,0.6000000000000001,2.02,Dropout
1.0,51.0,1.0,9500.0,1.0,1.0,170.0,1.0,1.0,1.0,4.0,10.0,125.0,0.0,0.0,0.0,1.0,1.0,0.0,20.0,0.0,0.0,7.0,7.0,7.0,15.66,0.0,7.0,10.0,11.0,9.0,15.0111111111111,0.0,11.100000000000001,0.6000000000000001,2.02,Graduate
1.0,39.0,1.0,8014.0,0.0,1.0,133.1,1.0,34.0,34.0,0.0,0.0,97.5,1.0,0.0,0.0,1.0,1.0,0.0,29.0,0.0,0.0,6.0,10.0,0.0,0.0,1.0,0.0,5.0,10.0,0.0,0.0,0.0,7.6000000000000005,2.6,0.32,Dropout
1.0,1.0,4.0,9773.0,1.0,1.0,133.0,1.0,19.0,19.0,7.0,7.0,134.4,1.0,0.0,0.0,1.0,1.0,1.0,20.0,0.0,0.0,6.0,6.0,6.0,12.1666666666667,0.0,0.0,6.0,8.0,4.0,12.75,0.0,9.4,-0.8,-3.12,Graduate
1.0,1.0,1.0,9500.0,1.0,1.0,125.0,1.0,37.0,37.0,9.0,9.0,118.80000000000001,0.0,0.0,0.0,1.0,1.0,0.0,24.0,0.0,0.0,7.0,7.0,6.0,13.3,0.0,0.0,7.0,7.0,6.0,13.3,0.0,7.6000000000000005,2.6,0.32,Graduate
1.0,39.0,1.0,9556.0,1.0,19.0,133.1,1.0,42.0,1.0,3.0,7.0,110.5,0.0,0.0,0.0,1.0,1.0,0.0,37.0,0.0,0.0,7.0,15.0,0.0,0.0,0.0,0.0,7.0,13.0,0.0,0.0,1.0,11.100000000000001,0.6000000000000001,2.02,Dropout
1.0,1.0,5.0,9500.0,1.0,1.0,143.0,1.0,37.0,19.0,4.0,4.0,123.30000000000001,1.0,0.0,0.0,1.0,1.0,0.0,18.0,0.0,0.0,7.0,0.0,0.0,0.0,0.0,0.0,8.0,0.0,0.0,0.0,0.0,7.6000000000000005,2.6,0.32,Dropout
1.0,1.0,2.0,171.0,1.0,1.0,127.0,1.0,2.0,19.0,5.0,5.0,139.6,1.0,0.0,1.0,0.0,1.0,1.0,18.0,0.0,0.0,0.0,0.0,0.0,0.0,0.0,0.0,0.0,0.0,0.0,0.0,0.0,13.9,-0.30000000000000004,0.79,Dropout
1.0,17.0,1.0,9500.0,1.0,1.0,157.0,1.0,19.0,3.0,4.0,9.0,138.8,0.0,0.0,0.0,1.0,1.0,0.0,18.0,0.0,0.0,8.0,8.0,7.0,13.5571428571429,0.0,0.0,8.0,8.0,7.0,13.5571428571429,0.0,12.700000000000001,3.7,-1.7000000000000002,Graduate
2.0,44.0,1.0,9119.0,1.0,39.0,160.0,1.0,37.0,37.0,9.0,9.0,160.0,0.0,0.0,1.0,1.0,1.0,0.0,41.0,0.0,3.0,7.0,15.0,5.0,14.3333333333333,0.0,1.0,6.0,16.0,6.0,14.636363636363601,0.0,12.4,0.5,1.79,Enrolled
1.0,39.0,1.0,9003.0,1.0,1.0,140.0,1.0,37.0,37.0,9.0,4.0,140.0,0.0,0.0,0.0,1.0,1.0,0.0,35.0,0.0,0.0,6.0,16.0,4.0,12.0,0.0,0.0,6.0,11.0,3.0,10.3333333333333,0.0,13.9,-0.30000000000000004,0.79,Dropout
1.0,17.0,1.0,9254.0,1.0,1.0,128.0,1.0,19.0,38.0,9.0,9.0,118.2,0.0,0.0,0.0,1.0,0.0,0.0,19.0,0.0,0.0,5.0,5.0,0.0,0.0,0.0,0.0,6.0,0.0,0.0,0.0,0.0,8.9,1.4000000000000001,3.5100000000000002,Dropout
1.0,1.0,1.0,171.0,1.0,1.0,145.0,1.0,1.0,19.0,10.0,5.0,150.6,1.0,0.0,0.0,1.0,1.0,0.0,18.0,0.0,0.0,0.0,0.0,0.0,0.0,0.0,0.0,0.0,0.0,0.0,0.0,0.0,10.8,1.4000000000000001,1.74,Graduate
2.0,39.0,1.0,9500.0,1.0,1.0,133.1,1.0,37.0,37.0,191.0,172.0,115.2,0.0,0.0,0.0,1.0,0.0,0.0,48.0,0.0,0.0,7.0,11.0,4.0,11.75,0.0,0.0,7.0,14.0,3.0,11.725,0.0,11.100000000000001,0.6000000000000001,2.02,Enrolled
1.0,1.0,1.0,9500.0,1.0,1.0,132.0,1.0,19.0,2.0,9.0,3.0,126.0,1.0,0.0,0.0,1.0,0.0,0.0,19.0,0.0,0.0,7.0,7.0,6.0,12.1833333333333,0.0,0.0,7.0,7.0,6.0,12.1833333333333,0.0,7.6000000000000005,2.6,0.32,Graduate
1.0,44.0,1.0,9003.0,1.0,39.0,160.0,1.0,37.0,37.0,9.0,7.0,160.0,1.0,0.0,0.0,0.0,1.0,0.0,30.0,0.0,4.0,9.0,18.0,6.0,11.8333333333333,0.0,1.0,8.0,21.0,4.0,11.0,0.0,15.5,2.8000000000000003,-4.0600000000000005,Dropout
2.0,43.0,1.0,9773.0,1.0,1.0,160.0,1.0,37.0,37.0,5.0,0.0,160.0,0.0,0.0,1.0,0.0,1.0,0.0,51.0,0.0,0.0,4.0,4.0,0.0,0.0,0.0,0.0,4.0,4.0,0.0,0.0,0.0,12.700000000000001,3.7,-1.7000000000000002,Dropout
1.0,10.0,1.0,9085.0,1.0,1.0,184.4,22.0,2.0,19.0,2.0,8.0,184.4,0.0,0.0,0.0,1.0,0.0,0.0,18.0,1.0,0.0,6.0,8.0,6.0,15.0,0.0,0.0,6.0,10.0,5.0,14.3333333333333,0.0,11.100000000000001,0.6000000000000001,2.02,Graduate
1.0,1.0,1.0,171.0,1.0,1.0,149.0,1.0,1.0,1.0,9.0,3.0,156.0,1.0,0.0,0.0,1.0,0.0,0.0,18.0,0.0,0.0,0.0,0.0,0.0,0.0,0.0,0.0,0.0,0.0,0.0,0.0,0.0,10.8,1.4000000000000001,1.74,Graduate
1.0,1.0,1.0,171.0,1.0,1.0,146.0,1.0,40.0,43.0,4.0,4.0,150.20000000000002,1.0,0.0,0.0,1.0,0.0,0.0,18.0,0.0,0.0,0.0,0.0,0.0,0.0,0.0,0.0,0.0,0.0,0.0,0.0,0.0,11.100000000000001,0.6000000000000001,2.02,Graduate
1.0,1.0,5.0,9500.0,1.0,1.0,139.0,1.0,38.0,37.0,7.0,7.0,126.30000000000001,1.0,0.0,0.0,1.0,0.0,1.0,18.0,0.0,0.0,8.0,8.0,8.0,13.435,0.0,0.0,8.0,8.0,8.0,13.435,0.0,9.4,-0.8,-3.12,Graduate
1.0,1.0,1.0,9130.0,1.0,1.0,152.0,1.0,2.0,22.0,4.0,3.0,146.1,1.0,0.0,0.0,1.0,0.0,0.0,18.0,0.0,0.0,5.0,8.0,4.0,13.5,2.0,0.0,5.0,9.0,0.0,0.0,3.0,10.8,1.4000000000000001,1.74,Dropout
1.0,1.0,1.0,171.0,1.0,1.0,147.0,1.0,2.0,3.0,4.0,8.0,145.3,1.0,0.0,0.0,1.0,0.0,0.0,18.0,0.0,0.0,0.0,0.0,0.0,0.0,0.0,0.0,0.0,0.0,0.0,0.0,0.0,12.4,0.5,1.79,Enrolled
1.0,18.0,1.0,171.0,1.0,1.0,121.0,1.0,1.0,1.0,4.0,3.0,116.80000000000001,1.0,0.0,0.0,1.0,0.0,0.0,23.0,0.0,15.0,17.0,18.0,17.0,11.5,0.0,16.0,17.0,17.0,17.0,12.1764705882353,0.0,12.4,0.5,1.79,Graduate
1.0,1.0,1.0,9070.0,1.0,1.0,124.0,1.0,19.0,19.0,7.0,9.0,132.1,1.0,0.0,0.0,1.0,0.0,0.0,19.0,0.0,0.0,6.0,10.0,2.0,10.5,0.0,0.0,6.0,6.0,3.0,11.0,0.0,7.6000000000000005,2.6,0.32,Enrolled
1.0,1.0,1.0,9085.0,1.0,1.0,105.0,1.0,19.0,37.0,8.0,8.0,102.60000000000001,0.0,1.0,0.0,1.0,0.0,0.0,21.0,0.0,0.0,6.0,13.0,4.0,12.0,0.0,0.0,6.0,17.0,2.0,11.5,0.0,11.100000000000001,0.6000000000000001,2.02,Enrolled
1.0,1.0,1.0,9773.0,1.0,1.0,121.0,1.0,3.0,3.0,2.0,2.0,112.30000000000001,1.0,0.0,1.0,0.0,0.0,0.0,18.0,0.0,0.0,6.0,7.0,5.0,12.200000000000001,0.0,0.0,6.0,11.0,4.0,11.5,0.0,11.100000000000001,0.6000000000000001,2.02,Dropout
1.0,1.0,1.0,171.0,1.0,1.0,143.0,1.0,12.0,12.0,4.0,1.0,155.3,1.0,1.0,0.0,1.0,0.0,0.0,18.0,0.0,0.0,0.0,0.0,0.0,0.0,0.0,0.0,0.0,0.0,0.0,0.0,0.0,11.100000000000001,0.6000000000000001,2.02,Graduate
1.0,53.0,1.0,9085.0,1.0,42.0,150.0,1.0,3.0,1.0,2.0,8.0,153.8,1.0,0.0,0.0,1.0,0.0,0.0,21.0,0.0,7.0,11.0,15.0,10.0,14.5,0.0,4.0,9.0,15.0,8.0,14.0,0.0,8.9,1.4000000000000001,3.5100000000000002,Graduate
1.0,43.0,1.0,9773.0,1.0,1.0,126.0,1.0,1.0,37.0,3.0,0.0,110.0,0.0,0.0,1.0,1.0,0.0,0.0,20.0,0.0,0.0,6.0,7.0,6.0,13.3333333333333,0.0,0.0,6.0,8.0,6.0,12.6666666666667,0.0,12.4,0.5,1.79,Graduate
1.0,42.0,1.0,9085.0,1.0,1.0,133.1,1.0,1.0,9.0,4.0,4.0,128.20000000000002,0.0,0.0,0.0,1.0,0.0,0.0,24.0,0.0,5.0,11.0,29.0,9.0,12.0,6.0,4.0,10.0,21.0,9.0,12.5555555555556,0.0,9.4,-0.8,-3.12,Graduate
1.0,1.0,1.0,9130.0,1.0,1.0,127.0,1.0,1.0,1.0,4.0,4.0,120.4,1.0,0.0,0.0,1.0,0.0,0.0,18.0,0.0,0.0,6.0,9.0,6.0,15.125,0.0,0.0,6.0,9.0,6.0,14.0,0.0,13.9,-0.30000000000000004,0.79,Graduate
1.0,17.0,1.0,9500.0,1.0,1.0,160.0,1.0,19.0,1.0,4.0,10.0,153.0,1.0,0.0,0.0,1.0,0.0,0.0,18.0,0.0,0.0,7.0,7.0,6.0,13.116666666666701,0.0,0.0,7.0,7.0,6.0,13.116666666666701,0.0,7.6000000000000005,2.6,0.32,Graduate
1.0,1.0,1.0,9773.0,1.0,1.0,121.0,1.0,19.0,1.0,7.0,9.0,117.9,1.0,0.0,0.0,1.0,0.0,0.0,19.0,0.0,0.0,6.0,7.0,6.0,12.8333333333333,0.0,0.0,6.0,7.0,6.0,11.6666666666667,0.0,11.100000000000001,0.6000000000000001,2.02,Graduate
1.0,44.0,1.0,9238.0,1.0,39.0,150.0,1.0,1.0,37.0,4.0,8.0,145.6,1.0,0.0,0.0,1.0,0.0,1.0,20.0,0.0,3.0,6.0,6.0,6.0,13.3333333333333,0.0,2.0,6.0,6.0,6.0,14.1666666666667,0.0,13.9,-0.30000000000000004,0.79,Graduate
1.0,1.0,6.0,9500.0,1.0,1.0,117.0,1.0,4.0,12.0,5.0,9.0,119.80000000000001,1.0,0.0,0.0,1.0,0.0,0.0,18.0,0.0,0.0,7.0,7.0,7.0,13.8771428571429,0.0,0.0,8.0,8.0,8.0,15.662500000000001,0.0,12.4,0.5,1.79,Graduate
1.0,1.0,6.0,9500.0,1.0,1.0,141.0,1.0,19.0,1.0,9.0,10.0,126.80000000000001,1.0,0.0,0.0,1.0,0.0,0.0,18.0,0.0,0.0,8.0,8.0,7.0,12.9442857142857,0.0,0.0,8.0,8.0,7.0,12.9442857142857,0.0,10.8,1.4000000000000001,1.74,Graduate
1.0,17.0,1.0,9853.0,1.0,1.0,112.0,1.0,2.0,19.0,3.0,9.0,106.10000000000001,1.0,0.0,0.0,1.0,0.0,0.0,19.0,0.0,0.0,6.0,8.0,5.0,12.3333333333333,0.0,0.0,6.0,8.0,5.0,11.0,0.0,15.5,2.8000000000000003,-4.0600000000000005,Enrolled
1.0,1.0,1.0,9500.0,1.0,1.0,148.0,1.0,3.0,3.0,2.0,2.0,137.3,1.0,0.0,0.0,1.0,0.0,0.0,19.0,0.0,0.0,7.0,7.0,6.0,14.266666666666701,0.0,0.0,7.0,7.0,6.0,14.266666666666701,0.0,7.6000000000000005,2.6,0.32,Graduate
1.0,1.0,2.0,9670.0,1.0,1.0,120.0,1.0,3.0,19.0,4.0,5.0,115.5,1.0,0.0,0.0,1.0,0.0,0.0,18.0,0.0,0.0,6.0,8.0,5.0,13.0,0.0,0.0,6.0,8.0,5.0,14.0,0.0,13.9,-0.30000000000000004,0.79,Graduate
1.0,1.0,2.0,9500.0,1.0,1.0,132.0,1.0,37.0,37.0,5.0,7.0,127.5,1.0,0.0,0.0,1.0,0.0,0.0,20.0,0.0,0.0,8.0,8.0,8.0,12.48375,0.0,0.0,8.0,8.0,8.0,12.48375,0.0,9.4,-0.8,-3.12,Graduate
1.0,1.0,2.0,9556.0,1.0,1.0,125.0,1.0,38.0,1.0,9.0,3.0,116.30000000000001,1.0,0.0,0.0,1.0,0.0,0.0,18.0,0.0,0.0,7.0,8.0,7.0,13.4285714285714,0.0,0.0,8.0,8.0,8.0,15.3125,0.0,16.2,0.30000000000000004,-0.92,Graduate
2.0,17.0,3.0,8014.0,0.0,1.0,123.0,1.0,19.0,37.0,3.0,3.0,113.2,0.0,0.0,1.0,0.0,0.0,0.0,18.0,0.0,0.0,6.0,9.0,3.0,10.6666666666667,0.0,0.0,6.0,12.0,0.0,0.0,0.0,7.6000000000000005,2.6,0.32,Dropout
1.0,1.0,1.0,9853.0,1.0,1.0,142.0,1.0,12.0,12.0,9.0,4.0,132.6,1.0,0.0,0.0,1.0,0.0,0.0,18.0,0.0,0.0,6.0,8.0,5.0,15.4,0.0,0.0,6.0,7.0,5.0,12.200000000000001,0.0,7.6000000000000005,2.6,0.32,Graduate
1.0,1.0,4.0,9500.0,1.0,1.0,148.0,1.0,1.0,37.0,4.0,8.0,132.0,1.0,0.0,0.0,1.0,0.0,0.0,18.0,0.0,0.0,7.0,7.0,6.0,13.450000000000001,0.0,0.0,7.0,7.0,6.0,13.450000000000001,0.0,7.6000000000000005,2.6,0.32,Graduate
1.0,17.0,5.0,9500.0,1.0,1.0,136.0,1.0,19.0,38.0,5.0,8.0,130.3,1.0,0.0,0.0,1.0,0.0,1.0,18.0,0.0,0.0,7.0,7.0,6.0,12.600000000000001,0.0,0.0,7.0,7.0,6.0,12.600000000000001,0.0,7.6000000000000005,2.6,0.32,Graduate
1.0,1.0,4.0,9500.0,1.0,1.0,123.0,1.0,19.0,38.0,9.0,10.0,116.7,1.0,0.0,0.0,1.0,0.0,0.0,20.0,0.0,0.0,7.0,7.0,7.0,12.4857142857143,0.0,0.0,8.0,12.0,8.0,12.9375,0.0,16.2,0.30000000000000004,-0.92,Graduate
1.0,1.0,2.0,9070.0,1.0,1.0,135.0,1.0,19.0,37.0,9.0,9.0,134.0,1.0,0.0,0.0,1.0,0.0,1.0,22.0,0.0,0.0,6.0,10.0,5.0,10.8,0.0,0.0,6.0,7.0,5.0,12.8,0.0,12.700000000000001,3.7,-1.7000000000000002,Graduate
1.0,43.0,1.0,9670.0,1.0,1.0,151.0,1.0,19.0,19.0,1.0,1.0,100.0,0.0,0.0,1.0,1.0,0.0,0.0,20.0,0.0,0.0,6.0,12.0,5.0,12.200000000000001,0.0,0.0,6.0,8.0,5.0,14.600000000000001,0.0,13.9,-0.30000000000000004,0.79,Enrolled
1.0,44.0,1.0,9085.0,1.0,39.0,140.0,1.0,1.0,1.0,3.0,7.0,140.0,1.0,0.0,0.0,1.0,0.0,0.0,20.0,0.0,2.0,6.0,11.0,5.0,14.200000000000001,0.0,0.0,6.0,12.0,2.0,13.5,0.0,13.9,-0.30000000000000004,0.79,Enrolled
1.0,1.0,2.0,9238.0,1.0,1.0,136.0,1.0,37.0,38.0,9.0,8.0,139.20000000000002,1.0,0.0,0.0,1.0,0.0,0.0,18.0,0.0,0.0,6.0,7.0,6.0,13.8333333333333,0.0,0.0,6.0,6.0,6.0,14.0,0.0,9.4,-0.8,-3.12,Graduate
1.0,1.0,1.0,9853.0,1.0,1.0,142.0,1.0,19.0,1.0,9.0,1.0,132.6,0.0,0.0,0.0,1.0,0.0,0.0,18.0,0.0,0.0,6.0,8.0,5.0,12.8,0.0,0.0,6.0,14.0,3.0,10.0,0.0,9.4,-0.8,-3.12,Enrolled
1.0,17.0,3.0,9147.0,1.0,1.0,142.0,1.0,37.0,38.0,5.0,1.0,129.4,0.0,0.0,0.0,1.0,0.0,0.0,18.0,0.0,0.0,5.0,5.0,5.0,13.200000000000001,0.0,0.0,5.0,6.0,4.0,12.5,0.0,9.4,-0.8,-3.12,Graduate
1.0,17.0,1.0,9670.0,1.0,1.0,127.0,1.0,1.0,38.0,4.0,7.0,125.60000000000001,0.0,0.0,1.0,1.0,0.0,1.0,18.0,0.0,0.0,6.0,7.0,1.0,14.0,0.0,0.0,6.0,6.0,0.0,0.0,0.0,15.5,2.8000000000000003,-4.0600000000000005,Dropout
1.0,17.0,1.0,9238.0,1.0,1.0,131.0,1.0,1.0,1.0,4.0,10.0,129.3,0.0,0.0,0.0,1.0,0.0,0.0,19.0,0.0,4.0,8.0,8.0,8.0,13.875,0.0,1.0,6.0,8.0,5.0,14.0,0.0,11.100000000000001,0.6000000000000001,2.02,Graduate
1.0,1.0,1.0,9085.0,1.0,1.0,134.0,1.0,38.0,19.0,9.0,4.0,128.4,1.0,0.0,0.0,1.0,0.0,1.0,19.0,0.0,0.0,5.0,7.0,5.0,12.5,0.0,0.0,5.0,8.0,5.0,12.714285714285701,0.0,10.8,1.4000000000000001,1.74,Graduate
1.0,17.0,2.0,9773.0,1.0,1.0,142.0,1.0,19.0,19.0,9.0,9.0,139.9,0.0,0.0,0.0,1.0,0.0,1.0,18.0,0.0,0.0,6.0,7.0,6.0,13.4285714285714,0.0,0.0,6.0,6.0,6.0,12.5,0.0,13.9,-0.30000000000000004,0.79,Graduate
1.0,1.0,1.0,9070.0,1.0,1.0,123.0,1.0,38.0,38.0,9.0,5.0,124.80000000000001,0.0,0.0,0.0,0.0,0.0,1.0,18.0,0.0,0.0,6.0,7.0,5.0,11.8,0.0,0.0,6.0,7.0,5.0,13.0,0.0,8.9,1.4000000000000001,3.5100000000000002,Enrolled
1.0,17.0,3.0,9500.0,1.0,1.0,133.0,1.0,1.0,1.0,9.0,9.0,128.5,1.0,0.0,0.0,1.0,0.0,1.0,18.0,0.0,0.0,7.0,7.0,7.0,14.8685714285714,0.0,0.0,8.0,9.0,8.0,15.1111111111111,0.0,11.100000000000001,0.6000000000000001,2.02,Graduate
1.0,1.0,4.0,9500.0,1.0,1.0,125.0,1.0,19.0,1.0,1.0,1.0,117.80000000000001,1.0,0.0,0.0,1.0,0.0,0.0,18.0,0.0,0.0,7.0,10.0,7.0,13.030000000000001,0.0,0.0,8.0,8.0,8.0,13.218750000000002,0.0,15.5,2.8000000000000003,-4.0600000000000005,Graduate
1.0,17.0,1.0,9670.0,1.0,1.0,120.0,1.0,38.0,38.0,5.0,7.0,115.10000000000001,1.0,0.0,0.0,1.0,0.0,0.0,19.0,0.0,0.0,6.0,7.0,6.0,14.5714285714286,0.0,0.0,6.0,7.0,6.0,12.3333333333333,0.0,12.4,0.5,1.79,Graduate
1.0,17.0,2.0,9238.0,1.0,1.0,125.0,1.0,19.0,19.0,3.0,3.0,118.0,1.0,0.0,0.0,1.0,0.0,0.0,18.0,0.0,0.0,6.0,9.0,5.0,11.0,0.0,0.0,6.0,9.0,4.0,11.25,0.0,8.9,1.4000000000000001,3.5100000000000002,Graduate
1.0,39.0,1.0,9500.0,1.0,19.0,133.1,1.0,19.0,37.0,9.0,4.0,120.0,0.0,0.0,0.0,1.0,0.0,1.0,25.0,0.0,0.0,8.0,8.0,8.0,13.367500000000001,0.0,0.0,8.0,8.0,8.0,13.367500000000001,0.0,9.4,-0.8,-3.12,Graduate
1.0,1.0,4.0,9500.0,1.0,1.0,133.1,1.0,19.0,38.0,9.0,9.0,119.60000000000001,1.0,0.0,0.0,1.0,0.0,1.0,19.0,0.0,0.0,7.0,7.0,6.0,12.8083333333333,0.0,0.0,8.0,11.0,7.0,12.8257142857143,0.0,12.4,0.5,1.79,Graduate
1.0,17.0,6.0,9500.0,1.0,1.0,143.0,1.0,1.0,38.0,3.0,3.0,133.20000000000002,1.0,0.0,0.0,1.0,0.0,0.0,18.0,0.0,0.0,7.0,7.0,7.0,13.9185714285714,0.0,0.0,8.0,9.0,8.0,13.887500000000001,0.0,11.100000000000001,0.6000000000000001,2.02,Graduate
1.0,17.0,1.0,9130.0,1.0,1.0,147.0,1.0,4.0,1.0,2.0,10.0,141.8,1.0,0.0,0.0,1.0,0.0,0.0,19.0,0.0,0.0,6.0,8.0,6.0,13.0,0.0,0.0,6.0,9.0,4.0,12.8,0.0,13.9,-0.30000000000000004,0.79,Graduate
2.0,1.0,1.0,9500.0,1.0,1.0,142.0,1.0,19.0,38.0,4.0,5.0,130.3,0.0,0.0,0.0,1.0,0.0,0.0,18.0,0.0,0.0,7.0,7.0,6.0,13.6833333333333,0.0,0.0,7.0,7.0,6.0,13.6833333333333,0.0,7.6000000000000005,2.6,0.32,Graduate
1.0,39.0,1.0,9085.0,1.0,1.0,150.0,1.0,19.0,19.0,4.0,10.0,100.0,0.0,0.0,0.0,1.0,0.0,0.0,24.0,0.0,1.0,6.0,11.0,5.0,13.0,0.0,1.0,6.0,12.0,1.0,12.0,0.0,13.9,-0.30000000000000004,0.79,Dropout
1.0,1.0,2.0,9773.0,1.0,1.0,124.0,1.0,3.0,3.0,3.0,4.0,114.60000000000001,1.0,0.0,0.0,1.0,0.0,0.0,21.0,0.0,0.0,6.0,8.0,5.0,12.8,0.0,0.0,6.0,7.0,5.0,11.200000000000001,0.0,11.100000000000001,0.6000000000000001,2.02,Graduate
1.0,1.0,2.0,9254.0,1.0,1.0,136.0,1.0,1.0,1.0,9.0,4.0,123.4,1.0,0.0,0.0,1.0,0.0,1.0,18.0,0.0,0.0,6.0,9.0,6.0,13.5714285714286,0.0,0.0,6.0,6.0,6.0,12.1666666666667,0.0,8.9,1.4000000000000001,3.5100000000000002,Graduate
1.0,1.0,1.0,9238.0,1.0,1.0,116.0,1.0,38.0,38.0,9.0,6.0,116.4,1.0,0.0,0.0,1.0,0.0,0.0,18.0,0.0,0.0,6.0,6.0,6.0,13.1666666666667,0.0,0.0,6.0,6.0,6.0,13.1666666666667,0.0,8.9,1.4000000000000001,3.5100000000000002,Graduate
2.0,1.0,1.0,9070.0,1.0,1.0,127.0,1.0,12.0,19.0,9.0,9.0,123.2,0.0,0.0,0.0,1.0,0.0,1.0,20.0,0.0,0.0,6.0,6.0,6.0,15.0,0.0,0.0,6.0,6.0,6.0,14.5,0.0,11.100000000000001,0.6000000000000001,2.02,Graduate
1.0,1.0,1.0,9070.0,1.0,1.0,117.0,1.0,4.0,19.0,3.0,5.0,123.7,1.0,0.0,0.0,1.0,0.0,0.0,19.0,0.0,0.0,6.0,6.0,6.0,12.6666666666667,0.0,0.0,6.0,8.0,5.0,11.4,0.0,12.4,0.5,1.79,Graduate
1.0,1.0,2.0,9773.0,1.0,1.0,116.0,1.0,1.0,19.0,4.0,7.0,127.60000000000001,1.0,0.0,0.0,1.0,0.0,1.0,19.0,0.0,0.0,6.0,7.0,6.0,13.8571428571429,0.0,0.0,6.0,7.0,6.0,13.1428571428571,0.0,13.9,-0.30000000000000004,0.79,Dropout
1.0,1.0,4.0,9500.0,1.0,1.0,129.0,1.0,37.0,37.0,9.0,9.0,117.10000000000001,1.0,0.0,0.0,1.0,0.0,0.0,30.0,0.0,0.0,7.0,7.0,7.0,14.6928571428571,0.0,0.0,8.0,8.0,8.0,14.9625,0.0,12.4,0.5,1.79,Graduate
1.0,1.0,1.0,9500.0,1.0,1.0,157.0,1.0,19.0,38.0,5.0,3.0,149.3,0.0,0.0,0.0,1.0,0.0,0.0,18.0,0.0,0.0,8.0,8.0,8.0,14.035,0.0,0.0,8.0,8.0,8.0,14.035,0.0,9.4,-0.8,-3.12,Graduate
1.0,17.0,1.0,9085.0,1.0,1.0,135.0,1.0,1.0,19.0,4.0,10.0,125.60000000000001,1.0,0.0,0.0,1.0,0.0,0.0,18.0,0.0,0.0,5.0,8.0,4.0,11.0,1.0,0.0,5.0,8.0,3.0,14.0,0.0,12.700000000000001,3.7,-1.7000000000000002,Graduate
1.0,1.0,1.0,9773.0,1.0,1.0,139.0,1.0,38.0,38.0,9.0,9.0,145.0,1.0,0.0,0.0,1.0,0.0,1.0,18.0,0.0,0.0,6.0,6.0,6.0,13.3333333333333,0.0,0.0,6.0,6.0,6.0,13.3333333333333,0.0,9.4,-0.8,-3.12,Graduate
1.0,18.0,1.0,9500.0,1.0,1.0,115.0,1.0,38.0,37.0,5.0,5.0,115.0,0.0,0.0,0.0,1.0,0.0,0.0,20.0,0.0,0.0,7.0,13.0,6.0,11.7725,0.0,0.0,8.0,9.0,7.0,12.33,0.0,15.5,2.8000000000000003,-4.0600000000000005,Graduate
1.0,1.0,1.0,9254.0,1.0,1.0,123.0,1.0,38.0,38.0,4.0,7.0,114.30000000000001,0.0,0.0,0.0,1.0,0.0,0.0,19.0,0.0,0.0,6.0,0.0,0.0,0.0,0.0,0.0,6.0,0.0,0.0,0.0,0.0,11.100000000000001,0.6000000000000001,2.02,Dropout
1.0,43.0,2.0,9254.0,1.0,1.0,140.0,1.0,19.0,19.0,9.0,9.0,126.0,1.0,0.0,0.0,1.0,0.0,0.0,19.0,0.0,0.0,6.0,0.0,0.0,0.0,0.0,0.0,6.0,12.0,0.0,0.0,0.0,10.8,1.4000000000000001,1.74,Dropout
1.0,1.0,1.0,171.0,1.0,1.0,138.0,1.0,19.0,37.0,7.0,7.0,124.0,1.0,0.0,0.0,0.0,0.0,0.0,19.0,0.0,0.0,0.0,0.0,0.0,0.0,0.0,0.0,0.0,0.0,0.0,0.0,0.0,10.8,1.4000000000000001,1.74,Dropout
1.0,1.0,4.0,9254.0,1.0,1.0,132.0,1.0,1.0,38.0,5.0,6.0,122.60000000000001,1.0,0.0,0.0,1.0,0.0,1.0,18.0,0.0,0.0,6.0,7.0,6.0,12.2857142857143,0.0,0.0,6.0,6.0,6.0,12.0,0.0,8.9,1.4000000000000001,3.5100000000000002,Graduate
1.0,1.0,4.0,9500.0,1.0,1.0,140.0,1.0,3.0,19.0,2.0,3.0,133.8,1.0,0.0,0.0,1.0,0.0,0.0,17.0,0.0,0.0,8.0,14.0,5.0,12.46,0.0,0.0,8.0,14.0,5.0,12.46,0.0,10.8,1.4000000000000001,1.74,Enrolled
1.0,18.0,1.0,9853.0,1.0,1.0,117.0,1.0,19.0,38.0,4.0,0.0,113.5,1.0,0.0,0.0,1.0,0.0,0.0,19.0,0.0,0.0,7.0,10.0,6.0,12.1666666666667,0.0,0.0,7.0,9.0,6.0,13.1666666666667,0.0,12.4,0.5,1.79,Graduate
1.0,1.0,4.0,9238.0,1.0,1.0,125.0,1.0,19.0,1.0,4.0,5.0,122.60000000000001,1.0,1.0,0.0,1.0,0.0,0.0,18.0,0.0,0.0,6.0,9.0,5.0,11.8333333333333,0.0,0.0,6.0,8.0,2.0,11.5,0.0,13.9,-0.30000000000000004,0.79,Enrolled
1.0,7.0,1.0,9500.0,1.0,3.0,140.0,1.0,37.0,37.0,4.0,4.0,140.0,0.0,0.0,0.0,1.0,0.0,0.0,25.0,0.0,0.0,8.0,8.0,7.0,14.8057142857143,0.0,0.0,8.0,8.0,7.0,14.8057142857143,0.0,10.8,1.4000000000000001,1.74,Graduate
1.0,1.0,1.0,9238.0,1.0,1.0,133.1,1.0,12.0,38.0,4.0,9.0,107.0,1.0,0.0,0.0,1.0,0.0,0.0,19.0,0.0,0.0,6.0,11.0,5.0,10.600000000000001,0.0,0.0,6.0,10.0,6.0,11.714285714285701,0.0,11.100000000000001,0.6000000000000001,2.02,Dropout
1.0,53.0,1.0,9085.0,1.0,42.0,130.0,1.0,19.0,1.0,9.0,9.0,130.0,1.0,0.0,1.0,0.0,0.0,0.0,24.0,0.0,7.0,9.0,9.0,8.0,13.125,0.0,4.0,9.0,13.0,6.0,13.0,0.0,8.9,1.4000000000000001,3.5100000000000002,Enrolled
1.0,1.0,1.0,9238.0,1.0,1.0,134.0,1.0,1.0,1.0,4.0,9.0,124.2,1.0,0.0,1.0,1.0,0.0,1.0,19.0,0.0,0.0,6.0,6.0,6.0,12.8333333333333,0.0,0.0,6.0,6.0,6.0,12.6666666666667,0.0,9.4,-0.8,-3.12,Graduate
1.0,18.0,1.0,9500.0,1.0,1.0,128.0,1.0,19.0,1.0,9.0,4.0,125.80000000000001,0.0,0.0,0.0,1.0,0.0,1.0,20.0,0.0,0.0,8.0,8.0,0.0,0.0,8.0,0.0,8.0,8.0,0.0,0.0,8.0,9.4,-0.8,-3.12,Enrolled
1.0,1.0,1.0,9670.0,1.0,1.0,115.0,1.0,1.0,1.0,5.0,4.0,108.0,1.0,0.0,0.0,1.0,0.0,1.0,20.0,0.0,0.0,6.0,9.0,5.0,13.0,0.0,0.0,6.0,6.0,5.0,13.8,0.0,12.4,0.5,1.79,Graduate
1.0,1.0,2.0,9500.0,1.0,1.0,119.0,1.0,1.0,1.0,4.0,4.0,115.2,1.0,0.0,0.0,1.0,0.0,1.0,20.0,0.0,0.0,7.0,8.0,7.0,12.725,0.0,0.0,8.0,8.0,8.0,13.7125,0.0,13.9,-0.30000000000000004,0.79,Graduate
1.0,17.0,1.0,9085.0,1.0,1.0,131.0,1.0,1.0,3.0,4.0,1.0,129.3,1.0,0.0,0.0,1.0,0.0,0.0,19.0,0.0,0.0,5.0,10.0,4.0,11.25,1.0,0.0,5.0,10.0,3.0,10.3333333333333,0.0,12.700000000000001,3.7,-1.7000000000000002,Graduate
1.0,7.0,1.0,9003.0,1.0,4.0,120.0,1.0,3.0,1.0,2.0,4.0,120.0,1.0,0.0,0.0,1.0,0.0,0.0,31.0,0.0,8.0,12.0,12.0,11.0,13.8181818181818,0.0,4.0,12.0,16.0,12.0,13.4615384615385,0.0,15.5,2.8000000000000003,-4.0600000000000005,Graduate
1.0,1.0,1.0,9085.0,1.0,1.0,120.0,1.0,1.0,19.0,3.0,4.0,116.7,0.0,0.0,0.0,1.0,0.0,0.0,20.0,0.0,0.0,5.0,12.0,3.0,12.3333333333333,2.0,0.0,5.0,8.0,3.0,13.0,1.0,9.4,-0.8,-3.12,Graduate
1.0,1.0,3.0,9085.0,1.0,1.0,135.0,1.0,3.0,2.0,4.0,3.0,121.0,1.0,0.0,0.0,1.0,0.0,0.0,18.0,0.0,0.0,5.0,14.0,3.0,12.3333333333333,2.0,0.0,5.0,8.0,5.0,11.600000000000001,0.0,9.4,-0.8,-3.12,Enrolled
1.0,17.0,1.0,9853.0,1.0,1.0,146.0,1.0,1.0,1.0,3.0,4.0,128.20000000000002,0.0,0.0,1.0,1.0,0.0,0.0,18.0,0.0,0.0,6.0,8.0,4.0,13.25,0.0,0.0,6.0,10.0,3.0,10.6666666666667,0.0,12.700000000000001,3.7,-1.7000000000000002,Enrolled
1.0,1.0,4.0,9670.0,1.0,1.0,133.0,1.0,1.0,2.0,4.0,7.0,121.10000000000001,1.0,0.0,0.0,1.0,0.0,0.0,18.0,0.0,0.0,6.0,7.0,6.0,13.6666666666667,0.0,0.0,6.0,9.0,5.0,15.4,0.0,13.9,-0.30000000000000004,0.79,Graduate
1.0,51.0,1.0,9238.0,1.0,1.0,122.0,1.0,19.0,3.0,5.0,2.0,112.60000000000001,0.0,0.0,1.0,1.0,0.0,0.0,20.0,0.0,5.0,11.0,18.0,8.0,12.625,0.0,4.0,10.0,10.0,3.0,11.0,0.0,11.100000000000001,0.6000000000000001,2.02,Enrolled
1.0,17.0,1.0,9085.0,1.0,1.0,128.0,1.0,2.0,19.0,2.0,4.0,123.30000000000001,1.0,0.0,0.0,1.0,0.0,1.0,20.0,0.0,0.0,6.0,6.0,6.0,14.8333333333333,0.0,0.0,6.0,8.0,6.0,12.1428571428571,0.0,8.9,1.4000000000000001,3.5100000000000002,Graduate
1.0,17.0,2.0,9670.0,1.0,1.0,129.0,1.0,19.0,19.0,5.0,4.0,129.4,0.0,0.0,0.0,1.0,0.0,1.0,19.0,0.0,0.0,6.0,7.0,5.0,11.200000000000001,0.0,0.0,6.0,10.0,5.0,13.125,0.0,10.8,1.4000000000000001,1.74,Dropout
1.0,17.0,1.0,9147.0,1.0,1.0,122.0,1.0,19.0,19.0,4.0,6.0,119.9,0.0,0.0,0.0,1.0,0.0,1.0,21.0,0.0,0.0,5.0,6.0,5.0,11.4,0.0,0.0,5.0,6.0,5.0,12.200000000000001,0.0,12.700000000000001,3.7,-1.7000000000000002,Graduate
1.0,1.0,4.0,9500.0,1.0,1.0,140.0,1.0,1.0,12.0,3.0,10.0,131.6,1.0,0.0,0.0,1.0,0.0,0.0,18.0,0.0,0.0,7.0,8.0,7.0,13.135,0.0,0.0,8.0,9.0,8.0,13.244444444444401,0.0,12.4,0.5,1.79,Graduate
1.0,51.0,1.0,9070.0,1.0,1.0,143.0,1.0,1.0,1.0,4.0,4.0,120.0,1.0,0.0,0.0,1.0,0.0,0.0,21.0,0.0,3.0,10.0,10.0,10.0,13.0,0.0,5.0,11.0,11.0,10.0,11.4,0.0,11.100000000000001,0.6000000000000001,2.02,Dropout
1.0,1.0,4.0,9500.0,1.0,1.0,118.0,1.0,19.0,19.0,3.0,3.0,110.0,1.0,0.0,0.0,1.0,0.0,0.0,19.0,0.0,0.0,7.0,12.0,4.0,12.85,0.0,0.0,7.0,7.0,7.0,12.6214285714286,0.0,11.100000000000001,0.6000000000000001,2.02,Enrolled
1.0,44.0,1.0,9238.0,1.0,39.0,140.0,1.0,1.0,19.0,191.0,102.0,143.0,0.0,0.0,0.0,1.0,0.0,0.0,20.0,0.0,3.0,6.0,6.0,6.0,13.5,0.0,2.0,6.0,9.0,5.0,12.5,0.0,13.9,-0.30000000000000004,0.79,Graduate
1.0,44.0,1.0,9085.0,1.0,1.0,140.0,1.0,1.0,2.0,3.0,3.0,140.0,0.0,0.0,0.0,1.0,0.0,0.0,20.0,0.0,0.0,6.0,7.0,6.0,14.2857142857143,0.0,0.0,6.0,9.0,3.0,13.0,0.0,13.9,-0.30000000000000004,0.79,Enrolled
1.0,1.0,1.0,9670.0,1.0,1.0,123.0,1.0,12.0,1.0,9.0,9.0,119.2,1.0,0.0,0.0,1.0,0.0,1.0,18.0,0.0,0.0,6.0,8.0,5.0,13.5,0.0,0.0,6.0,6.0,6.0,14.5,0.0,12.4,0.5,1.79,Graduate
1.0,1.0,1.0,9147.0,1.0,1.0,140.0,1.0,19.0,19.0,9.0,9.0,124.30000000000001,1.0,0.0,0.0,1.0,0.0,1.0,18.0,0.0,0.0,5.0,8.0,4.0,10.75,0.0,0.0,5.0,5.0,5.0,13.0,0.0,12.4,0.5,1.79,Graduate
1.0,17.0,1.0,9238.0,1.0,1.0,116.0,1.0,19.0,19.0,7.0,7.0,111.10000000000001,1.0,0.0,0.0,1.0,0.0,1.0,18.0,0.0,0.0,6.0,9.0,6.0,11.3333333333333,0.0,0.0,6.0,9.0,6.0,11.8333333333333,0.0,8.9,1.4000000000000001,3.5100000000000002,Graduate
1.0,43.0,1.0,9085.0,1.0,39.0,150.0,1.0,38.0,37.0,6.0,6.0,150.0,1.0,0.0,0.0,1.0,0.0,1.0,21.0,0.0,2.0,7.0,15.0,3.0,13.0,2.0,1.0,5.0,12.0,5.0,13.2857142857143,1.0,10.8,1.4000000000000001,1.74,Graduate
1.0,1.0,1.0,9500.0,1.0,1.0,147.0,1.0,38.0,19.0,5.0,8.0,147.3,0.0,0.0,0.0,1.0,0.0,0.0,18.0,0.0,0.0,7.0,7.0,6.0,13.9666666666667,0.0,0.0,7.0,7.0,6.0,13.9666666666667,0.0,7.6000000000000005,2.6,0.32,Graduate
1.0,1.0,1.0,9500.0,1.0,1.0,162.0,1.0,19.0,1.0,5.0,5.0,147.5,1.0,0.0,0.0,1.0,0.0,1.0,18.0,0.0,0.0,8.0,8.0,8.0,14.141250000000001,0.0,0.0,8.0,8.0,8.0,14.141250000000001,0.0,9.4,-0.8,-3.12,Graduate
1.0,17.0,2.0,9254.0,1.0,1.0,108.0,1.0,37.0,37.0,9.0,7.0,108.0,1.0,0.0,0.0,1.0,0.0,1.0,20.0,0.0,0.0,6.0,10.0,4.0,11.600000000000001,0.0,0.0,6.0,10.0,4.0,11.75,0.0,12.700000000000001,3.7,-1.7000000000000002,Graduate
2.0,42.0,1.0,9500.0,1.0,2.0,130.0,1.0,37.0,37.0,9.0,9.0,130.0,0.0,0.0,0.0,1.0,0.0,1.0,32.0,0.0,0.0,8.0,8.0,8.0,14.662500000000001,0.0,0.0,8.0,8.0,8.0,14.662500000000001,0.0,9.4,-0.8,-3.12,Graduate
2.0,39.0,1.0,9991.0,0.0,1.0,140.0,1.0,37.0,37.0,9.0,10.0,130.0,0.0,0.0,0.0,1.0,0.0,0.0,34.0,0.0,0.0,5.0,5.0,0.0,0.0,0.0,0.0,5.0,5.0,0.0,0.0,0.0,9.4,-0.8,-3.12,Enrolled
1.0,1.0,2.0,9500.0,1.0,1.0,116.0,1.0,19.0,37.0,3.0,3.0,109.0,1.0,0.0,0.0,1.0,0.0,1.0,23.0,0.0,0.0,7.0,8.0,6.0,12.9933333333333,0.0,0.0,8.0,9.0,8.0,12.668750000000001,0.0,11.100000000000001,0.6000000000000001,2.02,Graduate
1.0,1.0,5.0,9670.0,1.0,1.0,120.0,1.0,4.0,1.0,4.0,10.0,112.0,1.0,0.0,0.0,1.0,0.0,0.0,18.0,0.0,0.0,6.0,10.0,4.0,11.25,0.0,0.0,6.0,11.0,5.0,12.200000000000001,0.0,8.9,1.4000000000000001,3.5100000000000002,Enrolled
1.0,17.0,1.0,8014.0,0.0,1.0,132.0,1.0,37.0,19.0,5.0,5.0,121.2,0.0,0.0,0.0,1.0,0.0,0.0,18.0,0.0,0.0,6.0,8.0,5.0,12.200000000000001,0.0,0.0,6.0,10.0,5.0,12.8,0.0,10.8,1.4000000000000001,1.74,Graduate
1.0,43.0,1.0,171.0,1.0,2.0,140.0,1.0,37.0,37.0,9.0,9.0,140.0,1.0,0.0,0.0,1.0,0.0,0.0,34.0,0.0,0.0,0.0,0.0,0.0,0.0,0.0,0.0,0.0,0.0,0.0,0.0,0.0,10.8,1.4000000000000001,1.74,Dropout
1.0,39.0,1.0,8014.0,0.0,1.0,120.0,100.0,1.0,1.0,4.0,7.0,119.5,0.0,0.0,1.0,1.0,0.0,0.0,25.0,1.0,2.0,6.0,6.0,6.0,11.3333333333333,0.0,0.0,6.0,6.0,4.0,11.75,0.0,8.9,1.4000000000000001,3.5100000000000002,Enrolled
1.0,1.0,1.0,9147.0,1.0,1.0,136.0,1.0,37.0,38.0,193.0,181.0,125.9,0.0,0.0,0.0,1.0,0.0,0.0,21.0,0.0,0.0,5.0,7.0,5.0,12.200000000000001,0.0,0.0,5.0,7.0,5.0,11.8,0.0,11.100000000000001,0.6000000000000001,2.02,Graduate
1.0,1.0,1.0,9254.0,1.0,1.0,133.0,1.0,19.0,9.0,0.0,0.0,121.5,1.0,0.0,0.0,1.0,0.0,1.0,20.0,0.0,0.0,6.0,12.0,0.0,0.0,0.0,0.0,6.0,12.0,0.0,0.0,0.0,7.6000000000000005,2.6,0.32,Dropout
1.0,1.0,5.0,9238.0,1.0,1.0,126.0,1.0,30.0,19.0,0.0,2.0,121.5,1.0,0.0,0.0,1.0,0.0,0.0,18.0,0.0,0.0,6.0,8.0,6.0,11.3333333333333,0.0,0.0,6.0,6.0,6.0,11.6666666666667,0.0,7.6000000000000005,2.6,0.32,Graduate
1.0,17.0,1.0,9085.0,1.0,1.0,142.0,1.0,3.0,37.0,4.0,8.0,132.4,1.0,0.0,0.0,1.0,0.0,0.0,18.0,0.0,0.0,6.0,8.0,6.0,13.8571428571429,0.0,0.0,6.0,15.0,6.0,13.100000000000001,0.0,12.4,0.5,1.79,Graduate
1.0,17.0,1.0,9773.0,1.0,1.0,121.0,1.0,37.0,37.0,9.0,9.0,122.4,0.0,0.0,0.0,1.0,0.0,0.0,18.0,0.0,0.0,6.0,7.0,6.0,12.8571428571429,0.0,0.0,6.0,6.0,6.0,13.3333333333333,0.0,13.9,-0.30000000000000004,0.79,Graduate
1.0,39.0,1.0,8014.0,0.0,1.0,134.0,1.0,37.0,38.0,4.0,7.0,110.0,1.0,0.0,0.0,1.0,0.0,0.0,24.0,0.0,0.0,6.0,10.0,1.0,10.0,0.0,0.0,6.0,12.0,0.0,0.0,0.0,9.4,-0.8,-3.12,Dropout
1.0,51.0,1.0,9147.0,1.0,1.0,140.0,1.0,19.0,19.0,9.0,7.0,120.4,0.0,0.0,1.0,0.0,0.0,0.0,32.0,0.0,14.0,15.0,17.0,14.0,10.214285714285701,0.0,13.0,13.0,13.0,13.0,11.384615384615401,0.0,16.2,0.30000000000000004,-0.92,Graduate
1.0,39.0,1.0,9254.0,1.0,1.0,133.1,1.0,1.0,1.0,9.0,6.0,105.0,1.0,0.0,1.0,0.0,0.0,0.0,24.0,0.0,0.0,6.0,14.0,6.0,11.2857142857143,0.0,0.0,6.0,16.0,3.0,10.3333333333333,0.0,8.9,1.4000000000000001,3.5100000000000002,Dropout
1.0,1.0,1.0,9238.0,1.0,1.0,157.0,1.0,38.0,37.0,9.0,5.0,137.8,0.0,0.0,0.0,1.0,0.0,1.0,18.0,0.0,0.0,6.0,6.0,6.0,13.8333333333333,0.0,0.0,6.0,7.0,0.0,0.0,0.0,15.5,2.8000000000000003,-4.0600000000000005,Dropout
1.0,51.0,1.0,9254.0,1.0,1.0,120.0,1.0,38.0,38.0,9.0,9.0,118.0,0.0,0.0,0.0,1.0,0.0,0.0,28.0,0.0,0.0,6.0,8.0,6.0,12.8571428571429,0.0,0.0,6.0,8.0,5.0,12.600000000000001,0.0,8.9,1.4000000000000001,3.5100000000000002,Graduate
1.0,17.0,5.0,9853.0,1.0,1.0,134.0,1.0,19.0,38.0,4.0,8.0,122.10000000000001,1.0,0.0,0.0,1.0,0.0,1.0,18.0,0.0,0.0,6.0,8.0,6.0,11.6666666666667,0.0,0.0,6.0,9.0,4.0,12.0,0.0,10.8,1.4000000000000001,1.74,Dropout
1.0,7.0,1.0,9853.0,1.0,3.0,140.0,1.0,34.0,34.0,0.0,0.0,140.0,1.0,0.0,0.0,0.0,0.0,0.0,24.0,0.0,0.0,6.0,12.0,0.0,0.0,0.0,0.0,5.0,10.0,0.0,0.0,0.0,9.4,-0.8,-3.12,Dropout
1.0,1.0,1.0,9085.0,1.0,1.0,133.0,1.0,1.0,37.0,4.0,10.0,143.20000000000002,0.0,0.0,0.0,1.0,0.0,0.0,19.0,0.0,0.0,5.0,7.0,5.0,14.4,0.0,0.0,5.0,6.0,5.0,13.200000000000001,0.0,7.6000000000000005,2.6,0.32,Graduate
2.0,39.0,1.0,8014.0,0.0,1.0,146.0,1.0,37.0,37.0,9.0,8.0,120.5,0.0,0.0,0.0,1.0,0.0,0.0,44.0,0.0,0.0,6.0,6.0,6.0,14.8333333333333,0.0,0.0,6.0,6.0,6.0,14.1666666666667,0.0,10.8,1.4000000000000001,1.74,Graduate
1.0,16.0,3.0,9085.0,1.0,1.0,130.0,1.0,37.0,37.0,9.0,2.0,119.5,1.0,0.0,0.0,1.0,0.0,1.0,18.0,0.0,0.0,6.0,14.0,6.0,14.3333333333333,0.0,0.0,6.0,9.0,6.0,12.0,0.0,15.5,2.8000000000000003,-4.0600000000000005,Graduate
1.0,1.0,1.0,171.0,1.0,1.0,151.0,1.0,37.0,37.0,9.0,7.0,147.5,1.0,0.0,0.0,1.0,0.0,0.0,18.0,0.0,0.0,0.0,0.0,0.0,0.0,0.0,0.0,0.0,0.0,0.0,0.0,0.0,7.6000000000000005,2.6,0.32,Graduate
1.0,1.0,6.0,9773.0,1.0,1.0,133.1,1.0,1.0,1.0,90.0,90.0,129.6,0.0,0.0,0.0,1.0,0.0,0.0,22.0,0.0,0.0,6.0,0.0,0.0,0.0,0.0,0.0,6.0,0.0,0.0,0.0,0.0,7.6000000000000005,2.6,0.32,Dropout
1.0,18.0,1.0,9853.0,1.0,1.0,132.0,1.0,37.0,37.0,9.0,5.0,126.10000000000001,0.0,0.0,0.0,1.0,0.0,1.0,18.0,0.0,0.0,7.0,9.0,6.0,12.3333333333333,0.0,0.0,7.0,7.0,6.0,12.6666666666667,0.0,11.100000000000001,0.6000000000000001,2.02,Graduate
2.0,39.0,1.0,9991.0,0.0,1.0,110.0,1.0,37.0,37.0,9.0,4.0,160.0,0.0,0.0,0.0,1.0,0.0,0.0,44.0,0.0,0.0,5.0,5.0,5.0,11.8,0.0,0.0,5.0,5.0,5.0,12.4,0.0,15.5,2.8000000000000003,-4.0600000000000005,Graduate
5.0,39.0,1.0,9853.0,1.0,19.0,133.1,1.0,38.0,1.0,5.0,3.0,105.5,0.0,0.0,1.0,1.0,0.0,0.0,33.0,0.0,0.0,6.0,7.0,5.0,13.200000000000001,0.0,0.0,6.0,7.0,5.0,10.600000000000001,0.0,7.6000000000000005,2.6,0.32,Dropout
2.0,39.0,1.0,9853.0,1.0,1.0,110.0,1.0,37.0,37.0,9.0,9.0,95.5,0.0,0.0,1.0,0.0,0.0,0.0,32.0,0.0,0.0,6.0,6.0,0.0,0.0,0.0,0.0,5.0,10.0,0.0,0.0,0.0,10.8,1.4000000000000001,1.74,Dropout
2.0,39.0,1.0,9003.0,1.0,1.0,133.1,1.0,19.0,19.0,4.0,4.0,107.5,0.0,0.0,0.0,0.0,0.0,0.0,35.0,0.0,0.0,6.0,0.0,0.0,0.0,0.0,0.0,6.0,0.0,0.0,0.0,0.0,15.5,2.8000000000000003,-4.0600000000000005,Dropout
1.0,1.0,1.0,9238.0,1.0,1.0,105.0,1.0,19.0,19.0,6.0,6.0,106.10000000000001,1.0,0.0,0.0,1.0,0.0,0.0,20.0,0.0,0.0,6.0,6.0,6.0,11.5,0.0,0.0,6.0,7.0,6.0,13.2857142857143,0.0,11.100000000000001,0.6000000000000001,2.02,Graduate
1.0,39.0,1.0,9254.0,1.0,1.0,160.0,1.0,3.0,1.0,6.0,6.0,116.30000000000001,1.0,0.0,0.0,1.0,0.0,0.0,24.0,0.0,0.0,6.0,8.0,5.0,12.600000000000001,0.0,0.0,6.0,7.0,5.0,12.200000000000001,0.0,9.4,-0.8,-3.12,Graduate
1.0,1.0,1.0,9500.0,1.0,1.0,144.0,1.0,38.0,1.0,9.0,10.0,137.4,0.0,0.0,0.0,1.0,0.0,0.0,19.0,0.0,0.0,7.0,7.0,7.0,13.5428571428571,0.0,0.0,8.0,9.0,8.0,14.2222222222222,0.0,16.2,0.30000000000000004,-0.92,Graduate
1.0,1.0,1.0,9254.0,1.0,1.0,100.0,1.0,19.0,19.0,5.0,5.0,101.80000000000001,1.0,0.0,0.0,1.0,0.0,0.0,21.0,0.0,0.0,6.0,8.0,5.0,11.600000000000001,0.0,0.0,6.0,6.0,5.0,13.0,0.0,12.4,0.5,1.79,Enrolled
1.0,1.0,2.0,9773.0,1.0,1.0,143.0,1.0,1.0,1.0,4.0,9.0,144.1,1.0,0.0,0.0,1.0,1.0,1.0,19.0,0.0,0.0,6.0,7.0,6.0,13.6666666666667,0.0,0.0,6.0,6.0,6.0,13.8333333333333,0.0,12.700000000000001,3.7,-1.7000000000000002,Graduate
1.0,42.0,1.0,9003.0,1.0,1.0,160.0,1.0,19.0,1.0,9.0,5.0,107.80000000000001,1.0,0.0,0.0,0.0,1.0,0.0,27.0,0.0,0.0,6.0,10.0,0.0,0.0,0.0,0.0,6.0,8.0,0.0,0.0,0.0,15.5,2.8000000000000003,-4.0600000000000005,Dropout
1.0,39.0,1.0,9853.0,1.0,1.0,140.0,1.0,19.0,1.0,9.0,4.0,128.20000000000002,0.0,0.0,0.0,0.0,0.0,0.0,30.0,0.0,0.0,6.0,0.0,0.0,0.0,0.0,0.0,6.0,0.0,0.0,0.0,0.0,12.700000000000001,3.7,-1.7000000000000002,Dropout
1.0,17.0,4.0,171.0,1.0,1.0,133.1,1.0,38.0,38.0,9.0,9.0,117.0,1.0,0.0,0.0,1.0,1.0,0.0,21.0,0.0,0.0,0.0,0.0,0.0,0.0,0.0,0.0,0.0,0.0,0.0,0.0,0.0,10.8,1.4000000000000001,1.74,Dropout
1.0,1.0,1.0,9070.0,1.0,1.0,116.0,1.0,1.0,12.0,5.0,8.0,110.4,1.0,0.0,0.0,1.0,1.0,0.0,19.0,0.0,0.0,6.0,6.0,6.0,11.5,0.0,0.0,6.0,8.0,6.0,12.2857142857143,0.0,8.9,1.4000000000000001,3.5100000000000002,Graduate
2.0,39.0,1.0,9991.0,0.0,1.0,120.0,1.0,37.0,37.0,9.0,10.0,170.0,0.0,0.0,0.0,1.0,0.0,0.0,34.0,0.0,0.0,5.0,12.0,2.0,11.5,0.0,0.0,5.0,9.0,4.0,11.75,0.0,9.4,-0.8,-3.12,Enrolled
1.0,43.0,1.0,9500.0,1.0,1.0,141.0,1.0,4.0,19.0,4.0,10.0,100.0,0.0,0.0,0.0,1.0,1.0,0.0,18.0,0.0,0.0,7.0,7.0,7.0,11.8285714285714,0.0,0.0,8.0,10.0,7.0,12.912500000000001,0.0,13.9,-0.30000000000000004,0.79,Graduate
1.0,1.0,1.0,171.0,1.0,1.0,110.0,1.0,3.0,2.0,3.0,3.0,117.0,1.0,0.0,0.0,1.0,1.0,0.0,21.0,0.0,0.0,0.0,0.0,0.0,0.0,0.0,0.0,0.0,0.0,0.0,0.0,0.0,9.4,-0.8,-3.12,Graduate
1.0,1.0,2.0,171.0,1.0,1.0,127.0,1.0,3.0,39.0,1.0,3.0,133.5,1.0,0.0,0.0,1.0,1.0,0.0,17.0,0.0,0.0,0.0,0.0,0.0,0.0,0.0,0.0,0.0,0.0,0.0,0.0,0.0,15.5,2.8000000000000003,-4.0600000000000005,Enrolled
1.0,1.0,1.0,9500.0,1.0,1.0,132.0,1.0,19.0,37.0,4.0,9.0,128.0,1.0,0.0,0.0,1.0,0.0,1.0,19.0,0.0,0.0,7.0,7.0,6.0,12.9666666666667,0.0,0.0,7.0,7.0,6.0,12.9666666666667,0.0,7.6000000000000005,2.6,0.32,Graduate
1.0,1.0,1.0,9773.0,1.0,1.0,135.0,1.0,37.0,38.0,9.0,6.0,122.10000000000001,1.0,0.0,0.0,1.0,1.0,0.0,18.0,0.0,0.0,6.0,6.0,6.0,13.8333333333333,0.0,0.0,6.0,6.0,6.0,13.6666666666667,0.0,12.700000000000001,3.7,-1.7000000000000002,Graduate
1.0,17.0,2.0,9500.0,1.0,1.0,135.0,1.0,19.0,19.0,9.0,10.0,133.4,1.0,0.0,0.0,1.0,0.0,0.0,19.0,0.0,0.0,7.0,7.0,7.0,14.1257142857143,0.0,0.0,8.0,8.0,8.0,14.36875,0.0,11.100000000000001,0.6000000000000001,2.02,Graduate
4.0,39.0,1.0,9254.0,1.0,1.0,140.0,1.0,38.0,37.0,9.0,9.0,112.0,0.0,0.0,1.0,1.0,0.0,0.0,45.0,0.0,4.0,10.0,12.0,5.0,12.1666666666667,4.0,2.0,8.0,8.0,0.0,0.0,2.0,12.700000000000001,3.7,-1.7000000000000002,Dropout
1.0,39.0,1.0,9085.0,1.0,1.0,133.1,1.0,19.0,37.0,9.0,6.0,130.0,1.0,0.0,0.0,1.0,0.0,0.0,26.0,0.0,0.0,6.0,17.0,6.0,12.6666666666667,0.0,0.0,6.0,21.0,4.0,12.25,0.0,15.5,2.8000000000000003,-4.0600000000000005,Graduate
2.0,39.0,2.0,9991.0,0.0,1.0,100.0,1.0,37.0,37.0,9.0,9.0,100.0,1.0,0.0,0.0,1.0,1.0,0.0,51.0,0.0,0.0,4.0,4.0,0.0,0.0,0.0,0.0,5.0,0.0,0.0,0.0,0.0,12.700000000000001,3.7,-1.7000000000000002,Dropout
2.0,39.0,1.0,9773.0,1.0,19.0,133.1,1.0,37.0,37.0,6.0,6.0,162.0,0.0,0.0,1.0,1.0,1.0,1.0,49.0,0.0,0.0,6.0,8.0,6.0,12.2857142857143,0.0,0.0,6.0,7.0,6.0,14.1666666666667,0.0,10.8,1.4000000000000001,1.74,Graduate
1.0,42.0,1.0,9500.0,1.0,1.0,100.0,1.0,3.0,19.0,2.0,8.0,153.0,0.0,0.0,0.0,1.0,1.0,0.0,22.0,0.0,3.0,6.0,7.0,3.0,14.5,0.0,4.0,7.0,8.0,4.0,14.375,0.0,15.5,2.8000000000000003,-4.0600000000000005,Enrolled
1.0,17.0,1.0,9147.0,1.0,1.0,137.0,1.0,1.0,37.0,5.0,9.0,131.4,1.0,0.0,0.0,1.0,1.0,0.0,22.0,0.0,0.0,5.0,8.0,2.0,10.0,0.0,0.0,5.0,7.0,1.0,10.0,0.0,7.6000000000000005,2.6,0.32,Dropout
2.0,7.0,1.0,9130.0,1.0,3.0,120.0,1.0,3.0,3.0,1.0,1.0,128.20000000000002,0.0,0.0,0.0,1.0,0.0,0.0,33.0,0.0,1.0,5.0,11.0,2.0,11.5,1.0,1.0,5.0,8.0,2.0,12.0,0.0,9.4,-0.8,-3.12,Dropout
1.0,10.0,1.0,9670.0,1.0,1.0,148.9,22.0,37.0,37.0,9.0,9.0,148.9,0.0,0.0,0.0,1.0,0.0,0.0,20.0,1.0,0.0,5.0,6.0,5.0,11.600000000000001,0.0,0.0,5.0,6.0,4.0,11.5,0.0,9.4,-0.8,-3.12,Graduate
1.0,1.0,4.0,9238.0,1.0,1.0,134.0,1.0,38.0,19.0,7.0,7.0,128.4,1.0,0.0,0.0,1.0,0.0,1.0,18.0,0.0,0.0,6.0,6.0,6.0,12.5,0.0,0.0,6.0,6.0,6.0,11.6666666666667,0.0,10.8,1.4000000000000001,1.74,Graduate
1.0,1.0,5.0,9853.0,1.0,1.0,128.0,1.0,38.0,37.0,9.0,9.0,120.30000000000001,1.0,0.0,1.0,0.0,0.0,0.0,20.0,0.0,0.0,6.0,9.0,3.0,11.6666666666667,0.0,0.0,6.0,10.0,2.0,11.0,0.0,10.8,1.4000000000000001,1.74,Dropout
2.0,57.0,1.0,9991.0,0.0,1.0,133.1,41.0,38.0,37.0,4.0,6.0,100.0,0.0,0.0,0.0,1.0,0.0,0.0,37.0,1.0,5.0,10.0,11.0,7.0,13.4285714285714,0.0,5.0,10.0,11.0,10.0,11.600000000000001,0.0,8.9,1.4000000000000001,3.5100000000000002,Graduate
1.0,1.0,1.0,9254.0,1.0,1.0,131.0,2.0,37.0,1.0,9.0,3.0,126.10000000000001,1.0,0.0,0.0,1.0,1.0,0.0,18.0,1.0,0.0,6.0,6.0,6.0,13.6666666666667,0.0,0.0,6.0,6.0,6.0,13.5,0.0,7.6000000000000005,2.6,0.32,Graduate
1.0,1.0,3.0,9254.0,1.0,1.0,118.0,1.0,1.0,19.0,9.0,9.0,111.7,1.0,0.0,0.0,1.0,0.0,0.0,19.0,0.0,0.0,6.0,6.0,6.0,12.5,0.0,0.0,6.0,6.0,6.0,12.1666666666667,0.0,12.4,0.5,1.79,Graduate
1.0,44.0,1.0,9085.0,1.0,39.0,140.0,1.0,1.0,19.0,3.0,3.0,140.0,1.0,0.0,0.0,1.0,0.0,0.0,21.0,0.0,2.0,6.0,7.0,6.0,13.0,0.0,1.0,6.0,15.0,4.0,12.8,0.0,12.4,0.5,1.79,Graduate
1.0,1.0,2.0,9500.0,1.0,1.0,133.0,1.0,19.0,1.0,9.0,1.0,122.2,0.0,0.0,0.0,1.0,0.0,0.0,20.0,0.0,0.0,7.0,9.0,6.0,12.783333333333301,0.0,0.0,8.0,9.0,7.0,12.8428571428571,0.0,13.9,-0.30000000000000004,0.79,Graduate
1.0,1.0,2.0,9500.0,1.0,1.0,126.0,1.0,37.0,1.0,7.0,7.0,118.7,1.0,0.0,0.0,1.0,0.0,0.0,19.0,0.0,0.0,7.0,0.0,0.0,0.0,0.0,0.0,8.0,0.0,0.0,0.0,0.0,13.9,-0.30000000000000004,0.79,Dropout
1.0,17.0,2.0,9556.0,1.0,1.0,125.0,1.0,38.0,19.0,7.0,7.0,121.5,1.0,0.0,0.0,1.0,0.0,0.0,20.0,0.0,0.0,7.0,13.0,4.0,13.5,0.0,0.0,7.0,11.0,4.0,11.225,0.0,11.100000000000001,0.6000000000000001,2.02,Dropout
1.0,17.0,4.0,9500.0,1.0,1.0,138.0,1.0,3.0,1.0,2.0,5.0,134.5,1.0,0.0,0.0,1.0,0.0,0.0,18.0,0.0,0.0,7.0,7.0,7.0,13.4571428571429,0.0,0.0,8.0,8.0,8.0,15.125,0.0,13.9,-0.30000000000000004,0.79,Graduate
1.0,1.0,4.0,9500.0,1.0,1.0,140.0,1.0,1.0,19.0,9.0,7.0,127.0,1.0,0.0,0.0,1.0,0.0,0.0,19.0,0.0,0.0,8.0,8.0,7.0,13.4428571428571,0.0,0.0,8.0,8.0,7.0,13.4428571428571,0.0,12.700000000000001,3.7,-1.7000000000000002,Graduate
1.0,1.0,1.0,9238.0,1.0,1.0,124.0,1.0,37.0,38.0,9.0,3.0,114.2,0.0,0.0,0.0,1.0,0.0,0.0,18.0,0.0,0.0,6.0,13.0,4.0,11.0,0.0,0.0,6.0,12.0,5.0,10.8333333333333,0.0,15.5,2.8000000000000003,-4.0600000000000005,Graduate
1.0,17.0,1.0,9238.0,1.0,1.0,133.0,1.0,38.0,38.0,7.0,7.0,125.30000000000001,1.0,0.0,0.0,1.0,0.0,1.0,18.0,0.0,0.0,6.0,6.0,6.0,11.3333333333333,0.0,0.0,6.0,7.0,6.0,12.2857142857143,0.0,15.5,2.8000000000000003,-4.0600000000000005,Graduate
1.0,1.0,2.0,9773.0,1.0,1.0,127.0,1.0,1.0,19.0,4.0,5.0,120.4,1.0,0.0,0.0,1.0,0.0,0.0,18.0,0.0,0.0,5.0,7.0,2.0,10.0,0.0,0.0,1.0,1.0,0.0,0.0,0.0,12.700000000000001,3.7,-1.7000000000000002,Dropout
1.0,1.0,6.0,9500.0,1.0,1.0,138.0,1.0,1.0,38.0,3.0,9.0,123.0,1.0,0.0,0.0,1.0,0.0,0.0,19.0,0.0,0.0,7.0,10.0,5.0,13.44,0.0,0.0,7.0,8.0,6.0,13.0666666666667,0.0,12.4,0.5,1.79,Enrolled
1.0,1.0,2.0,9556.0,1.0,1.0,142.0,1.0,1.0,19.0,4.0,5.0,130.5,1.0,0.0,0.0,1.0,0.0,1.0,18.0,0.0,0.0,7.0,8.0,7.0,12.214285714285701,0.0,0.0,8.0,8.0,8.0,14.0625,0.0,16.2,0.30000000000000004,-0.92,Graduate
1.0,1.0,1.0,9070.0,1.0,1.0,130.0,41.0,37.0,19.0,9.0,8.0,125.5,1.0,0.0,0.0,1.0,0.0,1.0,19.0,1.0,0.0,6.0,6.0,6.0,14.1666666666667,0.0,0.0,6.0,6.0,6.0,13.5,0.0,11.100000000000001,0.6000000000000001,2.02,Graduate
1.0,53.0,1.0,9003.0,1.0,42.0,130.0,1.0,1.0,19.0,9.0,7.0,133.8,0.0,0.0,1.0,1.0,0.0,1.0,24.0,0.0,7.0,12.0,13.0,12.0,12.8461538461538,0.0,5.0,11.0,13.0,11.0,12.636363636363601,0.0,8.9,1.4000000000000001,3.5100000000000002,Graduate
1.0,44.0,1.0,9085.0,1.0,39.0,150.0,1.0,37.0,37.0,9.0,9.0,150.0,0.0,0.0,0.0,1.0,0.0,0.0,20.0,0.0,2.0,6.0,8.0,6.0,13.0,0.0,1.0,6.0,18.0,2.0,12.0,0.0,12.4,0.5,1.79,Enrolled
1.0,1.0,1.0,9147.0,1.0,1.0,127.0,1.0,1.0,19.0,5.0,7.0,130.5,1.0,0.0,0.0,1.0,0.0,1.0,21.0,0.0,0.0,5.0,6.0,5.0,12.8,1.0,0.0,5.0,7.0,4.0,11.25,0.0,9.4,-0.8,-3.12,Graduate
1.0,44.0,1.0,9085.0,1.0,39.0,140.0,1.0,38.0,37.0,4.0,10.0,140.0,0.0,0.0,1.0,0.0,0.0,0.0,20.0,0.0,1.0,6.0,13.0,4.0,13.0,0.0,1.0,6.0,11.0,5.0,12.0,0.0,16.2,0.30000000000000004,-0.92,Dropout
1.0,17.0,6.0,9500.0,1.0,1.0,126.0,1.0,19.0,37.0,3.0,9.0,119.4,1.0,0.0,0.0,1.0,0.0,1.0,19.0,0.0,0.0,7.0,7.0,7.0,13.3714285714286,0.0,0.0,8.0,9.0,8.0,13.6666666666667,0.0,16.2,0.30000000000000004,-0.92,Graduate
1.0,17.0,5.0,9556.0,1.0,1.0,139.0,1.0,19.0,19.0,9.0,8.0,121.30000000000001,1.0,0.0,0.0,1.0,0.0,1.0,19.0,0.0,0.0,7.0,8.0,7.0,13.3857142857143,0.0,0.0,8.0,8.0,8.0,13.387500000000001,0.0,10.8,1.4000000000000001,1.74,Graduate
1.0,1.0,3.0,9500.0,1.0,1.0,141.0,1.0,1.0,1.0,9.0,9.0,126.30000000000001,1.0,0.0,0.0,1.0,0.0,0.0,18.0,0.0,0.0,8.0,8.0,7.0,13.3285714285714,0.0,0.0,8.0,8.0,7.0,13.3285714285714,0.0,12.700000000000001,3.7,-1.7000000000000002,Graduate
1.0,1.0,1.0,9085.0,1.0,1.0,120.0,1.0,38.0,38.0,4.0,7.0,111.60000000000001,1.0,0.0,0.0,1.0,0.0,0.0,19.0,0.0,0.0,6.0,12.0,5.0,14.0,0.0,0.0,6.0,14.0,5.0,11.0,0.0,16.2,0.30000000000000004,-0.92,Graduate
1.0,17.0,4.0,9147.0,1.0,1.0,120.0,1.0,38.0,19.0,9.0,9.0,111.30000000000001,1.0,0.0,0.0,1.0,0.0,0.0,21.0,0.0,0.0,5.0,5.0,5.0,12.600000000000001,0.0,0.0,5.0,5.0,5.0,13.200000000000001,0.0,8.9,1.4000000000000001,3.5100000000000002,Graduate
1.0,1.0,2.0,9853.0,1.0,1.0,134.0,1.0,1.0,38.0,9.0,8.0,122.5,1.0,0.0,0.0,1.0,0.0,1.0,19.0,0.0,0.0,6.0,7.0,6.0,14.0,0.0,0.0,6.0,6.0,6.0,15.0,0.0,15.5,2.8000000000000003,-4.0600000000000005,Graduate
1.0,1.0,5.0,9254.0,1.0,1.0,128.0,1.0,19.0,1.0,7.0,10.0,116.5,1.0,0.0,0.0,1.0,0.0,1.0,18.0,0.0,0.0,6.0,7.0,6.0,13.4285714285714,0.0,0.0,6.0,6.0,6.0,12.6666666666667,0.0,8.9,1.4000000000000001,3.5100000000000002,Graduate
1.0,17.0,5.0,9070.0,1.0,1.0,133.0,1.0,4.0,1.0,4.0,4.0,132.0,1.0,1.0,0.0,1.0,0.0,1.0,17.0,0.0,0.0,6.0,6.0,6.0,13.0,0.0,0.0,6.0,6.0,6.0,12.5,0.0,15.5,2.8000000000000003,-4.0600000000000005,Graduate
1.0,18.0,4.0,9853.0,1.0,1.0,123.0,1.0,19.0,38.0,4.0,10.0,123.7,1.0,0.0,0.0,1.0,0.0,0.0,19.0,0.0,0.0,6.0,8.0,5.0,12.6666666666667,0.0,0.0,6.0,8.0,5.0,11.0,0.0,15.5,2.8000000000000003,-4.0600000000000005,Enrolled
1.0,17.0,6.0,9147.0,1.0,1.0,118.0,1.0,37.0,1.0,9.0,7.0,117.0,1.0,0.0,0.0,0.0,1.0,0.0,23.0,0.0,0.0,5.0,9.0,3.0,10.0,1.0,0.0,5.0,9.0,3.0,12.3333333333333,0.0,9.4,-0.8,-3.12,Dropout
1.0,1.0,1.0,9670.0,1.0,1.0,113.0,1.0,1.0,37.0,1.0,10.0,116.5,1.0,0.0,0.0,1.0,0.0,0.0,19.0,0.0,0.0,6.0,7.0,6.0,12.8333333333333,0.0,0.0,6.0,10.0,6.0,11.7777777777778,0.0,8.9,1.4000000000000001,3.5100000000000002,Graduate
1.0,1.0,1.0,9500.0,1.0,1.0,135.0,1.0,19.0,3.0,9.0,4.0,121.5,1.0,0.0,0.0,1.0,0.0,0.0,18.0,0.0,0.0,7.0,7.0,6.0,12.9166666666667,0.0,0.0,7.0,7.0,6.0,12.9166666666667,0.0,7.6000000000000005,2.6,0.32,Graduate
1.0,1.0,1.0,9670.0,1.0,1.0,133.1,1.0,38.0,38.0,5.0,9.0,105.0,1.0,0.0,0.0,1.0,0.0,0.0,20.0,0.0,0.0,6.0,9.0,6.0,13.2857142857143,0.0,0.0,6.0,8.0,5.0,13.8,0.0,15.5,2.8000000000000003,-4.0600000000000005,Graduate
1.0,1.0,3.0,9085.0,1.0,1.0,130.0,1.0,1.0,19.0,9.0,9.0,121.30000000000001,1.0,0.0,0.0,1.0,0.0,1.0,19.0,0.0,0.0,5.0,6.0,5.0,14.600000000000001,0.0,0.0,5.0,5.0,5.0,13.8,0.0,10.8,1.4000000000000001,1.74,Graduate
1.0,1.0,1.0,9238.0,1.0,1.0,135.0,1.0,19.0,38.0,3.0,9.0,136.1,1.0,0.0,0.0,1.0,0.0,1.0,18.0,0.0,0.0,6.0,6.0,6.0,14.0,0.0,0.0,6.0,6.0,6.0,13.6666666666667,0.0,12.4,0.5,1.79,Graduate
1.0,17.0,2.0,9238.0,1.0,1.0,133.0,1.0,37.0,37.0,9.0,4.0,123.60000000000001,0.0,0.0,0.0,1.0,0.0,1.0,19.0,0.0,0.0,6.0,7.0,6.0,14.1428571428571,0.0,0.0,6.0,6.0,6.0,15.0,0.0,13.9,-0.30000000000000004,0.79,Graduate
1.0,1.0,4.0,9238.0,1.0,1.0,123.0,1.0,38.0,1.0,4.0,10.0,129.0,1.0,0.0,0.0,1.0,0.0,0.0,19.0,0.0,0.0,6.0,8.0,6.0,11.6666666666667,0.0,0.0,6.0,6.0,6.0,12.3333333333333,0.0,10.8,1.4000000000000001,1.74,Graduate
1.0,17.0,1.0,9500.0,1.0,1.0,145.0,1.0,19.0,37.0,4.0,8.0,136.8,1.0,0.0,0.0,1.0,0.0,0.0,18.0,0.0,0.0,8.0,9.0,8.0,14.377500000000001,1.0,0.0,8.0,9.0,8.0,14.377500000000001,1.0,9.4,-0.8,-3.12,Graduate
1.0,17.0,2.0,9500.0,1.0,1.0,146.0,1.0,3.0,3.0,3.0,6.0,133.4,1.0,0.0,0.0,1.0,0.0,0.0,18.0,0.0,0.0,7.0,8.0,7.0,12.5,0.0,0.0,8.0,9.0,7.0,13.0428571428571,0.0,13.9,-0.30000000000000004,0.79,Graduate
1.0,1.0,5.0,9500.0,1.0,1.0,144.0,1.0,38.0,38.0,7.0,7.0,136.0,1.0,0.0,0.0,1.0,0.0,1.0,19.0,0.0,0.0,7.0,7.0,6.0,14.15,0.0,0.0,7.0,7.0,6.0,14.15,0.0,7.6000000000000005,2.6,0.32,Graduate
1.0,1.0,1.0,9500.0,1.0,1.0,144.0,1.0,38.0,37.0,9.0,9.0,125.80000000000001,0.0,0.0,0.0,1.0,0.0,1.0,19.0,0.0,0.0,8.0,12.0,7.0,12.4714285714286,0.0,0.0,8.0,12.0,7.0,12.4714285714286,0.0,12.700000000000001,3.7,-1.7000000000000002,Graduate
1.0,1.0,1.0,9500.0,1.0,1.0,131.0,1.0,4.0,4.0,2.0,1.0,120.5,0.0,0.0,0.0,1.0,0.0,0.0,19.0,0.0,0.0,7.0,7.0,6.0,14.15,0.0,0.0,7.0,7.0,6.0,14.15,0.0,7.6000000000000005,2.6,0.32,Graduate
1.0,1.0,2.0,9500.0,1.0,1.0,141.0,1.0,37.0,37.0,9.0,8.0,130.20000000000002,1.0,0.0,0.0,1.0,0.0,0.0,21.0,0.0,0.0,7.0,11.0,7.0,14.0722222222222,0.0,0.0,8.0,8.0,8.0,14.047500000000001,0.0,15.5,2.8000000000000003,-4.0600000000000005,Graduate
1.0,1.0,3.0,9773.0,1.0,1.0,138.0,1.0,3.0,1.0,2.0,3.0,135.9,1.0,0.0,0.0,1.0,0.0,0.0,18.0,0.0,0.0,6.0,7.0,6.0,14.8571428571429,0.0,0.0,6.0,6.0,6.0,14.6666666666667,0.0,13.9,-0.30000000000000004,0.79,Graduate
1.0,1.0,1.0,9773.0,1.0,1.0,127.0,1.0,19.0,37.0,9.0,9.0,116.5,0.0,0.0,0.0,1.0,0.0,1.0,19.0,0.0,0.0,6.0,7.0,6.0,14.2857142857143,0.0,0.0,6.0,6.0,6.0,13.1666666666667,0.0,11.100000000000001,0.6000000000000001,2.02,Graduate
1.0,1.0,4.0,9773.0,1.0,1.0,124.0,1.0,19.0,37.0,99.0,90.0,124.0,0.0,0.0,0.0,0.0,0.0,0.0,18.0,0.0,0.0,4.0,4.0,0.0,0.0,0.0,0.0,4.0,4.0,0.0,0.0,0.0,12.700000000000001,3.7,-1.7000000000000002,Dropout
1.0,7.0,1.0,8014.0,0.0,3.0,140.0,1.0,1.0,1.0,4.0,4.0,140.0,0.0,0.0,0.0,1.0,0.0,0.0,30.0,0.0,0.0,6.0,0.0,0.0,0.0,0.0,0.0,6.0,0.0,0.0,0.0,0.0,10.8,1.4000000000000001,1.74,Dropout
1.0,17.0,1.0,9130.0,1.0,1.0,157.0,1.0,3.0,2.0,3.0,6.0,150.9,1.0,0.0,0.0,1.0,0.0,0.0,18.0,0.0,0.0,6.0,8.0,6.0,15.0,0.0,0.0,6.0,8.0,5.0,15.1666666666667,0.0,13.9,-0.30000000000000004,0.79,Dropout
1.0,1.0,3.0,9500.0,1.0,1.0,129.0,1.0,19.0,19.0,4.0,8.0,127.30000000000001,1.0,0.0,0.0,1.0,0.0,1.0,20.0,0.0,0.0,7.0,7.0,6.0,12.6333333333333,0.0,0.0,7.0,7.0,6.0,12.6333333333333,0.0,7.6000000000000005,2.6,0.32,Graduate
1.0,39.0,1.0,9670.0,1.0,19.0,133.1,1.0,1.0,1.0,4.0,7.0,100.0,0.0,0.0,1.0,0.0,0.0,0.0,25.0,0.0,0.0,5.0,5.0,5.0,11.200000000000001,0.0,0.0,5.0,5.0,5.0,12.600000000000001,0.0,9.4,-0.8,-3.12,Dropout
1.0,1.0,5.0,9500.0,1.0,1.0,142.0,1.0,38.0,37.0,5.0,7.0,128.8,1.0,0.0,0.0,1.0,0.0,0.0,18.0,0.0,0.0,7.0,7.0,6.0,14.2333333333333,0.0,0.0,7.0,7.0,6.0,14.2333333333333,0.0,7.6000000000000005,2.6,0.32,Graduate
5.0,1.0,3.0,9085.0,1.0,1.0,133.0,1.0,19.0,19.0,4.0,7.0,119.7,1.0,0.0,0.0,1.0,0.0,0.0,21.0,0.0,0.0,5.0,13.0,5.0,12.200000000000001,2.0,0.0,5.0,10.0,3.0,11.3333333333333,1.0,9.4,-0.8,-3.12,Enrolled
1.0,1.0,1.0,9500.0,1.0,1.0,156.0,1.0,5.0,4.0,2.0,1.0,140.8,0.0,0.0,0.0,1.0,0.0,0.0,18.0,0.0,0.0,8.0,8.0,7.0,15.700000000000001,0.0,0.0,8.0,8.0,7.0,15.700000000000001,0.0,12.700000000000001,3.7,-1.7000000000000002,Graduate
1.0,1.0,1.0,9500.0,1.0,1.0,151.0,1.0,37.0,37.0,9.0,9.0,138.0,1.0,0.0,0.0,1.0,0.0,0.0,18.0,0.0,0.0,7.0,7.0,6.0,15.200000000000001,0.0,0.0,7.0,7.0,6.0,15.200000000000001,0.0,7.6000000000000005,2.6,0.32,Graduate
1.0,17.0,1.0,9853.0,1.0,1.0,135.0,1.0,3.0,3.0,2.0,2.0,132.9,1.0,0.0,0.0,0.0,0.0,0.0,29.0,0.0,0.0,6.0,9.0,6.0,16.3333333333333,0.0,0.0,6.0,8.0,5.0,15.600000000000001,0.0,12.700000000000001,3.7,-1.7000000000000002,Dropout
1.0,43.0,1.0,9130.0,1.0,1.0,140.0,1.0,3.0,3.0,2.0,2.0,140.0,0.0,0.0,0.0,1.0,0.0,0.0,20.0,0.0,10.0,17.0,29.0,14.0,12.5625,4.0,7.0,12.0,24.0,12.0,12.8571428571429,1.0,15.5,2.8000000000000003,-4.0600000000000005,Graduate
1.0,7.0,1.0,9500.0,1.0,3.0,140.0,1.0,3.0,1.0,4.0,4.0,140.0,0.0,0.0,0.0,1.0,0.0,0.0,26.0,0.0,0.0,7.0,0.0,0.0,0.0,0.0,0.0,8.0,0.0,0.0,0.0,0.0,13.9,-0.30000000000000004,0.79,Dropout
1.0,1.0,2.0,9238.0,1.0,1.0,100.0,1.0,38.0,1.0,7.0,7.0,99.30000000000001,1.0,0.0,0.0,1.0,0.0,0.0,21.0,0.0,0.0,6.0,8.0,5.0,12.4,0.0,0.0,6.0,6.0,6.0,12.0,0.0,12.4,0.5,1.79,Graduate
1.0,18.0,1.0,9500.0,1.0,1.0,126.0,1.0,37.0,19.0,5.0,5.0,119.30000000000001,0.0,0.0,0.0,1.0,0.0,1.0,19.0,0.0,0.0,8.0,9.0,8.0,13.781250000000002,1.0,0.0,8.0,9.0,8.0,13.781250000000002,1.0,9.4,-0.8,-3.12,Graduate
1.0,17.0,2.0,9254.0,1.0,1.0,123.0,1.0,19.0,19.0,5.0,5.0,113.2,1.0,0.0,1.0,1.0,0.0,0.0,19.0,0.0,0.0,6.0,10.0,6.0,12.1666666666667,0.0,0.0,6.0,8.0,5.0,11.6666666666667,0.0,16.2,0.30000000000000004,-0.92,Dropout
1.0,17.0,1.0,9773.0,1.0,1.0,133.1,1.0,38.0,38.0,9.0,5.0,117.0,0.0,0.0,0.0,1.0,0.0,0.0,21.0,0.0,0.0,6.0,8.0,5.0,11.8,0.0,0.0,6.0,8.0,5.0,11.8333333333333,0.0,15.5,2.8000000000000003,-4.0600000000000005,Enrolled
1.0,18.0,1.0,8014.0,0.0,1.0,137.0,1.0,1.0,1.0,4.0,3.0,123.0,0.0,0.0,1.0,1.0,0.0,0.0,20.0,0.0,0.0,6.0,13.0,4.0,10.8,0.0,0.0,6.0,15.0,4.0,12.0,0.0,16.2,0.30000000000000004,-0.92,Graduate
1.0,1.0,6.0,9500.0,1.0,1.0,138.0,1.0,37.0,37.0,9.0,8.0,127.2,1.0,0.0,0.0,1.0,0.0,1.0,18.0,0.0,0.0,7.0,8.0,7.0,13.26,0.0,0.0,8.0,8.0,8.0,14.28625,0.0,15.5,2.8000000000000003,-4.0600000000000005,Graduate
1.0,1.0,2.0,9773.0,1.0,1.0,128.0,1.0,34.0,19.0,3.0,0.0,141.0,1.0,0.0,0.0,0.0,0.0,0.0,20.0,0.0,0.0,6.0,10.0,4.0,12.0,0.0,0.0,6.0,15.0,3.0,10.6666666666667,0.0,7.6000000000000005,2.6,0.32,Dropout
1.0,1.0,1.0,9238.0,1.0,1.0,136.0,1.0,19.0,38.0,9.0,9.0,121.7,0.0,1.0,0.0,1.0,0.0,1.0,20.0,0.0,0.0,6.0,9.0,6.0,11.875,0.0,0.0,6.0,7.0,6.0,14.4285714285714,0.0,16.2,0.30000000000000004,-0.92,Graduate
1.0,43.0,1.0,9500.0,1.0,1.0,127.0,1.0,19.0,19.0,4.0,7.0,121.10000000000001,0.0,0.0,0.0,1.0,0.0,1.0,18.0,0.0,0.0,7.0,11.0,5.0,12.16,0.0,0.0,7.0,7.0,2.0,13.4,0.0,16.2,0.30000000000000004,-0.92,Enrolled
1.0,16.0,1.0,9070.0,1.0,1.0,145.0,1.0,1.0,1.0,3.0,3.0,146.1,1.0,0.0,0.0,1.0,0.0,0.0,18.0,0.0,0.0,6.0,6.0,1.0,15.0,0.0,0.0,6.0,7.0,4.0,12.5,0.0,9.4,-0.8,-3.12,Enrolled
1.0,1.0,1.0,9773.0,1.0,1.0,140.0,1.0,37.0,37.0,9.0,9.0,142.5,1.0,0.0,0.0,1.0,0.0,0.0,18.0,0.0,0.0,6.0,6.0,6.0,13.3333333333333,0.0,0.0,6.0,9.0,5.0,13.200000000000001,0.0,9.4,-0.8,-3.12,Graduate
1.0,17.0,1.0,9085.0,1.0,1.0,138.0,1.0,2.0,19.0,2.0,9.0,126.80000000000001,1.0,0.0,0.0,1.0,0.0,0.0,18.0,0.0,0.0,5.0,12.0,2.0,11.5,0.0,0.0,5.0,12.0,3.0,11.8,2.0,10.8,1.4000000000000001,1.74,Enrolled
1.0,44.0,1.0,9085.0,1.0,39.0,150.0,1.0,3.0,3.0,2.0,2.0,150.0,1.0,0.0,0.0,1.0,0.0,0.0,22.0,0.0,2.0,6.0,7.0,6.0,14.4285714285714,0.0,1.0,6.0,9.0,5.0,13.0,0.0,13.9,-0.30000000000000004,0.79,Graduate
1.0,44.0,3.0,9085.0,1.0,39.0,150.0,1.0,1.0,19.0,4.0,1.0,150.0,1.0,0.0,0.0,1.0,0.0,0.0,19.0,0.0,0.0,5.0,10.0,1.0,13.0,1.0,0.0,5.0,8.0,3.0,15.3333333333333,0.0,12.700000000000001,3.7,-1.7000000000000002,Enrolled
1.0,17.0,1.0,9003.0,1.0,1.0,131.0,1.0,19.0,1.0,9.0,2.0,134.5,1.0,0.0,0.0,1.0,0.0,1.0,19.0,0.0,0.0,6.0,7.0,6.0,15.0,0.0,0.0,6.0,8.0,6.0,14.3333333333333,0.0,12.4,0.5,1.79,Graduate
1.0,1.0,2.0,9556.0,1.0,1.0,136.0,1.0,19.0,19.0,9.0,9.0,129.5,1.0,0.0,0.0,1.0,0.0,0.0,18.0,0.0,0.0,7.0,9.0,7.0,15.155555555555601,0.0,0.0,8.0,8.0,8.0,16.8,0.0,12.700000000000001,3.7,-1.7000000000000002,Graduate
1.0,1.0,1.0,9238.0,1.0,1.0,117.0,1.0,38.0,38.0,175.0,183.0,113.2,1.0,0.0,1.0,1.0,0.0,0.0,20.0,0.0,0.0,6.0,8.0,6.0,10.6666666666667,0.0,0.0,6.0,7.0,6.0,11.8571428571429,0.0,11.100000000000001,0.6000000000000001,2.02,Graduate
1.0,17.0,1.0,9853.0,1.0,1.0,158.0,1.0,38.0,37.0,5.0,5.0,140.20000000000002,1.0,0.0,0.0,1.0,0.0,0.0,18.0,0.0,0.0,6.0,9.0,5.0,11.0,0.0,0.0,6.0,9.0,4.0,11.25,0.0,10.8,1.4000000000000001,1.74,Dropout
1.0,17.0,2.0,9670.0,1.0,1.0,129.0,1.0,1.0,19.0,5.0,5.0,119.2,1.0,0.0,0.0,1.0,0.0,0.0,21.0,0.0,0.0,6.0,0.0,0.0,0.0,0.0,0.0,6.0,0.0,0.0,0.0,0.0,8.9,1.4000000000000001,3.5100000000000002,Dropout
1.0,1.0,1.0,9238.0,1.0,1.0,140.0,1.0,1.0,19.0,4.0,4.0,140.70000000000002,0.0,0.0,0.0,1.0,0.0,0.0,19.0,0.0,0.0,6.0,7.0,6.0,12.2857142857143,0.0,0.0,6.0,7.0,6.0,12.0,0.0,12.4,0.5,1.79,Graduate
1.0,1.0,5.0,9500.0,1.0,1.0,141.0,1.0,38.0,38.0,9.0,9.0,142.3,1.0,0.0,0.0,1.0,0.0,0.0,18.0,0.0,0.0,8.0,8.0,8.0,12.828750000000001,0.0,0.0,8.0,8.0,8.0,12.828750000000001,0.0,9.4,-0.8,-3.12,Dropout
1.0,1.0,4.0,9773.0,1.0,1.0,132.0,11.0,12.0,12.0,90.0,4.0,129.9,1.0,0.0,0.0,1.0,0.0,0.0,18.0,1.0,0.0,6.0,6.0,6.0,12.6666666666667,0.0,0.0,6.0,8.0,5.0,14.4,0.0,7.6000000000000005,2.6,0.32,Graduate
1.0,17.0,1.0,171.0,1.0,1.0,133.0,1.0,1.0,1.0,6.0,7.0,134.8,1.0,0.0,0.0,1.0,0.0,0.0,18.0,0.0,0.0,0.0,0.0,0.0,0.0,0.0,0.0,0.0,0.0,0.0,0.0,0.0,12.4,0.5,1.79,Enrolled
1.0,17.0,1.0,9085.0,1.0,1.0,109.0,1.0,19.0,19.0,4.0,9.0,104.10000000000001,1.0,0.0,1.0,0.0,0.0,1.0,21.0,0.0,0.0,6.0,16.0,2.0,13.0,0.0,0.0,6.0,8.0,0.0,0.0,0.0,15.5,2.8000000000000003,-4.0600000000000005,Dropout
1.0,1.0,1.0,9147.0,1.0,1.0,135.0,1.0,1.0,38.0,5.0,5.0,122.4,0.0,0.0,1.0,1.0,0.0,0.0,19.0,0.0,0.0,5.0,10.0,5.0,10.875,0.0,0.0,5.0,8.0,4.0,12.4,0.0,13.9,-0.30000000000000004,0.79,Graduate
1.0,1.0,1.0,9147.0,1.0,1.0,122.0,1.0,37.0,37.0,9.0,7.0,120.60000000000001,1.0,0.0,0.0,1.0,0.0,1.0,19.0,0.0,0.0,5.0,5.0,5.0,12.8,0.0,0.0,5.0,8.0,5.0,11.600000000000001,0.0,9.4,-0.8,-3.12,Graduate
1.0,17.0,3.0,9238.0,1.0,1.0,118.0,1.0,1.0,19.0,4.0,10.0,112.4,1.0,0.0,0.0,1.0,0.0,0.0,19.0,0.0,0.0,6.0,10.0,5.0,11.2857142857143,0.0,0.0,6.0,7.0,0.0,0.0,0.0,16.2,0.30000000000000004,-0.92,Dropout
1.0,1.0,1.0,171.0,1.0,1.0,174.0,1.0,5.0,3.0,3.0,3.0,157.9,0.0,0.0,0.0,1.0,0.0,0.0,18.0,0.0,0.0,0.0,0.0,0.0,0.0,0.0,0.0,0.0,0.0,0.0,0.0,0.0,13.9,-0.30000000000000004,0.79,Graduate
1.0,43.0,1.0,9254.0,1.0,1.0,142.0,1.0,38.0,38.0,9.0,9.0,125.9,0.0,0.0,0.0,1.0,0.0,1.0,19.0,0.0,0.0,6.0,0.0,0.0,0.0,0.0,0.0,6.0,11.0,1.0,10.0,0.0,10.8,1.4000000000000001,1.74,Dropout
1.0,17.0,2.0,9500.0,1.0,1.0,131.0,1.0,38.0,1.0,5.0,7.0,118.4,1.0,0.0,0.0,1.0,0.0,1.0,20.0,0.0,0.0,7.0,9.0,6.0,13.766666666666701,0.0,0.0,8.0,9.0,8.0,13.744444444444401,0.0,16.2,0.30000000000000004,-0.92,Dropout
1.0,1.0,3.0,9500.0,1.0,1.0,139.0,1.0,18.0,18.0,1.0,1.0,130.8,1.0,0.0,0.0,0.0,0.0,0.0,18.0,0.0,0.0,8.0,9.0,6.0,12.7583333333333,1.0,0.0,8.0,9.0,6.0,12.7583333333333,1.0,9.4,-0.8,-3.12,Dropout
1.0,1.0,1.0,171.0,1.0,1.0,170.0,1.0,19.0,19.0,8.0,8.0,176.70000000000002,1.0,0.0,0.0,1.0,0.0,1.0,19.0,0.0,0.0,0.0,0.0,0.0,0.0,0.0,0.0,0.0,0.0,0.0,0.0,0.0,11.100000000000001,0.6000000000000001,2.02,Dropout
1.0,1.0,1.0,9070.0,1.0,1.0,182.0,1.0,19.0,1.0,5.0,7.0,156.8,1.0,0.0,0.0,1.0,0.0,0.0,18.0,0.0,0.0,6.0,6.0,6.0,12.6666666666667,0.0,0.0,6.0,8.0,6.0,13.25,0.0,10.8,1.4000000000000001,1.74,Graduate
1.0,1.0,1.0,9085.0,1.0,1.0,125.0,1.0,19.0,37.0,3.0,7.0,126.80000000000001,0.0,0.0,0.0,1.0,0.0,0.0,18.0,0.0,0.0,6.0,13.0,6.0,12.0,0.0,0.0,6.0,16.0,4.0,12.75,0.0,11.100000000000001,0.6000000000000001,2.02,Enrolled
1.0,1.0,1.0,9238.0,1.0,1.0,142.0,1.0,1.0,37.0,5.0,7.0,128.0,0.0,0.0,0.0,1.0,0.0,1.0,19.0,0.0,0.0,6.0,8.0,6.0,12.25,0.0,0.0,6.0,8.0,6.0,12.0,0.0,16.2,0.30000000000000004,-0.92,Graduate
1.0,1.0,2.0,9147.0,1.0,1.0,119.0,1.0,19.0,37.0,4.0,5.0,113.80000000000001,1.0,0.0,0.0,1.0,0.0,0.0,20.0,0.0,0.0,5.0,8.0,3.0,11.3333333333333,0.0,0.0,5.0,8.0,5.0,12.200000000000001,0.0,7.6000000000000005,2.6,0.32,Graduate
1.0,17.0,5.0,9500.0,1.0,1.0,128.0,1.0,1.0,1.0,4.0,5.0,120.80000000000001,1.0,0.0,0.0,1.0,0.0,1.0,19.0,0.0,0.0,7.0,9.0,7.0,13.5071428571429,0.0,0.0,8.0,12.0,8.0,13.05,0.0,16.2,0.30000000000000004,-0.92,Graduate
1.0,1.0,3.0,9500.0,1.0,1.0,150.0,1.0,19.0,38.0,1.0,1.0,130.8,1.0,0.0,0.0,1.0,0.0,0.0,18.0,0.0,0.0,8.0,8.0,7.0,13.6142857142857,0.0,0.0,8.0,8.0,7.0,13.6142857142857,0.0,12.700000000000001,3.7,-1.7000000000000002,Graduate
1.0,39.0,1.0,9254.0,1.0,1.0,133.1,1.0,19.0,1.0,4.0,1.0,101.0,0.0,0.0,1.0,1.0,0.0,0.0,25.0,0.0,0.0,6.0,6.0,0.0,0.0,0.0,0.0,6.0,6.0,0.0,0.0,0.0,15.5,2.8000000000000003,-4.0600000000000005,Dropout
1.0,17.0,5.0,9070.0,1.0,1.0,131.0,1.0,37.0,37.0,9.0,9.0,126.10000000000001,1.0,0.0,0.0,0.0,0.0,0.0,18.0,0.0,0.0,6.0,9.0,4.0,11.5,1.0,0.0,6.0,6.0,6.0,12.1666666666667,0.0,7.6000000000000005,2.6,0.32,Graduate
1.0,1.0,5.0,9773.0,1.0,1.0,118.0,1.0,38.0,19.0,9.0,9.0,113.80000000000001,1.0,0.0,0.0,1.0,0.0,0.0,19.0,0.0,0.0,6.0,7.0,6.0,12.3333333333333,0.0,0.0,6.0,7.0,6.0,12.5,0.0,8.9,1.4000000000000001,3.5100000000000002,Graduate
1.0,17.0,2.0,9556.0,1.0,1.0,122.0,1.0,19.0,38.0,4.0,8.0,118.30000000000001,1.0,0.0,0.0,1.0,0.0,1.0,19.0,0.0,0.0,7.0,7.0,7.0,11.9714285714286,0.0,0.0,8.0,8.0,8.0,14.4375,0.0,15.5,2.8000000000000003,-4.0600000000000005,Graduate
1.0,1.0,1.0,9147.0,1.0,1.0,116.0,1.0,19.0,19.0,5.0,8.0,127.9,0.0,0.0,1.0,0.0,0.0,1.0,20.0,0.0,0.0,5.0,12.0,2.0,13.0,1.0,0.0,5.0,13.0,2.0,11.5,0.0,9.4,-0.8,-3.12,Dropout
1.0,17.0,5.0,9500.0,1.0,1.0,137.0,1.0,1.0,1.0,5.0,4.0,131.1,1.0,0.0,0.0,1.0,0.0,0.0,18.0,0.0,0.0,7.0,9.0,7.0,12.3857142857143,0.0,0.0,8.0,9.0,7.0,12.728571428571401,0.0,13.9,-0.30000000000000004,0.79,Enrolled
1.0,17.0,4.0,9085.0,1.0,1.0,128.0,1.0,38.0,37.0,4.0,9.0,117.9,1.0,0.0,0.0,1.0,0.0,0.0,20.0,0.0,0.0,5.0,12.0,2.0,13.5,0.0,0.0,5.0,12.0,5.0,11.2857142857143,1.0,10.8,1.4000000000000001,1.74,Graduate
1.0,17.0,1.0,9238.0,1.0,1.0,123.0,1.0,1.0,1.0,9.0,9.0,115.7,1.0,0.0,0.0,1.0,0.0,0.0,21.0,0.0,0.0,6.0,8.0,6.0,12.1666666666667,0.0,0.0,6.0,7.0,6.0,13.2857142857143,0.0,11.100000000000001,0.6000000000000001,2.02,Graduate
1.0,1.0,2.0,171.0,1.0,1.0,133.1,1.0,3.0,1.0,2.0,3.0,141.0,1.0,0.0,0.0,1.0,0.0,0.0,19.0,0.0,0.0,0.0,0.0,0.0,0.0,0.0,0.0,0.0,0.0,0.0,0.0,0.0,12.700000000000001,3.7,-1.7000000000000002,Graduate
2.0,39.0,1.0,8014.0,0.0,12.0,110.0,1.0,37.0,37.0,7.0,9.0,120.0,0.0,0.0,0.0,1.0,0.0,0.0,42.0,0.0,0.0,6.0,6.0,6.0,11.6666666666667,0.0,0.0,6.0,6.0,6.0,13.6666666666667,0.0,10.8,1.4000000000000001,1.74,Graduate
1.0,17.0,1.0,9130.0,1.0,1.0,143.0,1.0,3.0,3.0,2.0,2.0,131.8,1.0,0.0,1.0,0.0,0.0,0.0,18.0,0.0,0.0,6.0,9.0,5.0,12.4,0.0,0.0,6.0,12.0,5.0,14.1666666666667,0.0,8.9,1.4000000000000001,3.5100000000000002,Enrolled
1.0,1.0,1.0,9070.0,1.0,1.0,150.0,1.0,37.0,37.0,9.0,6.0,131.1,0.0,0.0,0.0,1.0,0.0,1.0,19.0,0.0,0.0,6.0,7.0,5.0,13.4,0.0,0.0,6.0,6.0,6.0,12.8333333333333,0.0,15.5,2.8000000000000003,-4.0600000000000005,Graduate
1.0,1.0,6.0,9254.0,1.0,1.0,129.0,1.0,38.0,19.0,9.0,5.0,117.80000000000001,1.0,0.0,0.0,1.0,0.0,0.0,18.0,0.0,0.0,6.0,11.0,6.0,12.0,0.0,0.0,6.0,11.0,4.0,12.5,0.0,8.9,1.4000000000000001,3.5100000000000002,Graduate
1.0,10.0,1.0,9085.0,1.0,1.0,140.0,1.0,19.0,19.0,4.0,5.0,140.0,1.0,0.0,0.0,1.0,0.0,0.0,21.0,0.0,0.0,5.0,6.0,5.0,14.200000000000001,0.0,0.0,5.0,5.0,5.0,14.8,0.0,10.8,1.4000000000000001,1.74,Graduate
1.0,1.0,1.0,9238.0,1.0,1.0,133.1,1.0,38.0,37.0,5.0,5.0,108.0,0.0,0.0,0.0,1.0,0.0,1.0,20.0,0.0,0.0,6.0,8.0,6.0,12.125,0.0,0.0,6.0,7.0,6.0,14.4285714285714,0.0,16.2,0.30000000000000004,-0.92,Graduate
1.0,1.0,1.0,9853.0,1.0,1.0,132.0,1.0,1.0,19.0,3.0,3.0,122.9,1.0,0.0,0.0,1.0,0.0,0.0,20.0,0.0,0.0,7.0,7.0,7.0,13.8571428571429,0.0,0.0,7.0,7.0,7.0,13.2857142857143,0.0,11.100000000000001,0.6000000000000001,2.02,Graduate
1.0,44.0,1.0,9085.0,1.0,39.0,130.0,1.0,3.0,1.0,2.0,9.0,130.0,1.0,0.0,0.0,1.0,0.0,0.0,21.0,0.0,1.0,6.0,13.0,3.0,11.75,0.0,1.0,6.0,13.0,5.0,12.3333333333333,0.0,12.4,0.5,1.79,Enrolled
1.0,1.0,4.0,9500.0,1.0,1.0,137.0,1.0,38.0,37.0,7.0,7.0,126.0,1.0,0.0,0.0,1.0,0.0,0.0,19.0,0.0,0.0,7.0,9.0,7.0,14.283333333333301,0.0,0.0,8.0,9.0,8.0,13.1255555555556,0.0,15.5,2.8000000000000003,-4.0600000000000005,Graduate
1.0,42.0,1.0,9238.0,1.0,1.0,133.1,1.0,1.0,19.0,4.0,9.0,134.0,0.0,0.0,0.0,1.0,0.0,0.0,21.0,0.0,10.0,13.0,21.0,11.0,13.2727272727273,0.0,6.0,11.0,13.0,9.0,13.0,0.0,7.6000000000000005,2.6,0.32,Graduate
1.0,1.0,1.0,9070.0,1.0,1.0,143.0,1.0,38.0,19.0,151.0,193.0,134.3,1.0,1.0,0.0,1.0,0.0,0.0,19.0,0.0,0.0,6.0,6.0,6.0,14.6666666666667,0.0,0.0,6.0,7.0,6.0,15.1428571428571,0.0,8.9,1.4000000000000001,3.5100000000000002,Graduate
1.0,1.0,1.0,9500.0,1.0,1.0,148.0,1.0,19.0,19.0,9.0,9.0,138.70000000000002,0.0,0.0,0.0,1.0,0.0,1.0,19.0,0.0,0.0,7.0,10.0,7.0,15.115,0.0,0.0,8.0,10.0,8.0,15.092,0.0,15.5,2.8000000000000003,-4.0600000000000005,Graduate
1.0,17.0,2.0,171.0,1.0,1.0,137.0,1.0,1.0,1.0,4.0,1.0,143.3,1.0,0.0,0.0,1.0,0.0,0.0,18.0,0.0,0.0,0.0,0.0,0.0,0.0,0.0,0.0,0.0,0.0,0.0,0.0,0.0,9.4,-0.8,-3.12,Enrolled
1.0,44.0,1.0,9085.0,1.0,39.0,160.0,1.0,37.0,19.0,9.0,10.0,160.0,1.0,0.0,0.0,1.0,0.0,0.0,22.0,0.0,1.0,6.0,13.0,6.0,15.0,0.0,1.0,6.0,7.0,6.0,13.1428571428571,0.0,16.2,0.30000000000000004,-0.92,Graduate
1.0,1.0,2.0,9853.0,1.0,1.0,112.0,1.0,3.0,1.0,3.0,5.0,111.0,0.0,0.0,0.0,1.0,0.0,0.0,21.0,0.0,0.0,6.0,8.0,5.0,13.200000000000001,0.0,0.0,6.0,9.0,5.0,14.3333333333333,0.0,9.4,-0.8,-3.12,Graduate
1.0,17.0,4.0,9254.0,1.0,1.0,133.0,1.0,37.0,37.0,5.0,8.0,128.5,1.0,0.0,0.0,1.0,0.0,1.0,18.0,0.0,0.0,6.0,14.0,2.0,11.0,0.0,0.0,6.0,14.0,3.0,10.3333333333333,0.0,7.6000000000000005,2.6,0.32,Dropout
1.0,1.0,4.0,9500.0,1.0,1.0,142.0,1.0,1.0,3.0,1.0,2.0,133.0,0.0,0.0,0.0,1.0,0.0,1.0,20.0,0.0,0.0,8.0,8.0,7.0,14.5657142857143,0.0,0.0,8.0,8.0,7.0,14.5657142857143,0.0,10.8,1.4000000000000001,1.74,Graduate
1.0,17.0,2.0,9670.0,1.0,1.0,123.0,1.0,34.0,37.0,0.0,0.0,114.60000000000001,1.0,0.0,1.0,0.0,0.0,0.0,18.0,0.0,0.0,5.0,8.0,3.0,12.0,0.0,0.0,5.0,6.0,4.0,10.75,0.0,7.6000000000000005,2.6,0.32,Dropout
1.0,17.0,1.0,9238.0,1.0,1.0,103.0,1.0,19.0,37.0,7.0,9.0,104.10000000000001,0.0,0.0,0.0,1.0,0.0,0.0,20.0,0.0,0.0,6.0,6.0,0.0,0.0,0.0,0.0,5.0,5.0,0.0,0.0,0.0,8.9,1.4000000000000001,3.5100000000000002,Dropout
1.0,17.0,4.0,9500.0,1.0,1.0,140.0,1.0,1.0,1.0,3.0,3.0,127.60000000000001,1.0,0.0,0.0,1.0,0.0,0.0,23.0,0.0,0.0,7.0,7.0,6.0,13.7966666666667,0.0,0.0,8.0,11.0,7.0,13.775,0.0,12.4,0.5,1.79,Graduate
1.0,1.0,2.0,9773.0,1.0,1.0,159.0,1.0,1.0,1.0,3.0,3.0,151.0,1.0,0.0,0.0,1.0,0.0,0.0,18.0,0.0,0.0,6.0,6.0,6.0,14.8333333333333,0.0,0.0,6.0,6.0,6.0,15.3333333333333,0.0,12.700000000000001,3.7,-1.7000000000000002,Graduate
1.0,44.0,1.0,9238.0,1.0,39.0,140.0,1.0,1.0,1.0,9.0,3.0,135.70000000000002,1.0,0.0,0.0,1.0,0.0,0.0,20.0,0.0,3.0,6.0,6.0,6.0,12.8333333333333,0.0,2.0,6.0,6.0,6.0,13.8333333333333,0.0,12.4,0.5,1.79,Graduate
1.0,17.0,1.0,9500.0,1.0,1.0,148.0,1.0,38.0,37.0,5.0,9.0,137.8,1.0,0.0,0.0,1.0,0.0,1.0,18.0,0.0,0.0,8.0,8.0,7.0,14.9628571428571,0.0,0.0,8.0,8.0,7.0,14.9628571428571,0.0,10.8,1.4000000000000001,1.74,Graduate
1.0,1.0,6.0,9147.0,1.0,1.0,112.0,1.0,38.0,38.0,9.0,9.0,117.30000000000001,1.0,0.0,0.0,1.0,0.0,0.0,20.0,0.0,0.0,5.0,8.0,4.0,12.0,0.0,0.0,5.0,8.0,5.0,11.200000000000001,0.0,11.100000000000001,0.6000000000000001,2.02,Graduate
1.0,18.0,2.0,9500.0,1.0,1.0,131.0,1.0,1.0,3.0,3.0,2.0,121.2,1.0,0.0,0.0,1.0,0.0,0.0,18.0,0.0,0.0,7.0,8.0,7.0,12.4,0.0,0.0,8.0,9.0,8.0,12.8,0.0,16.2,0.30000000000000004,-0.92,Graduate
1.0,17.0,1.0,9670.0,1.0,1.0,145.0,1.0,3.0,3.0,2.0,1.0,129.3,1.0,0.0,0.0,1.0,0.0,0.0,20.0,0.0,0.0,6.0,7.0,6.0,15.5714285714286,0.0,0.0,6.0,6.0,6.0,17.1666666666667,0.0,16.2,0.30000000000000004,-0.92,Graduate
1.0,1.0,5.0,9500.0,1.0,1.0,133.1,1.0,1.0,1.0,5.0,8.0,123.0,1.0,0.0,0.0,1.0,0.0,0.0,19.0,0.0,0.0,8.0,8.0,7.0,13.714285714285701,0.0,0.0,8.0,8.0,7.0,13.714285714285701,0.0,12.700000000000001,3.7,-1.7000000000000002,Graduate
1.0,44.0,1.0,9085.0,1.0,39.0,140.0,1.0,1.0,19.0,4.0,4.0,140.0,0.0,0.0,0.0,1.0,0.0,0.0,21.0,0.0,2.0,6.0,9.0,6.0,13.1428571428571,0.0,0.0,6.0,9.0,6.0,12.1666666666667,0.0,13.9,-0.30000000000000004,0.79,Graduate
2.0,7.0,1.0,9070.0,1.0,43.0,140.0,1.0,37.0,1.0,9.0,7.0,140.0,0.0,0.0,0.0,1.0,0.0,0.0,33.0,0.0,0.0,6.0,7.0,6.0,15.0,0.0,0.0,6.0,8.0,3.0,11.0,0.0,11.100000000000001,0.6000000000000001,2.02,Graduate
1.0,1.0,1.0,9085.0,1.0,1.0,150.0,1.0,12.0,2.0,4.0,2.0,144.6,0.0,0.0,1.0,0.0,0.0,0.0,24.0,0.0,0.0,5.0,6.0,1.0,13.0,0.0,0.0,5.0,5.0,0.0,0.0,0.0,7.6000000000000005,2.6,0.32,Dropout
1.0,43.0,1.0,9238.0,1.0,1.0,120.0,1.0,1.0,38.0,4.0,3.0,118.30000000000001,0.0,0.0,0.0,1.0,0.0,1.0,20.0,0.0,8.0,11.0,12.0,11.0,12.0,0.0,6.0,11.0,14.0,11.0,12.75,0.0,13.9,-0.30000000000000004,0.79,Graduate
1.0,1.0,1.0,171.0,1.0,1.0,156.0,1.0,19.0,38.0,9.0,1.0,153.60000000000002,1.0,0.0,0.0,1.0,0.0,0.0,18.0,0.0,0.0,0.0,0.0,0.0,0.0,0.0,0.0,0.0,0.0,0.0,0.0,0.0,9.4,-0.8,-3.12,Graduate
1.0,1.0,4.0,9070.0,1.0,1.0,167.0,1.0,1.0,1.0,7.0,3.0,158.3,1.0,0.0,0.0,1.0,0.0,0.0,18.0,0.0,0.0,6.0,6.0,6.0,15.1666666666667,0.0,0.0,6.0,6.0,6.0,14.1666666666667,0.0,15.5,2.8000000000000003,-4.0600000000000005,Graduate
1.0,43.0,1.0,8014.0,0.0,6.0,133.1,1.0,34.0,34.0,0.0,0.0,100.0,0.0,0.0,1.0,1.0,0.0,0.0,29.0,0.0,1.0,6.0,9.0,4.0,12.0,0.0,1.0,6.0,13.0,2.0,10.5,0.0,7.6000000000000005,2.6,0.32,Dropout
1.0,17.0,1.0,9500.0,1.0,1.0,147.0,1.0,1.0,1.0,5.0,5.0,134.9,0.0,1.0,0.0,1.0,0.0,0.0,18.0,0.0,0.0,7.0,7.0,7.0,13.6428571428571,0.0,0.0,8.0,11.0,8.0,14.7727272727273,0.0,16.2,0.30000000000000004,-0.92,Graduate
1.0,1.0,3.0,9773.0,1.0,1.0,129.0,1.0,38.0,37.0,5.0,5.0,142.0,1.0,0.0,0.0,1.0,0.0,0.0,19.0,0.0,0.0,6.0,8.0,6.0,12.6666666666667,0.0,0.0,6.0,7.0,6.0,12.714285714285701,0.0,9.4,-0.8,-3.12,Graduate
1.0,17.0,1.0,171.0,1.0,1.0,136.0,1.0,38.0,38.0,7.0,7.0,127.30000000000001,1.0,0.0,0.0,1.0,0.0,0.0,19.0,0.0,0.0,0.0,0.0,0.0,0.0,0.0,0.0,0.0,0.0,0.0,0.0,0.0,15.5,2.8000000000000003,-4.0600000000000005,Dropout
1.0,17.0,1.0,9238.0,1.0,1.0,128.0,1.0,19.0,19.0,5.0,4.0,116.5,0.0,0.0,0.0,1.0,0.0,1.0,18.0,0.0,0.0,6.0,8.0,5.0,10.8,0.0,0.0,6.0,9.0,6.0,10.5,0.0,12.4,0.5,1.79,Graduate
1.0,43.0,1.0,9500.0,1.0,1.0,140.0,1.0,19.0,19.0,7.0,7.0,138.6,0.0,0.0,0.0,1.0,0.0,1.0,19.0,0.0,0.0,7.0,9.0,6.0,14.25,0.0,0.0,8.0,11.0,8.0,13.0636363636364,0.0,16.2,0.30000000000000004,-0.92,Graduate
1.0,42.0,1.0,9853.0,1.0,1.0,141.0,1.0,37.0,19.0,9.0,3.0,133.0,0.0,0.0,0.0,1.0,0.0,0.0,20.0,0.0,6.0,14.0,22.0,12.0,12.1538461538462,0.0,5.0,12.0,18.0,10.0,12.9,0.0,10.8,1.4000000000000001,1.74,Dropout
1.0,17.0,2.0,9238.0,1.0,1.0,133.0,1.0,2.0,1.0,3.0,4.0,136.20000000000002,1.0,0.0,0.0,1.0,0.0,0.0,19.0,0.0,0.0,6.0,14.0,1.0,11.5,0.0,0.0,6.0,12.0,2.0,10.5,0.0,7.6000000000000005,2.6,0.32,Enrolled
1.0,17.0,1.0,9254.0,1.0,1.0,125.0,1.0,19.0,19.0,7.0,5.0,118.0,1.0,0.0,0.0,1.0,0.0,1.0,19.0,0.0,0.0,6.0,10.0,4.0,12.25,0.0,0.0,6.0,9.0,3.0,12.3333333333333,0.0,9.4,-0.8,-3.12,Graduate
1.0,1.0,1.0,9070.0,1.0,1.0,124.0,1.0,19.0,37.0,4.0,4.0,126.80000000000001,0.0,0.0,0.0,1.0,0.0,1.0,18.0,0.0,1.0,6.0,8.0,6.0,12.0,1.0,0.0,6.0,12.0,5.0,11.1428571428571,0.0,13.9,-0.30000000000000004,0.79,Enrolled
1.0,1.0,6.0,9500.0,1.0,1.0,140.0,1.0,19.0,38.0,5.0,7.0,128.5,1.0,0.0,0.0,1.0,0.0,1.0,18.0,0.0,0.0,8.0,8.0,8.0,13.40375,0.0,0.0,8.0,8.0,8.0,13.40375,0.0,9.4,-0.8,-3.12,Graduate
1.0,17.0,1.0,9254.0,1.0,1.0,140.0,1.0,3.0,1.0,2.0,3.0,129.9,0.0,0.0,0.0,1.0,0.0,1.0,19.0,0.0,0.0,6.0,15.0,6.0,11.3333333333333,0.0,0.0,6.0,9.0,3.0,12.6666666666667,0.0,9.4,-0.8,-3.12,Graduate
1.0,17.0,4.0,9773.0,1.0,1.0,137.0,1.0,1.0,1.0,5.0,5.0,125.80000000000001,0.0,0.0,1.0,1.0,1.0,0.0,20.0,0.0,0.0,6.0,7.0,5.0,12.200000000000001,0.0,0.0,6.0,6.0,6.0,12.3333333333333,0.0,12.700000000000001,3.7,-1.7000000000000002,Dropout
1.0,17.0,1.0,171.0,1.0,1.0,144.0,1.0,37.0,37.0,9.0,6.0,129.3,1.0,0.0,0.0,1.0,1.0,1.0,18.0,0.0,0.0,0.0,0.0,0.0,0.0,0.0,0.0,0.0,0.0,0.0,0.0,0.0,7.6000000000000005,2.6,0.32,Enrolled
1.0,1.0,6.0,9500.0,1.0,1.0,138.0,1.0,4.0,19.0,2.0,3.0,124.7,1.0,0.0,0.0,1.0,1.0,0.0,18.0,0.0,0.0,7.0,0.0,0.0,0.0,0.0,0.0,8.0,0.0,0.0,0.0,0.0,16.2,0.30000000000000004,-0.92,Dropout
1.0,39.0,1.0,9003.0,1.0,1.0,130.0,1.0,3.0,1.0,2.0,4.0,154.9,0.0,0.0,1.0,0.0,1.0,0.0,35.0,0.0,0.0,6.0,8.0,5.0,16.1666666666667,0.0,0.0,6.0,10.0,4.0,16.0,0.0,8.9,1.4000000000000001,3.5100000000000002,Dropout
1.0,17.0,1.0,9119.0,1.0,1.0,142.0,1.0,19.0,38.0,9.0,7.0,127.30000000000001,0.0,0.0,0.0,1.0,1.0,0.0,18.0,0.0,0.0,5.0,10.0,3.0,11.0,0.0,0.0,5.0,6.0,3.0,11.0,1.0,16.2,0.30000000000000004,-0.92,Enrolled
1.0,1.0,1.0,171.0,1.0,1.0,136.0,1.0,37.0,19.0,5.0,8.0,129.0,1.0,0.0,0.0,1.0,1.0,1.0,19.0,0.0,0.0,0.0,0.0,0.0,0.0,0.0,0.0,0.0,0.0,0.0,0.0,0.0,13.9,-0.30000000000000004,0.79,Graduate
1.0,1.0,2.0,9773.0,1.0,1.0,133.1,1.0,38.0,19.0,4.0,7.0,98.0,1.0,0.0,0.0,1.0,1.0,1.0,19.0,0.0,0.0,6.0,8.0,4.0,12.0,0.0,0.0,6.0,8.0,6.0,12.2857142857143,0.0,15.5,2.8000000000000003,-4.0600000000000005,Enrolled
1.0,17.0,2.0,9147.0,1.0,1.0,130.0,1.0,1.0,38.0,5.0,7.0,122.0,1.0,0.0,0.0,1.0,1.0,0.0,20.0,0.0,0.0,5.0,8.0,2.0,10.5,0.0,0.0,5.0,11.0,4.0,12.25,0.0,10.8,1.4000000000000001,1.74,Enrolled
1.0,43.0,1.0,9070.0,1.0,1.0,117.0,1.0,1.0,1.0,4.0,7.0,112.5,1.0,0.0,0.0,1.0,1.0,0.0,19.0,0.0,3.0,6.0,7.0,3.0,11.6666666666667,0.0,1.0,6.0,13.0,4.0,10.3333333333333,0.0,13.9,-0.30000000000000004,0.79,Enrolled
1.0,1.0,3.0,9147.0,1.0,1.0,136.0,1.0,38.0,38.0,9.0,9.0,127.30000000000001,1.0,0.0,0.0,1.0,1.0,0.0,19.0,0.0,0.0,5.0,8.0,3.0,11.0,0.0,0.0,5.0,7.0,2.0,10.0,0.0,12.700000000000001,3.7,-1.7000000000000002,Dropout
1.0,39.0,2.0,9556.0,1.0,1.0,133.1,1.0,1.0,1.0,9.0,10.0,100.5,0.0,0.0,0.0,1.0,1.0,0.0,24.0,0.0,0.0,7.0,18.0,0.0,0.0,0.0,0.0,7.0,13.0,0.0,0.0,1.0,11.100000000000001,0.6000000000000001,2.02,Dropout
1.0,39.0,1.0,8014.0,0.0,1.0,140.0,1.0,37.0,37.0,9.0,7.0,122.0,1.0,0.0,1.0,0.0,1.0,0.0,29.0,0.0,0.0,6.0,11.0,4.0,12.5,0.0,0.0,6.0,7.0,0.0,0.0,0.0,12.4,0.5,1.79,Dropout
1.0,39.0,1.0,9500.0,1.0,1.0,150.0,1.0,38.0,3.0,9.0,1.0,140.0,0.0,0.0,0.0,1.0,1.0,0.0,24.0,0.0,0.0,7.0,11.0,7.0,11.2944444444444,0.0,0.0,8.0,22.0,2.0,12.600000000000001,0.0,15.5,2.8000000000000003,-4.0600000000000005,Graduate
1.0,17.0,2.0,9254.0,1.0,1.0,121.0,1.0,19.0,38.0,6.0,6.0,116.10000000000001,1.0,0.0,0.0,1.0,1.0,0.0,19.0,0.0,0.0,6.0,8.0,5.0,11.200000000000001,0.0,0.0,6.0,11.0,4.0,12.5,0.0,15.5,2.8000000000000003,-4.0600000000000005,Graduate
2.0,7.0,1.0,171.0,1.0,3.0,120.0,1.0,19.0,19.0,9.0,9.0,130.0,1.0,0.0,0.0,1.0,1.0,0.0,37.0,0.0,0.0,0.0,0.0,0.0,0.0,0.0,0.0,0.0,0.0,0.0,0.0,0.0,7.6000000000000005,2.6,0.32,Dropout
1.0,5.0,2.0,9070.0,1.0,1.0,143.0,1.0,1.0,1.0,4.0,10.0,146.20000000000002,1.0,0.0,0.0,1.0,1.0,0.0,18.0,0.0,0.0,6.0,7.0,5.0,13.200000000000001,0.0,0.0,6.0,6.0,5.0,11.8,0.0,16.2,0.30000000000000004,-0.92,Graduate
1.0,44.0,1.0,9119.0,1.0,39.0,180.0,1.0,1.0,1.0,9.0,8.0,180.0,0.0,0.0,0.0,1.0,1.0,1.0,20.0,0.0,3.0,7.0,12.0,6.0,14.1428571428571,0.0,1.0,6.0,10.0,6.0,14.125,0.0,12.4,0.5,1.79,Enrolled
1.0,1.0,5.0,9147.0,1.0,1.0,132.0,1.0,39.0,39.0,3.0,3.0,127.80000000000001,1.0,0.0,0.0,0.0,1.0,0.0,18.0,0.0,0.0,5.0,0.0,0.0,0.0,0.0,0.0,5.0,0.0,0.0,0.0,0.0,11.100000000000001,0.6000000000000001,2.02,Dropout
1.0,43.0,1.0,9147.0,1.0,1.0,130.0,1.0,37.0,19.0,9.0,8.0,130.8,0.0,0.0,0.0,1.0,1.0,0.0,22.0,0.0,0.0,5.0,5.0,0.0,0.0,0.0,0.0,5.0,9.0,3.0,13.3333333333333,2.0,16.2,0.30000000000000004,-0.92,Enrolled
1.0,17.0,2.0,9147.0,1.0,1.0,133.1,1.0,38.0,38.0,4.0,7.0,109.0,1.0,0.0,0.0,1.0,1.0,1.0,22.0,0.0,0.0,5.0,7.0,3.0,12.3333333333333,0.0,0.0,5.0,9.0,3.0,10.5714285714286,0.0,10.8,1.4000000000000001,1.74,Enrolled
1.0,1.0,5.0,9773.0,1.0,1.0,131.0,1.0,1.0,38.0,9.0,5.0,132.4,1.0,0.0,1.0,0.0,1.0,0.0,18.0,0.0,0.0,6.0,6.0,0.0,0.0,0.0,0.0,6.0,0.0,0.0,0.0,0.0,11.100000000000001,0.6000000000000001,2.02,Dropout
1.0,1.0,3.0,9500.0,1.0,1.0,149.0,1.0,1.0,1.0,4.0,4.0,129.3,1.0,0.0,0.0,1.0,1.0,0.0,18.0,0.0,0.0,8.0,8.0,7.0,13.100000000000001,0.0,0.0,8.0,8.0,7.0,13.100000000000001,0.0,12.700000000000001,3.7,-1.7000000000000002,Graduate
1.0,1.0,1.0,9070.0,1.0,1.0,124.0,1.0,37.0,37.0,9.0,9.0,125.4,1.0,0.0,0.0,1.0,1.0,0.0,19.0,0.0,0.0,6.0,6.0,6.0,13.5,0.0,0.0,6.0,6.0,6.0,13.1666666666667,0.0,9.4,-0.8,-3.12,Graduate
1.0,1.0,1.0,9119.0,1.0,1.0,126.0,1.0,38.0,19.0,5.0,5.0,130.20000000000002,0.0,0.0,0.0,1.0,1.0,0.0,19.0,0.0,0.0,5.0,7.0,5.0,10.200000000000001,0.0,0.0,5.0,8.0,3.0,12.0,0.0,10.8,1.4000000000000001,1.74,Enrolled
1.0,1.0,1.0,9238.0,1.0,1.0,140.0,1.0,19.0,38.0,9.0,9.0,132.0,0.0,0.0,0.0,1.0,1.0,0.0,19.0,0.0,0.0,6.0,10.0,5.0,11.5714285714286,0.0,0.0,6.0,10.0,3.0,13.0,0.0,16.2,0.30000000000000004,-0.92,Dropout
1.0,44.0,1.0,9003.0,1.0,39.0,170.0,1.0,19.0,19.0,9.0,7.0,170.0,1.0,0.0,1.0,1.0,1.0,0.0,21.0,0.0,0.0,6.0,7.0,6.0,15.2857142857143,0.0,0.0,6.0,6.0,6.0,15.1666666666667,0.0,12.4,0.5,1.79,Graduate
1.0,1.0,2.0,9773.0,1.0,1.0,133.0,1.0,3.0,1.0,2.0,4.0,130.20000000000002,0.0,0.0,0.0,1.0,1.0,0.0,19.0,0.0,0.0,6.0,9.0,5.0,12.600000000000001,0.0,6.0,10.0,16.0,8.0,11.0,1.0,8.9,1.4000000000000001,3.5100000000000002,Enrolled
1.0,18.0,2.0,9556.0,1.0,1.0,126.0,1.0,3.0,3.0,2.0,2.0,115.5,0.0,0.0,0.0,1.0,1.0,0.0,18.0,0.0,0.0,7.0,11.0,6.0,13.4333333333333,0.0,0.0,7.0,10.0,4.0,13.600000000000001,0.0,8.9,1.4000000000000001,3.5100000000000002,Graduate
1.0,16.0,2.0,9147.0,1.0,1.0,129.0,1.0,19.0,19.0,4.0,9.0,127.60000000000001,1.0,0.0,0.0,1.0,1.0,0.0,19.0,0.0,0.0,5.0,8.0,5.0,11.600000000000001,0.0,0.0,5.0,9.0,3.0,11.0,0.0,10.8,1.4000000000000001,1.74,Dropout
1.0,7.0,1.0,9773.0,1.0,43.0,140.0,1.0,19.0,1.0,4.0,8.0,140.0,0.0,0.0,0.0,1.0,1.0,0.0,25.0,0.0,0.0,6.0,6.0,6.0,14.6666666666667,0.0,0.0,6.0,6.0,6.0,13.5,0.0,11.100000000000001,0.6000000000000001,2.02,Graduate
1.0,1.0,1.0,9070.0,1.0,1.0,130.0,1.0,37.0,1.0,9.0,8.0,120.2,1.0,0.0,0.0,1.0,1.0,0.0,22.0,0.0,0.0,6.0,9.0,6.0,14.6666666666667,0.0,0.0,6.0,12.0,6.0,14.6666666666667,0.0,12.700000000000001,3.7,-1.7000000000000002,Graduate
1.0,39.0,1.0,9500.0,1.0,1.0,130.0,1.0,1.0,1.0,4.0,9.0,150.0,0.0,0.0,0.0,1.0,1.0,0.0,24.0,0.0,0.0,8.0,8.0,7.0,12.742857142857101,0.0,0.0,8.0,8.0,7.0,12.742857142857101,0.0,12.700000000000001,3.7,-1.7000000000000002,Graduate
1.0,1.0,2.0,9500.0,1.0,1.0,99.0,1.0,1.0,3.0,5.0,10.0,100.0,1.0,0.0,0.0,1.0,1.0,0.0,19.0,0.0,0.0,7.0,9.0,7.0,11.975,0.0,0.0,8.0,9.0,7.0,13.1285714285714,0.0,13.9,-0.30000000000000004,0.79,Graduate
1.0,43.0,1.0,9119.0,1.0,1.0,146.0,1.0,3.0,1.0,2.0,3.0,100.0,0.0,0.0,0.0,1.0,1.0,0.0,18.0,0.0,0.0,5.0,9.0,4.0,12.25,0.0,0.0,5.0,11.0,3.0,11.6666666666667,0.0,13.9,-0.30000000000000004,0.79,Enrolled
1.0,17.0,1.0,171.0,1.0,1.0,129.0,1.0,38.0,37.0,4.0,6.0,128.0,0.0,0.0,0.0,0.0,1.0,0.0,20.0,0.0,0.0,0.0,0.0,0.0,0.0,0.0,0.0,0.0,0.0,0.0,0.0,0.0,9.4,-0.8,-3.12,Dropout
1.0,1.0,2.0,9500.0,1.0,1.0,132.0,1.0,19.0,19.0,9.0,7.0,128.0,1.0,0.0,0.0,1.0,1.0,1.0,19.0,0.0,0.0,8.0,8.0,7.0,14.935714285714301,0.0,0.0,8.0,8.0,7.0,14.935714285714301,0.0,10.8,1.4000000000000001,1.74,Graduate
1.0,43.0,3.0,9254.0,1.0,1.0,110.0,1.0,37.0,37.0,9.0,9.0,107.2,1.0,0.0,0.0,1.0,1.0,0.0,19.0,0.0,1.0,6.0,16.0,2.0,10.5,0.0,0.0,6.0,15.0,4.0,10.0,0.0,7.6000000000000005,2.6,0.32,Dropout
1.0,1.0,1.0,9670.0,1.0,1.0,116.0,1.0,3.0,3.0,3.0,3.0,110.10000000000001,1.0,0.0,0.0,1.0,1.0,0.0,19.0,0.0,0.0,6.0,9.0,5.0,13.3333333333333,0.0,0.0,6.0,6.0,5.0,13.0,0.0,12.4,0.5,1.79,Graduate
1.0,43.0,1.0,9003.0,1.0,1.0,119.0,1.0,37.0,37.0,9.0,6.0,119.0,0.0,0.0,1.0,1.0,1.0,0.0,23.0,0.0,0.0,6.0,6.0,0.0,0.0,0.0,0.0,6.0,8.0,0.0,0.0,0.0,15.5,2.8000000000000003,-4.0600000000000005,Dropout
2.0,39.0,1.0,9773.0,1.0,1.0,120.0,1.0,37.0,38.0,9.0,3.0,155.5,0.0,0.0,0.0,1.0,1.0,0.0,47.0,0.0,0.0,6.0,12.0,5.0,13.8,0.0,0.0,6.0,13.0,4.0,14.0,0.0,12.700000000000001,3.7,-1.7000000000000002,Dropout
1.0,1.0,1.0,9070.0,1.0,1.0,117.0,1.0,1.0,1.0,3.0,9.0,118.4,0.0,0.0,0.0,1.0,1.0,0.0,19.0,0.0,0.0,6.0,6.0,6.0,11.8333333333333,0.0,0.0,6.0,8.0,4.0,10.75,2.0,16.2,0.30000000000000004,-0.92,Graduate
1.0,1.0,4.0,171.0,1.0,1.0,137.0,1.0,1.0,38.0,4.0,8.0,141.20000000000002,1.0,0.0,0.0,1.0,1.0,0.0,19.0,0.0,0.0,0.0,0.0,0.0,0.0,0.0,0.0,0.0,0.0,0.0,0.0,0.0,11.100000000000001,0.6000000000000001,2.02,Graduate
1.0,1.0,1.0,171.0,1.0,1.0,124.0,1.0,3.0,3.0,2.0,2.0,119.10000000000001,1.0,0.0,0.0,1.0,1.0,0.0,18.0,0.0,0.0,0.0,0.0,0.0,0.0,0.0,0.0,0.0,0.0,0.0,0.0,0.0,16.2,0.30000000000000004,-0.92,Dropout
1.0,43.0,1.0,9147.0,1.0,1.0,151.0,1.0,1.0,3.0,1.0,1.0,111.0,0.0,0.0,0.0,1.0,1.0,0.0,28.0,0.0,0.0,5.0,9.0,2.0,10.0,0.0,0.0,5.0,9.0,0.0,0.0,0.0,15.5,2.8000000000000003,-4.0600000000000005,Dropout
1.0,43.0,1.0,9254.0,1.0,6.0,138.6,1.0,34.0,34.0,0.0,0.0,138.6,1.0,0.0,0.0,1.0,1.0,0.0,20.0,0.0,0.0,6.0,10.0,4.0,11.5,0.0,0.0,6.0,11.0,3.0,11.6666666666667,0.0,7.6000000000000005,2.6,0.32,Dropout
1.0,17.0,2.0,9254.0,1.0,1.0,118.0,1.0,19.0,19.0,5.0,7.0,121.2,0.0,0.0,0.0,1.0,1.0,1.0,18.0,0.0,0.0,6.0,12.0,3.0,10.6666666666667,0.0,0.0,6.0,9.0,4.0,12.0,0.0,15.5,2.8000000000000003,-4.0600000000000005,Enrolled
1.0,1.0,1.0,171.0,1.0,1.0,136.0,1.0,19.0,19.0,4.0,8.0,150.4,1.0,0.0,0.0,1.0,1.0,1.0,21.0,0.0,0.0,0.0,0.0,0.0,0.0,0.0,0.0,0.0,0.0,0.0,0.0,0.0,12.4,0.5,1.79,Graduate
1.0,1.0,1.0,9254.0,1.0,1.0,123.0,1.0,38.0,19.0,9.0,4.0,117.80000000000001,0.0,0.0,0.0,1.0,1.0,0.0,19.0,0.0,0.0,6.0,10.0,4.0,12.75,0.0,0.0,6.0,12.0,2.0,13.0,0.0,10.8,1.4000000000000001,1.74,Enrolled
1.0,39.0,1.0,9254.0,1.0,19.0,133.1,1.0,38.0,37.0,4.0,5.0,102.5,0.0,0.0,1.0,0.0,1.0,0.0,24.0,0.0,0.0,6.0,7.0,0.0,0.0,0.0,0.0,6.0,7.0,0.0,0.0,0.0,16.2,0.30000000000000004,-0.92,Dropout
1.0,39.0,1.0,9130.0,1.0,1.0,130.0,1.0,19.0,1.0,191.0,144.0,110.0,0.0,0.0,0.0,1.0,1.0,0.0,24.0,0.0,0.0,6.0,11.0,6.0,11.3333333333333,0.0,0.0,6.0,12.0,3.0,11.3333333333333,0.0,16.2,0.30000000000000004,-0.92,Enrolled
1.0,39.0,1.0,9085.0,1.0,12.0,133.1,1.0,38.0,19.0,9.0,8.0,138.3,1.0,0.0,1.0,0.0,1.0,0.0,25.0,0.0,0.0,6.0,6.0,0.0,0.0,0.0,0.0,6.0,6.0,0.0,0.0,0.0,8.9,1.4000000000000001,3.5100000000000002,Enrolled
1.0,39.0,1.0,9254.0,1.0,1.0,150.0,1.0,3.0,1.0,3.0,4.0,122.30000000000001,0.0,0.0,0.0,1.0,1.0,0.0,28.0,0.0,0.0,6.0,10.0,6.0,13.0,0.0,0.0,6.0,8.0,5.0,12.200000000000001,0.0,13.9,-0.30000000000000004,0.79,Graduate
2.0,39.0,1.0,9991.0,0.0,1.0,130.0,1.0,37.0,37.0,9.0,9.0,127.80000000000001,0.0,0.0,0.0,1.0,1.0,0.0,37.0,0.0,0.0,5.0,7.0,4.0,10.75,0.0,0.0,5.0,7.0,3.0,11.3333333333333,0.0,7.6000000000000005,2.6,0.32,Enrolled
1.0,43.0,1.0,9119.0,1.0,1.0,128.0,1.0,1.0,38.0,4.0,7.0,100.0,0.0,0.0,0.0,1.0,1.0,0.0,19.0,0.0,0.0,5.0,8.0,5.0,12.0,0.0,0.0,5.0,12.0,2.0,10.5,0.0,13.9,-0.30000000000000004,0.79,Enrolled
1.0,17.0,4.0,9500.0,1.0,1.0,133.0,1.0,38.0,37.0,5.0,7.0,126.4,1.0,0.0,0.0,1.0,1.0,1.0,18.0,0.0,0.0,7.0,7.0,7.0,13.4628571428571,0.0,0.0,8.0,8.0,8.0,13.906250000000002,0.0,11.100000000000001,0.6000000000000001,2.02,Graduate
1.0,39.0,1.0,9254.0,1.0,19.0,133.1,1.0,37.0,37.0,90.0,90.0,100.0,0.0,0.0,0.0,1.0,1.0,0.0,48.0,0.0,0.0,6.0,13.0,3.0,10.0,0.0,0.0,6.0,15.0,1.0,10.0,0.0,7.6000000000000005,2.6,0.32,Dropout
1.0,17.0,4.0,9238.0,1.0,1.0,129.0,1.0,37.0,37.0,9.0,8.0,117.10000000000001,1.0,0.0,0.0,1.0,1.0,0.0,21.0,0.0,0.0,6.0,6.0,6.0,12.3333333333333,0.0,0.0,6.0,7.0,6.0,13.6666666666667,0.0,8.9,1.4000000000000001,3.5100000000000002,Graduate
1.0,17.0,1.0,9500.0,1.0,1.0,128.0,1.0,1.0,1.0,4.0,5.0,124.7,0.0,0.0,0.0,1.0,1.0,1.0,19.0,0.0,0.0,7.0,11.0,6.0,12.5285714285714,0.0,0.0,7.0,10.0,6.0,12.4166666666667,0.0,15.5,2.8000000000000003,-4.0600000000000005,Enrolled
1.0,43.0,2.0,9500.0,1.0,1.0,136.0,1.0,19.0,1.0,9.0,10.0,124.10000000000001,0.0,0.0,0.0,1.0,1.0,1.0,21.0,0.0,0.0,8.0,8.0,0.0,0.0,8.0,0.0,8.0,8.0,0.0,0.0,8.0,9.4,-0.8,-3.12,Enrolled
1.0,44.0,1.0,9119.0,1.0,1.0,130.0,1.0,37.0,12.0,9.0,8.0,129.4,1.0,0.0,1.0,0.0,1.0,0.0,23.0,0.0,0.0,5.0,6.0,0.0,0.0,0.0,0.0,5.0,7.0,0.0,0.0,0.0,13.9,-0.30000000000000004,0.79,Dropout
1.0,1.0,1.0,9130.0,1.0,1.0,141.0,1.0,1.0,1.0,4.0,10.0,138.9,1.0,0.0,0.0,1.0,1.0,0.0,18.0,0.0,0.0,5.0,5.0,5.0,13.600000000000001,0.0,0.0,5.0,6.0,4.0,13.25,1.0,10.8,1.4000000000000001,1.74,Graduate
1.0,44.0,1.0,9238.0,1.0,39.0,140.0,1.0,1.0,1.0,4.0,3.0,138.6,0.0,0.0,0.0,1.0,1.0,0.0,22.0,0.0,3.0,6.0,7.0,6.0,12.3333333333333,0.0,2.0,6.0,6.0,2.0,14.0,0.0,13.9,-0.30000000000000004,0.79,Dropout
1.0,16.0,1.0,171.0,1.0,1.0,122.0,1.0,19.0,37.0,9.0,7.0,133.9,1.0,0.0,0.0,1.0,1.0,0.0,25.0,0.0,9.0,13.0,16.0,10.0,11.454545454545501,0.0,5.0,11.0,13.0,7.0,12.25,0.0,12.4,0.5,1.79,Dropout
1.0,7.0,1.0,9085.0,1.0,40.0,140.0,1.0,5.0,3.0,2.0,2.0,140.0,0.0,0.0,1.0,1.0,1.0,0.0,27.0,0.0,8.0,13.0,13.0,8.0,13.5,2.0,5.0,11.0,12.0,5.0,14.4,0.0,11.100000000000001,0.6000000000000001,2.02,Dropout
1.0,39.0,1.0,9119.0,1.0,12.0,133.1,1.0,34.0,34.0,0.0,0.0,95.10000000000001,0.0,0.0,0.0,0.0,1.0,0.0,49.0,0.0,0.0,5.0,5.0,0.0,0.0,0.0,0.0,5.0,6.0,0.0,0.0,0.0,10.8,1.4000000000000001,1.74,Dropout
1.0,39.0,1.0,9991.0,0.0,1.0,120.0,1.0,19.0,37.0,5.0,5.0,128.20000000000002,0.0,0.0,0.0,0.0,1.0,0.0,31.0,0.0,0.0,5.0,5.0,2.0,11.0,0.0,0.0,5.0,0.0,0.0,0.0,0.0,12.700000000000001,3.7,-1.7000000000000002,Dropout
1.0,39.0,1.0,9254.0,1.0,1.0,133.1,1.0,37.0,37.0,9.0,6.0,121.5,0.0,0.0,0.0,1.0,1.0,0.0,54.0,0.0,0.0,6.0,9.0,6.0,13.714285714285701,0.0,0.0,6.0,13.0,5.0,14.3333333333333,0.0,16.2,0.30000000000000004,-0.92,Dropout
1.0,7.0,1.0,33.0,1.0,40.0,120.0,1.0,38.0,37.0,5.0,6.0,120.0,1.0,0.0,1.0,0.0,1.0,0.0,25.0,0.0,18.0,21.0,26.0,21.0,12.3636363636364,0.0,12.0,16.0,21.0,12.0,12.25,1.0,11.100000000000001,0.6000000000000001,2.02,Dropout
1.0,44.0,1.0,9003.0,1.0,39.0,130.0,1.0,5.0,3.0,2.0,2.0,130.0,0.0,0.0,0.0,1.0,1.0,0.0,20.0,0.0,1.0,7.0,13.0,3.0,10.6666666666667,0.0,0.0,6.0,14.0,2.0,11.5,0.0,15.5,2.8000000000000003,-4.0600000000000005,Enrolled
1.0,7.0,1.0,9070.0,1.0,3.0,120.0,1.0,4.0,4.0,2.0,2.0,120.0,0.0,0.0,0.0,1.0,1.0,0.0,28.0,0.0,0.0,6.0,9.0,2.0,12.0,0.0,0.0,6.0,10.0,3.0,12.6666666666667,0.0,12.700000000000001,3.7,-1.7000000000000002,Dropout
2.0,39.0,1.0,8014.0,0.0,19.0,133.1,1.0,37.0,37.0,9.0,6.0,107.0,0.0,0.0,0.0,1.0,1.0,0.0,41.0,0.0,1.0,7.0,7.0,7.0,12.8571428571429,0.0,0.0,6.0,6.0,6.0,13.1666666666667,0.0,12.700000000000001,3.7,-1.7000000000000002,Graduate
1.0,1.0,2.0,9670.0,1.0,1.0,122.0,1.0,1.0,19.0,4.0,4.0,116.10000000000001,0.0,0.0,0.0,1.0,1.0,1.0,19.0,0.0,0.0,6.0,10.0,6.0,13.125,0.0,0.0,6.0,9.0,6.0,12.714285714285701,0.0,11.100000000000001,0.6000000000000001,2.02,Enrolled
1.0,43.0,1.0,9147.0,1.0,1.0,123.0,1.0,1.0,1.0,4.0,4.0,114.4,0.0,0.0,0.0,1.0,1.0,0.0,22.0,0.0,0.0,5.0,6.0,0.0,0.0,0.0,0.0,5.0,8.0,2.0,11.5,0.0,15.5,2.8000000000000003,-4.0600000000000005,Dropout
1.0,1.0,1.0,9254.0,1.0,1.0,178.0,1.0,2.0,1.0,2.0,3.0,157.70000000000002,0.0,0.0,0.0,1.0,1.0,0.0,34.0,0.0,0.0,6.0,13.0,2.0,13.5,0.0,0.0,6.0,6.0,0.0,0.0,0.0,15.5,2.8000000000000003,-4.0600000000000005,Dropout
1.0,39.0,1.0,9003.0,1.0,1.0,130.0,1.0,38.0,38.0,9.0,9.0,150.0,0.0,0.0,1.0,0.0,1.0,0.0,28.0,0.0,5.0,11.0,14.0,11.0,15.0909090909091,0.0,5.0,10.0,11.0,10.0,15.0,0.0,11.100000000000001,0.6000000000000001,2.02,Dropout
1.0,1.0,1.0,9853.0,1.0,1.0,110.0,1.0,37.0,37.0,9.0,4.0,114.30000000000001,1.0,0.0,0.0,1.0,1.0,0.0,42.0,0.0,0.0,6.0,9.0,5.0,12.4,0.0,0.0,6.0,10.0,5.0,11.8,0.0,7.6000000000000005,2.6,0.32,Enrolled
1.0,18.0,1.0,9085.0,1.0,1.0,106.0,1.0,1.0,19.0,3.0,5.0,104.60000000000001,0.0,0.0,0.0,0.0,1.0,0.0,21.0,0.0,0.0,6.0,10.0,5.0,14.0,0.0,0.0,6.0,11.0,4.0,14.8,0.0,11.100000000000001,0.6000000000000001,2.02,Enrolled
1.0,7.0,1.0,9003.0,1.0,3.0,140.0,1.0,39.0,39.0,9.0,4.0,140.0,0.0,0.0,0.0,1.0,1.0,0.0,50.0,0.0,2.0,6.0,8.0,2.0,13.5,0.0,1.0,6.0,9.0,1.0,13.0,0.0,15.5,2.8000000000000003,-4.0600000000000005,Dropout
1.0,1.0,4.0,9147.0,1.0,1.0,108.0,1.0,3.0,1.0,3.0,4.0,109.10000000000001,1.0,0.0,0.0,1.0,1.0,0.0,19.0,0.0,0.0,5.0,5.0,0.0,0.0,0.0,0.0,5.0,5.0,0.0,0.0,0.0,12.4,0.5,1.79,Dropout
1.0,43.0,1.0,9500.0,1.0,1.0,120.0,1.0,3.0,4.0,2.0,4.0,120.60000000000001,0.0,0.0,0.0,1.0,1.0,0.0,18.0,0.0,0.0,7.0,12.0,4.0,12.65,0.0,0.0,7.0,10.0,3.0,10.6666666666667,0.0,16.2,0.30000000000000004,-0.92,Dropout
2.0,39.0,1.0,9991.0,0.0,1.0,100.0,1.0,37.0,37.0,1.0,1.0,161.9,0.0,0.0,0.0,1.0,1.0,0.0,59.0,0.0,0.0,5.0,7.0,0.0,0.0,0.0,0.0,5.0,7.0,0.0,0.0,0.0,16.2,0.30000000000000004,-0.92,Dropout
2.0,7.0,1.0,9991.0,0.0,3.0,140.0,1.0,34.0,34.0,99.0,99.0,140.0,1.0,0.0,0.0,0.0,1.0,0.0,33.0,0.0,0.0,5.0,5.0,0.0,0.0,0.0,0.0,5.0,5.0,0.0,0.0,0.0,7.6000000000000005,2.6,0.32,Dropout
1.0,17.0,2.0,9070.0,1.0,1.0,133.1,1.0,37.0,38.0,9.0,10.0,178.0,1.0,0.0,0.0,1.0,1.0,1.0,23.0,0.0,0.0,6.0,8.0,6.0,13.3333333333333,0.0,0.0,6.0,7.0,5.0,12.8,0.0,9.4,-0.8,-3.12,Graduate
2.0,39.0,1.0,9991.0,0.0,19.0,133.1,1.0,37.0,1.0,5.0,5.0,138.3,0.0,0.0,0.0,1.0,1.0,0.0,44.0,0.0,0.0,5.0,9.0,3.0,11.3333333333333,0.0,0.0,5.0,8.0,5.0,11.1428571428571,0.0,13.9,-0.30000000000000004,0.79,Dropout
2.0,1.0,4.0,8014.0,0.0,1.0,140.0,1.0,34.0,34.0,0.0,0.0,128.0,1.0,0.0,0.0,1.0,1.0,0.0,37.0,0.0,0.0,6.0,0.0,0.0,0.0,0.0,0.0,6.0,0.0,0.0,0.0,0.0,9.4,-0.8,-3.12,Dropout
2.0,39.0,1.0,171.0,1.0,19.0,100.0,1.0,37.0,37.0,9.0,9.0,139.0,0.0,0.0,0.0,1.0,1.0,0.0,36.0,0.0,0.0,0.0,0.0,0.0,0.0,0.0,0.0,0.0,0.0,0.0,0.0,0.0,10.8,1.4000000000000001,1.74,Dropout
1.0,1.0,2.0,9991.0,0.0,1.0,123.0,1.0,1.0,3.0,4.0,2.0,113.2,0.0,0.0,0.0,0.0,1.0,0.0,22.0,0.0,0.0,5.0,7.0,3.0,11.6666666666667,0.0,0.0,5.0,8.0,2.0,10.5,2.0,7.6000000000000005,2.6,0.32,Dropout
2.0,39.0,1.0,8014.0,0.0,19.0,133.1,1.0,37.0,37.0,6.0,6.0,139.0,0.0,0.0,0.0,1.0,1.0,0.0,49.0,0.0,0.0,6.0,8.0,6.0,12.1666666666667,0.0,0.0,6.0,8.0,6.0,14.4285714285714,0.0,12.4,0.5,1.79,Graduate
1.0,51.0,1.0,9773.0,1.0,1.0,135.0,1.0,1.0,42.0,5.0,3.0,110.0,1.0,0.0,0.0,1.0,1.0,0.0,23.0,0.0,0.0,6.0,7.0,6.0,13.3333333333333,0.0,0.0,6.0,6.0,4.0,12.75,0.0,11.100000000000001,0.6000000000000001,2.02,Graduate
1.0,1.0,1.0,9070.0,1.0,1.0,132.0,1.0,1.0,1.0,4.0,9.0,136.6,1.0,0.0,0.0,1.0,1.0,0.0,19.0,0.0,0.0,6.0,7.0,5.0,11.4,0.0,0.0,6.0,10.0,3.0,11.0,3.0,7.6000000000000005,2.6,0.32,Enrolled
2.0,43.0,1.0,8014.0,0.0,1.0,120.0,1.0,37.0,37.0,5.0,5.0,161.10000000000002,0.0,0.0,0.0,1.0,1.0,0.0,47.0,0.0,0.0,6.0,9.0,6.0,12.1428571428571,0.0,0.0,6.0,6.0,0.0,0.0,0.0,16.2,0.30000000000000004,-0.92,Dropout
1.0,43.0,1.0,9003.0,1.0,1.0,130.0,1.0,1.0,2.0,4.0,2.0,130.0,0.0,0.0,0.0,1.0,1.0,0.0,28.0,0.0,9.0,18.0,36.0,17.0,13.0588235294118,1.0,6.0,12.0,15.0,12.0,12.3076923076923,0.0,15.5,2.8000000000000003,-4.0600000000000005,Graduate
1.0,44.0,1.0,9003.0,1.0,39.0,140.0,1.0,1.0,38.0,9.0,6.0,140.0,0.0,0.0,0.0,1.0,1.0,0.0,21.0,0.0,0.0,6.0,13.0,4.0,11.75,0.0,0.0,6.0,15.0,4.0,10.5,0.0,15.5,2.8000000000000003,-4.0600000000000005,Enrolled
1.0,1.0,1.0,9254.0,1.0,1.0,133.1,1.0,38.0,1.0,9.0,9.0,121.0,0.0,0.0,1.0,0.0,1.0,0.0,21.0,0.0,0.0,6.0,9.0,5.0,11.8333333333333,0.0,0.0,6.0,8.0,5.0,10.0,0.0,8.9,1.4000000000000001,3.5100000000000002,Dropout
1.0,43.0,1.0,9238.0,1.0,39.0,120.0,1.0,2.0,1.0,1.0,2.0,118.60000000000001,0.0,0.0,0.0,1.0,1.0,0.0,21.0,0.0,9.0,11.0,14.0,10.0,12.4,0.0,6.0,10.0,13.0,10.0,11.8,0.0,13.9,-0.30000000000000004,0.79,Graduate
1.0,1.0,1.0,9070.0,1.0,1.0,140.0,1.0,19.0,38.0,4.0,4.0,138.3,0.0,0.0,0.0,1.0,1.0,0.0,20.0,0.0,1.0,6.0,8.0,6.0,13.4285714285714,1.0,0.0,6.0,12.0,4.0,11.5,0.0,13.9,-0.30000000000000004,0.79,Enrolled
2.0,42.0,1.0,9147.0,1.0,1.0,133.1,1.0,37.0,37.0,9.0,9.0,115.80000000000001,0.0,0.0,0.0,0.0,1.0,0.0,49.0,0.0,0.0,5.0,5.0,0.0,0.0,0.0,0.0,5.0,9.0,0.0,0.0,0.0,10.8,1.4000000000000001,1.74,Dropout
1.0,39.0,1.0,9991.0,0.0,1.0,120.0,1.0,19.0,37.0,6.0,8.0,160.0,0.0,0.0,0.0,1.0,1.0,0.0,40.0,0.0,0.0,5.0,5.0,5.0,11.0,0.0,0.0,5.0,5.0,5.0,13.4,0.0,15.5,2.8000000000000003,-4.0600000000000005,Graduate
1.0,17.0,1.0,9254.0,1.0,1.0,125.0,1.0,1.0,1.0,3.0,3.0,114.5,0.0,0.0,0.0,1.0,1.0,1.0,22.0,0.0,0.0,6.0,8.0,6.0,13.625,0.0,0.0,6.0,8.0,6.0,14.4285714285714,0.0,11.100000000000001,0.6000000000000001,2.02,Graduate
1.0,42.0,1.0,9119.0,1.0,1.0,136.0,1.0,1.0,37.0,5.0,5.0,117.5,0.0,0.0,0.0,1.0,1.0,0.0,19.0,0.0,2.0,5.0,6.0,4.0,11.8,0.0,0.0,5.0,7.0,2.0,11.5,0.0,15.5,2.8000000000000003,-4.0600000000000005,Enrolled
1.0,39.0,1.0,9991.0,0.0,1.0,133.1,1.0,3.0,38.0,2.0,7.0,121.7,0.0,0.0,0.0,1.0,1.0,0.0,31.0,0.0,0.0,5.0,5.0,0.0,0.0,0.0,0.0,5.0,7.0,0.0,0.0,0.0,13.9,-0.30000000000000004,0.79,Dropout
1.0,42.0,1.0,9119.0,1.0,1.0,120.0,1.0,5.0,5.0,2.0,2.0,115.0,0.0,0.0,0.0,1.0,1.0,0.0,30.0,0.0,1.0,6.0,9.0,2.0,15.0,0.0,1.0,6.0,7.0,2.0,13.5,0.0,15.5,2.8000000000000003,-4.0600000000000005,Dropout
1.0,1.0,1.0,9238.0,1.0,1.0,127.0,1.0,37.0,37.0,5.0,10.0,125.30000000000001,0.0,0.0,0.0,1.0,1.0,0.0,19.0,0.0,0.0,6.0,9.0,5.0,10.8,0.0,0.0,6.0,11.0,5.0,11.0,0.0,7.6000000000000005,2.6,0.32,Graduate
1.0,18.0,1.0,9147.0,1.0,1.0,131.0,1.0,34.0,34.0,90.0,90.0,131.0,0.0,0.0,0.0,1.0,1.0,0.0,22.0,0.0,0.0,5.0,11.0,3.0,13.6666666666667,0.0,0.0,5.0,10.0,3.0,11.3333333333333,0.0,9.4,-0.8,-3.12,Dropout
1.0,1.0,1.0,9773.0,1.0,1.0,127.0,1.0,19.0,37.0,9.0,9.0,126.30000000000001,0.0,0.0,0.0,1.0,1.0,0.0,19.0,0.0,0.0,6.0,8.0,6.0,12.8333333333333,0.0,0.0,6.0,8.0,6.0,13.3333333333333,0.0,15.5,2.8000000000000003,-4.0600000000000005,Graduate
1.0,17.0,1.0,171.0,1.0,1.0,132.0,1.0,1.0,37.0,4.0,9.0,127.10000000000001,0.0,0.0,0.0,0.0,1.0,0.0,21.0,0.0,0.0,0.0,0.0,0.0,0.0,0.0,0.0,0.0,0.0,0.0,0.0,0.0,7.6000000000000005,2.6,0.32,Dropout
1.0,17.0,3.0,9670.0,1.0,1.0,137.0,1.0,1.0,38.0,4.0,7.0,138.4,0.0,0.0,0.0,1.0,1.0,0.0,19.0,0.0,0.0,6.0,8.0,6.0,15.125,0.0,0.0,6.0,7.0,6.0,13.4285714285714,0.0,11.100000000000001,0.6000000000000001,2.02,Graduate
1.0,43.0,2.0,9147.0,1.0,1.0,126.0,1.0,1.0,19.0,3.0,3.0,100.0,1.0,0.0,0.0,1.0,1.0,0.0,22.0,0.0,0.0,5.0,11.0,0.0,0.0,0.0,0.0,5.0,7.0,1.0,10.0,1.0,16.2,0.30000000000000004,-0.92,Dropout
1.0,1.0,1.0,9238.0,1.0,1.0,136.0,1.0,4.0,5.0,2.0,2.0,126.2,0.0,0.0,0.0,1.0,1.0,0.0,22.0,0.0,0.0,6.0,10.0,5.0,11.4,0.0,0.0,6.0,8.0,5.0,11.0,0.0,10.8,1.4000000000000001,1.74,Graduate
1.0,1.0,1.0,9238.0,1.0,1.0,124.0,1.0,1.0,1.0,4.0,4.0,118.80000000000001,0.0,0.0,0.0,1.0,1.0,0.0,19.0,0.0,0.0,6.0,12.0,4.0,12.25,0.0,0.0,6.0,9.0,6.0,11.0,0.0,9.4,-0.8,-3.12,Graduate
1.0,39.0,1.0,9254.0,1.0,39.0,137.0,1.0,1.0,1.0,5.0,10.0,124.5,0.0,0.0,0.0,0.0,1.0,0.0,26.0,0.0,0.0,6.0,0.0,0.0,0.0,0.0,0.0,6.0,0.0,0.0,0.0,0.0,16.2,0.30000000000000004,-0.92,Dropout
1.0,44.0,1.0,9119.0,1.0,39.0,140.0,1.0,5.0,41.0,3.0,2.0,140.0,0.0,0.0,0.0,1.0,1.0,0.0,23.0,0.0,3.0,7.0,12.0,3.0,14.0,0.0,1.0,6.0,12.0,1.0,14.0,0.0,12.4,0.5,1.79,Enrolled
1.0,17.0,1.0,9070.0,1.0,1.0,131.0,1.0,19.0,19.0,7.0,7.0,125.10000000000001,0.0,0.0,0.0,1.0,1.0,0.0,18.0,0.0,0.0,6.0,7.0,6.0,12.3333333333333,0.0,0.0,6.0,10.0,5.0,10.8,4.0,16.2,0.30000000000000004,-0.92,Enrolled
1.0,1.0,1.0,9147.0,1.0,1.0,130.0,1.0,37.0,37.0,9.0,9.0,118.80000000000001,0.0,0.0,1.0,1.0,1.0,1.0,22.0,0.0,0.0,5.0,8.0,5.0,10.6666666666667,0.0,0.0,5.0,11.0,2.0,11.0,0.0,15.5,2.8000000000000003,-4.0600000000000005,Enrolled
1.0,18.0,5.0,9119.0,1.0,1.0,136.0,1.0,3.0,2.0,2.0,3.0,125.2,1.0,0.0,0.0,1.0,1.0,0.0,19.0,0.0,0.0,5.0,9.0,5.0,11.8333333333333,0.0,0.0,5.0,9.0,5.0,14.714285714285701,0.0,12.4,0.5,1.79,Enrolled
1.0,17.0,1.0,9147.0,1.0,1.0,133.1,1.0,1.0,19.0,4.0,8.0,95.0,0.0,0.0,0.0,1.0,1.0,0.0,20.0,0.0,0.0,5.0,14.0,0.0,0.0,0.0,0.0,5.0,5.0,0.0,0.0,0.0,11.100000000000001,0.6000000000000001,2.02,Dropout
1.0,1.0,3.0,9070.0,1.0,1.0,110.0,1.0,37.0,37.0,9.0,9.0,107.60000000000001,1.0,0.0,0.0,1.0,1.0,1.0,22.0,0.0,0.0,6.0,6.0,6.0,11.6666666666667,0.0,0.0,6.0,6.0,6.0,12.1666666666667,0.0,7.6000000000000005,2.6,0.32,Enrolled
1.0,7.0,1.0,9130.0,1.0,3.0,140.0,1.0,2.0,38.0,2.0,3.0,140.0,1.0,0.0,0.0,0.0,1.0,0.0,18.0,0.0,2.0,5.0,7.0,2.0,13.0,0.0,0.0,5.0,5.0,0.0,0.0,0.0,12.700000000000001,3.7,-1.7000000000000002,Dropout
4.0,43.0,2.0,9991.0,0.0,38.0,133.1,1.0,3.0,1.0,2.0,9.0,125.4,0.0,0.0,0.0,1.0,1.0,0.0,39.0,0.0,0.0,2.0,5.0,0.0,0.0,0.0,0.0,4.0,4.0,0.0,0.0,0.0,10.8,1.4000000000000001,1.74,Dropout
1.0,1.0,1.0,9500.0,1.0,1.0,141.0,1.0,19.0,1.0,90.0,90.0,128.0,0.0,0.0,0.0,1.0,1.0,0.0,18.0,0.0,0.0,8.0,8.0,0.0,0.0,3.0,0.0,8.0,8.0,0.0,0.0,3.0,10.8,1.4000000000000001,1.74,Dropout
1.0,17.0,3.0,9119.0,1.0,1.0,130.0,1.0,1.0,38.0,3.0,3.0,129.3,0.0,0.0,0.0,1.0,1.0,1.0,18.0,0.0,0.0,5.0,5.0,5.0,13.0,0.0,0.0,5.0,5.0,5.0,14.200000000000001,0.0,8.9,1.4000000000000001,3.5100000000000002,Graduate
1.0,1.0,1.0,9238.0,1.0,1.0,160.0,1.0,19.0,38.0,9.0,9.0,152.0,0.0,0.0,0.0,1.0,1.0,1.0,19.0,0.0,0.0,6.0,7.0,6.0,13.8571428571429,0.0,0.0,6.0,6.0,6.0,14.0,0.0,13.9,-0.30000000000000004,0.79,Graduate
1.0,1.0,1.0,9500.0,1.0,1.0,140.0,1.0,1.0,19.0,9.0,9.0,128.8,0.0,0.0,0.0,1.0,1.0,0.0,18.0,0.0,0.0,7.0,7.0,6.0,13.391666666666701,0.0,0.0,8.0,8.0,8.0,12.4875,0.0,12.4,0.5,1.79,Graduate
1.0,1.0,1.0,9147.0,1.0,1.0,150.0,1.0,34.0,19.0,0.0,4.0,152.8,1.0,0.0,0.0,1.0,1.0,1.0,18.0,0.0,0.0,5.0,7.0,4.0,12.75,0.0,0.0,5.0,5.0,0.0,0.0,0.0,7.6000000000000005,2.6,0.32,Dropout
1.0,44.0,1.0,9130.0,1.0,39.0,150.0,1.0,37.0,37.0,6.0,6.0,150.0,1.0,0.0,0.0,1.0,1.0,0.0,22.0,0.0,0.0,5.0,7.0,4.0,14.5,0.0,0.0,5.0,5.0,5.0,14.600000000000001,0.0,10.8,1.4000000000000001,1.74,Graduate
1.0,1.0,1.0,9238.0,1.0,1.0,133.1,1.0,1.0,1.0,3.0,4.0,112.0,0.0,0.0,0.0,1.0,1.0,0.0,19.0,0.0,0.0,6.0,7.0,6.0,12.1666666666667,0.0,0.0,6.0,6.0,6.0,12.1666666666667,0.0,12.4,0.5,1.79,Graduate
1.0,1.0,1.0,9130.0,1.0,1.0,152.0,1.0,19.0,37.0,9.0,8.0,135.6,1.0,0.0,0.0,1.0,1.0,0.0,18.0,0.0,0.0,5.0,5.0,5.0,15.4,0.0,0.0,5.0,5.0,5.0,15.600000000000001,0.0,12.700000000000001,3.7,-1.7000000000000002,Dropout
1.0,39.0,1.0,9119.0,1.0,19.0,133.1,1.0,1.0,1.0,4.0,3.0,134.4,0.0,0.0,1.0,0.0,1.0,0.0,31.0,0.0,0.0,5.0,9.0,2.0,13.3333333333333,0.0,0.0,5.0,9.0,2.0,16.0,4.0,16.2,0.30000000000000004,-0.92,Dropout
1.0,39.0,1.0,9991.0,0.0,1.0,130.0,1.0,3.0,1.0,3.0,3.0,120.5,0.0,0.0,0.0,1.0,1.0,0.0,28.0,0.0,0.0,5.0,5.0,0.0,0.0,0.0,0.0,5.0,5.0,0.0,0.0,0.0,12.700000000000001,3.7,-1.7000000000000002,Dropout
1.0,1.0,1.0,9070.0,1.0,1.0,148.0,1.0,1.0,1.0,4.0,8.0,141.4,0.0,0.0,0.0,1.0,1.0,0.0,19.0,0.0,0.0,6.0,0.0,0.0,0.0,0.0,0.0,6.0,0.0,0.0,0.0,0.0,15.5,2.8000000000000003,-4.0600000000000005,Dropout
1.0,17.0,1.0,9254.0,1.0,1.0,148.0,1.0,1.0,1.0,4.0,8.0,145.20000000000002,0.0,0.0,0.0,1.0,1.0,0.0,20.0,0.0,0.0,6.0,7.0,6.0,13.714285714285701,0.0,0.0,6.0,8.0,6.0,14.714285714285701,0.0,16.2,0.30000000000000004,-0.92,Graduate
4.0,39.0,1.0,9238.0,1.0,1.0,130.0,1.0,19.0,3.0,9.0,2.0,140.0,0.0,0.0,0.0,1.0,1.0,0.0,50.0,0.0,0.0,6.0,7.0,4.0,12.25,0.0,0.0,6.0,7.0,0.0,0.0,0.0,8.9,1.4000000000000001,3.5100000000000002,Dropout
1.0,43.0,1.0,9070.0,1.0,1.0,160.0,1.0,1.0,2.0,4.0,2.0,100.0,0.0,0.0,0.0,1.0,1.0,0.0,38.0,0.0,1.0,6.0,9.0,5.0,16.0,1.0,0.0,6.0,11.0,4.0,16.5,0.0,13.9,-0.30000000000000004,0.79,Enrolled
2.0,39.0,1.0,9991.0,0.0,1.0,130.0,1.0,37.0,37.0,9.0,9.0,140.0,1.0,0.0,0.0,1.0,1.0,0.0,31.0,0.0,0.0,5.0,8.0,1.0,11.0,0.0,0.0,5.0,5.0,1.0,13.0,0.0,9.4,-0.8,-3.12,Dropout
1.0,39.0,1.0,9500.0,1.0,1.0,110.0,1.0,1.0,37.0,9.0,9.0,126.0,1.0,0.0,0.0,1.0,1.0,0.0,27.0,0.0,0.0,7.0,7.0,7.0,14.0857142857143,0.0,0.0,7.0,7.0,7.0,14.0857142857143,0.0,7.6000000000000005,2.6,0.32,Enrolled
1.0,18.0,1.0,9238.0,1.0,1.0,122.0,1.0,1.0,3.0,9.0,2.0,112.60000000000001,1.0,0.0,0.0,1.0,1.0,0.0,21.0,0.0,0.0,6.0,9.0,6.0,10.1666666666667,0.0,0.0,6.0,10.0,6.0,10.5,0.0,12.700000000000001,3.7,-1.7000000000000002,Graduate
2.0,39.0,1.0,9119.0,1.0,1.0,110.0,1.0,37.0,37.0,9.0,9.0,106.80000000000001,0.0,0.0,0.0,1.0,1.0,0.0,34.0,0.0,0.0,5.0,8.0,1.0,10.0,0.0,0.0,5.0,9.0,0.0,0.0,0.0,8.9,1.4000000000000001,3.5100000000000002,Dropout
1.0,51.0,1.0,9119.0,1.0,1.0,129.0,1.0,2.0,37.0,2.0,9.0,121.60000000000001,1.0,0.0,0.0,1.0,1.0,0.0,19.0,0.0,0.0,5.0,10.0,0.0,0.0,0.0,0.0,5.0,7.0,1.0,10.0,0.0,7.6000000000000005,2.6,0.32,Enrolled
2.0,39.0,1.0,9991.0,0.0,1.0,110.0,1.0,37.0,37.0,1.0,4.0,120.0,1.0,0.0,0.0,0.0,1.0,0.0,40.0,0.0,0.0,5.0,10.0,2.0,10.5,0.0,0.0,5.0,5.0,3.0,10.6666666666667,0.0,9.4,-0.8,-3.12,Dropout
1.0,1.0,1.0,171.0,1.0,1.0,170.0,1.0,38.0,19.0,9.0,2.0,160.60000000000002,1.0,0.0,0.0,1.0,1.0,1.0,18.0,0.0,0.0,0.0,0.0,0.0,0.0,0.0,0.0,0.0,0.0,0.0,0.0,0.0,12.700000000000001,3.7,-1.7000000000000002,Graduate
2.0,39.0,1.0,9070.0,1.0,12.0,110.0,1.0,37.0,38.0,5.0,10.0,130.0,0.0,0.0,1.0,0.0,1.0,1.0,46.0,0.0,0.0,6.0,6.0,0.0,0.0,0.0,0.0,6.0,6.0,0.0,0.0,0.0,15.5,2.8000000000000003,-4.0600000000000005,Dropout
1.0,43.0,5.0,8014.0,0.0,1.0,110.0,1.0,34.0,34.0,0.0,0.0,110.0,0.0,0.0,0.0,1.0,1.0,0.0,37.0,0.0,0.0,6.0,12.0,0.0,0.0,0.0,0.0,5.0,10.0,0.0,0.0,0.0,7.6000000000000005,2.6,0.32,Dropout
1.0,39.0,1.0,9003.0,1.0,1.0,133.1,1.0,19.0,37.0,9.0,7.0,110.0,1.0,0.0,0.0,1.0,1.0,0.0,31.0,0.0,0.0,6.0,8.0,0.0,0.0,0.0,0.0,6.0,10.0,0.0,0.0,0.0,16.2,0.30000000000000004,-0.92,Dropout
1.0,39.0,1.0,9003.0,1.0,1.0,133.1,1.0,1.0,19.0,4.0,10.0,145.8,0.0,0.0,0.0,1.0,1.0,0.0,34.0,0.0,0.0,6.0,15.0,5.0,13.3333333333333,0.0,0.0,6.0,15.0,5.0,12.4,0.0,12.4,0.5,1.79,Graduate
1.0,1.0,6.0,171.0,1.0,1.0,126.0,1.0,10.0,10.0,4.0,4.0,130.20000000000002,1.0,0.0,0.0,1.0,1.0,1.0,18.0,0.0,0.0,0.0,0.0,0.0,0.0,0.0,0.0,0.0,0.0,0.0,0.0,0.0,9.4,-0.8,-3.12,Dropout
1.0,1.0,1.0,9670.0,1.0,1.0,137.0,1.0,38.0,37.0,9.0,9.0,122.30000000000001,0.0,0.0,0.0,1.0,1.0,1.0,18.0,0.0,0.0,6.0,7.0,6.0,13.5714285714286,0.0,0.0,6.0,6.0,6.0,14.3333333333333,0.0,12.4,0.5,1.79,Graduate
1.0,17.0,4.0,9070.0,1.0,1.0,117.0,1.0,1.0,1.0,3.0,3.0,125.4,1.0,0.0,0.0,1.0,1.0,1.0,19.0,0.0,0.0,6.0,6.0,6.0,12.8333333333333,0.0,0.0,6.0,7.0,6.0,11.1666666666667,0.0,11.100000000000001,0.6000000000000001,2.02,Graduate
1.0,43.0,1.0,9991.0,0.0,1.0,100.0,1.0,37.0,19.0,9.0,4.0,130.0,0.0,0.0,0.0,1.0,1.0,0.0,40.0,0.0,1.0,5.0,6.0,4.0,10.25,0.0,3.0,8.0,18.0,5.0,11.200000000000001,5.0,15.5,2.8000000000000003,-4.0600000000000005,Dropout
1.0,39.0,1.0,9130.0,1.0,1.0,120.0,1.0,1.0,38.0,9.0,9.0,150.0,0.0,0.0,0.0,1.0,1.0,0.0,25.0,0.0,0.0,6.0,6.0,0.0,0.0,0.0,0.0,6.0,6.0,0.0,0.0,0.0,12.4,0.5,1.79,Dropout
1.0,17.0,5.0,9119.0,1.0,1.0,126.0,1.0,38.0,38.0,5.0,9.0,116.9,1.0,0.0,1.0,1.0,1.0,0.0,20.0,0.0,0.0,5.0,5.0,4.0,14.5,0.0,0.0,6.0,8.0,3.0,13.3333333333333,0.0,11.100000000000001,0.6000000000000001,2.02,Dropout
1.0,17.0,1.0,9119.0,1.0,1.0,122.0,1.0,19.0,19.0,9.0,9.0,114.7,0.0,0.0,0.0,1.0,1.0,0.0,20.0,0.0,0.0,5.0,6.0,5.0,15.8,0.0,0.0,5.0,8.0,5.0,13.714285714285701,0.0,11.100000000000001,0.6000000000000001,2.02,Enrolled
1.0,39.0,1.0,9003.0,1.0,1.0,111.0,1.0,37.0,37.0,9.0,10.0,95.80000000000001,1.0,0.0,0.0,0.0,1.0,0.0,43.0,0.0,0.0,6.0,0.0,0.0,0.0,0.0,0.0,6.0,0.0,0.0,0.0,0.0,15.5,2.8000000000000003,-4.0600000000000005,Dropout
1.0,17.0,4.0,9119.0,1.0,1.0,139.0,1.0,37.0,19.0,9.0,4.0,133.1,1.0,0.0,0.0,1.0,1.0,0.0,18.0,0.0,0.0,5.0,8.0,4.0,12.5,0.0,0.0,5.0,7.0,3.0,14.6666666666667,1.0,7.6000000000000005,2.6,0.32,Enrolled
1.0,43.0,1.0,9003.0,1.0,1.0,150.0,1.0,2.0,4.0,4.0,1.0,150.0,0.0,0.0,0.0,1.0,1.0,0.0,35.0,0.0,16.0,18.0,22.0,18.0,11.6666666666667,0.0,12.0,13.0,13.0,12.0,11.5,1.0,15.5,2.8000000000000003,-4.0600000000000005,Graduate
1.0,17.0,2.0,9991.0,0.0,1.0,116.0,1.0,37.0,19.0,9.0,4.0,118.5,0.0,0.0,0.0,1.0,1.0,0.0,23.0,0.0,0.0,5.0,6.0,4.0,13.0,0.0,0.0,5.0,5.0,5.0,13.0,0.0,7.6000000000000005,2.6,0.32,Graduate
1.0,17.0,1.0,9500.0,1.0,1.0,130.0,1.0,3.0,3.0,2.0,2.0,131.1,0.0,0.0,0.0,1.0,1.0,0.0,19.0,0.0,0.0,7.0,8.0,7.0,12.1214285714286,0.0,0.0,9.0,12.0,8.0,11.506250000000001,0.0,12.4,0.5,1.79,Graduate
1.0,53.0,1.0,9085.0,1.0,42.0,150.0,1.0,1.0,19.0,3.0,8.0,150.3,1.0,0.0,0.0,1.0,1.0,1.0,21.0,0.0,7.0,11.0,15.0,9.0,14.2222222222222,0.0,4.0,9.0,15.0,7.0,13.75,0.0,8.9,1.4000000000000001,3.5100000000000002,Graduate
1.0,43.0,1.0,9670.0,1.0,1.0,132.0,1.0,3.0,19.0,4.0,8.0,120.5,0.0,0.0,0.0,1.0,1.0,0.0,19.0,0.0,0.0,6.0,17.0,4.0,12.5,0.0,0.0,6.0,8.0,4.0,13.25,0.0,13.9,-0.30000000000000004,0.79,Enrolled
1.0,18.0,1.0,9119.0,1.0,1.0,108.0,1.0,1.0,1.0,4.0,3.0,105.60000000000001,1.0,0.0,0.0,1.0,1.0,0.0,20.0,0.0,0.0,5.0,7.0,5.0,12.1666666666667,0.0,0.0,5.0,7.0,5.0,15.2857142857143,0.0,12.4,0.5,1.79,Graduate
1.0,39.0,1.0,9670.0,1.0,1.0,133.1,1.0,19.0,19.0,3.0,3.0,125.30000000000001,0.0,1.0,0.0,1.0,1.0,1.0,30.0,0.0,0.0,6.0,0.0,0.0,0.0,0.0,0.0,6.0,0.0,0.0,0.0,0.0,12.4,0.5,1.79,Dropout
4.0,39.0,1.0,9254.0,1.0,1.0,120.0,1.0,37.0,19.0,9.0,9.0,131.0,1.0,0.0,0.0,1.0,1.0,0.0,44.0,0.0,0.0,6.0,6.0,6.0,12.6666666666667,0.0,0.0,6.0,6.0,6.0,11.5,0.0,12.4,0.5,1.79,Graduate
1.0,18.0,1.0,9500.0,1.0,1.0,146.0,1.0,19.0,3.0,4.0,9.0,127.0,0.0,0.0,0.0,1.0,1.0,0.0,19.0,0.0,0.0,8.0,8.0,7.0,13.6142857142857,0.0,0.0,8.0,8.0,7.0,13.6142857142857,0.0,12.700000000000001,3.7,-1.7000000000000002,Graduate
1.0,44.0,1.0,9130.0,1.0,39.0,150.0,1.0,2.0,1.0,3.0,6.0,150.0,1.0,0.0,0.0,1.0,1.0,0.0,22.0,0.0,11.0,18.0,32.0,12.0,12.8571428571429,1.0,8.0,12.0,15.0,10.0,14.3,0.0,16.2,0.30000000000000004,-0.92,Graduate
1.0,1.0,1.0,9130.0,1.0,1.0,160.0,1.0,3.0,3.0,1.0,2.0,149.20000000000002,0.0,0.0,0.0,1.0,1.0,0.0,18.0,0.0,0.0,5.0,7.0,4.0,14.0,0.0,0.0,5.0,5.0,5.0,14.200000000000001,0.0,7.6000000000000005,2.6,0.32,Graduate
1.0,17.0,1.0,9670.0,1.0,1.0,125.0,1.0,37.0,37.0,9.0,9.0,121.5,1.0,0.0,0.0,1.0,1.0,1.0,21.0,0.0,0.0,6.0,8.0,4.0,14.75,0.0,0.0,6.0,6.0,5.0,11.8,0.0,12.700000000000001,3.7,-1.7000000000000002,Graduate
1.0,1.0,2.0,9085.0,1.0,1.0,125.0,1.0,37.0,19.0,90.0,90.0,137.3,0.0,0.0,0.0,1.0,1.0,0.0,18.0,0.0,0.0,6.0,0.0,0.0,0.0,0.0,0.0,6.0,0.0,0.0,0.0,0.0,7.6000000000000005,2.6,0.32,Dropout
1.0,17.0,4.0,9670.0,1.0,1.0,122.0,1.0,3.0,1.0,2.0,3.0,119.60000000000001,1.0,0.0,0.0,1.0,1.0,0.0,18.0,0.0,0.0,6.0,8.0,6.0,13.625,0.0,0.0,6.0,7.0,6.0,14.2857142857143,0.0,11.100000000000001,0.6000000000000001,2.02,Graduate
1.0,1.0,1.0,171.0,1.0,1.0,138.0,1.0,1.0,1.0,4.0,3.0,141.5,0.0,0.0,0.0,1.0,1.0,0.0,19.0,0.0,0.0,0.0,0.0,0.0,0.0,0.0,0.0,0.0,0.0,0.0,0.0,0.0,7.6000000000000005,2.6,0.32,Graduate
1.0,44.0,1.0,9003.0,1.0,39.0,150.0,1.0,1.0,38.0,6.0,6.0,150.0,1.0,0.0,0.0,1.0,1.0,0.0,21.0,0.0,0.0,6.0,12.0,4.0,11.8,0.0,0.0,6.0,11.0,4.0,11.875,0.0,16.2,0.30000000000000004,-0.92,Dropout
1.0,39.0,1.0,9003.0,1.0,1.0,140.0,1.0,3.0,3.0,2.0,2.0,110.0,0.0,0.0,0.0,1.0,1.0,0.0,31.0,0.0,0.0,6.0,8.0,6.0,15.125,0.0,0.0,6.0,10.0,6.0,14.600000000000001,0.0,16.2,0.30000000000000004,-0.92,Graduate
1.0,17.0,5.0,9254.0,1.0,1.0,113.0,1.0,1.0,1.0,2.0,3.0,110.2,1.0,0.0,0.0,1.0,1.0,0.0,21.0,0.0,0.0,6.0,10.0,4.0,11.5,0.0,0.0,6.0,10.0,2.0,10.5,0.0,9.4,-0.8,-3.12,Dropout
1.0,39.0,1.0,9119.0,1.0,1.0,139.0,1.0,19.0,19.0,9.0,7.0,110.30000000000001,0.0,0.0,1.0,1.0,1.0,0.0,24.0,0.0,0.0,5.0,12.0,1.0,10.0,0.0,0.0,5.0,11.0,1.0,11.0,0.0,8.9,1.4000000000000001,3.5100000000000002,Enrolled
1.0,42.0,1.0,9773.0,1.0,1.0,133.1,1.0,19.0,6.0,4.0,3.0,120.0,0.0,0.0,0.0,1.0,1.0,0.0,27.0,0.0,0.0,4.0,8.0,0.0,0.0,0.0,0.0,5.0,10.0,0.0,0.0,0.0,9.4,-0.8,-3.12,Dropout
1.0,1.0,5.0,9147.0,1.0,1.0,118.0,1.0,19.0,19.0,9.0,9.0,114.2,1.0,0.0,0.0,1.0,1.0,0.0,20.0,0.0,0.0,5.0,9.0,3.0,10.3333333333333,0.0,0.0,5.0,6.0,5.0,12.8,0.0,12.4,0.5,1.79,Graduate
1.0,44.0,1.0,9119.0,1.0,39.0,140.0,1.0,1.0,19.0,4.0,5.0,140.0,1.0,0.0,0.0,1.0,1.0,0.0,22.0,0.0,0.0,5.0,9.0,0.0,0.0,0.0,0.0,5.0,6.0,2.0,11.6666666666667,0.0,10.8,1.4000000000000001,1.74,Enrolled
1.0,1.0,1.0,9003.0,1.0,1.0,144.0,1.0,19.0,19.0,9.0,9.0,132.8,0.0,0.0,0.0,1.0,1.0,1.0,19.0,0.0,0.0,6.0,9.0,4.0,12.0,2.0,0.0,6.0,10.0,4.0,12.5,0.0,15.5,2.8000000000000003,-4.0600000000000005,Enrolled
1.0,18.0,1.0,9773.0,1.0,1.0,125.0,1.0,1.0,1.0,4.0,7.0,121.5,1.0,0.0,0.0,1.0,1.0,0.0,19.0,0.0,0.0,6.0,6.0,6.0,13.8333333333333,0.0,0.0,6.0,6.0,6.0,14.5,0.0,8.9,1.4000000000000001,3.5100000000000002,Graduate
1.0,1.0,1.0,171.0,1.0,1.0,131.0,1.0,1.0,1.0,7.0,4.0,127.2,1.0,0.0,1.0,1.0,1.0,0.0,23.0,0.0,13.0,17.0,19.0,13.0,12.1538461538462,0.0,10.0,17.0,28.0,11.0,11.909090909090901,1.0,11.100000000000001,0.6000000000000001,2.02,Enrolled
1.0,17.0,1.0,9130.0,1.0,1.0,131.0,1.0,12.0,12.0,2.0,8.0,128.20000000000002,1.0,0.0,0.0,1.0,1.0,0.0,18.0,0.0,0.0,6.0,7.0,6.0,14.0,0.0,0.0,6.0,8.0,6.0,13.6666666666667,0.0,12.4,0.5,1.79,Graduate
1.0,1.0,1.0,9773.0,1.0,1.0,140.0,1.0,3.0,2.0,4.0,6.0,133.4,1.0,0.0,0.0,0.0,1.0,0.0,29.0,0.0,0.0,6.0,8.0,6.0,16.5,0.0,0.0,6.0,6.0,5.0,13.8,0.0,11.100000000000001,0.6000000000000001,2.02,Enrolled
1.0,39.0,1.0,9130.0,1.0,1.0,133.1,1.0,1.0,19.0,4.0,5.0,120.0,1.0,0.0,0.0,1.0,1.0,0.0,29.0,0.0,0.0,5.0,11.0,1.0,18.0,2.0,0.0,5.0,10.0,3.0,13.3333333333333,2.0,10.8,1.4000000000000001,1.74,Dropout
1.0,44.0,1.0,9003.0,1.0,1.0,140.0,1.0,1.0,1.0,4.0,5.0,140.0,0.0,0.0,0.0,1.0,1.0,0.0,20.0,0.0,0.0,6.0,11.0,6.0,11.2857142857143,0.0,0.0,6.0,12.0,5.0,11.7777777777778,0.0,16.2,0.30000000000000004,-0.92,Enrolled
1.0,1.0,5.0,171.0,1.0,1.0,139.0,1.0,19.0,3.0,9.0,2.0,136.9,1.0,0.0,0.0,1.0,1.0,1.0,19.0,0.0,0.0,0.0,0.0,0.0,0.0,0.0,0.0,0.0,0.0,0.0,0.0,0.0,9.4,-0.8,-3.12,Graduate
1.0,17.0,3.0,171.0,1.0,1.0,125.0,1.0,3.0,39.0,2.0,5.0,117.0,1.0,1.0,0.0,1.0,1.0,0.0,22.0,0.0,0.0,0.0,0.0,0.0,0.0,0.0,0.0,0.0,0.0,0.0,0.0,0.0,10.8,1.4000000000000001,1.74,Enrolled
1.0,1.0,2.0,9670.0,1.0,1.0,117.0,1.0,3.0,1.0,3.0,5.0,110.7,1.0,0.0,0.0,1.0,1.0,0.0,20.0,0.0,0.0,6.0,10.0,5.0,14.0,0.0,0.0,6.0,10.0,6.0,12.0,0.0,11.100000000000001,0.6000000000000001,2.02,Enrolled
1.0,39.0,1.0,9130.0,1.0,1.0,150.0,1.0,19.0,19.0,9.0,5.0,160.0,1.0,0.0,0.0,1.0,1.0,0.0,24.0,0.0,0.0,5.0,13.0,4.0,13.75,1.0,0.0,5.0,9.0,3.0,12.0,0.0,9.4,-0.8,-3.12,Enrolled
1.0,1.0,1.0,9670.0,1.0,1.0,95.0,1.0,37.0,37.0,5.0,8.0,95.0,0.0,0.0,0.0,0.0,1.0,0.0,21.0,0.0,0.0,6.0,9.0,4.0,13.25,0.0,0.0,6.0,6.0,5.0,11.0,0.0,12.700000000000001,3.7,-1.7000000000000002,Dropout
1.0,39.0,1.0,9147.0,1.0,1.0,150.0,1.0,37.0,1.0,7.0,3.0,148.8,0.0,0.0,0.0,1.0,1.0,1.0,25.0,0.0,0.0,5.0,7.0,4.0,14.25,0.0,0.0,5.0,7.0,4.0,14.75,0.0,12.700000000000001,3.7,-1.7000000000000002,Graduate
1.0,39.0,1.0,9147.0,1.0,1.0,120.0,1.0,37.0,37.0,9.0,9.0,110.0,0.0,0.0,0.0,0.0,1.0,0.0,32.0,0.0,0.0,5.0,9.0,0.0,0.0,1.0,0.0,5.0,5.0,0.0,0.0,0.0,9.4,-0.8,-3.12,Dropout
1.0,43.0,1.0,9991.0,0.0,1.0,136.0,1.0,3.0,4.0,2.0,2.0,133.9,0.0,0.0,0.0,0.0,1.0,0.0,26.0,0.0,8.0,12.0,12.0,8.0,11.25,0.0,3.0,8.0,8.0,3.0,11.3333333333333,0.0,7.6000000000000005,2.6,0.32,Dropout
1.0,1.0,1.0,9130.0,1.0,1.0,133.0,1.0,2.0,37.0,9.0,7.0,125.7,1.0,0.0,0.0,1.0,1.0,1.0,18.0,0.0,0.0,6.0,7.0,6.0,13.5,0.0,0.0,6.0,8.0,6.0,12.5,0.0,12.4,0.5,1.79,Graduate
1.0,17.0,1.0,9254.0,1.0,1.0,125.0,1.0,1.0,19.0,4.0,7.0,116.60000000000001,0.0,0.0,0.0,1.0,1.0,1.0,19.0,0.0,0.0,6.0,8.0,5.0,12.6666666666667,0.0,0.0,6.0,10.0,6.0,12.8571428571429,0.0,16.2,0.30000000000000004,-0.92,Graduate
1.0,1.0,3.0,9070.0,1.0,1.0,127.0,1.0,19.0,38.0,5.0,7.0,141.0,1.0,0.0,0.0,1.0,1.0,1.0,19.0,0.0,0.0,6.0,6.0,6.0,15.1666666666667,0.0,0.0,6.0,6.0,6.0,12.3333333333333,0.0,12.4,0.5,1.79,Graduate
1.0,7.0,1.0,9119.0,1.0,40.0,130.0,1.0,1.0,1.0,4.0,4.0,130.0,0.0,0.0,0.0,1.0,1.0,0.0,27.0,0.0,4.0,6.0,6.0,6.0,13.1666666666667,0.0,2.0,5.0,7.0,5.0,15.1428571428571,0.0,11.100000000000001,0.6000000000000001,2.02,Dropout
1.0,53.0,1.0,9003.0,1.0,1.0,130.0,1.0,19.0,1.0,9.0,9.0,130.0,0.0,0.0,1.0,1.0,1.0,0.0,21.0,0.0,7.0,12.0,20.0,10.0,11.8,0.0,5.0,12.0,15.0,9.0,11.4444444444444,0.0,8.9,1.4000000000000001,3.5100000000000002,Enrolled
1.0,17.0,1.0,9119.0,1.0,1.0,127.0,1.0,19.0,1.0,4.0,5.0,115.80000000000001,0.0,0.0,0.0,1.0,1.0,0.0,20.0,0.0,0.0,5.0,10.0,4.0,11.5,0.0,0.0,5.0,11.0,0.0,0.0,0.0,13.9,-0.30000000000000004,0.79,Enrolled
1.0,44.0,1.0,9070.0,1.0,39.0,140.0,1.0,19.0,38.0,4.0,0.0,140.0,1.0,0.0,0.0,1.0,1.0,0.0,21.0,0.0,0.0,6.0,6.0,6.0,14.5,0.0,0.0,6.0,8.0,6.0,11.3333333333333,0.0,12.4,0.5,1.79,Graduate
1.0,1.0,5.0,9773.0,1.0,1.0,125.0,1.0,37.0,3.0,5.0,2.0,126.10000000000001,1.0,0.0,0.0,1.0,1.0,0.0,22.0,0.0,0.0,6.0,10.0,5.0,13.4,0.0,0.0,6.0,12.0,3.0,10.6666666666667,0.0,9.4,-0.8,-3.12,Enrolled
1.0,1.0,1.0,171.0,1.0,1.0,135.0,1.0,1.0,38.0,5.0,7.0,137.5,1.0,0.0,1.0,0.0,1.0,0.0,19.0,0.0,0.0,0.0,0.0,0.0,0.0,0.0,0.0,0.0,0.0,0.0,0.0,0.0,12.700000000000001,3.7,-1.7000000000000002,Graduate
1.0,17.0,4.0,9147.0,1.0,1.0,132.0,1.0,38.0,19.0,5.0,5.0,120.80000000000001,1.0,0.0,0.0,1.0,1.0,1.0,18.0,0.0,0.0,5.0,8.0,4.0,10.8,0.0,0.0,5.0,10.0,2.0,12.5,0.0,11.100000000000001,0.6000000000000001,2.02,Dropout
1.0,39.0,2.0,9238.0,1.0,1.0,110.0,1.0,19.0,1.0,5.0,5.0,136.5,0.0,0.0,0.0,1.0,1.0,0.0,28.0,0.0,0.0,5.0,6.0,0.0,0.0,0.0,0.0,5.0,5.0,0.0,0.0,0.0,13.9,-0.30000000000000004,0.79,Dropout
2.0,39.0,1.0,9003.0,1.0,1.0,130.0,1.0,1.0,37.0,9.0,1.0,122.0,0.0,0.0,1.0,0.0,1.0,0.0,25.0,0.0,3.0,10.0,23.0,6.0,11.4285714285714,0.0,2.0,7.0,15.0,4.0,12.0,1.0,15.5,2.8000000000000003,-4.0600000000000005,Dropout
1.0,43.0,1.0,9003.0,1.0,1.0,130.0,1.0,37.0,1.0,5.0,4.0,130.0,0.0,0.0,0.0,1.0,1.0,0.0,25.0,0.0,8.0,14.0,24.0,8.0,12.5,2.0,6.0,13.0,23.0,10.0,11.600000000000001,0.0,15.5,2.8000000000000003,-4.0600000000000005,Dropout
1.0,1.0,1.0,9147.0,1.0,1.0,135.0,1.0,38.0,19.0,9.0,5.0,126.30000000000001,0.0,0.0,0.0,1.0,1.0,0.0,18.0,0.0,0.0,5.0,11.0,2.0,13.5,0.0,0.0,5.0,11.0,3.0,12.3333333333333,0.0,8.9,1.4000000000000001,3.5100000000000002,Enrolled
1.0,1.0,1.0,9254.0,1.0,1.0,133.1,1.0,4.0,19.0,4.0,5.0,98.0,0.0,0.0,0.0,1.0,1.0,0.0,26.0,0.0,0.0,6.0,6.0,0.0,0.0,0.0,0.0,6.0,12.0,0.0,0.0,0.0,10.8,1.4000000000000001,1.74,Dropout
1.0,17.0,3.0,9147.0,1.0,1.0,135.0,1.0,37.0,37.0,6.0,5.0,121.0,1.0,0.0,0.0,1.0,1.0,1.0,18.0,0.0,0.0,5.0,8.0,5.0,12.75,0.0,0.0,5.0,7.0,5.0,11.5,0.0,13.9,-0.30000000000000004,0.79,Graduate
1.0,43.0,1.0,9773.0,1.0,1.0,128.0,1.0,19.0,38.0,9.0,7.0,124.2,1.0,0.0,0.0,1.0,1.0,0.0,22.0,0.0,0.0,6.0,17.0,3.0,11.3333333333333,3.0,0.0,6.0,14.0,3.0,12.3333333333333,0.0,15.5,2.8000000000000003,-4.0600000000000005,Enrolled
1.0,39.0,1.0,9003.0,1.0,1.0,140.0,1.0,1.0,3.0,4.0,5.0,130.0,0.0,0.0,0.0,1.0,1.0,0.0,25.0,0.0,0.0,6.0,8.0,0.0,0.0,0.0,0.0,6.0,10.0,0.0,0.0,0.0,16.2,0.30000000000000004,-0.92,Dropout
1.0,1.0,2.0,9773.0,1.0,1.0,135.0,1.0,3.0,1.0,4.0,4.0,136.1,1.0,0.0,0.0,1.0,1.0,0.0,19.0,0.0,0.0,6.0,9.0,5.0,11.4,0.0,0.0,6.0,13.0,5.0,12.4,0.0,8.9,1.4000000000000001,3.5100000000000002,Enrolled
1.0,17.0,2.0,9773.0,1.0,1.0,131.0,1.0,3.0,19.0,2.0,3.0,132.8,1.0,0.0,0.0,1.0,1.0,0.0,19.0,0.0,0.0,6.0,7.0,6.0,14.4285714285714,0.0,0.0,6.0,7.0,6.0,14.5714285714286,0.0,13.9,-0.30000000000000004,0.79,Graduate
1.0,17.0,1.0,9500.0,1.0,1.0,131.0,1.0,1.0,1.0,5.0,5.0,126.30000000000001,0.0,0.0,0.0,1.0,1.0,0.0,19.0,0.0,0.0,7.0,9.0,7.0,12.492857142857101,0.0,0.0,8.0,10.0,8.0,11.7125,0.0,16.2,0.30000000000000004,-0.92,Graduate
4.0,39.0,1.0,8014.0,0.0,19.0,100.0,1.0,1.0,37.0,9.0,1.0,111.5,0.0,0.0,0.0,1.0,1.0,0.0,45.0,0.0,2.0,8.0,10.0,4.0,11.5,0.0,2.0,8.0,13.0,4.0,11.0,0.0,10.8,1.4000000000000001,1.74,Dropout
2.0,39.0,1.0,9991.0,0.0,1.0,140.0,1.0,37.0,37.0,9.0,9.0,118.2,0.0,0.0,0.0,1.0,1.0,0.0,52.0,0.0,0.0,5.0,7.0,5.0,11.200000000000001,0.0,0.0,5.0,6.0,5.0,12.8,1.0,7.6000000000000005,2.6,0.32,Graduate
1.0,1.0,1.0,9147.0,1.0,1.0,124.0,1.0,19.0,19.0,9.0,3.0,115.60000000000001,1.0,0.0,0.0,0.0,1.0,0.0,20.0,0.0,0.0,5.0,9.0,3.0,12.0,1.0,0.0,5.0,7.0,3.0,11.0,0.0,9.4,-0.8,-3.12,Dropout
1.0,1.0,1.0,9500.0,1.0,1.0,130.0,1.0,38.0,37.0,5.0,10.0,117.80000000000001,1.0,0.0,0.0,1.0,1.0,0.0,19.0,0.0,0.0,8.0,8.0,7.0,15.8857142857143,0.0,0.0,8.0,8.0,7.0,15.8857142857143,0.0,10.8,1.4000000000000001,1.74,Graduate
1.0,1.0,1.0,9500.0,1.0,1.0,142.0,1.0,1.0,38.0,9.0,9.0,127.0,0.0,0.0,1.0,0.0,1.0,0.0,21.0,0.0,0.0,7.0,12.0,4.0,12.94,0.0,0.0,7.0,12.0,4.0,11.58,0.0,12.4,0.5,1.79,Dropout
2.0,39.0,1.0,8014.0,0.0,1.0,150.0,1.0,37.0,37.0,9.0,9.0,140.0,0.0,0.0,0.0,0.0,1.0,0.0,35.0,0.0,0.0,6.0,6.0,6.0,14.0,0.0,0.0,6.0,6.0,6.0,14.1666666666667,0.0,9.4,-0.8,-3.12,Graduate
2.0,39.0,1.0,171.0,1.0,12.0,110.0,1.0,37.0,37.0,7.0,7.0,106.0,1.0,0.0,0.0,1.0,1.0,0.0,36.0,0.0,0.0,0.0,0.0,0.0,0.0,0.0,0.0,0.0,0.0,0.0,0.0,0.0,7.6000000000000005,2.6,0.32,Graduate
4.0,39.0,1.0,9500.0,1.0,19.0,110.0,1.0,37.0,38.0,5.0,5.0,151.0,0.0,0.0,1.0,0.0,1.0,0.0,47.0,0.0,0.0,7.0,7.0,0.0,0.0,7.0,0.0,8.0,8.0,0.0,0.0,8.0,15.5,2.8000000000000003,-4.0600000000000005,Dropout
1.0,18.0,1.0,9991.0,0.0,1.0,112.0,1.0,43.0,40.0,2.0,2.0,106.4,0.0,0.0,0.0,1.0,1.0,0.0,22.0,0.0,0.0,5.0,0.0,0.0,0.0,0.0,0.0,5.0,0.0,0.0,0.0,0.0,8.9,1.4000000000000001,3.5100000000000002,Dropout
2.0,39.0,1.0,9991.0,0.0,1.0,100.0,1.0,37.0,37.0,9.0,9.0,125.30000000000001,1.0,0.0,0.0,1.0,1.0,0.0,41.0,0.0,0.0,5.0,8.0,4.0,11.25,0.0,0.0,5.0,8.0,3.0,11.0,1.0,7.6000000000000005,2.6,0.32,Dropout
1.0,7.0,1.0,9119.0,1.0,3.0,130.0,1.0,34.0,34.0,90.0,90.0,130.0,0.0,0.0,0.0,1.0,1.0,0.0,26.0,0.0,0.0,5.0,5.0,0.0,0.0,0.0,0.0,5.0,6.0,0.0,0.0,0.0,10.8,1.4000000000000001,1.74,Dropout
2.0,39.0,1.0,8014.0,0.0,1.0,133.1,1.0,34.0,34.0,90.0,90.0,116.0,0.0,0.0,0.0,0.0,0.0,0.0,51.0,0.0,0.0,6.0,13.0,4.0,11.25,0.0,0.0,6.0,12.0,0.0,0.0,1.0,10.8,1.4000000000000001,1.74,Dropout
2.0,39.0,2.0,9991.0,0.0,1.0,150.0,1.0,37.0,37.0,9.0,9.0,120.0,0.0,0.0,0.0,1.0,0.0,0.0,43.0,0.0,0.0,5.0,11.0,3.0,10.6666666666667,0.0,1.0,5.0,10.0,4.0,12.5,0.0,9.4,-0.8,-3.12,Enrolled
2.0,39.0,2.0,8014.0,0.0,1.0,100.0,1.0,34.0,34.0,0.0,0.0,100.0,1.0,0.0,0.0,1.0,0.0,0.0,41.0,0.0,0.0,6.0,9.0,5.0,11.8,0.0,1.0,6.0,10.0,3.0,10.6666666666667,1.0,7.6000000000000005,2.6,0.32,Graduate
1.0,43.0,2.0,9147.0,1.0,1.0,130.0,1.0,34.0,37.0,9.0,9.0,118.5,1.0,0.0,0.0,1.0,1.0,0.0,23.0,0.0,5.0,10.0,19.0,8.0,11.625,1.0,4.0,10.0,16.0,10.0,11.181818181818201,3.0,7.6000000000000005,2.6,0.32,Graduate
1.0,43.0,2.0,9238.0,1.0,1.0,129.0,1.0,34.0,30.0,0.0,5.0,118.9,1.0,0.0,0.0,1.0,1.0,0.0,22.0,0.0,0.0,6.0,11.0,0.0,0.0,0.0,0.0,5.0,10.0,0.0,0.0,0.0,9.4,-0.8,-3.12,Dropout
1.0,17.0,2.0,9070.0,1.0,1.0,127.0,1.0,37.0,37.0,9.0,9.0,119.30000000000001,1.0,1.0,0.0,1.0,1.0,1.0,25.0,0.0,0.0,6.0,8.0,4.0,10.25,0.0,0.0,6.0,6.0,4.0,11.25,0.0,12.700000000000001,3.7,-1.7000000000000002,Dropout
1.0,43.0,1.0,9991.0,0.0,1.0,140.0,1.0,37.0,37.0,9.0,9.0,135.8,1.0,0.0,0.0,1.0,1.0,0.0,25.0,0.0,14.0,15.0,16.0,15.0,10.8,0.0,13.0,14.0,14.0,14.0,11.3571428571429,0.0,9.4,-0.8,-3.12,Graduate
1.0,53.0,1.0,171.0,1.0,42.0,130.0,1.0,1.0,19.0,9.0,9.0,130.0,1.0,0.0,0.0,0.0,1.0,1.0,22.0,0.0,5.0,12.0,15.0,11.0,12.5454545454545,0.0,4.0,11.0,16.0,11.0,12.6666666666667,0.0,8.9,1.4000000000000001,3.5100000000000002,Graduate
1.0,39.0,1.0,9003.0,1.0,1.0,133.1,6.0,1.0,1.0,192.0,144.0,129.8,0.0,0.0,0.0,1.0,1.0,0.0,24.0,1.0,0.0,7.0,7.0,7.0,13.5714285714286,0.0,0.0,6.0,9.0,5.0,13.4,0.0,8.9,1.4000000000000001,3.5100000000000002,Enrolled
1.0,39.0,1.0,9085.0,1.0,2.0,140.0,1.0,38.0,38.0,9.0,10.0,150.0,0.0,0.0,0.0,1.0,1.0,0.0,47.0,0.0,0.0,6.0,0.0,0.0,0.0,0.0,0.0,6.0,0.0,0.0,0.0,0.0,16.2,0.30000000000000004,-0.92,Dropout
2.0,39.0,1.0,9991.0,0.0,19.0,133.1,1.0,37.0,37.0,5.0,5.0,111.9,1.0,0.0,0.0,1.0,1.0,0.0,41.0,0.0,0.0,5.0,5.0,0.0,0.0,0.0,0.0,5.0,5.0,0.0,0.0,0.0,7.6000000000000005,2.6,0.32,Dropout
1.0,39.0,1.0,9003.0,1.0,1.0,120.0,1.0,37.0,37.0,9.0,9.0,150.1,1.0,0.0,0.0,1.0,1.0,0.0,43.0,0.0,0.0,6.0,9.0,6.0,14.7777777777778,0.0,0.0,6.0,11.0,5.0,12.200000000000001,0.0,13.9,-0.30000000000000004,0.79,Graduate
1.0,39.0,1.0,9003.0,1.0,1.0,133.1,1.0,1.0,37.0,9.0,8.0,130.0,0.0,0.0,0.0,1.0,1.0,0.0,29.0,0.0,0.0,3.0,4.0,0.0,0.0,0.0,0.0,4.0,8.0,0.0,0.0,0.0,16.2,0.30000000000000004,-0.92,Dropout
1.0,39.0,2.0,9119.0,1.0,1.0,120.0,1.0,37.0,37.0,5.0,5.0,128.0,0.0,0.0,0.0,1.0,1.0,0.0,30.0,0.0,0.0,2.0,2.0,0.0,0.0,0.0,0.0,2.0,2.0,0.0,0.0,0.0,7.6000000000000005,2.6,0.32,Dropout
1.0,39.0,2.0,9147.0,1.0,38.0,133.1,1.0,19.0,38.0,9.0,9.0,102.5,0.0,0.0,0.0,0.0,1.0,0.0,26.0,0.0,0.0,4.0,4.0,0.0,0.0,0.0,0.0,5.0,0.0,0.0,0.0,0.0,12.700000000000001,3.7,-1.7000000000000002,Dropout
1.0,39.0,2.0,9991.0,0.0,1.0,133.1,1.0,19.0,38.0,9.0,9.0,102.5,0.0,0.0,0.0,0.0,1.0,0.0,27.0,0.0,0.0,5.0,10.0,0.0,0.0,0.0,0.0,5.0,5.0,0.0,0.0,0.0,15.5,2.8000000000000003,-4.0600000000000005,Dropout
2.0,39.0,2.0,9670.0,1.0,1.0,100.0,1.0,37.0,37.0,9.0,9.0,110.0,0.0,0.0,0.0,1.0,1.0,1.0,36.0,0.0,0.0,5.0,5.0,5.0,11.4,0.0,0.0,5.0,7.0,5.0,11.600000000000001,0.0,9.4,-0.8,-3.12,Graduate
1.0,39.0,1.0,9003.0,1.0,19.0,133.1,1.0,1.0,19.0,4.0,10.0,114.0,0.0,0.0,0.0,1.0,1.0,0.0,29.0,0.0,3.0,9.0,13.0,6.0,11.6666666666667,0.0,2.0,7.0,10.0,6.0,10.8571428571429,0.0,15.5,2.8000000000000003,-4.0600000000000005,Dropout
1.0,42.0,1.0,9119.0,1.0,1.0,120.0,1.0,34.0,34.0,0.0,0.0,128.20000000000002,1.0,0.0,0.0,1.0,1.0,0.0,35.0,0.0,6.0,10.0,12.0,7.0,11.2857142857143,0.0,2.0,8.0,8.0,5.0,13.0,0.0,9.4,-0.8,-3.12,Dropout
1.0,1.0,1.0,9773.0,1.0,1.0,128.0,1.0,38.0,38.0,6.0,3.0,116.5,0.0,0.0,0.0,1.0,1.0,1.0,18.0,0.0,0.0,6.0,12.0,4.0,11.5,0.0,0.0,6.0,10.0,5.0,12.600000000000001,0.0,10.8,1.4000000000000001,1.74,Graduate
1.0,1.0,1.0,9991.0,0.0,1.0,172.0,1.0,38.0,37.0,9.0,9.0,149.3,0.0,0.0,0.0,1.0,1.0,1.0,24.0,0.0,0.0,5.0,5.0,5.0,16.0,0.0,0.0,5.0,5.0,5.0,16.0,0.0,8.9,1.4000000000000001,3.5100000000000002,Graduate
1.0,1.0,3.0,9773.0,1.0,1.0,146.0,1.0,38.0,38.0,9.0,7.0,134.1,1.0,0.0,0.0,1.0,1.0,1.0,18.0,0.0,0.0,6.0,6.0,6.0,12.5,0.0,0.0,6.0,7.0,6.0,12.6666666666667,0.0,10.8,1.4000000000000001,1.74,Dropout
1.0,17.0,4.0,9119.0,1.0,1.0,135.0,1.0,38.0,37.0,5.0,7.0,126.60000000000001,1.0,0.0,0.0,1.0,1.0,0.0,18.0,0.0,0.0,5.0,7.0,4.0,12.0,0.0,0.0,5.0,10.0,3.0,13.0,3.0,7.6000000000000005,2.6,0.32,Enrolled
2.0,43.0,1.0,9085.0,1.0,1.0,160.0,1.0,37.0,37.0,9.0,7.0,120.0,0.0,0.0,0.0,1.0,1.0,0.0,21.0,0.0,0.0,5.0,11.0,0.0,0.0,2.0,0.0,5.0,11.0,3.0,11.6666666666667,1.0,9.4,-0.8,-3.12,Enrolled
1.0,42.0,1.0,9119.0,1.0,1.0,150.0,1.0,38.0,37.0,5.0,8.0,133.5,1.0,0.0,0.0,1.0,1.0,0.0,21.0,0.0,0.0,5.0,10.0,5.0,13.0,0.0,0.0,5.0,10.0,5.0,12.600000000000001,0.0,9.4,-0.8,-3.12,Graduate
1.0,39.0,1.0,9003.0,1.0,1.0,130.0,1.0,1.0,3.0,2.0,6.0,110.0,0.0,0.0,0.0,1.0,1.0,0.0,32.0,0.0,8.0,18.0,27.0,13.0,13.714285714285701,1.0,7.0,12.0,18.0,12.0,12.0833333333333,0.0,15.5,2.8000000000000003,-4.0600000000000005,Graduate
1.0,1.0,4.0,9119.0,1.0,1.0,111.0,1.0,37.0,37.0,9.0,5.0,107.5,1.0,0.0,0.0,1.0,1.0,1.0,22.0,0.0,0.0,5.0,9.0,3.0,12.3333333333333,0.0,0.0,6.0,14.0,3.0,12.5,0.0,11.100000000000001,0.6000000000000001,2.02,Dropout
1.0,7.0,1.0,9003.0,1.0,3.0,130.0,1.0,1.0,38.0,9.0,7.0,130.0,1.0,0.0,0.0,0.0,1.0,0.0,32.0,0.0,11.0,17.0,31.0,11.0,12.7272727272727,4.0,10.0,12.0,24.0,10.0,12.700000000000001,1.0,15.5,2.8000000000000003,-4.0600000000000005,Dropout
1.0,43.0,1.0,9670.0,1.0,6.0,170.0,1.0,34.0,34.0,0.0,0.0,111.60000000000001,0.0,0.0,0.0,1.0,1.0,0.0,35.0,0.0,1.0,5.0,5.0,1.0,14.0,0.0,0.0,5.0,5.0,0.0,0.0,0.0,9.4,-0.8,-3.12,Dropout
1.0,18.0,3.0,9147.0,1.0,1.0,133.1,1.0,1.0,38.0,4.0,7.0,101.0,1.0,0.0,0.0,0.0,1.0,0.0,23.0,0.0,0.0,5.0,0.0,0.0,0.0,0.0,0.0,5.0,0.0,0.0,0.0,0.0,8.9,1.4000000000000001,3.5100000000000002,Dropout
1.0,39.0,1.0,8014.0,0.0,1.0,100.0,1.0,37.0,37.0,6.0,6.0,108.30000000000001,0.0,0.0,0.0,1.0,1.0,0.0,39.0,0.0,0.0,6.0,8.0,5.0,11.4,0.0,1.0,6.0,12.0,3.0,11.0,1.0,7.6000000000000005,2.6,0.32,Enrolled
2.0,43.0,1.0,9670.0,1.0,1.0,120.0,1.0,34.0,34.0,0.0,0.0,128.20000000000002,0.0,0.0,0.0,1.0,1.0,0.0,35.0,0.0,0.0,5.0,5.0,0.0,0.0,0.0,0.0,5.0,5.0,1.0,10.0,0.0,9.4,-0.8,-3.12,Dropout
2.0,39.0,1.0,9003.0,1.0,3.0,110.0,1.0,3.0,19.0,4.0,6.0,150.0,0.0,0.0,0.0,1.0,1.0,0.0,32.0,0.0,0.0,6.0,8.0,6.0,18.875,0.0,6.0,12.0,14.0,12.0,17.6923076923077,0.0,16.2,0.30000000000000004,-0.92,Graduate
1.0,1.0,1.0,9853.0,1.0,1.0,133.1,1.0,34.0,34.0,0.0,0.0,142.8,0.0,0.0,0.0,1.0,1.0,0.0,20.0,0.0,0.0,6.0,12.0,0.0,0.0,0.0,0.0,6.0,12.0,0.0,0.0,0.0,7.6000000000000005,2.6,0.32,Dropout
1.0,39.0,1.0,9500.0,1.0,1.0,120.0,1.0,37.0,37.0,9.0,9.0,100.0,0.0,0.0,0.0,1.0,1.0,0.0,34.0,0.0,0.0,7.0,15.0,6.0,11.3333333333333,0.0,0.0,7.0,16.0,4.0,12.600000000000001,0.0,16.2,0.30000000000000004,-0.92,Enrolled
1.0,7.0,1.0,9991.0,0.0,40.0,150.0,1.0,37.0,37.0,6.0,6.0,150.0,1.0,0.0,0.0,1.0,1.0,0.0,44.0,0.0,3.0,7.0,9.0,7.0,13.5,0.0,0.0,5.0,6.0,5.0,16.2,0.0,8.9,1.4000000000000001,3.5100000000000002,Dropout
2.0,39.0,1.0,9254.0,1.0,19.0,133.1,1.0,37.0,19.0,9.0,10.0,156.5,0.0,0.0,0.0,1.0,1.0,0.0,53.0,0.0,7.0,11.0,12.0,2.0,15.0,7.0,4.0,9.0,10.0,3.0,10.0,4.0,16.2,0.30000000000000004,-0.92,Graduate
1.0,39.0,1.0,9119.0,1.0,19.0,120.0,1.0,37.0,37.0,9.0,4.0,98.60000000000001,0.0,0.0,1.0,0.0,1.0,0.0,28.0,0.0,0.0,5.0,10.0,0.0,0.0,0.0,0.0,5.0,7.0,0.0,0.0,0.0,12.4,0.5,1.79,Dropout
1.0,7.0,1.0,9991.0,0.0,3.0,130.0,1.0,37.0,37.0,9.0,9.0,130.0,0.0,0.0,0.0,1.0,1.0,0.0,31.0,0.0,9.0,9.0,9.0,9.0,14.2222222222222,0.0,5.0,5.0,5.0,5.0,12.8,0.0,12.700000000000001,3.7,-1.7000000000000002,Dropout
1.0,1.0,1.0,171.0,1.0,1.0,130.0,1.0,1.0,38.0,5.0,9.0,118.10000000000001,0.0,0.0,1.0,0.0,1.0,0.0,18.0,0.0,0.0,0.0,0.0,0.0,0.0,0.0,0.0,0.0,0.0,0.0,0.0,0.0,9.4,-0.8,-3.12,Enrolled
1.0,39.0,1.0,9003.0,1.0,1.0,100.0,1.0,1.0,3.0,9.0,10.0,120.0,0.0,0.0,1.0,0.0,1.0,0.0,44.0,0.0,2.0,7.0,14.0,4.0,12.0,2.0,0.0,6.0,16.0,0.0,0.0,1.0,15.5,2.8000000000000003,-4.0600000000000005,Dropout
1.0,1.0,1.0,9085.0,1.0,1.0,142.0,1.0,1.0,1.0,9.0,9.0,127.7,1.0,0.0,0.0,1.0,1.0,0.0,19.0,0.0,0.0,5.0,9.0,5.0,12.600000000000001,1.0,0.0,5.0,8.0,4.0,12.0,0.0,12.700000000000001,3.7,-1.7000000000000002,Graduate
1.0,15.0,1.0,171.0,1.0,1.0,130.0,26.0,1.0,1.0,2.0,9.0,130.0,0.0,0.0,0.0,1.0,1.0,0.0,21.0,1.0,6.0,12.0,12.0,12.0,15.0833333333333,0.0,4.0,11.0,15.0,11.0,13.0833333333333,0.0,8.9,1.4000000000000001,3.5100000000000002,Enrolled
1.0,18.0,1.0,9119.0,1.0,1.0,148.0,1.0,3.0,19.0,3.0,5.0,147.70000000000002,0.0,0.0,0.0,1.0,1.0,1.0,18.0,0.0,0.0,5.0,5.0,0.0,0.0,0.0,0.0,5.0,5.0,0.0,0.0,0.0,9.4,-0.8,-3.12,Dropout
1.0,44.0,1.0,9003.0,1.0,39.0,170.0,1.0,19.0,19.0,5.0,5.0,170.0,1.0,0.0,0.0,1.0,1.0,0.0,20.0,0.0,0.0,6.0,8.0,6.0,14.5,0.0,0.0,6.0,10.0,6.0,15.3,0.0,16.2,0.30000000000000004,-0.92,Graduate
1.0,39.0,1.0,9070.0,1.0,1.0,110.0,1.0,37.0,37.0,7.0,7.0,110.2,0.0,0.0,0.0,1.0,1.0,0.0,55.0,0.0,0.0,6.0,6.0,6.0,14.5,0.0,0.0,6.0,6.0,6.0,13.5,0.0,11.100000000000001,0.6000000000000001,2.02,Graduate
1.0,1.0,1.0,9147.0,1.0,1.0,166.0,1.0,19.0,37.0,4.0,8.0,146.4,0.0,0.0,0.0,1.0,1.0,0.0,27.0,0.0,0.0,5.0,12.0,3.0,10.0,0.0,0.0,5.0,12.0,1.0,13.0,0.0,7.6000000000000005,2.6,0.32,Enrolled
1.0,17.0,2.0,9119.0,1.0,1.0,135.0,1.0,12.0,19.0,5.0,5.0,121.0,0.0,0.0,0.0,1.0,1.0,0.0,19.0,0.0,0.0,5.0,0.0,0.0,0.0,0.0,0.0,5.0,0.0,0.0,0.0,0.0,12.4,0.5,1.79,Dropout
1.0,1.0,1.0,9147.0,1.0,1.0,133.0,1.0,19.0,37.0,9.0,9.0,129.9,0.0,0.0,0.0,1.0,1.0,0.0,18.0,0.0,0.0,5.0,5.0,5.0,11.600000000000001,0.0,0.0,5.0,5.0,5.0,13.200000000000001,0.0,12.4,0.5,1.79,Graduate
2.0,39.0,1.0,9773.0,1.0,1.0,133.1,1.0,37.0,37.0,7.0,4.0,132.0,0.0,0.0,0.0,1.0,1.0,0.0,43.0,0.0,0.0,6.0,10.0,4.0,11.75,0.0,0.0,6.0,7.0,0.0,0.0,0.0,15.5,2.8000000000000003,-4.0600000000000005,Dropout
1.0,18.0,3.0,9254.0,1.0,1.0,121.0,1.0,19.0,19.0,9.0,6.0,125.9,1.0,0.0,0.0,1.0,1.0,0.0,18.0,0.0,0.0,6.0,0.0,0.0,0.0,0.0,0.0,6.0,0.0,0.0,0.0,0.0,13.9,-0.30000000000000004,0.79,Dropout
1.0,1.0,1.0,171.0,1.0,1.0,159.0,1.0,3.0,3.0,2.0,2.0,165.70000000000002,1.0,0.0,0.0,1.0,1.0,0.0,18.0,0.0,0.0,0.0,0.0,0.0,0.0,0.0,0.0,0.0,0.0,0.0,0.0,0.0,9.4,-0.8,-3.12,Dropout
1.0,17.0,5.0,9254.0,1.0,1.0,130.0,1.0,37.0,38.0,9.0,9.0,122.7,1.0,0.0,1.0,1.0,1.0,1.0,20.0,0.0,0.0,6.0,7.0,0.0,0.0,0.0,0.0,6.0,6.0,0.0,0.0,0.0,8.9,1.4000000000000001,3.5100000000000002,Dropout
2.0,39.0,1.0,9991.0,0.0,1.0,121.0,1.0,37.0,19.0,9.0,9.0,141.4,0.0,0.0,1.0,0.0,1.0,0.0,29.0,0.0,0.0,5.0,7.0,4.0,11.25,0.0,0.0,5.0,8.0,4.0,11.8,0.0,10.8,1.4000000000000001,1.74,Dropout
1.0,39.0,1.0,9130.0,1.0,19.0,133.1,1.0,37.0,37.0,9.0,10.0,156.4,1.0,0.0,1.0,1.0,1.0,0.0,44.0,0.0,0.0,6.0,9.0,5.0,11.5714285714286,0.0,0.0,6.0,11.0,0.0,0.0,0.0,13.9,-0.30000000000000004,0.79,Dropout
1.0,1.0,1.0,9119.0,1.0,1.0,146.0,1.0,37.0,37.0,9.0,9.0,148.5,1.0,0.0,0.0,1.0,1.0,0.0,18.0,0.0,0.0,5.0,7.0,4.0,10.0,0.0,0.0,5.0,8.0,1.0,16.0,0.0,10.8,1.4000000000000001,1.74,Enrolled
1.0,44.0,1.0,9003.0,1.0,39.0,140.0,1.0,37.0,37.0,9.0,1.0,140.0,0.0,0.0,0.0,1.0,1.0,1.0,20.0,0.0,0.0,6.0,11.0,5.0,13.8333333333333,0.0,0.0,6.0,13.0,6.0,12.3,0.0,15.5,2.8000000000000003,-4.0600000000000005,Enrolled
1.0,43.0,1.0,9070.0,1.0,1.0,125.0,1.0,38.0,37.0,8.0,7.0,131.70000000000002,1.0,0.0,0.0,1.0,1.0,0.0,20.0,0.0,3.0,6.0,6.0,4.0,12.75,0.0,3.0,9.0,12.0,3.0,12.6666666666667,0.0,12.4,0.5,1.79,Dropout
2.0,39.0,2.0,9147.0,1.0,1.0,120.0,1.0,37.0,37.0,9.0,9.0,104.7,1.0,0.0,0.0,1.0,1.0,0.0,36.0,0.0,0.0,4.0,4.0,0.0,0.0,0.0,0.0,5.0,9.0,0.0,0.0,0.0,10.8,1.4000000000000001,1.74,Dropout
1.0,44.0,1.0,9130.0,1.0,39.0,150.0,1.0,5.0,1.0,2.0,5.0,150.0,1.0,0.0,0.0,1.0,1.0,0.0,19.0,0.0,1.0,6.0,13.0,5.0,11.600000000000001,0.0,1.0,6.0,12.0,2.0,11.0,0.0,13.9,-0.30000000000000004,0.79,Enrolled
2.0,39.0,1.0,9085.0,1.0,19.0,110.0,1.0,37.0,37.0,90.0,90.0,110.0,0.0,0.0,0.0,0.0,1.0,0.0,29.0,0.0,0.0,5.0,5.0,0.0,0.0,0.0,0.0,5.0,5.0,0.0,0.0,0.0,12.700000000000001,3.7,-1.7000000000000002,Dropout
1.0,1.0,1.0,9670.0,1.0,1.0,120.0,1.0,1.0,1.0,9.0,9.0,129.1,1.0,0.0,0.0,1.0,1.0,0.0,18.0,0.0,0.0,6.0,6.0,4.0,11.25,0.0,0.0,6.0,10.0,3.0,10.3333333333333,0.0,10.8,1.4000000000000001,1.74,Dropout
1.0,39.0,1.0,9003.0,1.0,1.0,133.1,1.0,1.0,1.0,1.0,6.0,120.0,0.0,0.0,0.0,0.0,1.0,0.0,24.0,0.0,0.0,6.0,0.0,0.0,0.0,0.0,0.0,6.0,0.0,0.0,0.0,0.0,13.9,-0.30000000000000004,0.79,Dropout
1.0,1.0,1.0,9773.0,1.0,1.0,133.1,1.0,3.0,19.0,2.0,5.0,127.0,0.0,0.0,0.0,1.0,1.0,0.0,20.0,0.0,0.0,6.0,6.0,6.0,14.3333333333333,0.0,0.0,6.0,7.0,6.0,15.0,0.0,15.5,2.8000000000000003,-4.0600000000000005,Graduate
2.0,39.0,1.0,8014.0,0.0,19.0,133.1,1.0,19.0,37.0,9.0,9.0,151.5,0.0,0.0,1.0,0.0,1.0,0.0,45.0,0.0,0.0,6.0,7.0,0.0,0.0,0.0,0.0,5.0,5.0,0.0,0.0,0.0,16.2,0.30000000000000004,-0.92,Dropout
1.0,43.0,2.0,9500.0,1.0,1.0,130.0,1.0,38.0,37.0,4.0,4.0,126.80000000000001,1.0,0.0,0.0,1.0,1.0,1.0,28.0,0.0,18.0,23.0,23.0,20.0,13.5,3.0,18.0,23.0,23.0,20.0,13.5,3.0,7.6000000000000005,2.6,0.32,Graduate
1.0,1.0,1.0,9254.0,1.0,1.0,160.0,1.0,19.0,38.0,9.0,9.0,140.8,1.0,0.0,0.0,1.0,1.0,0.0,23.0,0.0,0.0,6.0,8.0,6.0,12.6666666666667,0.0,0.0,6.0,10.0,5.0,12.200000000000001,0.0,7.6000000000000005,2.6,0.32,Enrolled
1.0,1.0,1.0,9500.0,1.0,1.0,128.0,1.0,1.0,19.0,4.0,7.0,125.60000000000001,1.0,0.0,0.0,1.0,1.0,0.0,18.0,0.0,0.0,7.0,7.0,7.0,12.4442857142857,0.0,0.0,8.0,11.0,7.0,11.3471428571429,0.0,12.4,0.5,1.79,Graduate
1.0,1.0,2.0,9147.0,1.0,1.0,140.0,1.0,19.0,19.0,9.0,4.0,127.80000000000001,1.0,0.0,0.0,1.0,1.0,0.0,23.0,0.0,0.0,5.0,7.0,3.0,10.6666666666667,1.0,0.0,5.0,7.0,3.0,11.3333333333333,0.0,9.4,-0.8,-3.12,Dropout
1.0,43.0,1.0,171.0,1.0,1.0,120.0,1.0,3.0,3.0,2.0,2.0,120.0,1.0,0.0,0.0,1.0,1.0,0.0,22.0,0.0,0.0,0.0,0.0,0.0,0.0,0.0,0.0,0.0,0.0,0.0,0.0,0.0,7.6000000000000005,2.6,0.32,Enrolled
1.0,1.0,1.0,9070.0,1.0,1.0,140.0,1.0,19.0,19.0,5.0,5.0,131.3,0.0,0.0,0.0,1.0,1.0,1.0,22.0,0.0,1.0,6.0,6.0,6.0,12.6666666666667,0.0,1.0,6.0,6.0,5.0,12.4,0.0,12.4,0.5,1.79,Graduate
1.0,39.0,1.0,9991.0,0.0,12.0,120.0,1.0,37.0,38.0,5.0,5.0,155.70000000000002,0.0,0.0,0.0,1.0,1.0,0.0,33.0,0.0,0.0,5.0,5.0,5.0,13.200000000000001,0.0,0.0,5.0,6.0,5.0,14.8333333333333,0.0,10.8,1.4000000000000001,1.74,Graduate
1.0,53.0,1.0,9003.0,1.0,42.0,130.0,1.0,1.0,38.0,9.0,6.0,128.5,0.0,0.0,0.0,1.0,1.0,0.0,21.0,0.0,7.0,12.0,20.0,10.0,12.700000000000001,0.0,5.0,12.0,14.0,11.0,12.181818181818201,0.0,8.9,1.4000000000000001,3.5100000000000002,Graduate
2.0,39.0,1.0,9147.0,1.0,1.0,100.0,1.0,37.0,37.0,9.0,5.0,170.0,0.0,0.0,0.0,1.0,1.0,0.0,45.0,0.0,0.0,5.0,6.0,5.0,14.8333333333333,0.0,0.0,5.0,5.0,5.0,14.8,0.0,15.5,2.8000000000000003,-4.0600000000000005,Graduate
2.0,39.0,1.0,9003.0,1.0,1.0,133.1,1.0,37.0,37.0,9.0,9.0,100.0,0.0,0.0,0.0,0.0,1.0,0.0,44.0,0.0,4.0,10.0,10.0,4.0,11.5,0.0,1.0,7.0,8.0,1.0,12.0,0.0,15.5,2.8000000000000003,-4.0600000000000005,Dropout
4.0,39.0,1.0,9670.0,1.0,1.0,110.0,1.0,19.0,19.0,90.0,99.0,107.2,0.0,0.0,0.0,1.0,1.0,0.0,42.0,0.0,0.0,6.0,0.0,0.0,0.0,0.0,0.0,6.0,0.0,0.0,0.0,0.0,12.700000000000001,3.7,-1.7000000000000002,Dropout
1.0,18.0,1.0,9147.0,1.0,1.0,147.0,1.0,19.0,1.0,9.0,7.0,139.3,1.0,0.0,0.0,1.0,1.0,0.0,20.0,0.0,0.0,5.0,0.0,0.0,0.0,0.0,0.0,5.0,0.0,0.0,0.0,0.0,12.4,0.5,1.79,Dropout
1.0,17.0,6.0,9147.0,1.0,1.0,133.0,1.0,19.0,38.0,5.0,6.0,123.2,1.0,0.0,0.0,1.0,1.0,0.0,20.0,0.0,0.0,5.0,7.0,3.0,12.6666666666667,1.0,0.0,5.0,12.0,2.0,12.5,0.0,9.4,-0.8,-3.12,Enrolled
1.0,1.0,2.0,9254.0,1.0,1.0,137.0,1.0,1.0,38.0,2.0,8.0,122.30000000000001,1.0,0.0,0.0,1.0,1.0,1.0,20.0,0.0,0.0,6.0,7.0,6.0,14.714285714285701,0.0,0.0,6.0,6.0,6.0,12.5,0.0,8.9,1.4000000000000001,3.5100000000000002,Graduate
1.0,17.0,2.0,9773.0,1.0,1.0,124.0,1.0,1.0,1.0,4.0,4.0,127.9,1.0,0.0,0.0,1.0,1.0,0.0,20.0,0.0,0.0,6.0,11.0,3.0,13.6666666666667,0.0,0.0,6.0,13.0,4.0,10.25,0.0,9.4,-0.8,-3.12,Enrolled
1.0,1.0,2.0,9147.0,1.0,1.0,128.0,1.0,1.0,1.0,9.0,6.0,120.30000000000001,0.0,0.0,0.0,1.0,1.0,0.0,19.0,0.0,0.0,5.0,9.0,5.0,10.8,0.0,0.0,5.0,13.0,2.0,13.5,0.0,8.9,1.4000000000000001,3.5100000000000002,Enrolled
1.0,51.0,1.0,8014.0,0.0,1.0,120.0,1.0,1.0,1.0,4.0,4.0,128.5,0.0,0.0,1.0,0.0,1.0,0.0,26.0,0.0,2.0,8.0,13.0,4.0,10.5,0.0,5.0,10.0,16.0,7.0,10.4285714285714,0.0,12.4,0.5,1.79,Dropout
2.0,39.0,1.0,9003.0,1.0,1.0,133.1,1.0,37.0,37.0,8.0,7.0,150.0,0.0,0.0,0.0,1.0,1.0,0.0,31.0,0.0,0.0,6.0,10.0,6.0,15.0,0.0,0.0,6.0,11.0,5.0,12.5,0.0,13.9,-0.30000000000000004,0.79,Graduate
1.0,1.0,1.0,9773.0,1.0,1.0,142.0,1.0,1.0,19.0,9.0,9.0,136.1,0.0,0.0,1.0,1.0,1.0,1.0,19.0,0.0,0.0,6.0,6.0,6.0,12.6666666666667,0.0,0.0,6.0,6.0,6.0,14.0,0.0,16.2,0.30000000000000004,-0.92,Graduate
1.0,39.0,1.0,9773.0,1.0,19.0,100.0,1.0,37.0,37.0,0.0,0.0,128.0,1.0,0.0,0.0,1.0,1.0,0.0,28.0,0.0,0.0,6.0,7.0,6.0,13.1666666666667,0.0,0.0,6.0,6.0,6.0,13.6666666666667,0.0,7.6000000000000005,2.6,0.32,Graduate
1.0,1.0,1.0,171.0,1.0,1.0,149.0,1.0,19.0,37.0,9.0,9.0,158.10000000000002,1.0,0.0,0.0,1.0,1.0,1.0,20.0,0.0,0.0,0.0,0.0,0.0,0.0,0.0,0.0,0.0,0.0,0.0,0.0,0.0,10.8,1.4000000000000001,1.74,Graduate
2.0,1.0,2.0,8014.0,0.0,1.0,110.0,1.0,37.0,1.0,9.0,10.0,108.7,1.0,0.0,0.0,1.0,0.0,0.0,43.0,0.0,0.0,6.0,6.0,6.0,13.0,0.0,0.0,6.0,6.0,6.0,12.5,0.0,9.4,-0.8,-3.12,Graduate
1.0,39.0,1.0,171.0,1.0,19.0,133.1,101.0,1.0,19.0,2.0,7.0,110.0,0.0,0.0,0.0,1.0,1.0,1.0,25.0,1.0,0.0,0.0,0.0,0.0,0.0,0.0,0.0,0.0,0.0,0.0,0.0,0.0,15.5,2.8000000000000003,-4.0600000000000005,Dropout
1.0,39.0,1.0,9238.0,1.0,19.0,133.1,1.0,37.0,37.0,9.0,9.0,120.0,0.0,1.0,1.0,1.0,0.0,0.0,40.0,0.0,0.0,6.0,13.0,2.0,10.0,0.0,0.0,6.0,10.0,1.0,15.0,0.0,16.2,0.30000000000000004,-0.92,Dropout
1.0,44.0,1.0,9085.0,1.0,39.0,150.0,6.0,5.0,4.0,1.0,1.0,150.0,0.0,0.0,0.0,1.0,0.0,0.0,20.0,1.0,2.0,6.0,7.0,6.0,13.3333333333333,0.0,1.0,6.0,16.0,5.0,13.375,0.0,12.4,0.5,1.79,Graduate
2.0,39.0,1.0,8014.0,0.0,12.0,133.1,1.0,37.0,37.0,9.0,1.0,113.0,0.0,0.0,0.0,1.0,0.0,0.0,46.0,0.0,0.0,6.0,13.0,3.0,12.3333333333333,0.0,0.0,6.0,6.0,6.0,13.3333333333333,0.0,11.100000000000001,0.6000000000000001,2.02,Graduate
1.0,51.0,1.0,33.0,1.0,1.0,121.0,1.0,19.0,37.0,5.0,7.0,118.60000000000001,0.0,0.0,0.0,1.0,0.0,0.0,26.0,0.0,14.0,21.0,23.0,20.0,13.181818181818201,0.0,10.0,14.0,18.0,14.0,11.6428571428571,0.0,8.9,1.4000000000000001,3.5100000000000002,Graduate
2.0,39.0,1.0,9500.0,1.0,1.0,133.1,1.0,3.0,1.0,5.0,5.0,148.8,0.0,0.0,0.0,1.0,0.0,1.0,34.0,0.0,0.0,7.0,7.0,6.0,12.5133333333333,0.0,0.0,8.0,9.0,7.0,13.0714285714286,0.0,12.4,0.5,1.79,Graduate
1.0,18.0,3.0,9853.0,1.0,1.0,122.0,1.0,38.0,37.0,9.0,5.0,120.30000000000001,1.0,0.0,0.0,1.0,0.0,0.0,19.0,0.0,0.0,6.0,0.0,0.0,0.0,0.0,0.0,6.0,0.0,0.0,0.0,0.0,10.8,1.4000000000000001,1.74,Dropout
1.0,1.0,6.0,9500.0,1.0,1.0,143.0,1.0,19.0,19.0,9.0,9.0,127.0,1.0,0.0,0.0,1.0,0.0,1.0,18.0,0.0,0.0,8.0,8.0,7.0,13.5857142857143,0.0,0.0,8.0,8.0,7.0,13.5857142857143,0.0,12.700000000000001,3.7,-1.7000000000000002,Graduate
1.0,1.0,1.0,9556.0,1.0,1.0,123.0,1.0,19.0,19.0,4.0,9.0,113.80000000000001,1.0,0.0,0.0,1.0,0.0,0.0,18.0,0.0,0.0,7.0,9.0,7.0,11.155555555555601,0.0,0.0,8.0,10.0,8.0,11.425,0.0,12.700000000000001,3.7,-1.7000000000000002,Graduate
1.0,39.0,1.0,8014.0,0.0,1.0,120.0,1.0,38.0,37.0,9.0,7.0,108.0,0.0,0.0,0.0,1.0,1.0,1.0,37.0,0.0,1.0,7.0,9.0,6.0,11.8571428571429,0.0,1.0,6.0,7.0,5.0,12.0,0.0,13.9,-0.30000000000000004,0.79,Graduate
1.0,17.0,1.0,171.0,1.0,1.0,114.0,1.0,19.0,38.0,9.0,7.0,129.1,0.0,0.0,0.0,1.0,1.0,1.0,23.0,0.0,0.0,0.0,0.0,0.0,0.0,0.0,0.0,0.0,0.0,0.0,0.0,0.0,9.4,-0.8,-3.12,Graduate
1.0,43.0,1.0,9070.0,1.0,1.0,114.0,1.0,19.0,38.0,9.0,7.0,135.9,0.0,0.0,0.0,1.0,1.0,0.0,26.0,0.0,9.0,14.0,14.0,14.0,14.0,0.0,7.0,13.0,13.0,13.0,13.6153846153846,0.0,15.5,2.8000000000000003,-4.0600000000000005,Graduate
1.0,10.0,2.0,9773.0,1.0,1.0,154.4,22.0,19.0,38.0,3.0,5.0,154.4,1.0,0.0,0.0,0.0,0.0,0.0,18.0,1.0,0.0,6.0,8.0,5.0,12.0,0.0,0.0,6.0,0.0,0.0,0.0,0.0,10.8,1.4000000000000001,1.74,Dropout
1.0,15.0,1.0,9500.0,1.0,1.0,190.0,108.0,3.0,2.0,122.0,4.0,190.0,1.0,0.0,0.0,1.0,0.0,0.0,18.0,1.0,0.0,7.0,15.0,4.0,11.575000000000001,0.0,0.0,7.0,10.0,5.0,12.42,0.0,12.4,0.5,1.79,Enrolled
1.0,17.0,4.0,9500.0,1.0,1.0,136.0,1.0,3.0,3.0,2.0,2.0,132.5,1.0,0.0,0.0,1.0,0.0,0.0,19.0,0.0,0.0,7.0,8.0,7.0,13.1985714285714,0.0,0.0,8.0,8.0,8.0,13.0625,0.0,11.100000000000001,0.6000000000000001,2.02,Graduate
1.0,10.0,2.0,9085.0,1.0,1.0,163.3,22.0,19.0,1.0,4.0,9.0,163.3,0.0,0.0,0.0,1.0,0.0,0.0,18.0,1.0,0.0,6.0,10.0,6.0,13.5,0.0,0.0,6.0,12.0,6.0,12.0,0.0,12.4,0.5,1.79,Graduate
1.0,1.0,1.0,9670.0,1.0,1.0,126.0,1.0,1.0,3.0,4.0,3.0,122.5,1.0,0.0,0.0,1.0,0.0,0.0,19.0,0.0,0.0,6.0,6.0,6.0,13.3333333333333,0.0,0.0,6.0,8.0,5.0,12.8,0.0,8.9,1.4000000000000001,3.5100000000000002,Dropout
1.0,17.0,4.0,9119.0,1.0,1.0,122.0,62.0,1.0,1.0,191.0,171.0,121.0,1.0,0.0,0.0,1.0,1.0,0.0,20.0,1.0,0.0,5.0,10.0,4.0,14.25,0.0,0.0,5.0,14.0,1.0,10.0,0.0,8.9,1.4000000000000001,3.5100000000000002,Enrolled
1.0,17.0,1.0,9070.0,1.0,1.0,137.0,1.0,1.0,1.0,1.0,5.0,131.8,0.0,0.0,0.0,1.0,0.0,1.0,22.0,0.0,0.0,6.0,7.0,6.0,12.1666666666667,0.0,0.0,6.0,9.0,4.0,12.0,0.0,9.4,-0.8,-3.12,Graduate
1.0,1.0,3.0,9500.0,1.0,1.0,139.0,1.0,19.0,1.0,9.0,5.0,135.0,1.0,0.0,0.0,1.0,0.0,1.0,18.0,0.0,0.0,8.0,8.0,7.0,12.214285714285701,0.0,0.0,8.0,8.0,7.0,12.214285714285701,0.0,12.700000000000001,3.7,-1.7000000000000002,Graduate
1.0,17.0,1.0,9254.0,1.0,1.0,142.0,1.0,19.0,39.0,5.0,4.0,141.70000000000002,0.0,0.0,0.0,1.0,0.0,1.0,18.0,0.0,0.0,6.0,8.0,6.0,12.6666666666667,0.0,0.0,6.0,6.0,6.0,13.0,0.0,13.9,-0.30000000000000004,0.79,Graduate
1.0,1.0,3.0,9773.0,1.0,1.0,133.1,1.0,38.0,38.0,5.0,5.0,131.3,1.0,0.0,0.0,1.0,0.0,1.0,18.0,0.0,0.0,6.0,7.0,6.0,12.2857142857143,0.0,0.0,6.0,6.0,6.0,13.5,0.0,8.9,1.4000000000000001,3.5100000000000002,Graduate
1.0,1.0,6.0,9254.0,1.0,1.0,126.0,1.0,38.0,37.0,5.0,7.0,123.9,1.0,0.0,0.0,1.0,0.0,1.0,18.0,0.0,0.0,6.0,7.0,6.0,13.0,0.0,0.0,6.0,6.0,6.0,13.0,0.0,12.4,0.5,1.79,Graduate
1.0,1.0,2.0,9254.0,1.0,1.0,131.0,1.0,4.0,3.0,7.0,4.0,126.10000000000001,1.0,0.0,0.0,1.0,0.0,0.0,18.0,0.0,0.0,6.0,8.0,6.0,12.1428571428571,0.0,0.0,6.0,6.0,6.0,11.1666666666667,0.0,8.9,1.4000000000000001,3.5100000000000002,Graduate
1.0,17.0,6.0,9500.0,1.0,1.0,131.0,1.0,1.0,19.0,7.0,7.0,126.5,1.0,0.0,0.0,1.0,0.0,1.0,19.0,0.0,0.0,7.0,8.0,7.0,13.8757142857143,0.0,0.0,8.0,9.0,7.0,13.0857142857143,0.0,11.100000000000001,0.6000000000000001,2.02,Graduate
1.0,17.0,1.0,9853.0,1.0,1.0,108.0,1.0,19.0,1.0,5.0,5.0,107.30000000000001,0.0,0.0,0.0,1.0,0.0,0.0,20.0,0.0,0.0,6.0,0.0,0.0,0.0,0.0,0.0,6.0,0.0,0.0,0.0,0.0,15.5,2.8000000000000003,-4.0600000000000005,Dropout
1.0,17.0,4.0,9238.0,1.0,1.0,133.1,1.0,1.0,19.0,9.0,5.0,95.0,1.0,0.0,0.0,1.0,0.0,1.0,19.0,0.0,0.0,6.0,12.0,6.0,11.6666666666667,0.0,0.0,6.0,7.0,0.0,0.0,0.0,15.5,2.8000000000000003,-4.0600000000000005,Dropout
1.0,1.0,2.0,9085.0,1.0,1.0,122.0,1.0,3.0,1.0,4.0,7.0,116.10000000000001,1.0,0.0,0.0,1.0,0.0,0.0,18.0,0.0,0.0,6.0,13.0,6.0,13.153846153846201,0.0,0.0,6.0,12.0,3.0,11.0,0.0,15.5,2.8000000000000003,-4.0600000000000005,Graduate
1.0,1.0,4.0,9070.0,1.0,1.0,143.0,1.0,1.0,1.0,9.0,7.0,134.6,1.0,0.0,0.0,1.0,0.0,1.0,18.0,0.0,0.0,6.0,6.0,6.0,14.5,0.0,0.0,6.0,6.0,6.0,12.8333333333333,0.0,12.4,0.5,1.79,Dropout
1.0,17.0,6.0,9500.0,1.0,1.0,135.0,1.0,19.0,19.0,7.0,7.0,128.0,1.0,0.0,0.0,1.0,0.0,1.0,18.0,0.0,0.0,7.0,7.0,7.0,14.4414285714286,0.0,0.0,8.0,8.0,8.0,13.656250000000002,0.0,11.100000000000001,0.6000000000000001,2.02,Graduate
1.0,17.0,2.0,9773.0,1.0,1.0,148.0,1.0,3.0,38.0,2.0,6.0,144.20000000000002,1.0,0.0,0.0,1.0,0.0,0.0,18.0,0.0,0.0,6.0,6.0,6.0,15.1666666666667,0.0,0.0,6.0,7.0,6.0,14.2857142857143,0.0,12.4,0.5,1.79,Graduate
1.0,17.0,1.0,9147.0,1.0,1.0,134.0,1.0,19.0,38.0,4.0,8.0,129.5,0.0,0.0,0.0,1.0,0.0,1.0,18.0,0.0,0.0,5.0,5.0,5.0,11.600000000000001,0.0,0.0,5.0,12.0,4.0,12.625,0.0,10.8,1.4000000000000001,1.74,Graduate
1.0,17.0,1.0,9773.0,1.0,1.0,122.0,1.0,1.0,1.0,4.0,7.0,116.80000000000001,1.0,0.0,1.0,1.0,0.0,0.0,18.0,0.0,0.0,6.0,6.0,6.0,11.6666666666667,0.0,0.0,6.0,6.0,6.0,12.3333333333333,0.0,16.2,0.30000000000000004,-0.92,Graduate
1.0,44.0,1.0,9003.0,1.0,39.0,160.0,1.0,37.0,38.0,9.0,6.0,160.0,0.0,0.0,0.0,1.0,0.0,1.0,20.0,0.0,0.0,6.0,8.0,6.0,12.625,0.0,0.0,6.0,10.0,6.0,13.200000000000001,0.0,16.2,0.30000000000000004,-0.92,Graduate
1.0,16.0,2.0,9238.0,1.0,1.0,126.0,1.0,38.0,37.0,3.0,5.0,127.10000000000001,1.0,0.0,0.0,1.0,0.0,1.0,19.0,0.0,0.0,6.0,14.0,3.0,12.6666666666667,0.0,0.0,6.0,7.0,6.0,11.0,0.0,9.4,-0.8,-3.12,Graduate
1.0,17.0,1.0,9130.0,1.0,1.0,138.0,1.0,2.0,19.0,2.0,6.0,126.30000000000001,1.0,0.0,0.0,1.0,0.0,1.0,18.0,0.0,0.0,6.0,7.0,6.0,12.8333333333333,1.0,0.0,6.0,8.0,6.0,13.0,0.0,8.9,1.4000000000000001,3.5100000000000002,Enrolled
1.0,1.0,1.0,9238.0,1.0,1.0,115.0,1.0,38.0,38.0,8.0,7.0,112.9,1.0,0.0,0.0,1.0,0.0,1.0,19.0,0.0,0.0,6.0,7.0,6.0,11.8571428571429,0.0,0.0,6.0,8.0,6.0,13.1428571428571,0.0,12.4,0.5,1.79,Graduate
1.0,17.0,2.0,9853.0,1.0,1.0,141.0,1.0,3.0,1.0,1.0,5.0,130.20000000000002,1.0,0.0,0.0,1.0,0.0,0.0,19.0,0.0,0.0,6.0,8.0,5.0,11.4,1.0,0.0,6.0,7.0,4.0,10.75,0.0,12.700000000000001,3.7,-1.7000000000000002,Enrolled
1.0,43.0,1.0,9130.0,1.0,1.0,100.0,41.0,3.0,4.0,3.0,2.0,100.0,0.0,0.0,0.0,1.0,0.0,0.0,19.0,1.0,0.0,5.0,10.0,5.0,14.8571428571429,2.0,0.0,5.0,7.0,5.0,15.1428571428571,0.0,9.4,-0.8,-3.12,Enrolled
1.0,1.0,1.0,9670.0,1.0,1.0,130.0,1.0,19.0,19.0,7.0,7.0,121.60000000000001,0.0,0.0,0.0,1.0,0.0,0.0,19.0,0.0,0.0,6.0,7.0,6.0,14.714285714285701,0.0,0.0,6.0,6.0,6.0,15.8333333333333,0.0,12.4,0.5,1.79,Graduate
1.0,15.0,1.0,9670.0,1.0,1.0,130.0,26.0,42.0,1.0,2.0,7.0,130.0,0.0,1.0,1.0,1.0,0.0,0.0,20.0,1.0,0.0,6.0,6.0,6.0,13.5,0.0,0.0,6.0,9.0,5.0,13.0,0.0,8.9,1.4000000000000001,3.5100000000000002,Graduate
1.0,18.0,1.0,9130.0,1.0,1.0,135.0,1.0,38.0,19.0,9.0,5.0,121.7,1.0,0.0,0.0,1.0,0.0,1.0,18.0,0.0,0.0,5.0,7.0,4.0,11.5,0.0,0.0,5.0,5.0,5.0,12.4,0.0,10.8,1.4000000000000001,1.74,Graduate
1.0,7.0,1.0,9147.0,1.0,3.0,120.0,1.0,1.0,39.0,4.0,7.0,120.0,0.0,0.0,0.0,1.0,0.0,0.0,33.0,0.0,2.0,5.0,9.0,2.0,14.0,0.0,0.0,5.0,5.0,0.0,0.0,0.0,12.4,0.5,1.79,Dropout
1.0,1.0,1.0,9853.0,1.0,1.0,148.0,1.0,19.0,19.0,4.0,5.0,143.5,0.0,0.0,0.0,1.0,0.0,1.0,19.0,0.0,0.0,7.0,8.0,6.0,12.8333333333333,0.0,0.0,6.0,6.0,0.0,0.0,0.0,13.9,-0.30000000000000004,0.79,Dropout
1.0,17.0,2.0,9556.0,1.0,1.0,136.0,1.0,1.0,1.0,9.0,9.0,128.3,0.0,0.0,0.0,1.0,0.0,1.0,18.0,0.0,0.0,7.0,7.0,7.0,13.4285714285714,0.0,0.0,8.0,8.0,8.0,14.75,0.0,15.5,2.8000000000000003,-4.0600000000000005,Graduate
1.0,17.0,1.0,9070.0,1.0,1.0,108.0,1.0,19.0,1.0,4.0,3.0,111.9,0.0,0.0,0.0,1.0,0.0,0.0,19.0,0.0,0.0,6.0,0.0,0.0,0.0,0.0,0.0,6.0,0.0,0.0,0.0,0.0,8.9,1.4000000000000001,3.5100000000000002,Dropout
1.0,44.0,1.0,9003.0,1.0,39.0,140.0,1.0,38.0,38.0,6.0,3.0,140.0,0.0,0.0,0.0,1.0,0.0,0.0,19.0,0.0,0.0,6.0,18.0,3.0,11.6666666666667,0.0,0.0,6.0,14.0,4.0,11.5,0.0,15.5,2.8000000000000003,-4.0600000000000005,Enrolled
1.0,1.0,3.0,9773.0,1.0,1.0,153.0,1.0,3.0,1.0,2.0,8.0,137.6,1.0,0.0,0.0,1.0,0.0,0.0,18.0,0.0,0.0,6.0,6.0,6.0,16.0,0.0,0.0,6.0,7.0,6.0,14.3333333333333,0.0,12.4,0.5,1.79,Graduate
1.0,1.0,1.0,9238.0,1.0,1.0,135.0,1.0,19.0,19.0,9.0,5.0,135.0,1.0,0.0,0.0,1.0,0.0,0.0,20.0,0.0,0.0,6.0,6.0,6.0,13.8333333333333,0.0,0.0,6.0,6.0,6.0,11.8333333333333,0.0,10.8,1.4000000000000001,1.74,Graduate
1.0,1.0,5.0,9500.0,1.0,1.0,146.0,1.0,19.0,37.0,7.0,7.0,133.8,1.0,0.0,0.0,1.0,0.0,0.0,19.0,0.0,0.0,8.0,9.0,8.0,13.2325,1.0,0.0,8.0,9.0,8.0,13.2325,1.0,9.4,-0.8,-3.12,Graduate
1.0,1.0,2.0,9773.0,1.0,1.0,130.0,1.0,19.0,19.0,9.0,9.0,126.9,1.0,0.0,0.0,1.0,1.0,1.0,18.0,0.0,0.0,6.0,6.0,6.0,14.0,0.0,0.0,6.0,6.0,6.0,14.1666666666667,0.0,9.4,-0.8,-3.12,Graduate
1.0,17.0,2.0,9254.0,1.0,1.0,113.0,1.0,1.0,2.0,5.0,3.0,106.7,1.0,0.0,1.0,1.0,1.0,1.0,19.0,0.0,0.0,6.0,14.0,2.0,10.0,0.0,0.0,6.0,6.0,0.0,0.0,0.0,13.9,-0.30000000000000004,0.79,Dropout
1.0,43.0,1.0,8014.0,0.0,1.0,145.70000000000002,22.0,37.0,37.0,9.0,9.0,145.70000000000002,1.0,0.0,0.0,1.0,0.0,0.0,25.0,1.0,8.0,16.0,16.0,15.0,13.3333333333333,0.0,11.0,13.0,13.0,11.0,12.2727272727273,0.0,13.9,-0.30000000000000004,0.79,Graduate
1.0,17.0,3.0,9070.0,1.0,1.0,145.0,1.0,3.0,3.0,4.0,4.0,153.1,1.0,0.0,0.0,1.0,0.0,1.0,20.0,0.0,0.0,6.0,6.0,6.0,12.5,0.0,0.0,6.0,6.0,6.0,14.3333333333333,0.0,12.700000000000001,3.7,-1.7000000000000002,Enrolled
1.0,1.0,1.0,8014.0,0.0,1.0,126.0,1.0,38.0,37.0,5.0,5.0,118.7,0.0,0.0,0.0,1.0,0.0,0.0,19.0,0.0,0.0,6.0,6.0,6.0,12.5,0.0,0.0,6.0,6.0,6.0,11.5,0.0,12.700000000000001,3.7,-1.7000000000000002,Graduate
1.0,17.0,1.0,9991.0,0.0,1.0,160.0,1.0,34.0,34.0,0.0,0.0,161.8,1.0,0.0,1.0,1.0,1.0,0.0,33.0,0.0,0.0,5.0,8.0,2.0,10.5,0.0,0.0,5.0,5.0,0.0,0.0,0.0,7.6000000000000005,2.6,0.32,Dropout
1.0,18.0,4.0,9119.0,1.0,1.0,134.0,1.0,19.0,38.0,194.0,175.0,124.9,1.0,0.0,1.0,1.0,1.0,0.0,18.0,0.0,0.0,5.0,11.0,3.0,10.6666666666667,0.0,0.0,5.0,9.0,3.0,11.3333333333333,0.0,8.9,1.4000000000000001,3.5100000000000002,Enrolled
1.0,1.0,1.0,9119.0,1.0,1.0,163.0,1.0,19.0,37.0,5.0,8.0,150.8,1.0,0.0,0.0,1.0,1.0,0.0,18.0,0.0,0.0,5.0,9.0,4.0,10.5,0.0,0.0,5.0,11.0,2.0,10.5,3.0,7.6000000000000005,2.6,0.32,Enrolled
1.0,15.0,1.0,9147.0,1.0,1.0,130.0,26.0,1.0,1.0,2.0,3.0,130.0,0.0,0.0,0.0,1.0,0.0,0.0,19.0,1.0,0.0,5.0,10.0,4.0,12.0,0.0,0.0,5.0,6.0,5.0,11.4,0.0,11.100000000000001,0.6000000000000001,2.02,Graduate
1.0,1.0,2.0,171.0,1.0,1.0,165.0,1.0,3.0,3.0,2.0,2.0,163.60000000000002,1.0,0.0,0.0,1.0,0.0,0.0,18.0,0.0,0.0,0.0,0.0,0.0,0.0,0.0,0.0,0.0,0.0,0.0,0.0,0.0,12.4,0.5,1.79,Enrolled
1.0,43.0,1.0,9147.0,1.0,1.0,142.0,1.0,38.0,19.0,141.0,171.0,115.0,0.0,0.0,0.0,1.0,0.0,0.0,19.0,0.0,0.0,5.0,11.0,5.0,11.5,0.0,0.0,5.0,9.0,2.0,10.6666666666667,0.0,13.9,-0.30000000000000004,0.79,Enrolled
1.0,1.0,1.0,9773.0,1.0,1.0,156.0,1.0,19.0,1.0,5.0,10.0,136.8,1.0,0.0,0.0,1.0,0.0,0.0,18.0,0.0,0.0,6.0,6.0,6.0,14.0,0.0,0.0,6.0,6.0,6.0,13.5,0.0,11.100000000000001,0.6000000000000001,2.02,Dropout
1.0,17.0,5.0,9853.0,1.0,1.0,141.0,1.0,3.0,19.0,2.0,7.0,130.9,1.0,0.0,0.0,1.0,0.0,0.0,18.0,0.0,0.0,6.0,7.0,6.0,13.5,0.0,0.0,6.0,8.0,5.0,12.600000000000001,0.0,7.6000000000000005,2.6,0.32,Graduate
1.0,1.0,3.0,9500.0,1.0,1.0,143.0,1.0,19.0,37.0,7.0,7.0,127.0,1.0,0.0,0.0,1.0,0.0,0.0,18.0,0.0,0.0,8.0,8.0,8.0,13.07375,0.0,0.0,8.0,8.0,8.0,13.07375,0.0,9.4,-0.8,-3.12,Graduate
2.0,39.0,1.0,9500.0,1.0,19.0,133.1,1.0,38.0,38.0,2.0,10.0,120.0,0.0,0.0,0.0,1.0,0.0,0.0,37.0,0.0,0.0,7.0,9.0,2.0,10.75,0.0,0.0,7.0,9.0,0.0,0.0,0.0,16.2,0.30000000000000004,-0.92,Dropout
1.0,1.0,1.0,9238.0,1.0,1.0,133.0,1.0,38.0,1.0,2.0,4.0,126.0,0.0,0.0,0.0,1.0,0.0,0.0,20.0,0.0,0.0,6.0,11.0,1.0,12.0,0.0,0.0,5.0,10.0,0.0,0.0,0.0,9.4,-0.8,-3.12,Enrolled
1.0,1.0,1.0,9254.0,1.0,1.0,172.0,41.0,37.0,37.0,5.0,5.0,153.8,1.0,0.0,0.0,1.0,0.0,1.0,20.0,1.0,0.0,6.0,6.0,6.0,14.0,0.0,0.0,6.0,6.0,6.0,13.3333333333333,0.0,10.8,1.4000000000000001,1.74,Graduate
1.0,15.0,1.0,9238.0,1.0,1.0,140.0,26.0,19.0,19.0,9.0,6.0,140.0,0.0,0.0,0.0,1.0,1.0,0.0,21.0,1.0,0.0,6.0,7.0,6.0,12.3333333333333,0.0,0.0,6.0,7.0,6.0,13.4285714285714,0.0,11.100000000000001,0.6000000000000001,2.02,Graduate
1.0,17.0,1.0,9500.0,1.0,1.0,142.0,1.0,38.0,1.0,5.0,4.0,136.6,0.0,0.0,0.0,1.0,0.0,1.0,18.0,0.0,0.0,7.0,7.0,7.0,13.464285714285701,0.0,0.0,8.0,9.0,8.0,14.7888888888889,0.0,12.4,0.5,1.79,Graduate
1.0,39.0,1.0,8014.0,0.0,1.0,140.0,1.0,19.0,1.0,9.0,8.0,105.0,0.0,0.0,0.0,1.0,0.0,0.0,26.0,0.0,0.0,6.0,14.0,3.0,10.6666666666667,1.0,0.0,6.0,9.0,5.0,11.200000000000001,0.0,15.5,2.8000000000000003,-4.0600000000000005,Enrolled
1.0,39.0,1.0,9147.0,1.0,12.0,133.1,1.0,37.0,37.0,9.0,7.0,139.4,0.0,0.0,1.0,1.0,0.0,0.0,41.0,0.0,0.0,5.0,6.0,5.0,11.600000000000001,0.0,0.0,5.0,8.0,5.0,12.200000000000001,0.0,7.6000000000000005,2.6,0.32,Enrolled
1.0,1.0,2.0,9773.0,1.0,1.0,148.0,1.0,19.0,1.0,3.0,9.0,140.0,1.0,0.0,0.0,1.0,0.0,1.0,18.0,0.0,0.0,6.0,6.0,6.0,13.6666666666667,0.0,0.0,6.0,6.0,6.0,14.6666666666667,0.0,16.2,0.30000000000000004,-0.92,Graduate
1.0,1.0,4.0,9500.0,1.0,1.0,137.0,1.0,19.0,37.0,9.0,7.0,130.8,0.0,0.0,1.0,1.0,0.0,0.0,18.0,0.0,0.0,8.0,9.0,8.0,14.4025,1.0,0.0,8.0,9.0,8.0,14.4025,1.0,9.4,-0.8,-3.12,Graduate
1.0,1.0,1.0,9500.0,1.0,1.0,143.0,1.0,38.0,38.0,9.0,9.0,138.8,1.0,0.0,0.0,1.0,0.0,0.0,31.0,0.0,0.0,7.0,9.0,7.0,15.468750000000002,0.0,0.0,8.0,8.0,8.0,16.3875,0.0,11.100000000000001,0.6000000000000001,2.02,Graduate
1.0,1.0,1.0,9238.0,1.0,1.0,133.1,1.0,1.0,1.0,4.0,10.0,110.0,0.0,0.0,1.0,1.0,0.0,0.0,23.0,0.0,0.0,6.0,8.0,6.0,12.625,0.0,0.0,6.0,6.0,6.0,14.1666666666667,0.0,12.700000000000001,3.7,-1.7000000000000002,Graduate
1.0,1.0,4.0,9500.0,1.0,1.0,138.0,1.0,37.0,19.0,9.0,9.0,127.80000000000001,1.0,0.0,0.0,1.0,0.0,0.0,19.0,0.0,0.0,7.0,7.0,6.0,14.9833333333333,0.0,0.0,7.0,7.0,6.0,14.9833333333333,0.0,7.6000000000000005,2.6,0.32,Graduate
1.0,16.0,3.0,9773.0,1.0,1.0,138.0,1.0,37.0,38.0,4.0,9.0,134.20000000000002,1.0,0.0,0.0,1.0,0.0,1.0,20.0,0.0,0.0,6.0,6.0,6.0,15.0,0.0,0.0,6.0,6.0,6.0,13.0,0.0,11.100000000000001,0.6000000000000001,2.02,Graduate
2.0,39.0,1.0,8014.0,0.0,1.0,150.0,1.0,37.0,37.0,7.0,5.0,143.0,0.0,0.0,0.0,1.0,0.0,0.0,40.0,0.0,5.0,9.0,9.0,9.0,15.8888888888889,0.0,3.0,7.0,7.0,7.0,14.1428571428571,0.0,12.700000000000001,3.7,-1.7000000000000002,Graduate
1.0,44.0,1.0,9085.0,1.0,39.0,120.0,1.0,37.0,37.0,9.0,9.0,120.0,1.0,0.0,1.0,1.0,0.0,0.0,32.0,0.0,0.0,6.0,14.0,4.0,11.5,0.0,0.0,6.0,14.0,3.0,11.0,0.0,16.2,0.30000000000000004,-0.92,Dropout
1.0,1.0,4.0,9254.0,1.0,1.0,110.0,1.0,37.0,37.0,9.0,7.0,113.2,1.0,0.0,0.0,1.0,0.0,0.0,24.0,0.0,0.0,6.0,14.0,2.0,10.5,0.0,0.0,6.0,11.0,1.0,10.0,0.0,10.8,1.4000000000000001,1.74,Dropout
1.0,17.0,4.0,9500.0,1.0,1.0,146.0,1.0,19.0,37.0,5.0,8.0,135.8,1.0,0.0,0.0,1.0,0.0,0.0,18.0,0.0,0.0,7.0,7.0,6.0,13.9833333333333,0.0,0.0,7.0,7.0,6.0,13.9833333333333,0.0,7.6000000000000005,2.6,0.32,Graduate
1.0,1.0,1.0,9238.0,1.0,1.0,148.0,1.0,37.0,37.0,9.0,9.0,143.5,0.0,0.0,0.0,1.0,0.0,0.0,18.0,0.0,0.0,6.0,6.0,6.0,13.0,0.0,0.0,6.0,6.0,6.0,12.8333333333333,0.0,10.8,1.4000000000000001,1.74,Graduate
1.0,1.0,1.0,9238.0,1.0,1.0,145.0,1.0,19.0,37.0,4.0,7.0,148.9,1.0,0.0,0.0,1.0,0.0,1.0,18.0,0.0,0.0,6.0,6.0,6.0,13.6666666666667,0.0,0.0,6.0,6.0,6.0,13.0,0.0,10.8,1.4000000000000001,1.74,Graduate
1.0,39.0,1.0,9003.0,1.0,1.0,133.1,1.0,38.0,38.0,4.0,7.0,115.60000000000001,1.0,0.0,0.0,0.0,0.0,0.0,27.0,0.0,0.0,6.0,8.0,0.0,0.0,0.0,0.0,6.0,8.0,0.0,0.0,0.0,15.5,2.8000000000000003,-4.0600000000000005,Dropout
1.0,1.0,1.0,9147.0,1.0,1.0,160.0,1.0,38.0,37.0,9.0,5.0,159.3,0.0,0.0,0.0,1.0,0.0,0.0,18.0,0.0,0.0,5.0,5.0,5.0,14.4,0.0,0.0,5.0,5.0,5.0,15.4,0.0,7.6000000000000005,2.6,0.32,Graduate
1.0,39.0,1.0,9991.0,0.0,1.0,150.0,1.0,19.0,37.0,9.0,8.0,138.5,0.0,0.0,0.0,1.0,0.0,0.0,26.0,0.0,0.0,5.0,10.0,4.0,12.0,0.0,0.0,5.0,9.0,4.0,11.25,0.0,12.700000000000001,3.7,-1.7000000000000002,Enrolled
1.0,1.0,1.0,9853.0,1.0,1.0,130.0,1.0,19.0,12.0,9.0,4.0,133.20000000000002,1.0,0.0,0.0,1.0,0.0,0.0,19.0,0.0,0.0,6.0,6.0,6.0,14.1666666666667,0.0,0.0,6.0,7.0,6.0,13.6666666666667,0.0,7.6000000000000005,2.6,0.32,Graduate
1.0,17.0,2.0,8014.0,0.0,1.0,120.0,1.0,37.0,34.0,0.0,0.0,117.60000000000001,1.0,0.0,0.0,1.0,0.0,0.0,19.0,0.0,0.0,6.0,8.0,5.0,12.200000000000001,0.0,0.0,6.0,7.0,6.0,12.0,0.0,7.6000000000000005,2.6,0.32,Graduate
1.0,18.0,2.0,9147.0,1.0,1.0,115.0,1.0,1.0,37.0,5.0,5.0,108.7,1.0,0.0,0.0,1.0,0.0,0.0,21.0,0.0,0.0,5.0,8.0,3.0,12.0,1.0,0.0,5.0,9.0,3.0,12.6666666666667,0.0,9.4,-0.8,-3.12,Enrolled
1.0,1.0,4.0,9147.0,1.0,1.0,133.1,1.0,1.0,19.0,4.0,6.0,106.0,1.0,0.0,0.0,1.0,0.0,0.0,24.0,0.0,0.0,5.0,11.0,2.0,10.5,0.0,0.0,5.0,14.0,1.0,11.0,0.0,12.700000000000001,3.7,-1.7000000000000002,Enrolled
1.0,17.0,1.0,9853.0,1.0,1.0,120.0,1.0,37.0,37.0,9.0,10.0,122.60000000000001,0.0,0.0,0.0,1.0,0.0,0.0,20.0,0.0,0.0,6.0,8.0,3.0,12.3333333333333,0.0,0.0,6.0,11.0,2.0,10.5,0.0,12.700000000000001,3.7,-1.7000000000000002,Dropout
1.0,1.0,4.0,9853.0,1.0,1.0,134.0,1.0,19.0,1.0,5.0,9.0,127.4,1.0,0.0,0.0,1.0,0.0,0.0,18.0,0.0,0.0,6.0,7.0,5.0,12.200000000000001,0.0,0.0,6.0,7.0,5.0,12.200000000000001,0.0,10.8,1.4000000000000001,1.74,Enrolled
1.0,39.0,1.0,9003.0,1.0,1.0,133.1,1.0,19.0,19.0,9.0,9.0,100.0,0.0,0.0,0.0,1.0,0.0,0.0,30.0,0.0,0.0,6.0,6.0,0.0,0.0,0.0,0.0,6.0,6.0,0.0,0.0,0.0,11.100000000000001,0.6000000000000001,2.02,Dropout
1.0,1.0,1.0,9853.0,1.0,1.0,133.1,1.0,19.0,37.0,9.0,9.0,95.0,1.0,0.0,1.0,0.0,0.0,0.0,22.0,0.0,0.0,7.0,10.0,6.0,11.5,0.0,0.0,7.0,8.0,6.0,13.1666666666667,0.0,11.100000000000001,0.6000000000000001,2.02,Enrolled
1.0,7.0,1.0,9147.0,1.0,3.0,130.0,1.0,37.0,19.0,9.0,8.0,130.0,0.0,0.0,0.0,1.0,0.0,0.0,21.0,0.0,4.0,9.0,9.0,9.0,10.8888888888889,0.0,3.0,10.0,18.0,10.0,11.6153846153846,0.0,10.8,1.4000000000000001,1.74,Graduate
1.0,39.0,1.0,9556.0,1.0,1.0,120.0,1.0,19.0,19.0,4.0,5.0,122.80000000000001,0.0,0.0,0.0,1.0,0.0,0.0,26.0,0.0,0.0,7.0,12.0,6.0,12.1666666666667,0.0,0.0,8.0,8.0,8.0,11.675,0.0,13.9,-0.30000000000000004,0.79,Dropout
1.0,17.0,1.0,9147.0,1.0,1.0,115.0,1.0,19.0,19.0,7.0,7.0,115.0,1.0,0.0,0.0,1.0,0.0,0.0,23.0,0.0,0.0,5.0,7.0,2.0,10.0,1.0,0.0,5.0,9.0,1.0,12.0,0.0,9.4,-0.8,-3.12,Enrolled
1.0,17.0,1.0,9070.0,1.0,1.0,135.0,1.0,19.0,37.0,5.0,9.0,145.9,0.0,0.0,0.0,1.0,0.0,1.0,18.0,0.0,0.0,6.0,6.0,6.0,12.6666666666667,0.0,0.0,6.0,6.0,6.0,12.1666666666667,0.0,16.2,0.30000000000000004,-0.92,Graduate
1.0,1.0,1.0,9070.0,1.0,1.0,133.1,1.0,1.0,37.0,5.0,9.0,143.0,1.0,0.0,1.0,1.0,0.0,0.0,21.0,0.0,0.0,6.0,9.0,5.0,11.4,0.0,0.0,6.0,8.0,5.0,12.200000000000001,0.0,12.700000000000001,3.7,-1.7000000000000002,Dropout
1.0,43.0,1.0,171.0,1.0,1.0,145.0,1.0,19.0,38.0,9.0,9.0,100.0,0.0,0.0,0.0,1.0,0.0,1.0,18.0,0.0,0.0,0.0,0.0,0.0,0.0,0.0,0.0,0.0,0.0,0.0,0.0,0.0,13.9,-0.30000000000000004,0.79,Dropout
1.0,17.0,3.0,9085.0,1.0,1.0,130.0,1.0,19.0,37.0,5.0,5.0,121.30000000000001,1.0,0.0,0.0,1.0,0.0,0.0,21.0,0.0,0.0,5.0,14.0,2.0,13.0,2.0,0.0,5.0,8.0,4.0,12.0,1.0,9.4,-0.8,-3.12,Enrolled
1.0,17.0,3.0,9853.0,1.0,1.0,118.0,1.0,38.0,38.0,7.0,7.0,121.2,1.0,0.0,0.0,1.0,0.0,0.0,18.0,0.0,0.0,6.0,8.0,5.0,13.4,0.0,0.0,6.0,7.0,5.0,12.0,0.0,7.6000000000000005,2.6,0.32,Enrolled
1.0,17.0,3.0,9853.0,1.0,1.0,138.0,1.0,37.0,37.0,5.0,9.0,125.10000000000001,1.0,1.0,0.0,1.0,0.0,1.0,19.0,0.0,0.0,6.0,6.0,6.0,13.5,0.0,0.0,6.0,8.0,5.0,12.8,0.0,12.700000000000001,3.7,-1.7000000000000002,Dropout
1.0,17.0,1.0,9254.0,1.0,1.0,122.0,1.0,1.0,1.0,4.0,9.0,112.9,1.0,0.0,0.0,1.0,0.0,0.0,22.0,0.0,0.0,6.0,14.0,4.0,12.25,0.0,0.0,6.0,11.0,3.0,11.3333333333333,0.0,7.6000000000000005,2.6,0.32,Enrolled
1.0,1.0,3.0,9238.0,1.0,1.0,126.0,1.0,38.0,19.0,5.0,8.0,120.80000000000001,1.0,0.0,0.0,1.0,0.0,0.0,19.0,0.0,0.0,6.0,7.0,6.0,12.2857142857143,0.0,0.0,6.0,7.0,6.0,12.8333333333333,0.0,12.4,0.5,1.79,Graduate
1.0,1.0,5.0,9085.0,1.0,1.0,121.0,1.0,38.0,37.0,9.0,8.0,114.0,1.0,0.0,0.0,0.0,0.0,0.0,19.0,0.0,0.0,5.0,12.0,0.0,0.0,4.0,0.0,5.0,8.0,0.0,0.0,1.0,9.4,-0.8,-3.12,Dropout
1.0,17.0,1.0,9238.0,1.0,1.0,152.0,1.0,37.0,37.0,7.0,5.0,132.1,1.0,0.0,0.0,1.0,0.0,0.0,19.0,0.0,0.0,6.0,10.0,2.0,10.5,0.0,0.0,6.0,11.0,1.0,13.0,0.0,9.4,-0.8,-3.12,Dropout
2.0,44.0,1.0,9085.0,1.0,39.0,160.0,1.0,37.0,37.0,192.0,192.0,160.0,0.0,0.0,0.0,1.0,0.0,0.0,27.0,0.0,0.0,5.0,12.0,3.0,14.0,2.0,0.0,5.0,8.0,5.0,12.0,1.0,9.4,-0.8,-3.12,Graduate
1.0,10.0,1.0,9085.0,1.0,1.0,134.0,1.0,37.0,37.0,5.0,5.0,134.0,1.0,0.0,0.0,1.0,0.0,0.0,22.0,0.0,2.0,5.0,7.0,5.0,14.200000000000001,0.0,0.0,5.0,10.0,5.0,12.200000000000001,0.0,12.700000000000001,3.7,-1.7000000000000002,Graduate
1.0,1.0,1.0,9773.0,1.0,1.0,128.0,1.0,37.0,1.0,9.0,7.0,124.2,1.0,0.0,0.0,1.0,0.0,0.0,18.0,0.0,0.0,6.0,8.0,5.0,13.0,0.0,0.0,6.0,7.0,6.0,13.1428571428571,0.0,15.5,2.8000000000000003,-4.0600000000000005,Dropout
1.0,17.0,4.0,9254.0,1.0,1.0,125.0,1.0,38.0,38.0,5.0,5.0,115.60000000000001,1.0,0.0,0.0,1.0,0.0,0.0,20.0,0.0,0.0,6.0,6.0,6.0,11.0,0.0,0.0,6.0,8.0,4.0,12.75,0.0,9.4,-0.8,-3.12,Graduate
2.0,43.0,1.0,9991.0,0.0,1.0,130.0,1.0,37.0,37.0,9.0,9.0,128.20000000000002,0.0,0.0,0.0,1.0,0.0,0.0,34.0,0.0,3.0,8.0,9.0,3.0,11.0,0.0,2.0,7.0,7.0,2.0,10.0,0.0,9.4,-0.8,-3.12,Dropout
1.0,17.0,2.0,9500.0,1.0,1.0,138.0,1.0,1.0,38.0,5.0,8.0,132.8,1.0,0.0,0.0,1.0,0.0,0.0,18.0,0.0,0.0,7.0,9.0,6.0,12.3857142857143,0.0,0.0,8.0,9.0,8.0,13.7555555555556,0.0,13.9,-0.30000000000000004,0.79,Graduate
1.0,17.0,2.0,9773.0,1.0,1.0,121.0,1.0,1.0,1.0,5.0,5.0,123.10000000000001,1.0,0.0,0.0,1.0,1.0,0.0,20.0,0.0,0.0,6.0,12.0,4.0,14.75,0.0,0.0,6.0,7.0,4.0,12.25,0.0,9.4,-0.8,-3.12,Graduate
1.0,1.0,1.0,9130.0,1.0,1.0,134.0,41.0,1.0,19.0,5.0,5.0,125.60000000000001,1.0,0.0,0.0,1.0,0.0,0.0,20.0,1.0,0.0,5.0,6.0,5.0,16.1666666666667,0.0,0.0,5.0,6.0,5.0,15.8333333333333,0.0,12.700000000000001,3.7,-1.7000000000000002,Graduate
1.0,39.0,1.0,9991.0,0.0,1.0,130.0,1.0,1.0,38.0,4.0,9.0,115.0,0.0,0.0,0.0,1.0,1.0,0.0,25.0,0.0,0.0,5.0,7.0,0.0,0.0,0.0,0.0,5.0,8.0,0.0,0.0,0.0,16.2,0.30000000000000004,-0.92,Dropout
1.0,1.0,4.0,9119.0,1.0,1.0,126.0,1.0,3.0,19.0,2.0,9.0,123.60000000000001,1.0,0.0,0.0,1.0,1.0,0.0,18.0,0.0,0.0,5.0,6.0,5.0,12.4,0.0,0.0,5.0,9.0,3.0,13.0,0.0,8.9,1.4000000000000001,3.5100000000000002,Dropout
1.0,1.0,1.0,9130.0,1.0,1.0,148.0,1.0,1.0,1.0,9.0,9.0,141.70000000000002,0.0,0.0,0.0,0.0,1.0,0.0,18.0,0.0,0.0,6.0,8.0,5.0,11.600000000000001,0.0,0.0,6.0,11.0,4.0,13.0,0.0,8.9,1.4000000000000001,3.5100000000000002,Dropout
1.0,17.0,1.0,9853.0,1.0,1.0,160.0,1.0,19.0,38.0,5.0,7.0,139.0,1.0,0.0,0.0,1.0,0.0,1.0,18.0,0.0,0.0,6.0,8.0,5.0,12.200000000000001,0.0,0.0,6.0,13.0,0.0,0.0,0.0,9.4,-0.8,-3.12,Dropout
1.0,17.0,1.0,9254.0,1.0,1.0,118.0,1.0,1.0,19.0,5.0,4.0,118.0,0.0,0.0,0.0,1.0,0.0,1.0,19.0,0.0,0.0,6.0,7.0,5.0,11.0,0.0,0.0,6.0,7.0,5.0,12.8,0.0,12.4,0.5,1.79,Graduate
1.0,17.0,2.0,9853.0,1.0,1.0,150.0,1.0,38.0,19.0,5.0,5.0,142.0,1.0,0.0,0.0,1.0,0.0,1.0,19.0,0.0,0.0,6.0,8.0,6.0,12.3333333333333,0.0,0.0,6.0,7.0,5.0,12.4,0.0,10.8,1.4000000000000001,1.74,Dropout
1.0,44.0,1.0,9238.0,1.0,1.0,140.0,1.0,1.0,1.0,5.0,5.0,143.4,0.0,0.0,0.0,1.0,0.0,1.0,21.0,0.0,3.0,6.0,6.0,6.0,14.8333333333333,0.0,2.0,6.0,7.0,6.0,12.5714285714286,0.0,13.9,-0.30000000000000004,0.79,Graduate
1.0,42.0,1.0,9070.0,1.0,1.0,100.0,1.0,3.0,2.0,2.0,2.0,115.9,0.0,0.0,0.0,1.0,0.0,0.0,29.0,0.0,9.0,10.0,15.0,9.0,11.5555555555556,0.0,7.0,11.0,17.0,10.0,11.9,0.0,9.4,-0.8,-3.12,Enrolled
1.0,1.0,1.0,9070.0,1.0,1.0,110.0,1.0,1.0,37.0,9.0,9.0,105.10000000000001,1.0,0.0,0.0,1.0,0.0,1.0,20.0,0.0,0.0,6.0,6.0,6.0,12.0,0.0,0.0,6.0,6.0,6.0,11.8333333333333,0.0,12.4,0.5,1.79,Graduate
1.0,51.0,1.0,8014.0,0.0,42.0,140.0,1.0,19.0,37.0,134.0,193.0,138.0,1.0,0.0,1.0,1.0,0.0,1.0,21.0,0.0,13.0,13.0,13.0,11.0,12.7272727272727,0.0,9.0,11.0,11.0,10.0,12.600000000000001,0.0,8.9,1.4000000000000001,3.5100000000000002,Graduate
1.0,43.0,1.0,9991.0,0.0,1.0,133.1,41.0,37.0,37.0,9.0,8.0,114.7,0.0,0.0,0.0,1.0,0.0,0.0,34.0,1.0,2.0,2.0,2.0,2.0,10.5,0.0,1.0,1.0,1.0,1.0,11.0,0.0,10.8,1.4000000000000001,1.74,Dropout
1.0,1.0,4.0,9773.0,1.0,1.0,140.0,22.0,1.0,37.0,3.0,9.0,130.5,1.0,0.0,0.0,1.0,0.0,0.0,20.0,1.0,0.0,6.0,6.0,6.0,12.3333333333333,0.0,0.0,6.0,6.0,6.0,12.0,0.0,12.700000000000001,3.7,-1.7000000000000002,Graduate
1.0,39.0,1.0,9991.0,0.0,1.0,110.0,1.0,37.0,37.0,9.0,9.0,134.3,0.0,0.0,0.0,1.0,1.0,0.0,24.0,0.0,0.0,5.0,10.0,0.0,0.0,0.0,0.0,5.0,7.0,1.0,12.0,0.0,10.8,1.4000000000000001,1.74,Dropout
1.0,1.0,1.0,9500.0,1.0,1.0,148.0,1.0,1.0,1.0,4.0,3.0,137.5,0.0,0.0,0.0,1.0,1.0,0.0,18.0,0.0,0.0,7.0,7.0,7.0,14.8428571428571,0.0,0.0,8.0,9.0,8.0,14.3888888888889,0.0,16.2,0.30000000000000004,-0.92,Graduate
1.0,1.0,1.0,9500.0,1.0,1.0,137.0,1.0,1.0,19.0,4.0,4.0,125.30000000000001,0.0,0.0,0.0,1.0,1.0,0.0,19.0,0.0,0.0,7.0,7.0,7.0,12.200000000000001,0.0,0.0,7.0,7.0,7.0,12.200000000000001,0.0,7.6000000000000005,2.6,0.32,Enrolled
1.0,1.0,1.0,9147.0,1.0,1.0,120.0,1.0,1.0,19.0,7.0,7.0,111.30000000000001,0.0,0.0,0.0,1.0,1.0,1.0,18.0,0.0,0.0,5.0,10.0,4.0,10.8,0.0,0.0,5.0,10.0,4.0,11.75,0.0,15.5,2.8000000000000003,-4.0600000000000005,Enrolled
1.0,39.0,9.0,9991.0,0.0,1.0,120.0,1.0,38.0,38.0,9.0,5.0,144.8,0.0,0.0,0.0,1.0,1.0,0.0,28.0,0.0,0.0,5.0,7.0,4.0,12.75,0.0,0.0,5.0,7.0,5.0,14.3333333333333,0.0,10.8,1.4000000000000001,1.74,Enrolled
1.0,39.0,1.0,9991.0,0.0,1.0,130.0,1.0,1.0,1.0,9.0,7.0,152.1,0.0,0.0,0.0,1.0,1.0,0.0,28.0,0.0,0.0,5.0,13.0,2.0,11.0,0.0,0.0,5.0,12.0,1.0,12.0,0.0,11.100000000000001,0.6000000000000001,2.02,Dropout
1.0,17.0,1.0,9254.0,1.0,1.0,132.0,1.0,38.0,38.0,0.0,5.0,126.10000000000001,0.0,0.0,0.0,1.0,1.0,0.0,20.0,0.0,0.0,6.0,9.0,4.0,10.75,0.0,0.0,6.0,12.0,0.0,0.0,0.0,7.6000000000000005,2.6,0.32,Dropout
1.0,43.0,1.0,9500.0,1.0,1.0,130.0,1.0,1.0,1.0,7.0,4.0,136.0,1.0,0.0,0.0,1.0,1.0,0.0,22.0,0.0,0.0,8.0,9.0,8.0,12.55375,1.0,0.0,8.0,9.0,8.0,12.55375,1.0,9.4,-0.8,-3.12,Graduate
1.0,1.0,4.0,9500.0,1.0,1.0,128.0,1.0,19.0,1.0,4.0,4.0,124.30000000000001,1.0,0.0,0.0,1.0,1.0,0.0,19.0,0.0,0.0,8.0,8.0,7.0,12.6657142857143,0.0,0.0,8.0,8.0,7.0,12.6657142857143,0.0,10.8,1.4000000000000001,1.74,Graduate
1.0,1.0,1.0,9670.0,1.0,1.0,132.0,1.0,1.0,19.0,7.0,5.0,129.9,1.0,0.0,0.0,1.0,1.0,0.0,20.0,0.0,0.0,6.0,10.0,6.0,12.714285714285701,0.0,0.0,6.0,8.0,4.0,13.0,0.0,12.4,0.5,1.79,Enrolled
1.0,39.0,2.0,9556.0,1.0,1.0,133.1,1.0,3.0,1.0,2.0,4.0,136.1,0.0,0.0,0.0,1.0,1.0,0.0,26.0,0.0,0.0,7.0,7.0,2.0,11.75,0.0,0.0,5.0,10.0,0.0,0.0,0.0,12.4,0.5,1.79,Dropout
1.0,1.0,2.0,9254.0,1.0,1.0,120.0,1.0,37.0,37.0,9.0,9.0,115.10000000000001,1.0,0.0,0.0,0.0,1.0,0.0,21.0,0.0,0.0,6.0,11.0,3.0,11.0,0.0,0.0,6.0,14.0,0.0,0.0,0.0,9.4,-0.8,-3.12,Dropout
1.0,16.0,2.0,171.0,1.0,1.0,145.0,1.0,3.0,3.0,2.0,2.0,143.6,1.0,0.0,0.0,1.0,1.0,0.0,18.0,0.0,0.0,0.0,0.0,0.0,0.0,0.0,0.0,0.0,0.0,0.0,0.0,0.0,12.4,0.5,1.79,Graduate
1.0,17.0,1.0,9147.0,1.0,1.0,127.0,1.0,37.0,38.0,9.0,7.0,115.80000000000001,1.0,0.0,0.0,1.0,1.0,0.0,18.0,0.0,0.0,5.0,5.0,5.0,13.4,0.0,0.0,5.0,6.0,5.0,12.200000000000001,0.0,11.100000000000001,0.6000000000000001,2.02,Graduate
1.0,1.0,2.0,171.0,1.0,1.0,135.0,1.0,19.0,19.0,4.0,7.0,149.0,1.0,0.0,0.0,1.0,1.0,0.0,22.0,0.0,14.0,17.0,21.0,17.0,12.578947368421101,0.0,15.0,17.0,20.0,17.0,12.1176470588235,0.0,11.100000000000001,0.6000000000000001,2.02,Graduate
2.0,39.0,1.0,9119.0,1.0,19.0,133.1,1.0,37.0,37.0,9.0,9.0,100.0,0.0,0.0,0.0,1.0,1.0,0.0,36.0,0.0,0.0,5.0,0.0,0.0,0.0,0.0,0.0,5.0,0.0,0.0,0.0,0.0,16.2,0.30000000000000004,-0.92,Dropout
1.0,1.0,1.0,9773.0,1.0,1.0,125.0,1.0,38.0,38.0,9.0,9.0,133.4,1.0,0.0,0.0,1.0,1.0,1.0,20.0,0.0,0.0,6.0,8.0,6.0,12.0,0.0,0.0,6.0,8.0,6.0,11.5,0.0,13.9,-0.30000000000000004,0.79,Graduate
1.0,17.0,5.0,9670.0,1.0,1.0,127.0,1.0,3.0,4.0,2.0,2.0,122.80000000000001,0.0,0.0,0.0,1.0,1.0,0.0,20.0,0.0,0.0,6.0,6.0,3.0,12.3333333333333,0.0,0.0,6.0,9.0,0.0,0.0,0.0,10.8,1.4000000000000001,1.74,Dropout
1.0,39.0,1.0,9991.0,0.0,1.0,133.1,1.0,37.0,1.0,5.0,4.0,151.20000000000002,0.0,0.0,0.0,1.0,1.0,0.0,25.0,0.0,0.0,5.0,11.0,4.0,11.5,0.0,0.0,5.0,11.0,3.0,13.5,0.0,12.4,0.5,1.79,Dropout
1.0,39.0,1.0,9003.0,1.0,1.0,150.0,1.0,37.0,19.0,6.0,4.0,137.0,0.0,0.0,0.0,1.0,1.0,0.0,35.0,0.0,1.0,6.0,7.0,5.0,12.8,0.0,1.0,6.0,11.0,5.0,13.8333333333333,0.0,15.5,2.8000000000000003,-4.0600000000000005,Graduate
1.0,1.0,1.0,171.0,1.0,1.0,133.1,1.0,1.0,37.0,7.0,7.0,118.0,0.0,0.0,0.0,1.0,1.0,0.0,22.0,0.0,0.0,0.0,0.0,0.0,0.0,0.0,0.0,0.0,0.0,0.0,0.0,0.0,11.100000000000001,0.6000000000000001,2.02,Dropout
1.0,43.0,1.0,9070.0,1.0,1.0,150.0,1.0,3.0,39.0,3.0,7.0,126.4,0.0,0.0,0.0,1.0,1.0,0.0,26.0,0.0,5.0,7.0,8.0,7.0,13.2857142857143,0.0,3.0,8.0,11.0,7.0,12.1428571428571,0.0,12.4,0.5,1.79,Enrolled
1.0,44.0,1.0,9003.0,1.0,39.0,130.0,1.0,38.0,38.0,9.0,5.0,130.0,0.0,0.0,1.0,0.0,1.0,0.0,20.0,0.0,0.0,6.0,16.0,4.0,11.8,0.0,0.0,6.0,15.0,2.0,12.0,0.0,16.2,0.30000000000000004,-0.92,Dropout
1.0,43.0,1.0,8014.0,0.0,12.0,133.1,1.0,37.0,1.0,9.0,10.0,112.5,0.0,0.0,0.0,1.0,1.0,0.0,50.0,0.0,6.0,13.0,13.0,6.0,11.3333333333333,0.0,2.0,11.0,11.0,2.0,13.5,0.0,16.2,0.30000000000000004,-0.92,Dropout
1.0,1.0,1.0,9500.0,1.0,1.0,125.0,1.0,19.0,38.0,9.0,8.0,118.30000000000001,0.0,0.0,0.0,1.0,1.0,0.0,20.0,0.0,0.0,8.0,12.0,5.0,12.002,1.0,0.0,8.0,12.0,5.0,12.002,1.0,10.8,1.4000000000000001,1.74,Dropout
1.0,1.0,1.0,9500.0,1.0,1.0,127.0,1.0,3.0,1.0,2.0,8.0,121.4,0.0,0.0,0.0,1.0,1.0,0.0,20.0,0.0,0.0,7.0,10.0,5.0,13.9766666666667,0.0,0.0,8.0,9.0,8.0,13.2222222222222,0.0,12.4,0.5,1.79,Enrolled
1.0,7.0,1.0,9003.0,1.0,3.0,140.0,1.0,3.0,19.0,2.0,10.0,140.0,0.0,0.0,0.0,0.0,1.0,0.0,35.0,0.0,0.0,6.0,10.0,5.0,15.200000000000001,0.0,1.0,6.0,9.0,1.0,11.0,0.0,15.5,2.8000000000000003,-4.0600000000000005,Dropout
1.0,1.0,1.0,9670.0,1.0,1.0,110.0,1.0,3.0,19.0,4.0,5.0,109.0,0.0,0.0,0.0,1.0,1.0,1.0,19.0,0.0,0.0,6.0,7.0,6.0,13.1428571428571,0.0,0.0,6.0,8.0,6.0,14.1666666666667,0.0,15.5,2.8000000000000003,-4.0600000000000005,Graduate
2.0,39.0,2.0,9147.0,1.0,1.0,133.1,1.0,37.0,37.0,5.0,7.0,110.0,0.0,0.0,0.0,1.0,1.0,0.0,43.0,0.0,0.0,5.0,14.0,0.0,0.0,1.0,0.0,5.0,5.0,0.0,0.0,0.0,9.4,-0.8,-3.12,Dropout
1.0,17.0,5.0,9500.0,1.0,1.0,124.0,1.0,3.0,38.0,2.0,1.0,119.80000000000001,0.0,0.0,0.0,1.0,1.0,0.0,19.0,0.0,0.0,8.0,11.0,7.0,13.8671428571429,0.0,0.0,8.0,11.0,7.0,13.8671428571429,0.0,10.8,1.4000000000000001,1.74,Graduate
1.0,39.0,1.0,9500.0,1.0,1.0,114.0,1.0,37.0,37.0,9.0,9.0,130.0,0.0,0.0,0.0,1.0,1.0,0.0,25.0,0.0,0.0,8.0,11.0,6.0,12.675,0.0,0.0,8.0,11.0,6.0,12.675,0.0,12.700000000000001,3.7,-1.7000000000000002,Graduate
1.0,16.0,1.0,171.0,1.0,1.0,155.0,1.0,1.0,3.0,5.0,10.0,167.3,1.0,0.0,0.0,1.0,1.0,0.0,19.0,0.0,0.0,0.0,0.0,0.0,0.0,0.0,0.0,0.0,0.0,0.0,0.0,0.0,13.9,-0.30000000000000004,0.79,Graduate
1.0,17.0,2.0,9853.0,1.0,1.0,114.0,1.0,1.0,19.0,9.0,9.0,111.9,1.0,0.0,0.0,1.0,1.0,1.0,20.0,0.0,0.0,6.0,6.0,6.0,12.0,0.0,0.0,6.0,7.0,6.0,12.5,0.0,7.6000000000000005,2.6,0.32,Enrolled
1.0,1.0,1.0,171.0,1.0,1.0,133.1,1.0,38.0,37.0,5.0,5.0,136.0,1.0,0.0,0.0,1.0,1.0,0.0,22.0,0.0,0.0,0.0,0.0,0.0,0.0,0.0,0.0,0.0,0.0,0.0,0.0,0.0,12.700000000000001,3.7,-1.7000000000000002,Dropout
1.0,1.0,1.0,9254.0,1.0,1.0,125.0,1.0,37.0,37.0,3.0,3.0,124.0,0.0,0.0,0.0,1.0,1.0,1.0,19.0,0.0,0.0,6.0,7.0,6.0,11.0,0.0,0.0,6.0,6.0,5.0,12.200000000000001,0.0,11.100000000000001,0.6000000000000001,2.02,Dropout
2.0,39.0,1.0,9991.0,0.0,1.0,120.0,1.0,19.0,37.0,3.0,9.0,132.9,0.0,0.0,0.0,1.0,1.0,0.0,32.0,0.0,0.0,5.0,11.0,4.0,10.75,0.0,0.0,5.0,11.0,4.0,11.3333333333333,0.0,13.9,-0.30000000000000004,0.79,Dropout
2.0,39.0,1.0,9773.0,1.0,38.0,100.0,1.0,37.0,37.0,9.0,7.0,154.0,1.0,0.0,0.0,1.0,1.0,0.0,57.0,0.0,0.0,6.0,7.0,5.0,14.200000000000001,0.0,0.0,6.0,6.0,6.0,14.1666666666667,0.0,9.4,-0.8,-3.12,Graduate
1.0,1.0,1.0,9500.0,1.0,1.0,133.1,1.0,1.0,19.0,3.0,5.0,115.0,0.0,0.0,0.0,0.0,1.0,0.0,20.0,0.0,0.0,7.0,11.0,4.0,12.600000000000001,0.0,0.0,7.0,7.0,4.0,11.575000000000001,0.0,16.2,0.30000000000000004,-0.92,Dropout
1.0,39.0,1.0,9991.0,0.0,1.0,120.0,1.0,1.0,1.0,5.0,5.0,96.0,1.0,0.0,0.0,0.0,1.0,0.0,38.0,0.0,0.0,5.0,5.0,0.0,0.0,0.0,0.0,5.0,5.0,0.0,0.0,0.0,8.9,1.4000000000000001,3.5100000000000002,Dropout
2.0,39.0,1.0,9991.0,0.0,1.0,120.0,1.0,37.0,3.0,9.0,3.0,168.20000000000002,0.0,0.0,0.0,1.0,1.0,0.0,45.0,0.0,0.0,5.0,6.0,5.0,14.0,0.0,0.0,5.0,6.0,5.0,14.1666666666667,0.0,12.4,0.5,1.79,Graduate
2.0,39.0,1.0,9773.0,1.0,1.0,110.0,1.0,37.0,37.0,9.0,10.0,140.0,0.0,0.0,1.0,0.0,1.0,0.0,43.0,0.0,0.0,6.0,16.0,2.0,10.0,0.0,0.0,6.0,12.0,4.0,12.25,0.0,10.8,1.4000000000000001,1.74,Dropout
1.0,17.0,4.0,9070.0,1.0,1.0,144.0,1.0,38.0,1.0,9.0,9.0,137.4,1.0,0.0,0.0,1.0,1.0,0.0,19.0,0.0,0.0,6.0,6.0,6.0,13.8333333333333,0.0,0.0,6.0,8.0,6.0,13.125,0.0,10.8,1.4000000000000001,1.74,Graduate
2.0,39.0,1.0,9991.0,0.0,19.0,133.1,1.0,19.0,19.0,4.0,4.0,150.0,0.0,0.0,0.0,0.0,1.0,0.0,49.0,0.0,0.0,5.0,8.0,2.0,11.0,0.0,0.0,5.0,5.0,1.0,11.0,0.0,15.5,2.8000000000000003,-4.0600000000000005,Dropout
2.0,39.0,1.0,9500.0,1.0,19.0,133.1,1.0,37.0,38.0,9.0,7.0,100.5,1.0,0.0,0.0,1.0,1.0,0.0,43.0,0.0,0.0,8.0,8.0,7.0,11.6357142857143,0.0,0.0,8.0,8.0,7.0,11.6357142857143,0.0,10.8,1.4000000000000001,1.74,Enrolled
1.0,39.0,1.0,8014.0,0.0,1.0,133.1,1.0,37.0,38.0,9.0,9.0,148.5,0.0,0.0,0.0,1.0,1.0,0.0,34.0,0.0,0.0,6.0,6.0,4.0,12.25,0.0,0.0,5.0,5.0,0.0,0.0,0.0,11.100000000000001,0.6000000000000001,2.02,Dropout
1.0,17.0,5.0,9119.0,1.0,1.0,138.0,1.0,19.0,19.0,5.0,5.0,123.30000000000001,1.0,0.0,1.0,1.0,1.0,0.0,18.0,0.0,0.0,5.0,9.0,4.0,12.5,0.0,0.0,5.0,11.0,5.0,11.2857142857143,0.0,12.4,0.5,1.79,Enrolled
2.0,39.0,1.0,9991.0,0.0,1.0,120.0,1.0,38.0,38.0,1.0,4.0,138.70000000000002,0.0,0.0,0.0,1.0,1.0,0.0,43.0,0.0,0.0,5.0,5.0,5.0,13.8,0.0,0.0,5.0,6.0,5.0,13.6666666666667,0.0,10.8,1.4000000000000001,1.74,Graduate
1.0,1.0,2.0,9254.0,1.0,1.0,120.0,1.0,19.0,1.0,9.0,8.0,117.2,0.0,0.0,0.0,1.0,1.0,0.0,21.0,0.0,0.0,6.0,8.0,3.0,12.0,0.0,0.0,6.0,9.0,1.0,11.0,0.0,15.5,2.8000000000000003,-4.0600000000000005,Dropout
2.0,39.0,1.0,9991.0,0.0,1.0,160.0,1.0,34.0,34.0,99.0,99.0,114.30000000000001,0.0,0.0,0.0,1.0,1.0,0.0,40.0,0.0,0.0,5.0,9.0,3.0,11.0,0.0,0.0,5.0,8.0,4.0,12.5,1.0,7.6000000000000005,2.6,0.32,Enrolled
1.0,17.0,1.0,9670.0,1.0,1.0,134.0,1.0,19.0,37.0,5.0,5.0,125.30000000000001,1.0,0.0,0.0,1.0,1.0,1.0,19.0,0.0,0.0,6.0,7.0,4.0,13.75,0.0,0.0,6.0,10.0,6.0,11.5555555555556,0.0,10.8,1.4000000000000001,1.74,Graduate
1.0,1.0,1.0,9254.0,1.0,1.0,133.1,1.0,37.0,37.0,1.0,1.0,97.0,0.0,0.0,0.0,1.0,1.0,0.0,27.0,0.0,0.0,6.0,6.0,6.0,10.6666666666667,0.0,0.0,6.0,8.0,4.0,11.25,0.0,10.8,1.4000000000000001,1.74,Enrolled
2.0,42.0,1.0,9556.0,1.0,1.0,110.0,1.0,37.0,37.0,9.0,6.0,140.0,0.0,0.0,0.0,1.0,1.0,0.0,43.0,0.0,0.0,7.0,7.0,0.0,0.0,0.0,0.0,8.0,13.0,2.0,13.15,0.0,16.2,0.30000000000000004,-0.92,Dropout
1.0,43.0,1.0,9991.0,0.0,1.0,130.0,1.0,37.0,37.0,9.0,9.0,124.0,0.0,0.0,0.0,1.0,1.0,0.0,31.0,0.0,1.0,5.0,6.0,5.0,13.8333333333333,0.0,0.0,5.0,7.0,5.0,15.4,0.0,9.4,-0.8,-3.12,Graduate
1.0,44.0,1.0,9003.0,1.0,39.0,140.0,1.0,38.0,1.0,134.0,134.0,140.0,1.0,0.0,1.0,1.0,1.0,0.0,26.0,0.0,0.0,6.0,6.0,0.0,0.0,0.0,0.0,6.0,7.0,0.0,0.0,0.0,8.9,1.4000000000000001,3.5100000000000002,Enrolled
1.0,39.0,1.0,9991.0,0.0,1.0,150.0,1.0,37.0,38.0,175.0,103.0,127.0,0.0,0.0,0.0,1.0,1.0,0.0,34.0,0.0,0.0,5.0,5.0,5.0,15.8,0.0,0.0,5.0,5.0,5.0,16.8,0.0,8.9,1.4000000000000001,3.5100000000000002,Graduate
4.0,43.0,1.0,9500.0,1.0,19.0,100.0,1.0,34.0,34.0,0.0,0.0,110.0,0.0,0.0,0.0,1.0,1.0,0.0,30.0,0.0,11.0,14.0,26.0,12.0,12.5260869565217,1.0,11.0,14.0,26.0,12.0,12.5260869565217,1.0,7.6000000000000005,2.6,0.32,Graduate
2.0,39.0,1.0,9500.0,1.0,19.0,133.1,1.0,38.0,38.0,7.0,8.0,170.0,0.0,0.0,0.0,1.0,1.0,0.0,36.0,0.0,0.0,7.0,9.0,6.0,12.783333333333301,0.0,0.0,8.0,11.0,0.0,0.0,0.0,16.2,0.30000000000000004,-0.92,Dropout
1.0,7.0,1.0,9991.0,0.0,3.0,120.0,1.0,37.0,37.0,6.0,7.0,120.0,0.0,0.0,1.0,0.0,1.0,0.0,46.0,0.0,0.0,5.0,5.0,0.0,0.0,0.0,0.0,5.0,5.0,1.0,10.0,0.0,11.100000000000001,0.6000000000000001,2.02,Dropout
1.0,17.0,1.0,9085.0,1.0,1.0,133.1,1.0,1.0,19.0,5.0,9.0,130.0,0.0,0.0,0.0,1.0,1.0,0.0,22.0,0.0,0.0,5.0,8.0,3.0,13.0,0.0,0.0,5.0,8.0,3.0,10.6666666666667,0.0,7.6000000000000005,2.6,0.32,Graduate
1.0,7.0,1.0,9003.0,1.0,3.0,130.0,1.0,1.0,19.0,5.0,9.0,130.0,0.0,0.0,0.0,1.0,1.0,0.0,27.0,0.0,0.0,6.0,8.0,0.0,0.0,0.0,0.0,6.0,10.0,0.0,0.0,0.0,16.2,0.30000000000000004,-0.92,Dropout
1.0,1.0,2.0,9119.0,1.0,1.0,126.0,1.0,1.0,38.0,141.0,192.0,122.5,1.0,0.0,0.0,1.0,1.0,0.0,20.0,0.0,0.0,5.0,7.0,5.0,10.8,0.0,0.0,5.0,9.0,3.0,12.0,0.0,8.9,1.4000000000000001,3.5100000000000002,Enrolled
1.0,51.0,1.0,9147.0,1.0,1.0,130.0,1.0,19.0,38.0,9.0,8.0,115.7,0.0,0.0,0.0,1.0,1.0,0.0,20.0,0.0,0.0,5.0,7.0,5.0,11.0,0.0,0.0,5.0,7.0,3.0,10.0,0.0,8.9,1.4000000000000001,3.5100000000000002,Enrolled
1.0,42.0,1.0,9119.0,1.0,1.0,140.0,1.0,19.0,19.0,90.0,90.0,120.0,0.0,0.0,1.0,0.0,1.0,0.0,31.0,0.0,0.0,4.0,4.0,0.0,0.0,0.0,0.0,5.0,5.0,0.0,0.0,0.0,12.700000000000001,3.7,-1.7000000000000002,Dropout
1.0,1.0,1.0,9119.0,1.0,1.0,140.0,1.0,37.0,19.0,9.0,9.0,166.0,1.0,0.0,1.0,1.0,1.0,0.0,20.0,0.0,0.0,5.0,7.0,0.0,0.0,0.0,0.0,5.0,5.0,0.0,0.0,0.0,9.4,-0.8,-3.12,Enrolled
1.0,17.0,1.0,9773.0,1.0,1.0,145.0,1.0,1.0,38.0,90.0,8.0,132.8,1.0,0.0,0.0,0.0,1.0,0.0,21.0,0.0,0.0,6.0,10.0,2.0,12.0,0.0,0.0,6.0,0.0,0.0,0.0,0.0,10.8,1.4000000000000001,1.74,Dropout
1.0,17.0,1.0,9147.0,1.0,1.0,133.1,1.0,19.0,19.0,9.0,7.0,100.0,0.0,0.0,0.0,1.0,1.0,0.0,21.0,0.0,0.0,5.0,7.0,4.0,10.75,0.0,0.0,5.0,10.0,2.0,11.0,3.0,16.2,0.30000000000000004,-0.92,Dropout
1.0,1.0,1.0,9147.0,1.0,1.0,127.0,1.0,1.0,4.0,9.0,10.0,121.80000000000001,0.0,0.0,0.0,1.0,1.0,0.0,19.0,0.0,0.0,5.0,8.0,5.0,11.600000000000001,0.0,0.0,5.0,10.0,4.0,13.5,3.0,16.2,0.30000000000000004,-0.92,Graduate
1.0,17.0,4.0,9147.0,1.0,1.0,114.0,1.0,19.0,19.0,4.0,4.0,109.5,1.0,0.0,0.0,1.0,1.0,1.0,20.0,0.0,0.0,5.0,6.0,5.0,11.8,0.0,0.0,5.0,8.0,4.0,11.600000000000001,0.0,8.9,1.4000000000000001,3.5100000000000002,Graduate
1.0,1.0,1.0,9003.0,1.0,1.0,140.0,1.0,38.0,1.0,9.0,4.0,138.3,0.0,0.0,0.0,1.0,1.0,0.0,18.0,0.0,0.0,6.0,7.0,6.0,16.0,0.0,0.0,6.0,6.0,6.0,15.1666666666667,0.0,12.4,0.5,1.79,Graduate
1.0,1.0,2.0,9773.0,1.0,1.0,140.0,1.0,1.0,1.0,4.0,3.0,131.6,0.0,0.0,0.0,1.0,1.0,1.0,18.0,0.0,0.0,6.0,6.0,6.0,12.6666666666667,0.0,0.0,6.0,6.0,6.0,11.5,0.0,16.2,0.30000000000000004,-0.92,Graduate
1.0,39.0,1.0,9500.0,1.0,1.0,120.0,1.0,1.0,2.0,144.0,123.0,125.30000000000001,0.0,0.0,1.0,1.0,1.0,0.0,30.0,0.0,0.0,7.0,12.0,4.0,14.4,0.0,0.0,7.0,9.0,6.0,13.5,0.0,12.4,0.5,1.79,Enrolled
1.0,39.0,1.0,9254.0,1.0,19.0,133.1,1.0,19.0,19.0,3.0,1.0,101.5,0.0,0.0,1.0,0.0,1.0,0.0,34.0,0.0,0.0,6.0,6.0,0.0,0.0,0.0,0.0,6.0,6.0,0.0,0.0,0.0,15.5,2.8000000000000003,-4.0600000000000005,Dropout
1.0,17.0,1.0,9670.0,1.0,1.0,115.0,1.0,19.0,19.0,191.0,171.0,109.10000000000001,0.0,0.0,1.0,0.0,1.0,0.0,21.0,0.0,0.0,6.0,11.0,4.0,12.25,0.0,0.0,6.0,9.0,4.0,13.4,0.0,11.100000000000001,0.6000000000000001,2.02,Enrolled
1.0,44.0,1.0,9070.0,1.0,39.0,123.9,1.0,37.0,1.0,9.0,7.0,123.9,0.0,0.0,0.0,1.0,1.0,0.0,20.0,0.0,2.0,7.0,9.0,5.0,12.600000000000001,0.0,5.0,9.0,10.0,8.0,12.75,1.0,16.2,0.30000000000000004,-0.92,Dropout
1.0,1.0,1.0,9500.0,1.0,1.0,157.0,1.0,37.0,37.0,9.0,9.0,143.0,0.0,0.0,0.0,1.0,1.0,0.0,18.0,0.0,0.0,8.0,8.0,7.0,13.4,0.0,0.0,8.0,8.0,7.0,13.4,0.0,12.700000000000001,3.7,-1.7000000000000002,Graduate
1.0,1.0,1.0,171.0,1.0,1.0,127.0,1.0,1.0,1.0,4.0,3.0,126.30000000000001,1.0,0.0,1.0,1.0,1.0,0.0,21.0,0.0,0.0,0.0,0.0,0.0,0.0,0.0,0.0,0.0,0.0,0.0,0.0,0.0,16.2,0.30000000000000004,-0.92,Dropout
2.0,42.0,1.0,9003.0,1.0,1.0,120.0,1.0,3.0,1.0,2.0,2.0,113.30000000000001,0.0,0.0,0.0,1.0,1.0,0.0,26.0,0.0,0.0,6.0,9.0,1.0,10.0,0.0,0.0,6.0,6.0,0.0,0.0,0.0,12.4,0.5,1.79,Dropout
1.0,17.0,1.0,9119.0,1.0,1.0,130.0,1.0,38.0,19.0,7.0,3.0,119.9,1.0,0.0,1.0,1.0,1.0,0.0,20.0,0.0,0.0,5.0,5.0,0.0,0.0,0.0,0.0,5.0,5.0,0.0,0.0,5.0,9.4,-0.8,-3.12,Dropout
1.0,44.0,1.0,9003.0,1.0,39.0,140.0,1.0,1.0,38.0,1.0,9.0,140.0,0.0,0.0,0.0,1.0,1.0,0.0,25.0,0.0,0.0,6.0,16.0,3.0,11.25,0.0,0.0,6.0,14.0,4.0,11.200000000000001,0.0,15.5,2.8000000000000003,-4.0600000000000005,Dropout
1.0,17.0,1.0,9670.0,1.0,1.0,109.0,1.0,1.0,1.0,4.0,4.0,108.0,0.0,0.0,0.0,1.0,1.0,0.0,19.0,0.0,0.0,5.0,10.0,0.0,0.0,0.0,0.0,5.0,5.0,0.0,0.0,0.0,7.6000000000000005,2.6,0.32,Enrolled
1.0,39.0,2.0,9147.0,1.0,1.0,143.0,1.0,19.0,5.0,4.0,1.0,100.0,1.0,0.0,0.0,1.0,1.0,0.0,24.0,0.0,0.0,5.0,8.0,3.0,10.6666666666667,1.0,0.0,5.0,5.0,1.0,14.0,0.0,9.4,-0.8,-3.12,Dropout
1.0,1.0,1.0,9130.0,1.0,1.0,125.0,1.0,3.0,3.0,2.0,2.0,132.4,0.0,0.0,0.0,1.0,1.0,0.0,20.0,0.0,0.0,5.0,7.0,4.0,11.75,0.0,0.0,5.0,5.0,5.0,13.4,0.0,7.6000000000000005,2.6,0.32,Graduate
1.0,1.0,1.0,9147.0,1.0,1.0,136.0,1.0,1.0,3.0,9.0,5.0,137.1,0.0,0.0,0.0,1.0,1.0,0.0,20.0,0.0,0.0,5.0,5.0,0.0,0.0,0.0,0.0,5.0,5.0,0.0,0.0,0.0,12.700000000000001,3.7,-1.7000000000000002,Dropout
1.0,5.0,3.0,9070.0,1.0,1.0,157.0,1.0,3.0,1.0,9.0,6.0,138.1,1.0,0.0,0.0,1.0,0.0,0.0,18.0,0.0,0.0,6.0,6.0,6.0,12.6666666666667,0.0,0.0,6.0,8.0,6.0,14.125,0.0,10.8,1.4000000000000001,1.74,Graduate
4.0,39.0,1.0,9556.0,1.0,1.0,160.0,1.0,19.0,3.0,9.0,2.0,130.0,0.0,0.0,0.0,1.0,0.0,0.0,25.0,0.0,0.0,7.0,14.0,7.0,11.950000000000001,0.0,0.0,8.0,15.0,7.0,12.0428571428571,0.0,12.700000000000001,3.7,-1.7000000000000002,Enrolled
1.0,17.0,1.0,9254.0,1.0,1.0,116.0,1.0,38.0,37.0,9.0,6.0,109.7,1.0,0.0,0.0,1.0,0.0,0.0,22.0,0.0,0.0,6.0,7.0,5.0,14.0,0.0,0.0,6.0,6.0,6.0,15.6666666666667,0.0,11.100000000000001,0.6000000000000001,2.02,Graduate
1.0,43.0,1.0,8014.0,0.0,1.0,113.0,1.0,37.0,37.0,0.0,6.0,128.20000000000002,0.0,0.0,0.0,0.0,0.0,0.0,41.0,0.0,0.0,6.0,6.0,0.0,0.0,6.0,0.0,6.0,12.0,0.0,0.0,0.0,9.4,-0.8,-3.12,Dropout
1.0,1.0,2.0,9147.0,1.0,1.0,130.0,1.0,37.0,38.0,7.0,9.0,117.80000000000001,0.0,0.0,1.0,1.0,0.0,1.0,19.0,0.0,0.0,5.0,11.0,2.0,11.5,0.0,0.0,5.0,10.0,0.0,0.0,0.0,12.700000000000001,3.7,-1.7000000000000002,Dropout
1.0,43.0,1.0,9130.0,1.0,1.0,150.0,1.0,3.0,3.0,3.0,4.0,150.0,1.0,0.0,0.0,1.0,0.0,0.0,21.0,0.0,0.0,6.0,10.0,6.0,12.0,0.0,0.0,6.0,12.0,5.0,12.8,0.0,13.9,-0.30000000000000004,0.79,Graduate
1.0,39.0,1.0,9085.0,1.0,1.0,110.0,1.0,1.0,1.0,5.0,5.0,160.0,1.0,0.0,1.0,1.0,0.0,0.0,30.0,0.0,0.0,6.0,7.0,6.0,16.428571428571402,0.0,0.0,6.0,7.0,6.0,16.6666666666667,0.0,13.9,-0.30000000000000004,0.79,Dropout
1.0,1.0,5.0,9500.0,1.0,1.0,101.0,1.0,38.0,38.0,9.0,9.0,104.5,1.0,0.0,0.0,1.0,0.0,1.0,21.0,0.0,0.0,7.0,9.0,5.0,13.336,0.0,0.0,8.0,9.0,7.0,13.2071428571429,0.0,11.100000000000001,0.6000000000000001,2.02,Graduate
2.0,39.0,2.0,9556.0,1.0,1.0,110.0,1.0,19.0,38.0,9.0,9.0,112.80000000000001,0.0,0.0,0.0,1.0,0.0,1.0,26.0,0.0,0.0,7.0,7.0,0.0,0.0,0.0,0.0,8.0,8.0,0.0,0.0,6.0,10.8,1.4000000000000001,1.74,Enrolled
1.0,15.0,1.0,9670.0,1.0,1.0,133.1,41.0,1.0,1.0,9.0,4.0,100.0,0.0,0.0,0.0,1.0,0.0,0.0,21.0,1.0,2.0,7.0,9.0,7.0,14.6666666666667,0.0,1.0,6.0,8.0,6.0,14.0,0.0,11.100000000000001,0.6000000000000001,2.02,Graduate
1.0,1.0,1.0,9500.0,1.0,1.0,138.0,1.0,1.0,1.0,3.0,4.0,132.5,1.0,0.0,0.0,1.0,0.0,0.0,18.0,0.0,0.0,8.0,8.0,7.0,14.1157142857143,0.0,0.0,8.0,8.0,7.0,14.1157142857143,0.0,10.8,1.4000000000000001,1.74,Graduate
1.0,1.0,4.0,9085.0,1.0,1.0,138.0,1.0,3.0,1.0,1.0,4.0,123.30000000000001,1.0,0.0,0.0,1.0,0.0,1.0,19.0,0.0,0.0,6.0,7.0,6.0,14.8571428571429,0.0,0.0,6.0,10.0,6.0,13.1111111111111,0.0,12.4,0.5,1.79,Graduate
1.0,1.0,2.0,9085.0,1.0,1.0,141.0,1.0,1.0,38.0,9.0,8.0,128.9,1.0,0.0,0.0,1.0,0.0,1.0,18.0,0.0,0.0,6.0,7.0,6.0,13.8333333333333,0.0,0.0,6.0,10.0,6.0,13.714285714285701,0.0,8.9,1.4000000000000001,3.5100000000000002,Graduate
1.0,17.0,2.0,9147.0,1.0,1.0,129.0,1.0,2.0,3.0,2.0,2.0,128.3,1.0,0.0,0.0,1.0,0.0,0.0,19.0,0.0,0.0,5.0,10.0,3.0,11.0,0.0,0.0,5.0,9.0,4.0,11.75,0.0,12.700000000000001,3.7,-1.7000000000000002,Enrolled
1.0,43.0,1.0,9085.0,1.0,1.0,127.0,1.0,3.0,3.0,2.0,5.0,100.0,0.0,0.0,0.0,1.0,0.0,0.0,21.0,0.0,0.0,6.0,11.0,4.0,11.75,0.0,0.0,6.0,12.0,3.0,13.6666666666667,0.0,13.9,-0.30000000000000004,0.79,Enrolled
1.0,17.0,2.0,9147.0,1.0,1.0,133.0,1.0,19.0,1.0,9.0,3.0,120.10000000000001,1.0,0.0,0.0,1.0,0.0,1.0,18.0,0.0,0.0,5.0,15.0,2.0,10.0,0.0,0.0,5.0,14.0,2.0,12.0,0.0,13.9,-0.30000000000000004,0.79,Dropout
1.0,39.0,1.0,9500.0,1.0,1.0,100.0,1.0,37.0,37.0,7.0,7.0,160.0,1.0,0.0,0.0,1.0,0.0,1.0,24.0,0.0,0.0,8.0,15.0,6.0,12.415000000000001,0.0,0.0,8.0,15.0,6.0,12.415000000000001,0.0,10.8,1.4000000000000001,1.74,Graduate
1.0,1.0,1.0,9130.0,1.0,1.0,138.0,1.0,4.0,5.0,2.0,2.0,123.0,1.0,0.0,0.0,1.0,0.0,0.0,21.0,0.0,0.0,5.0,12.0,1.0,11.0,0.0,0.0,5.0,9.0,2.0,10.5,0.0,12.700000000000001,3.7,-1.7000000000000002,Enrolled
1.0,44.0,1.0,9085.0,1.0,39.0,150.0,1.0,19.0,19.0,9.0,9.0,150.0,1.0,0.0,0.0,1.0,0.0,0.0,23.0,0.0,1.0,6.0,14.0,5.0,14.4285714285714,0.0,1.0,6.0,7.0,6.0,13.4285714285714,0.0,16.2,0.30000000000000004,-0.92,Graduate
1.0,17.0,2.0,9500.0,1.0,1.0,129.0,1.0,38.0,19.0,5.0,7.0,124.0,1.0,0.0,0.0,1.0,0.0,1.0,18.0,0.0,0.0,8.0,8.0,7.0,14.3128571428571,0.0,0.0,8.0,8.0,7.0,14.3128571428571,0.0,10.8,1.4000000000000001,1.74,Graduate
1.0,39.0,1.0,9085.0,1.0,1.0,130.0,1.0,4.0,1.0,2.0,9.0,120.0,0.0,0.0,0.0,0.0,0.0,0.0,26.0,0.0,0.0,6.0,8.0,6.0,15.4285714285714,0.0,0.0,6.0,7.0,5.0,14.5,0.0,11.100000000000001,0.6000000000000001,2.02,Enrolled
1.0,1.0,1.0,9130.0,1.0,1.0,133.0,1.0,38.0,38.0,5.0,8.0,120.4,1.0,0.0,0.0,1.0,0.0,0.0,20.0,0.0,0.0,5.0,9.0,4.0,12.0,1.0,0.0,5.0,6.0,5.0,13.4,0.0,9.4,-0.8,-3.12,Graduate
1.0,1.0,1.0,9238.0,1.0,1.0,133.0,1.0,4.0,1.0,5.0,5.0,131.6,0.0,0.0,0.0,1.0,0.0,0.0,18.0,0.0,0.0,6.0,7.0,6.0,13.8333333333333,0.0,0.0,6.0,7.0,6.0,13.714285714285701,0.0,11.100000000000001,0.6000000000000001,2.02,Graduate
1.0,1.0,1.0,9238.0,1.0,1.0,107.0,1.0,2.0,12.0,3.0,10.0,104.2,1.0,0.0,0.0,1.0,0.0,0.0,20.0,0.0,0.0,6.0,6.0,6.0,12.1666666666667,0.0,0.0,6.0,7.0,6.0,12.1428571428571,0.0,11.100000000000001,0.6000000000000001,2.02,Graduate
1.0,1.0,1.0,9500.0,1.0,1.0,131.0,1.0,19.0,19.0,4.0,4.0,122.0,1.0,0.0,0.0,1.0,0.0,0.0,20.0,0.0,0.0,8.0,8.0,7.0,14.0142857142857,0.0,0.0,8.0,8.0,7.0,14.0142857142857,0.0,12.700000000000001,3.7,-1.7000000000000002,Enrolled
1.0,17.0,2.0,9238.0,1.0,1.0,118.0,1.0,1.0,19.0,4.0,10.0,110.7,1.0,1.0,0.0,1.0,0.0,0.0,18.0,0.0,0.0,6.0,15.0,2.0,10.3333333333333,3.0,0.0,6.0,13.0,3.0,13.3333333333333,0.0,12.700000000000001,3.7,-1.7000000000000002,Enrolled
1.0,1.0,4.0,9773.0,1.0,1.0,136.0,1.0,1.0,12.0,9.0,10.0,121.7,1.0,0.0,0.0,1.0,0.0,1.0,22.0,0.0,0.0,6.0,7.0,5.0,13.200000000000001,0.0,0.0,6.0,7.0,5.0,13.600000000000001,0.0,12.4,0.5,1.79,Graduate
1.0,1.0,1.0,9500.0,1.0,1.0,125.0,1.0,37.0,37.0,9.0,9.0,126.0,1.0,0.0,1.0,1.0,0.0,0.0,20.0,0.0,0.0,7.0,7.0,6.0,15.4,0.0,0.0,7.0,7.0,6.0,15.4,0.0,7.6000000000000005,2.6,0.32,Graduate
1.0,17.0,4.0,9500.0,1.0,1.0,137.0,1.0,1.0,37.0,9.0,9.0,128.4,1.0,0.0,0.0,1.0,0.0,1.0,19.0,0.0,0.0,7.0,7.0,7.0,13.3857142857143,0.0,0.0,8.0,8.0,8.0,15.925,0.0,13.9,-0.30000000000000004,0.79,Graduate
1.0,1.0,1.0,9130.0,1.0,1.0,144.0,1.0,3.0,1.0,2.0,4.0,134.9,1.0,0.0,1.0,1.0,0.0,0.0,18.0,0.0,0.0,6.0,13.0,6.0,10.8571428571429,0.0,0.0,6.0,10.0,4.0,11.0,0.0,15.5,2.8000000000000003,-4.0600000000000005,Dropout
1.0,17.0,2.0,9147.0,1.0,1.0,146.0,1.0,38.0,37.0,6.0,6.0,143.9,0.0,0.0,0.0,1.0,0.0,0.0,18.0,0.0,0.0,5.0,11.0,5.0,11.3333333333333,0.0,0.0,5.0,8.0,5.0,12.0,0.0,13.9,-0.30000000000000004,0.79,Graduate
1.0,1.0,4.0,9085.0,1.0,1.0,145.0,1.0,37.0,1.0,9.0,9.0,145.0,1.0,0.0,0.0,1.0,0.0,1.0,19.0,0.0,0.0,5.0,7.0,4.0,14.5,0.0,0.0,5.0,5.0,5.0,13.600000000000001,0.0,10.8,1.4000000000000001,1.74,Graduate
1.0,1.0,2.0,9070.0,1.0,1.0,126.0,1.0,19.0,38.0,9.0,9.0,132.0,1.0,0.0,0.0,1.0,0.0,1.0,19.0,0.0,0.0,6.0,6.0,6.0,14.1666666666667,0.0,0.0,6.0,8.0,6.0,12.375,0.0,10.8,1.4000000000000001,1.74,Graduate
1.0,17.0,1.0,8014.0,0.0,1.0,141.0,1.0,34.0,34.0,0.0,0.0,136.1,0.0,0.0,0.0,1.0,0.0,0.0,24.0,0.0,0.0,6.0,7.0,6.0,12.8333333333333,0.0,0.0,6.0,8.0,6.0,12.0,0.0,7.6000000000000005,2.6,0.32,Graduate
1.0,1.0,1.0,9238.0,1.0,1.0,141.0,1.0,37.0,37.0,4.0,4.0,138.9,0.0,0.0,0.0,1.0,0.0,0.0,21.0,0.0,0.0,6.0,7.0,6.0,13.3333333333333,0.0,0.0,6.0,6.0,6.0,14.5,0.0,10.8,1.4000000000000001,1.74,Graduate
1.0,1.0,1.0,9238.0,1.0,1.0,133.1,1.0,1.0,1.0,3.0,3.0,102.0,1.0,0.0,0.0,1.0,0.0,1.0,20.0,0.0,0.0,6.0,7.0,6.0,13.6666666666667,0.0,0.0,6.0,7.0,6.0,14.5714285714286,0.0,11.100000000000001,0.6000000000000001,2.02,Graduate
1.0,39.0,1.0,9254.0,1.0,1.0,133.1,1.0,19.0,19.0,4.0,7.0,123.0,0.0,0.0,1.0,0.0,0.0,1.0,28.0,0.0,0.0,6.0,6.0,6.0,10.8333333333333,0.0,0.0,6.0,7.0,5.0,11.0,0.0,13.9,-0.30000000000000004,0.79,Dropout
1.0,1.0,2.0,9853.0,1.0,1.0,127.0,1.0,37.0,19.0,9.0,8.0,137.5,1.0,0.0,0.0,1.0,0.0,0.0,21.0,0.0,0.0,6.0,7.0,6.0,13.4285714285714,0.0,0.0,6.0,8.0,6.0,13.1428571428571,0.0,7.6000000000000005,2.6,0.32,Graduate
1.0,1.0,1.0,9500.0,1.0,1.0,106.0,1.0,37.0,38.0,191.0,163.0,102.2,1.0,0.0,1.0,1.0,1.0,0.0,20.0,0.0,0.0,7.0,7.0,7.0,12.4014285714286,0.0,0.0,8.0,10.0,6.0,11.8083333333333,0.0,11.100000000000001,0.6000000000000001,2.02,Enrolled
1.0,42.0,1.0,9003.0,1.0,1.0,130.0,1.0,3.0,2.0,2.0,6.0,105.30000000000001,0.0,0.0,0.0,0.0,1.0,0.0,36.0,0.0,0.0,6.0,8.0,0.0,0.0,0.0,0.0,6.0,10.0,0.0,0.0,0.0,16.2,0.30000000000000004,-0.92,Dropout
2.0,39.0,1.0,9991.0,0.0,1.0,110.0,1.0,37.0,37.0,9.0,9.0,130.0,0.0,0.0,0.0,0.0,1.0,0.0,42.0,0.0,0.0,4.0,4.0,0.0,0.0,0.0,0.0,5.0,0.0,0.0,0.0,0.0,12.700000000000001,3.7,-1.7000000000000002,Dropout
2.0,39.0,1.0,9991.0,0.0,1.0,150.0,1.0,37.0,37.0,9.0,7.0,122.5,0.0,0.0,0.0,1.0,1.0,0.0,47.0,0.0,0.0,5.0,9.0,4.0,11.5,0.0,0.0,5.0,6.0,5.0,11.600000000000001,1.0,7.6000000000000005,2.6,0.32,Dropout
1.0,39.0,1.0,9119.0,1.0,1.0,160.0,1.0,1.0,38.0,4.0,7.0,112.0,0.0,0.0,0.0,0.0,1.0,0.0,25.0,0.0,0.0,5.0,8.0,0.0,0.0,0.0,0.0,5.0,5.0,0.0,0.0,0.0,9.4,-0.8,-3.12,Dropout
1.0,39.0,1.0,9670.0,1.0,12.0,170.0,1.0,1.0,37.0,3.0,5.0,110.0,0.0,0.0,0.0,1.0,1.0,1.0,25.0,0.0,0.0,6.0,8.0,6.0,14.1428571428571,0.0,0.0,6.0,6.0,6.0,13.5,0.0,15.5,2.8000000000000003,-4.0600000000000005,Graduate
2.0,39.0,1.0,8014.0,0.0,19.0,133.1,1.0,19.0,37.0,6.0,8.0,149.5,0.0,0.0,0.0,1.0,1.0,0.0,48.0,0.0,0.0,6.0,6.0,0.0,0.0,0.0,0.0,5.0,6.0,0.0,0.0,0.0,12.4,0.5,1.79,Dropout
1.0,43.0,1.0,9991.0,0.0,1.0,120.0,1.0,38.0,38.0,9.0,7.0,141.0,0.0,0.0,0.0,1.0,1.0,1.0,32.0,0.0,5.0,10.0,12.0,10.0,13.8,0.0,5.0,10.0,10.0,10.0,12.8,0.0,10.8,1.4000000000000001,1.74,Graduate
1.0,7.0,1.0,9991.0,0.0,40.0,130.0,1.0,38.0,38.0,9.0,7.0,130.0,0.0,0.0,0.0,1.0,1.0,0.0,38.0,0.0,10.0,10.0,10.0,10.0,13.600000000000001,0.0,5.0,10.0,10.0,5.0,13.600000000000001,0.0,8.9,1.4000000000000001,3.5100000000000002,Dropout
1.0,7.0,1.0,9238.0,1.0,40.0,130.0,1.0,37.0,37.0,5.0,5.0,130.0,0.0,0.0,0.0,1.0,1.0,0.0,37.0,0.0,11.0,16.0,23.0,15.0,11.7333333333333,0.0,6.0,11.0,17.0,9.0,11.8888888888889,0.0,15.5,2.8000000000000003,-4.0600000000000005,Graduate
1.0,39.0,2.0,9147.0,1.0,1.0,120.0,1.0,37.0,37.0,9.0,9.0,104.0,0.0,0.0,0.0,0.0,1.0,0.0,26.0,0.0,0.0,5.0,8.0,1.0,10.0,0.0,0.0,5.0,9.0,1.0,10.0,0.0,10.8,1.4000000000000001,1.74,Dropout
1.0,44.0,1.0,9085.0,1.0,39.0,110.0,1.0,3.0,5.0,2.0,2.0,110.0,0.0,0.0,0.0,1.0,1.0,0.0,23.0,0.0,0.0,6.0,19.0,0.0,0.0,0.0,0.0,6.0,6.0,0.0,0.0,0.0,13.9,-0.30000000000000004,0.79,Dropout
1.0,44.0,1.0,9003.0,1.0,39.0,120.0,1.0,38.0,19.0,3.0,5.0,120.0,0.0,0.0,0.0,1.0,1.0,0.0,23.0,0.0,0.0,6.0,6.0,0.0,0.0,0.0,0.0,6.0,8.0,0.0,0.0,0.0,15.5,2.8000000000000003,-4.0600000000000005,Enrolled
1.0,44.0,1.0,9003.0,1.0,39.0,130.0,1.0,2.0,3.0,9.0,6.0,130.0,0.0,0.0,0.0,1.0,1.0,0.0,20.0,0.0,0.0,6.0,12.0,4.0,10.8,0.0,0.0,6.0,13.0,4.0,12.0,0.0,12.4,0.5,1.79,Enrolled
1.0,39.0,1.0,9500.0,1.0,4.0,150.0,1.0,3.0,38.0,3.0,7.0,127.0,1.0,0.0,0.0,1.0,1.0,0.0,26.0,0.0,2.0,7.0,8.0,6.0,13.0466666666667,0.0,2.0,8.0,10.0,7.0,13.30625,0.0,11.100000000000001,0.6000000000000001,2.02,Dropout
1.0,43.0,1.0,8014.0,0.0,1.0,120.0,1.0,37.0,37.0,9.0,5.0,100.0,0.0,0.0,0.0,1.0,0.0,0.0,45.0,0.0,5.0,9.0,13.0,8.0,11.0,0.0,3.0,7.0,10.0,6.0,10.8333333333333,0.0,12.700000000000001,3.7,-1.7000000000000002,Enrolled
1.0,39.0,1.0,8014.0,0.0,19.0,100.0,1.0,37.0,37.0,5.0,5.0,111.0,1.0,0.0,0.0,1.0,0.0,1.0,26.0,0.0,0.0,6.0,10.0,3.0,12.3333333333333,0.0,0.0,6.0,14.0,3.0,11.6666666666667,0.0,7.6000000000000005,2.6,0.32,Enrolled
1.0,43.0,1.0,8014.0,0.0,3.0,133.1,1.0,9.0,9.0,90.0,90.0,130.0,0.0,0.0,0.0,1.0,0.0,0.0,26.0,0.0,8.0,11.0,16.0,10.0,11.8,0.0,3.0,7.0,7.0,7.0,13.2857142857143,0.0,7.6000000000000005,2.6,0.32,Graduate
1.0,39.0,1.0,9991.0,0.0,1.0,130.0,1.0,37.0,37.0,9.0,9.0,130.1,0.0,0.0,0.0,1.0,0.0,0.0,25.0,0.0,0.0,5.0,8.0,3.0,11.0,0.0,0.0,5.0,8.0,3.0,11.25,0.0,10.8,1.4000000000000001,1.74,Enrolled
1.0,16.0,4.0,9500.0,1.0,1.0,145.0,1.0,1.0,1.0,4.0,4.0,127.5,1.0,0.0,0.0,1.0,0.0,0.0,18.0,0.0,0.0,8.0,8.0,8.0,13.11,0.0,0.0,8.0,8.0,8.0,13.11,0.0,9.4,-0.8,-3.12,Graduate
1.0,7.0,1.0,9500.0,1.0,3.0,130.0,1.0,37.0,37.0,7.0,7.0,130.0,1.0,0.0,0.0,1.0,0.0,0.0,27.0,0.0,0.0,8.0,8.0,7.0,14.4142857142857,0.0,0.0,8.0,8.0,7.0,14.4142857142857,0.0,12.700000000000001,3.7,-1.7000000000000002,Graduate
6.0,17.0,3.0,8014.0,0.0,1.0,115.0,1.0,19.0,1.0,5.0,90.0,115.0,0.0,0.0,0.0,0.0,0.0,0.0,24.0,0.0,0.0,5.0,5.0,0.0,0.0,0.0,0.0,5.0,10.0,0.0,0.0,0.0,10.8,1.4000000000000001,1.74,Dropout
1.0,17.0,1.0,9147.0,1.0,1.0,124.0,1.0,38.0,19.0,6.0,10.0,126.80000000000001,1.0,0.0,0.0,1.0,0.0,0.0,20.0,0.0,0.0,5.0,8.0,5.0,12.3333333333333,0.0,0.0,5.0,7.0,5.0,12.200000000000001,0.0,15.5,2.8000000000000003,-4.0600000000000005,Graduate
1.0,1.0,1.0,9500.0,1.0,1.0,124.0,1.0,1.0,19.0,9.0,8.0,116.7,1.0,0.0,0.0,1.0,0.0,1.0,18.0,0.0,0.0,7.0,9.0,0.0,0.0,0.0,0.0,7.0,8.0,1.0,10.0,0.0,15.5,2.8000000000000003,-4.0600000000000005,Dropout
1.0,17.0,6.0,9556.0,1.0,1.0,134.0,1.0,19.0,38.0,7.0,7.0,128.5,1.0,0.0,0.0,1.0,0.0,1.0,18.0,0.0,0.0,7.0,9.0,7.0,14.100000000000001,0.0,0.0,8.0,8.0,8.0,13.3125,0.0,12.700000000000001,3.7,-1.7000000000000002,Graduate
1.0,1.0,4.0,9500.0,1.0,1.0,137.0,1.0,37.0,37.0,9.0,9.0,127.5,1.0,0.0,0.0,1.0,0.0,0.0,18.0,0.0,0.0,8.0,8.0,8.0,13.045,0.0,0.0,8.0,8.0,8.0,13.045,0.0,9.4,-0.8,-3.12,Graduate
1.0,1.0,1.0,9500.0,1.0,1.0,124.0,1.0,19.0,37.0,3.0,8.0,117.5,1.0,0.0,0.0,1.0,1.0,0.0,19.0,0.0,0.0,8.0,10.0,5.0,12.858,3.0,0.0,8.0,10.0,5.0,12.858,3.0,9.4,-0.8,-3.12,Enrolled
1.0,42.0,3.0,9500.0,1.0,1.0,136.0,1.0,1.0,1.0,4.0,4.0,148.8,1.0,0.0,0.0,1.0,0.0,1.0,19.0,0.0,0.0,8.0,8.0,8.0,14.252500000000001,0.0,0.0,8.0,8.0,8.0,14.252500000000001,0.0,9.4,-0.8,-3.12,Graduate
1.0,1.0,4.0,9500.0,1.0,1.0,126.0,1.0,12.0,1.0,5.0,10.0,120.2,0.0,0.0,0.0,1.0,0.0,1.0,19.0,0.0,0.0,7.0,9.0,5.0,14.06,0.0,0.0,7.0,9.0,7.0,11.242857142857101,0.0,12.4,0.5,1.79,Enrolled
1.0,1.0,4.0,9500.0,1.0,1.0,142.0,1.0,38.0,37.0,9.0,5.0,127.30000000000001,1.0,0.0,0.0,1.0,0.0,0.0,18.0,0.0,0.0,8.0,8.0,7.0,15.0757142857143,0.0,0.0,8.0,8.0,7.0,15.0757142857143,0.0,10.8,1.4000000000000001,1.74,Graduate
1.0,17.0,2.0,171.0,1.0,1.0,141.0,1.0,19.0,37.0,9.0,9.0,136.1,1.0,0.0,0.0,1.0,0.0,1.0,18.0,0.0,0.0,0.0,0.0,0.0,0.0,0.0,0.0,0.0,0.0,0.0,0.0,0.0,12.700000000000001,3.7,-1.7000000000000002,Enrolled
1.0,43.0,2.0,9670.0,1.0,1.0,129.0,1.0,3.0,3.0,5.0,5.0,122.4,1.0,0.0,0.0,1.0,0.0,0.0,19.0,0.0,0.0,5.0,5.0,4.0,13.75,0.0,0.0,6.0,9.0,5.0,12.600000000000001,0.0,12.700000000000001,3.7,-1.7000000000000002,Enrolled
1.0,7.0,0.0,9003.0,1.0,3.0,130.0,1.0,1.0,37.0,4.0,9.0,130.0,1.0,0.0,0.0,1.0,0.0,0.0,23.0,0.0,10.0,17.0,28.0,17.0,13.15,2.0,8.0,12.0,22.0,12.0,13.214285714285701,0.0,15.5,2.8000000000000003,-4.0600000000000005,Graduate
1.0,1.0,2.0,9238.0,1.0,1.0,136.0,1.0,19.0,19.0,4.0,7.0,121.7,1.0,0.0,0.0,1.0,0.0,1.0,21.0,0.0,0.0,6.0,9.0,5.0,12.3333333333333,0.0,0.0,6.0,7.0,5.0,11.8,0.0,13.9,-0.30000000000000004,0.79,Graduate
1.0,1.0,3.0,9500.0,1.0,1.0,137.0,1.0,38.0,38.0,5.0,7.0,122.7,1.0,0.0,0.0,1.0,0.0,1.0,18.0,0.0,0.0,7.0,8.0,7.0,13.7785714285714,0.0,0.0,8.0,10.0,8.0,13.1222222222222,0.0,16.2,0.30000000000000004,-0.92,Graduate
1.0,1.0,1.0,9853.0,1.0,1.0,125.0,1.0,34.0,37.0,9.0,9.0,129.20000000000002,1.0,0.0,1.0,0.0,0.0,0.0,20.0,0.0,0.0,6.0,12.0,3.0,10.3333333333333,0.0,0.0,6.0,14.0,1.0,11.0,0.0,10.8,1.4000000000000001,1.74,Dropout
1.0,43.0,1.0,9773.0,1.0,1.0,119.0,1.0,19.0,37.0,5.0,5.0,105.0,1.0,0.0,0.0,1.0,0.0,0.0,23.0,0.0,0.0,6.0,11.0,3.0,11.3333333333333,0.0,0.0,6.0,7.0,2.0,11.0,0.0,16.2,0.30000000000000004,-0.92,Enrolled
1.0,1.0,1.0,9238.0,1.0,1.0,132.0,1.0,37.0,37.0,9.0,7.0,129.9,1.0,0.0,0.0,1.0,0.0,0.0,20.0,0.0,0.0,6.0,7.0,5.0,13.200000000000001,0.0,0.0,6.0,6.0,6.0,12.6666666666667,0.0,10.8,1.4000000000000001,1.74,Enrolled
1.0,1.0,1.0,9070.0,1.0,1.0,152.0,1.0,37.0,37.0,5.0,7.0,136.3,0.0,0.0,0.0,1.0,0.0,1.0,18.0,0.0,1.0,6.0,8.0,6.0,13.5714285714286,1.0,0.0,6.0,11.0,6.0,12.375,0.0,13.9,-0.30000000000000004,0.79,Graduate
1.0,1.0,1.0,8014.0,0.0,1.0,125.0,1.0,37.0,37.0,9.0,7.0,114.9,0.0,0.0,0.0,1.0,0.0,0.0,29.0,0.0,8.0,11.0,14.0,11.0,12.75,0.0,3.0,7.0,7.0,7.0,13.4285714285714,0.0,9.4,-0.8,-3.12,Graduate
1.0,39.0,1.0,9773.0,1.0,9.0,133.1,1.0,38.0,1.0,5.0,4.0,102.0,1.0,0.0,0.0,1.0,1.0,0.0,28.0,0.0,0.0,6.0,11.0,3.0,13.0,0.0,0.0,6.0,15.0,1.0,12.0,0.0,7.6000000000000005,2.6,0.32,Dropout
1.0,1.0,3.0,9670.0,1.0,1.0,120.0,1.0,37.0,37.0,7.0,7.0,111.30000000000001,1.0,0.0,0.0,1.0,1.0,0.0,19.0,0.0,0.0,5.0,7.0,3.0,11.3333333333333,0.0,0.0,5.0,7.0,4.0,11.0,0.0,9.4,-0.8,-3.12,Enrolled
1.0,39.0,1.0,9670.0,1.0,1.0,148.0,1.0,19.0,19.0,7.0,7.0,130.9,0.0,0.0,1.0,0.0,1.0,0.0,24.0,0.0,0.0,6.0,12.0,0.0,0.0,0.0,0.0,6.0,9.0,0.0,0.0,0.0,10.8,1.4000000000000001,1.74,Dropout
1.0,39.0,1.0,171.0,1.0,1.0,133.1,1.0,37.0,37.0,9.0,7.0,100.0,0.0,0.0,1.0,1.0,1.0,1.0,33.0,0.0,0.0,0.0,0.0,0.0,0.0,0.0,0.0,0.0,0.0,0.0,0.0,0.0,15.5,2.8000000000000003,-4.0600000000000005,Dropout
1.0,17.0,1.0,9147.0,1.0,1.0,115.0,1.0,19.0,37.0,5.0,7.0,112.9,1.0,0.0,0.0,0.0,1.0,0.0,19.0,0.0,0.0,5.0,7.0,2.0,12.5,0.0,0.0,5.0,13.0,1.0,11.0,0.0,9.4,-0.8,-3.12,Dropout
1.0,1.0,1.0,9085.0,1.0,1.0,120.0,1.0,38.0,19.0,9.0,3.0,112.7,0.0,0.0,0.0,1.0,1.0,0.0,19.0,0.0,0.0,6.0,7.0,6.0,14.8571428571429,0.0,0.0,6.0,8.0,6.0,14.1428571428571,0.0,11.100000000000001,0.6000000000000001,2.02,Graduate
4.0,39.0,1.0,8014.0,0.0,1.0,133.1,1.0,37.0,37.0,7.0,7.0,143.0,0.0,0.0,0.0,1.0,1.0,0.0,37.0,0.0,3.0,9.0,13.0,8.0,12.0,0.0,2.0,7.0,8.0,7.0,11.5714285714286,0.0,12.700000000000001,3.7,-1.7000000000000002,Graduate
1.0,1.0,1.0,171.0,1.0,1.0,168.0,1.0,38.0,37.0,9.0,8.0,155.10000000000002,1.0,0.0,1.0,0.0,1.0,1.0,18.0,0.0,0.0,0.0,0.0,0.0,0.0,0.0,0.0,0.0,0.0,0.0,0.0,0.0,12.700000000000001,3.7,-1.7000000000000002,Graduate
4.0,39.0,1.0,9991.0,0.0,1.0,130.0,1.0,37.0,37.0,9.0,9.0,127.60000000000001,0.0,0.0,0.0,1.0,1.0,0.0,29.0,0.0,0.0,5.0,5.0,0.0,0.0,0.0,0.0,5.0,5.0,0.0,0.0,0.0,7.6000000000000005,2.6,0.32,Enrolled
2.0,39.0,1.0,9500.0,1.0,38.0,133.1,1.0,37.0,37.0,9.0,3.0,146.6,0.0,0.0,0.0,1.0,1.0,0.0,37.0,0.0,0.0,7.0,8.0,7.0,12.8285714285714,0.0,0.0,8.0,8.0,8.0,12.6875,0.0,13.9,-0.30000000000000004,0.79,Graduate
1.0,39.0,1.0,9500.0,1.0,1.0,137.0,1.0,37.0,37.0,9.0,9.0,141.0,0.0,0.0,0.0,1.0,1.0,0.0,36.0,0.0,0.0,7.0,0.0,0.0,0.0,0.0,0.0,8.0,0.0,0.0,0.0,0.0,12.4,0.5,1.79,Dropout
1.0,1.0,2.0,9670.0,1.0,1.0,123.0,1.0,1.0,38.0,7.0,7.0,120.60000000000001,1.0,0.0,0.0,1.0,1.0,0.0,19.0,0.0,0.0,6.0,6.0,6.0,13.3333333333333,0.0,0.0,6.0,8.0,5.0,14.0,0.0,8.9,1.4000000000000001,3.5100000000000002,Graduate
1.0,42.0,1.0,9500.0,1.0,1.0,150.0,1.0,19.0,1.0,9.0,3.0,110.0,1.0,0.0,0.0,1.0,1.0,1.0,33.0,0.0,6.0,14.0,20.0,14.0,13.072857142857101,6.0,6.0,14.0,20.0,14.0,13.072857142857101,6.0,9.4,-0.8,-3.12,Graduate
1.0,42.0,1.0,9119.0,1.0,1.0,120.0,1.0,1.0,1.0,5.0,7.0,108.60000000000001,0.0,0.0,0.0,0.0,1.0,0.0,34.0,0.0,2.0,7.0,13.0,5.0,12.0,0.0,2.0,7.0,7.0,3.0,11.0,0.0,15.5,2.8000000000000003,-4.0600000000000005,Dropout
1.0,1.0,1.0,9254.0,1.0,1.0,145.0,1.0,3.0,19.0,3.0,8.0,134.9,1.0,0.0,0.0,1.0,0.0,0.0,18.0,0.0,0.0,6.0,6.0,6.0,15.5,0.0,0.0,6.0,6.0,6.0,16.0,0.0,12.4,0.5,1.79,Graduate
1.0,44.0,1.0,9130.0,1.0,39.0,120.0,1.0,3.0,1.0,2.0,4.0,120.0,1.0,0.0,0.0,1.0,0.0,0.0,20.0,0.0,0.0,6.0,6.0,0.0,0.0,0.0,0.0,6.0,6.0,0.0,0.0,0.0,12.4,0.5,1.79,Dropout
1.0,1.0,1.0,9773.0,1.0,1.0,142.0,1.0,19.0,37.0,4.0,7.0,141.3,0.0,0.0,0.0,1.0,0.0,1.0,19.0,0.0,0.0,6.0,7.0,6.0,14.714285714285701,0.0,0.0,6.0,6.0,6.0,15.1666666666667,0.0,13.9,-0.30000000000000004,0.79,Graduate
1.0,1.0,3.0,9085.0,1.0,1.0,147.0,1.0,19.0,19.0,9.0,1.0,135.6,1.0,0.0,0.0,1.0,0.0,0.0,20.0,0.0,0.0,6.0,7.0,6.0,16.7142857142857,0.0,0.0,6.0,6.0,6.0,15.3333333333333,0.0,13.9,-0.30000000000000004,0.79,Graduate
1.0,1.0,1.0,9238.0,1.0,1.0,125.0,1.0,19.0,19.0,9.0,9.0,121.5,1.0,0.0,0.0,1.0,0.0,1.0,19.0,0.0,0.0,6.0,9.0,6.0,10.8571428571429,0.0,0.0,6.0,7.0,6.0,11.6666666666667,0.0,12.4,0.5,1.79,Graduate
1.0,1.0,4.0,9500.0,1.0,1.0,126.0,1.0,19.0,19.0,9.0,9.0,125.0,1.0,0.0,0.0,1.0,0.0,0.0,19.0,0.0,0.0,7.0,8.0,6.0,11.658333333333301,0.0,0.0,8.0,11.0,6.0,12.4166666666667,0.0,12.4,0.5,1.79,Graduate
1.0,18.0,2.0,9773.0,1.0,1.0,132.0,24.0,37.0,19.0,9.0,7.0,119.10000000000001,1.0,0.0,0.0,1.0,0.0,1.0,22.0,1.0,0.0,6.0,8.0,5.0,11.600000000000001,0.0,0.0,6.0,7.0,6.0,12.0,0.0,9.4,-0.8,-3.12,Graduate
1.0,1.0,1.0,9670.0,1.0,1.0,122.0,1.0,12.0,12.0,5.0,7.0,126.60000000000001,1.0,0.0,0.0,1.0,0.0,0.0,18.0,0.0,0.0,6.0,8.0,6.0,14.625,0.0,0.0,6.0,9.0,6.0,14.1428571428571,0.0,11.100000000000001,0.6000000000000001,2.02,Enrolled
1.0,1.0,1.0,9773.0,1.0,1.0,123.0,1.0,1.0,38.0,9.0,9.0,116.7,0.0,0.0,0.0,1.0,0.0,1.0,18.0,0.0,0.0,6.0,6.0,6.0,12.1666666666667,0.0,0.0,6.0,8.0,6.0,12.6666666666667,0.0,12.4,0.5,1.79,Graduate
1.0,1.0,3.0,9500.0,1.0,1.0,126.0,1.0,1.0,19.0,131.0,181.0,120.10000000000001,1.0,0.0,0.0,1.0,0.0,0.0,19.0,0.0,0.0,7.0,12.0,4.0,13.375,0.0,0.0,7.0,8.0,6.0,12.116666666666701,0.0,12.4,0.5,1.79,Enrolled
1.0,1.0,1.0,9853.0,1.0,1.0,128.0,1.0,38.0,37.0,9.0,9.0,124.9,0.0,0.0,0.0,1.0,0.0,1.0,19.0,0.0,0.0,6.0,6.0,6.0,12.5,0.0,0.0,6.0,6.0,6.0,12.8333333333333,0.0,12.700000000000001,3.7,-1.7000000000000002,Graduate
1.0,39.0,1.0,9500.0,1.0,1.0,100.0,1.0,19.0,1.0,1.0,90.0,114.0,1.0,0.0,1.0,0.0,0.0,0.0,31.0,0.0,0.0,7.0,8.0,5.0,12.56,0.0,0.0,7.0,8.0,5.0,12.56,0.0,7.6000000000000005,2.6,0.32,Dropout
1.0,17.0,5.0,9500.0,1.0,1.0,140.0,1.0,1.0,1.0,4.0,3.0,131.1,1.0,0.0,0.0,1.0,0.0,0.0,18.0,0.0,0.0,7.0,7.0,7.0,13.19,0.0,0.0,8.0,8.0,8.0,14.231250000000001,0.0,11.100000000000001,0.6000000000000001,2.02,Graduate
1.0,1.0,1.0,9238.0,1.0,1.0,145.0,1.0,1.0,19.0,9.0,9.0,129.3,0.0,0.0,1.0,1.0,0.0,1.0,19.0,0.0,0.0,6.0,11.0,3.0,11.0,0.0,0.0,6.0,9.0,4.0,11.25,0.0,10.8,1.4000000000000001,1.74,Graduate
1.0,1.0,1.0,171.0,1.0,1.0,143.0,1.0,3.0,38.0,2.0,10.0,129.70000000000002,1.0,0.0,0.0,1.0,0.0,0.0,18.0,0.0,0.0,0.0,0.0,0.0,0.0,0.0,0.0,0.0,0.0,0.0,0.0,0.0,13.9,-0.30000000000000004,0.79,Graduate
1.0,17.0,1.0,9238.0,1.0,1.0,132.0,1.0,37.0,38.0,9.0,5.0,120.80000000000001,0.0,0.0,0.0,1.0,0.0,1.0,19.0,0.0,0.0,6.0,11.0,5.0,11.600000000000001,0.0,0.0,6.0,10.0,6.0,11.714285714285701,0.0,15.5,2.8000000000000003,-4.0600000000000005,Graduate
1.0,1.0,1.0,9500.0,1.0,1.0,130.0,1.0,19.0,19.0,9.0,6.0,135.0,0.0,0.0,0.0,1.0,0.0,0.0,19.0,0.0,0.0,7.0,7.0,6.0,14.266666666666701,0.0,0.0,7.0,7.0,6.0,14.266666666666701,0.0,7.6000000000000005,2.6,0.32,Graduate
1.0,1.0,1.0,9147.0,1.0,1.0,129.0,1.0,37.0,37.0,9.0,7.0,117.80000000000001,0.0,0.0,0.0,1.0,0.0,1.0,19.0,0.0,0.0,5.0,6.0,4.0,11.0,0.0,0.0,5.0,9.0,4.0,13.8571428571429,0.0,10.8,1.4000000000000001,1.74,Enrolled
2.0,7.0,1.0,8014.0,0.0,3.0,124.4,1.0,37.0,34.0,0.0,0.0,130.0,0.0,0.0,0.0,1.0,0.0,0.0,30.0,0.0,8.0,10.0,11.0,9.0,12.6666666666667,0.0,3.0,7.0,7.0,7.0,12.4285714285714,1.0,7.6000000000000005,2.6,0.32,Graduate
1.0,43.0,1.0,9773.0,1.0,1.0,127.0,1.0,19.0,1.0,5.0,5.0,117.60000000000001,1.0,0.0,0.0,1.0,0.0,0.0,18.0,0.0,0.0,6.0,6.0,0.0,0.0,0.0,0.0,6.0,10.0,3.0,11.0,0.0,16.2,0.30000000000000004,-0.92,Enrolled
1.0,18.0,6.0,9500.0,1.0,1.0,144.0,1.0,1.0,1.0,3.0,6.0,130.8,1.0,0.0,0.0,1.0,0.0,0.0,18.0,0.0,0.0,8.0,11.0,7.0,12.7714285714286,0.0,0.0,8.0,11.0,7.0,12.7714285714286,0.0,12.700000000000001,3.7,-1.7000000000000002,Graduate
1.0,18.0,5.0,9085.0,1.0,1.0,121.0,1.0,5.0,3.0,2.0,3.0,111.9,1.0,0.0,0.0,1.0,0.0,0.0,21.0,0.0,0.0,5.0,12.0,0.0,0.0,3.0,0.0,5.0,5.0,0.0,0.0,0.0,12.700000000000001,3.7,-1.7000000000000002,Dropout
1.0,44.0,1.0,9238.0,1.0,1.0,150.0,1.0,1.0,38.0,4.0,9.0,145.9,0.0,0.0,0.0,1.0,0.0,1.0,19.0,0.0,3.0,6.0,6.0,6.0,15.5,0.0,2.0,6.0,7.0,6.0,13.5714285714286,0.0,13.9,-0.30000000000000004,0.79,Graduate
1.0,17.0,1.0,9670.0,1.0,1.0,115.0,1.0,1.0,1.0,4.0,4.0,109.10000000000001,1.0,0.0,0.0,1.0,0.0,1.0,19.0,0.0,0.0,6.0,7.0,6.0,13.2857142857143,0.0,0.0,6.0,9.0,5.0,14.600000000000001,0.0,12.4,0.5,1.79,Enrolled
1.0,1.0,5.0,9500.0,1.0,1.0,125.0,1.0,3.0,19.0,4.0,8.0,120.30000000000001,1.0,0.0,0.0,1.0,0.0,0.0,19.0,0.0,0.0,7.0,11.0,5.0,11.7166666666667,0.0,0.0,7.0,8.0,5.0,13.700000000000001,0.0,13.9,-0.30000000000000004,0.79,Enrolled
1.0,17.0,1.0,9130.0,1.0,1.0,117.0,1.0,19.0,19.0,4.0,4.0,113.5,1.0,0.0,0.0,1.0,0.0,0.0,19.0,0.0,0.0,6.0,8.0,6.0,11.3333333333333,0.0,0.0,6.0,12.0,4.0,13.75,0.0,8.9,1.4000000000000001,3.5100000000000002,Dropout
1.0,1.0,2.0,9670.0,1.0,1.0,121.0,1.0,1.0,19.0,4.0,7.0,135.4,1.0,0.0,0.0,1.0,0.0,1.0,19.0,0.0,0.0,6.0,6.0,6.0,13.3333333333333,0.0,0.0,6.0,10.0,5.0,13.4,0.0,8.9,1.4000000000000001,3.5100000000000002,Graduate
2.0,39.0,1.0,9991.0,0.0,1.0,140.0,1.0,37.0,37.0,9.0,6.0,130.20000000000002,0.0,0.0,0.0,1.0,0.0,1.0,39.0,0.0,0.0,5.0,13.0,4.0,12.3333333333333,0.0,0.0,5.0,14.0,2.0,10.0,4.0,16.2,0.30000000000000004,-0.92,Graduate
1.0,1.0,2.0,9070.0,1.0,1.0,129.0,1.0,3.0,4.0,2.0,2.0,136.4,1.0,0.0,0.0,1.0,0.0,0.0,18.0,0.0,0.0,6.0,6.0,6.0,12.3333333333333,0.0,0.0,6.0,6.0,6.0,12.8333333333333,0.0,7.6000000000000005,2.6,0.32,Enrolled
1.0,17.0,1.0,171.0,1.0,1.0,130.0,1.0,3.0,1.0,9.0,9.0,126.9,1.0,0.0,0.0,1.0,0.0,0.0,20.0,0.0,0.0,0.0,0.0,0.0,0.0,0.0,0.0,0.0,0.0,0.0,0.0,0.0,12.700000000000001,3.7,-1.7000000000000002,Dropout
1.0,17.0,5.0,9147.0,1.0,1.0,131.0,1.0,19.0,38.0,3.0,10.0,119.80000000000001,1.0,0.0,0.0,1.0,0.0,0.0,19.0,0.0,0.0,5.0,8.0,5.0,12.600000000000001,0.0,0.0,5.0,9.0,4.0,11.600000000000001,0.0,8.9,1.4000000000000001,3.5100000000000002,Graduate
1.0,17.0,3.0,9147.0,1.0,1.0,137.0,1.0,1.0,1.0,4.0,7.0,124.4,1.0,0.0,0.0,1.0,0.0,0.0,18.0,0.0,0.0,5.0,5.0,5.0,12.600000000000001,0.0,0.0,5.0,5.0,4.0,11.0,0.0,11.100000000000001,0.6000000000000001,2.02,Enrolled
2.0,39.0,1.0,9003.0,1.0,1.0,150.0,1.0,3.0,3.0,2.0,2.0,120.0,0.0,0.0,1.0,0.0,0.0,0.0,34.0,0.0,1.0,6.0,10.0,6.0,14.3333333333333,0.0,0.0,6.0,9.0,6.0,12.8333333333333,0.0,11.100000000000001,0.6000000000000001,2.02,Enrolled
1.0,1.0,2.0,9670.0,1.0,1.0,117.0,1.0,37.0,37.0,9.0,9.0,111.80000000000001,0.0,0.0,0.0,1.0,0.0,0.0,22.0,0.0,0.0,5.0,8.0,3.0,12.0,0.0,0.0,5.0,9.0,2.0,11.0,1.0,7.6000000000000005,2.6,0.32,Enrolled
1.0,39.0,1.0,9085.0,1.0,1.0,133.1,1.0,19.0,19.0,7.0,7.0,130.0,1.0,0.0,0.0,1.0,0.0,0.0,24.0,0.0,0.0,6.0,7.0,6.0,14.8571428571429,0.0,0.0,6.0,10.0,5.0,13.600000000000001,0.0,13.9,-0.30000000000000004,0.79,Graduate
2.0,43.0,1.0,9147.0,1.0,1.0,130.0,1.0,19.0,37.0,7.0,10.0,138.0,0.0,0.0,0.0,1.0,0.0,0.0,34.0,0.0,12.0,15.0,17.0,12.0,11.9166666666667,0.0,11.0,13.0,13.0,11.0,13.181818181818201,0.0,7.6000000000000005,2.6,0.32,Graduate
2.0,39.0,1.0,9991.0,0.0,1.0,110.0,1.0,34.0,34.0,0.0,0.0,114.60000000000001,1.0,0.0,0.0,1.0,0.0,0.0,46.0,0.0,0.0,5.0,5.0,0.0,0.0,0.0,0.0,5.0,5.0,0.0,0.0,0.0,7.6000000000000005,2.6,0.32,Dropout
2.0,39.0,2.0,9147.0,1.0,1.0,140.0,1.0,37.0,37.0,9.0,8.0,108.0,0.0,0.0,0.0,1.0,0.0,0.0,50.0,0.0,0.0,5.0,12.0,3.0,13.3333333333333,1.0,0.0,5.0,8.0,5.0,12.200000000000001,0.0,9.4,-0.8,-3.12,Enrolled
1.0,39.0,1.0,9991.0,0.0,1.0,140.0,1.0,37.0,37.0,9.0,5.0,140.0,0.0,0.0,0.0,0.0,0.0,0.0,37.0,0.0,0.0,5.0,5.0,0.0,0.0,0.0,0.0,5.0,5.0,0.0,0.0,0.0,15.5,2.8000000000000003,-4.0600000000000005,Dropout
1.0,1.0,2.0,9085.0,1.0,1.0,148.0,1.0,38.0,19.0,4.0,9.0,134.70000000000002,1.0,0.0,0.0,1.0,0.0,0.0,18.0,0.0,0.0,6.0,6.0,6.0,17.0,0.0,0.0,6.0,6.0,6.0,15.5,0.0,8.9,1.4000000000000001,3.5100000000000002,Graduate
1.0,39.0,1.0,9085.0,1.0,1.0,130.0,1.0,37.0,37.0,6.0,6.0,110.0,0.0,0.0,0.0,1.0,0.0,1.0,25.0,0.0,0.0,6.0,13.0,3.0,11.6666666666667,0.0,0.0,6.0,14.0,2.0,11.3333333333333,0.0,11.100000000000001,0.6000000000000001,2.02,Enrolled
2.0,39.0,1.0,9003.0,1.0,1.0,140.0,1.0,37.0,37.0,9.0,6.0,104.80000000000001,0.0,0.0,0.0,1.0,0.0,0.0,46.0,0.0,14.0,19.0,24.0,19.0,12.210526315789501,0.0,11.0,13.0,13.0,13.0,11.384615384615401,0.0,15.5,2.8000000000000003,-4.0600000000000005,Graduate
2.0,39.0,1.0,9070.0,1.0,1.0,160.0,1.0,3.0,1.0,2.0,5.0,126.5,0.0,0.0,0.0,1.0,0.0,1.0,30.0,0.0,1.0,6.0,8.0,6.0,13.0,1.0,0.0,6.0,9.0,5.0,12.8571428571429,0.0,13.9,-0.30000000000000004,0.79,Graduate
4.0,1.0,1.0,9991.0,0.0,1.0,130.0,1.0,37.0,37.0,9.0,9.0,118.10000000000001,0.0,0.0,1.0,0.0,0.0,0.0,37.0,0.0,0.0,5.0,0.0,0.0,0.0,0.0,0.0,5.0,0.0,0.0,0.0,0.0,12.700000000000001,3.7,-1.7000000000000002,Dropout
2.0,39.0,1.0,9991.0,0.0,1.0,120.0,1.0,37.0,37.0,9.0,9.0,119.9,0.0,0.0,0.0,1.0,0.0,0.0,50.0,0.0,0.0,5.0,9.0,2.0,10.5,0.0,0.0,5.0,7.0,3.0,11.0,0.0,12.700000000000001,3.7,-1.7000000000000002,Enrolled
1.0,44.0,1.0,9003.0,1.0,39.0,160.0,1.0,38.0,38.0,9.0,6.0,160.0,1.0,0.0,0.0,1.0,0.0,0.0,20.0,0.0,0.0,6.0,7.0,6.0,13.5714285714286,0.0,0.0,6.0,9.0,6.0,12.714285714285701,0.0,12.4,0.5,1.79,Graduate
2.0,39.0,2.0,9556.0,1.0,12.0,133.1,1.0,34.0,34.0,99.0,99.0,100.5,0.0,0.0,0.0,1.0,0.0,0.0,39.0,0.0,0.0,3.0,7.0,1.0,14.0,0.0,0.0,2.0,4.0,0.0,0.0,0.0,11.100000000000001,0.6000000000000001,2.02,Dropout
2.0,39.0,1.0,9773.0,1.0,19.0,133.1,1.0,37.0,37.0,9.0,6.0,110.0,0.0,0.0,0.0,0.0,0.0,0.0,53.0,0.0,0.0,5.0,5.0,0.0,0.0,0.0,0.0,4.0,5.0,0.0,0.0,0.0,15.5,2.8000000000000003,-4.0600000000000005,Dropout
2.0,42.0,1.0,9147.0,1.0,1.0,100.0,1.0,37.0,37.0,9.0,9.0,100.0,1.0,0.0,0.0,1.0,0.0,0.0,54.0,0.0,13.0,15.0,20.0,13.0,12.4615384615385,1.0,10.0,13.0,13.0,10.0,11.100000000000001,1.0,15.5,2.8000000000000003,-4.0600000000000005,Dropout
1.0,44.0,1.0,9085.0,1.0,39.0,140.0,1.0,3.0,3.0,4.0,2.0,140.0,1.0,0.0,0.0,1.0,0.0,0.0,19.0,0.0,0.0,6.0,8.0,4.0,14.4,0.0,0.0,6.0,6.0,5.0,13.0,0.0,13.9,-0.30000000000000004,0.79,Graduate
1.0,18.0,2.0,9773.0,1.0,1.0,109.0,1.0,1.0,1.0,4.0,4.0,109.0,1.0,0.0,0.0,0.0,0.0,0.0,20.0,0.0,0.0,6.0,6.0,0.0,0.0,0.0,0.0,6.0,0.0,0.0,0.0,0.0,8.9,1.4000000000000001,3.5100000000000002,Dropout
1.0,1.0,3.0,9773.0,1.0,1.0,130.0,1.0,1.0,37.0,4.0,5.0,120.9,1.0,0.0,1.0,1.0,0.0,0.0,18.0,0.0,0.0,6.0,6.0,6.0,14.3333333333333,0.0,0.0,6.0,6.0,6.0,14.1666666666667,0.0,8.9,1.4000000000000001,3.5100000000000002,Graduate
1.0,53.0,1.0,9003.0,1.0,42.0,130.0,1.0,1.0,1.0,144.0,144.0,125.80000000000001,0.0,0.0,1.0,1.0,0.0,0.0,21.0,0.0,7.0,13.0,21.0,11.0,11.909090909090901,0.0,5.0,11.0,14.0,11.0,10.7272727272727,0.0,8.9,1.4000000000000001,3.5100000000000002,Graduate
1.0,18.0,3.0,9070.0,1.0,1.0,164.0,1.0,1.0,1.0,5.0,3.0,161.20000000000002,1.0,0.0,0.0,1.0,0.0,0.0,18.0,0.0,1.0,6.0,8.0,6.0,13.714285714285701,1.0,0.0,6.0,8.0,6.0,14.375,0.0,13.9,-0.30000000000000004,0.79,Graduate
1.0,1.0,1.0,9500.0,1.0,1.0,125.0,1.0,19.0,19.0,9.0,10.0,122.0,1.0,0.0,1.0,1.0,0.0,0.0,19.0,0.0,0.0,7.0,0.0,0.0,0.0,0.0,0.0,8.0,0.0,0.0,0.0,0.0,11.100000000000001,0.6000000000000001,2.02,Dropout
1.0,17.0,1.0,9500.0,1.0,1.0,137.0,1.0,1.0,1.0,9.0,9.0,127.9,1.0,0.0,0.0,1.0,0.0,1.0,18.0,0.0,0.0,7.0,10.0,5.0,13.46,0.0,0.0,7.0,8.0,7.0,12.2375,0.0,11.100000000000001,0.6000000000000001,2.02,Dropout
1.0,1.0,1.0,9773.0,1.0,1.0,133.0,1.0,1.0,3.0,3.0,3.0,135.8,1.0,0.0,0.0,1.0,0.0,0.0,19.0,0.0,0.0,6.0,6.0,6.0,15.0,0.0,0.0,6.0,6.0,6.0,13.3333333333333,0.0,11.100000000000001,0.6000000000000001,2.02,Graduate
1.0,1.0,1.0,171.0,1.0,1.0,163.0,1.0,1.0,1.0,4.0,3.0,149.70000000000002,1.0,0.0,0.0,1.0,0.0,1.0,18.0,0.0,0.0,0.0,0.0,0.0,0.0,0.0,0.0,0.0,0.0,0.0,0.0,0.0,13.9,-0.30000000000000004,0.79,Dropout
1.0,1.0,2.0,9670.0,1.0,1.0,160.0,1.0,2.0,1.0,4.0,4.0,137.3,1.0,0.0,0.0,1.0,0.0,0.0,19.0,0.0,0.0,6.0,7.0,5.0,13.4,0.0,0.0,6.0,6.0,5.0,12.8,0.0,12.700000000000001,3.7,-1.7000000000000002,Graduate
4.0,43.0,1.0,8014.0,0.0,12.0,133.1,1.0,34.0,34.0,0.0,0.0,106.0,1.0,0.0,0.0,1.0,0.0,0.0,48.0,0.0,0.0,6.0,9.0,5.0,13.0,0.0,0.0,6.0,10.0,4.0,12.5,0.0,7.6000000000000005,2.6,0.32,Enrolled
4.0,43.0,1.0,9238.0,1.0,1.0,120.0,1.0,37.0,37.0,9.0,9.0,110.0,0.0,0.0,1.0,1.0,0.0,0.0,34.0,0.0,0.0,6.0,13.0,4.0,11.25,0.0,0.0,6.0,8.0,4.0,13.75,0.0,13.9,-0.30000000000000004,0.79,Graduate
1.0,1.0,1.0,9085.0,1.0,1.0,140.0,1.0,3.0,3.0,2.0,2.0,146.4,0.0,0.0,0.0,1.0,0.0,0.0,18.0,0.0,0.0,5.0,5.0,5.0,12.600000000000001,0.0,0.0,5.0,7.0,5.0,11.600000000000001,0.0,7.6000000000000005,2.6,0.32,Graduate
2.0,39.0,1.0,8014.0,0.0,1.0,140.0,1.0,37.0,37.0,9.0,9.0,121.0,0.0,0.0,0.0,1.0,0.0,0.0,50.0,0.0,0.0,6.0,8.0,6.0,12.6666666666667,0.0,0.0,6.0,6.0,6.0,11.8333333333333,0.0,10.8,1.4000000000000001,1.74,Graduate
1.0,43.0,1.0,9853.0,1.0,1.0,140.0,1.0,37.0,37.0,6.0,6.0,125.2,0.0,0.0,1.0,1.0,0.0,0.0,41.0,0.0,20.0,21.0,23.0,21.0,12.3333333333333,0.0,19.0,19.0,19.0,19.0,12.1052631578947,0.0,12.4,0.5,1.79,Graduate
1.0,17.0,2.0,9773.0,1.0,1.0,115.0,1.0,1.0,1.0,5.0,5.0,119.60000000000001,1.0,0.0,0.0,1.0,0.0,1.0,22.0,0.0,0.0,6.0,11.0,5.0,12.0,0.0,0.0,6.0,11.0,5.0,11.0,0.0,7.6000000000000005,2.6,0.32,Dropout
4.0,39.0,1.0,9147.0,1.0,1.0,140.0,1.0,37.0,37.0,9.0,9.0,142.8,0.0,0.0,0.0,1.0,0.0,0.0,43.0,0.0,0.0,5.0,5.0,5.0,16.400000000000002,0.0,0.0,5.0,5.0,5.0,16.6,0.0,7.6000000000000005,2.6,0.32,Graduate
2.0,39.0,1.0,8014.0,0.0,19.0,133.1,1.0,3.0,19.0,90.0,90.0,123.5,0.0,0.0,0.0,1.0,0.0,0.0,50.0,0.0,0.0,1.0,1.0,0.0,0.0,1.0,0.0,6.0,0.0,0.0,0.0,0.0,10.8,1.4000000000000001,1.74,Dropout
1.0,39.0,1.0,9003.0,1.0,19.0,133.1,1.0,37.0,37.0,9.0,9.0,100.0,0.0,0.0,0.0,1.0,0.0,0.0,60.0,0.0,0.0,6.0,10.0,6.0,12.75,0.0,0.0,6.0,6.0,4.0,14.75,0.0,13.9,-0.30000000000000004,0.79,Graduate
2.0,39.0,1.0,9147.0,1.0,1.0,110.0,1.0,37.0,37.0,9.0,10.0,140.0,0.0,0.0,0.0,1.0,0.0,0.0,41.0,0.0,0.0,5.0,14.0,4.0,14.5,1.0,0.0,5.0,12.0,5.0,13.0,0.0,9.4,-0.8,-3.12,Enrolled
2.0,39.0,1.0,9991.0,0.0,19.0,133.1,1.0,37.0,37.0,9.0,9.0,150.3,0.0,0.0,0.0,1.0,0.0,0.0,47.0,0.0,0.0,5.0,5.0,5.0,14.8,0.0,0.0,5.0,5.0,5.0,14.4,0.0,7.6000000000000005,2.6,0.32,Graduate
1.0,1.0,1.0,171.0,1.0,3.0,116.0,1.0,3.0,3.0,2.0,2.0,128.20000000000002,0.0,0.0,0.0,1.0,0.0,0.0,22.0,0.0,12.0,17.0,22.0,17.0,10.3684210526316,0.0,14.0,17.0,18.0,17.0,11.5,0.0,11.100000000000001,0.6000000000000001,2.02,Graduate
2.0,39.0,1.0,9500.0,1.0,1.0,110.0,1.0,37.0,37.0,9.0,6.0,114.30000000000001,0.0,0.0,0.0,1.0,0.0,0.0,41.0,0.0,0.0,7.0,0.0,0.0,0.0,0.0,0.0,8.0,0.0,0.0,0.0,0.0,10.8,1.4000000000000001,1.74,Dropout
2.0,43.0,1.0,9991.0,0.0,1.0,140.0,1.0,38.0,37.0,5.0,6.0,117.30000000000001,0.0,0.0,0.0,1.0,0.0,0.0,28.0,0.0,6.0,10.0,15.0,6.0,10.6666666666667,0.0,5.0,10.0,17.0,9.0,11.3333333333333,1.0,7.6000000000000005,2.6,0.32,Enrolled
5.0,42.0,1.0,9254.0,1.0,2.0,120.0,1.0,37.0,37.0,4.0,9.0,120.0,0.0,0.0,0.0,1.0,0.0,0.0,32.0,0.0,9.0,15.0,21.0,13.0,12.6923076923077,0.0,12.0,15.0,22.0,13.0,12.384615384615401,0.0,10.8,1.4000000000000001,1.74,Graduate
2.0,39.0,1.0,9991.0,0.0,12.0,133.1,1.0,37.0,34.0,90.0,90.0,110.7,1.0,0.0,0.0,1.0,0.0,0.0,50.0,0.0,0.0,5.0,0.0,0.0,0.0,0.0,0.0,5.0,0.0,0.0,0.0,0.0,7.6000000000000005,2.6,0.32,Dropout
1.0,51.0,1.0,9147.0,1.0,1.0,160.0,1.0,1.0,37.0,9.0,10.0,118.0,0.0,0.0,0.0,1.0,0.0,0.0,53.0,0.0,14.0,15.0,15.0,15.0,11.8,0.0,12.0,13.0,13.0,12.0,11.6666666666667,1.0,8.9,1.4000000000000001,3.5100000000000002,Enrolled
1.0,39.0,1.0,9556.0,1.0,1.0,133.1,6.0,3.0,3.0,4.0,4.0,169.20000000000002,0.0,0.0,1.0,0.0,0.0,0.0,54.0,1.0,0.0,7.0,7.0,0.0,0.0,0.0,0.0,5.0,10.0,0.0,0.0,0.0,12.4,0.5,1.79,Dropout
1.0,39.0,1.0,8014.0,0.0,1.0,120.0,1.0,37.0,37.0,9.0,7.0,106.80000000000001,0.0,0.0,0.0,1.0,0.0,0.0,49.0,0.0,0.0,6.0,9.0,5.0,12.3333333333333,0.0,0.0,6.0,12.0,4.0,11.5,0.0,13.9,-0.30000000000000004,0.79,Enrolled
2.0,42.0,1.0,9853.0,1.0,1.0,133.1,1.0,37.0,37.0,4.0,7.0,100.0,0.0,0.0,0.0,1.0,0.0,0.0,34.0,0.0,6.0,12.0,18.0,11.0,13.0,0.0,4.0,13.0,22.0,8.0,11.875,0.0,12.700000000000001,3.7,-1.7000000000000002,Dropout
4.0,39.0,1.0,8014.0,0.0,1.0,133.1,1.0,38.0,37.0,5.0,7.0,144.5,0.0,0.0,0.0,1.0,0.0,0.0,45.0,0.0,0.0,6.0,13.0,4.0,12.5,0.0,0.0,6.0,8.0,3.0,11.6666666666667,0.0,16.2,0.30000000000000004,-0.92,Dropout
4.0,39.0,1.0,8014.0,0.0,19.0,133.1,1.0,37.0,37.0,9.0,7.0,134.5,0.0,0.0,0.0,1.0,0.0,1.0,47.0,0.0,0.0,6.0,8.0,5.0,12.200000000000001,0.0,0.0,6.0,10.0,4.0,11.25,0.0,12.4,0.5,1.79,Graduate
1.0,43.0,1.0,9238.0,1.0,1.0,122.0,1.0,19.0,19.0,5.0,5.0,114.30000000000001,1.0,0.0,0.0,1.0,0.0,0.0,22.0,0.0,5.0,10.0,15.0,8.0,11.0,0.0,2.0,7.0,16.0,5.0,11.200000000000001,0.0,9.4,-0.8,-3.12,Enrolled
2.0,39.0,1.0,9991.0,0.0,1.0,133.1,1.0,37.0,37.0,9.0,9.0,113.4,0.0,0.0,0.0,1.0,0.0,0.0,33.0,0.0,0.0,5.0,14.0,1.0,10.0,0.0,0.0,5.0,13.0,2.0,12.0,0.0,12.4,0.5,1.79,Dropout
2.0,39.0,1.0,8014.0,0.0,1.0,140.0,1.0,37.0,37.0,9.0,9.0,128.0,0.0,0.0,0.0,1.0,0.0,1.0,43.0,0.0,0.0,6.0,7.0,6.0,12.3333333333333,0.0,0.0,6.0,8.0,6.0,11.5,0.0,8.9,1.4000000000000001,3.5100000000000002,Graduate
1.0,7.0,1.0,9003.0,1.0,3.0,120.0,1.0,37.0,37.0,6.0,6.0,120.0,0.0,0.0,0.0,1.0,0.0,0.0,54.0,0.0,9.0,13.0,13.0,13.0,14.307692307692301,0.0,5.0,12.0,15.0,12.0,15.2307692307692,0.0,15.5,2.8000000000000003,-4.0600000000000005,Graduate
1.0,39.0,1.0,8014.0,0.0,2.0,130.0,1.0,37.0,37.0,5.0,7.0,147.5,0.0,0.0,0.0,1.0,0.0,0.0,39.0,0.0,7.0,11.0,13.0,11.0,14.454545454545501,0.0,6.0,8.0,8.0,8.0,13.5,0.0,12.700000000000001,3.7,-1.7000000000000002,Graduate
2.0,39.0,1.0,9991.0,0.0,1.0,120.0,1.0,37.0,37.0,9.0,9.0,120.7,0.0,0.0,0.0,1.0,0.0,0.0,39.0,0.0,0.0,5.0,6.0,5.0,11.0,0.0,0.0,5.0,5.0,5.0,13.200000000000001,0.0,7.6000000000000005,2.6,0.32,Graduate
1.0,1.0,1.0,9853.0,1.0,1.0,153.0,1.0,19.0,37.0,9.0,9.0,153.70000000000002,0.0,0.0,0.0,1.0,0.0,1.0,18.0,0.0,0.0,6.0,8.0,6.0,13.1428571428571,0.0,0.0,6.0,6.0,6.0,12.8333333333333,0.0,15.5,2.8000000000000003,-4.0600000000000005,Graduate
1.0,17.0,1.0,9238.0,1.0,1.0,131.0,1.0,37.0,37.0,9.0,7.0,121.9,0.0,0.0,0.0,1.0,0.0,1.0,19.0,0.0,0.0,6.0,8.0,6.0,13.75,0.0,0.0,6.0,7.0,6.0,11.8571428571429,0.0,16.2,0.30000000000000004,-0.92,Graduate
1.0,17.0,4.0,9670.0,1.0,1.0,126.0,1.0,38.0,19.0,9.0,6.0,119.4,1.0,0.0,0.0,1.0,0.0,1.0,18.0,0.0,0.0,6.0,6.0,6.0,14.0,0.0,0.0,6.0,9.0,5.0,13.8,0.0,8.9,1.4000000000000001,3.5100000000000002,Graduate
2.0,39.0,1.0,8014.0,0.0,12.0,110.0,1.0,34.0,34.0,0.0,0.0,157.8,0.0,0.0,0.0,1.0,0.0,0.0,44.0,0.0,5.0,8.0,13.0,8.0,13.75,0.0,2.0,6.0,9.0,6.0,12.5,0.0,7.6000000000000005,2.6,0.32,Graduate
1.0,39.0,1.0,9991.0,0.0,1.0,150.0,1.0,3.0,1.0,3.0,9.0,154.0,0.0,0.0,0.0,1.0,0.0,0.0,27.0,0.0,0.0,5.0,5.0,0.0,0.0,0.0,0.0,5.0,6.0,0.0,0.0,0.0,12.4,0.5,1.79,Dropout
1.0,1.0,2.0,9670.0,1.0,1.0,131.0,1.0,1.0,19.0,4.0,7.0,135.9,1.0,0.0,0.0,1.0,0.0,1.0,18.0,0.0,0.0,6.0,6.0,6.0,13.1666666666667,0.0,0.0,6.0,8.0,6.0,12.4285714285714,0.0,8.9,1.4000000000000001,3.5100000000000002,Graduate
2.0,43.0,1.0,8014.0,0.0,1.0,130.0,1.0,34.0,34.0,0.0,0.0,130.0,0.0,0.0,0.0,1.0,0.0,0.0,45.0,0.0,10.0,12.0,12.0,9.0,12.4444444444444,3.0,4.0,7.0,8.0,6.0,12.0,0.0,9.4,-0.8,-3.12,Dropout
1.0,17.0,4.0,9853.0,1.0,1.0,122.0,1.0,38.0,37.0,9.0,9.0,118.9,1.0,0.0,0.0,1.0,0.0,0.0,20.0,0.0,0.0,6.0,7.0,6.0,12.6666666666667,0.0,0.0,6.0,7.0,5.0,13.0,0.0,7.6000000000000005,2.6,0.32,Graduate
2.0,1.0,1.0,8014.0,0.0,1.0,151.0,1.0,37.0,37.0,9.0,9.0,152.4,0.0,0.0,0.0,1.0,0.0,0.0,40.0,0.0,0.0,6.0,7.0,6.0,11.3333333333333,0.0,0.0,6.0,7.0,6.0,10.5,0.0,10.8,1.4000000000000001,1.74,Graduate
1.0,39.0,1.0,9991.0,0.0,1.0,120.0,1.0,37.0,37.0,6.0,6.0,147.8,0.0,0.0,0.0,1.0,0.0,0.0,40.0,0.0,0.0,5.0,9.0,4.0,11.25,0.0,0.0,5.0,6.0,5.0,12.0,0.0,13.9,-0.30000000000000004,0.79,Enrolled
1.0,43.0,1.0,9500.0,1.0,1.0,136.0,1.0,3.0,3.0,2.0,2.0,100.0,0.0,0.0,0.0,1.0,0.0,0.0,18.0,0.0,0.0,7.0,8.0,7.0,13.6125,0.0,0.0,8.0,8.0,8.0,14.575000000000001,0.0,13.9,-0.30000000000000004,0.79,Graduate
1.0,18.0,6.0,9500.0,1.0,1.0,140.0,1.0,3.0,19.0,3.0,8.0,129.0,1.0,0.0,0.0,1.0,0.0,0.0,21.0,0.0,0.0,8.0,8.0,7.0,12.4142857142857,0.0,0.0,8.0,8.0,7.0,12.4142857142857,0.0,12.700000000000001,3.7,-1.7000000000000002,Graduate
1.0,17.0,2.0,171.0,1.0,1.0,131.0,1.0,2.0,1.0,3.0,3.0,148.9,1.0,0.0,0.0,1.0,0.0,0.0,20.0,0.0,0.0,0.0,0.0,0.0,0.0,0.0,0.0,0.0,0.0,0.0,0.0,0.0,9.4,-0.8,-3.12,Graduate
2.0,43.0,1.0,9991.0,0.0,2.0,120.0,1.0,37.0,37.0,9.0,8.0,120.0,0.0,0.0,0.0,1.0,0.0,0.0,36.0,0.0,8.0,12.0,21.0,11.0,11.5,0.0,7.0,12.0,22.0,12.0,11.4375,0.0,9.4,-0.8,-3.12,Enrolled
2.0,7.0,1.0,8014.0,0.0,3.0,170.0,1.0,19.0,19.0,4.0,4.0,170.0,0.0,0.0,0.0,1.0,0.0,0.0,27.0,0.0,0.0,5.0,5.0,0.0,0.0,0.0,0.0,6.0,0.0,0.0,0.0,0.0,9.4,-0.8,-3.12,Dropout
2.0,39.0,1.0,9556.0,1.0,1.0,100.0,6.0,38.0,38.0,9.0,9.0,130.0,0.0,0.0,0.0,1.0,0.0,0.0,32.0,1.0,0.0,7.0,10.0,7.0,11.0,0.0,0.0,8.0,8.0,8.0,13.125,0.0,12.700000000000001,3.7,-1.7000000000000002,Graduate
1.0,17.0,1.0,9238.0,1.0,1.0,116.0,1.0,1.0,1.0,3.0,3.0,119.2,1.0,0.0,0.0,1.0,0.0,1.0,18.0,0.0,0.0,6.0,6.0,6.0,14.0,0.0,0.0,6.0,6.0,6.0,13.5,0.0,8.9,1.4000000000000001,3.5100000000000002,Graduate
1.0,39.0,1.0,8014.0,0.0,1.0,133.1,1.0,37.0,37.0,9.0,7.0,129.0,0.0,0.0,0.0,1.0,0.0,0.0,37.0,0.0,0.0,6.0,13.0,4.0,12.0,0.0,0.0,6.0,10.0,3.0,12.0,0.0,16.2,0.30000000000000004,-0.92,Dropout
1.0,17.0,1.0,9773.0,1.0,1.0,136.0,1.0,3.0,1.0,2.0,3.0,132.5,1.0,0.0,0.0,1.0,0.0,0.0,19.0,0.0,0.0,6.0,7.0,6.0,12.5,0.0,0.0,6.0,7.0,6.0,12.5,0.0,10.8,1.4000000000000001,1.74,Graduate
4.0,39.0,2.0,8014.0,0.0,1.0,160.0,1.0,37.0,38.0,7.0,5.0,115.0,0.0,0.0,0.0,1.0,0.0,1.0,41.0,0.0,0.0,6.0,8.0,6.0,11.3333333333333,0.0,0.0,6.0,9.0,6.0,11.3333333333333,0.0,10.8,1.4000000000000001,1.74,Graduate
2.0,1.0,4.0,9500.0,1.0,1.0,140.0,1.0,1.0,37.0,4.0,9.0,128.0,0.0,0.0,0.0,1.0,0.0,1.0,18.0,0.0,0.0,7.0,7.0,6.0,14.0666666666667,0.0,0.0,7.0,7.0,6.0,14.0666666666667,0.0,7.6000000000000005,2.6,0.32,Graduate
1.0,43.0,1.0,9085.0,1.0,1.0,130.0,1.0,37.0,37.0,90.0,90.0,125.10000000000001,0.0,0.0,0.0,1.0,0.0,0.0,21.0,0.0,2.0,9.0,14.0,8.0,13.5555555555556,0.0,2.0,7.0,10.0,7.0,13.5714285714286,0.0,7.6000000000000005,2.6,0.32,Graduate
1.0,44.0,1.0,9003.0,1.0,1.0,140.0,1.0,1.0,19.0,3.0,9.0,140.0,1.0,0.0,1.0,0.0,0.0,0.0,23.0,0.0,0.0,6.0,13.0,5.0,11.600000000000001,0.0,0.0,6.0,11.0,4.0,12.25,0.0,12.4,0.5,1.79,Dropout
1.0,17.0,2.0,9773.0,1.0,1.0,123.0,1.0,1.0,1.0,3.0,3.0,120.9,1.0,0.0,0.0,1.0,0.0,0.0,18.0,0.0,0.0,6.0,0.0,0.0,0.0,0.0,0.0,6.0,0.0,0.0,0.0,0.0,13.9,-0.30000000000000004,0.79,Dropout
1.0,1.0,6.0,9500.0,1.0,1.0,143.0,1.0,19.0,19.0,4.0,4.0,135.3,1.0,0.0,0.0,1.0,0.0,0.0,18.0,0.0,0.0,8.0,8.0,8.0,13.276250000000001,0.0,0.0,8.0,8.0,8.0,13.276250000000001,0.0,9.4,-0.8,-3.12,Graduate
1.0,43.0,4.0,9085.0,1.0,1.0,133.1,1.0,34.0,34.0,99.0,99.0,125.2,0.0,0.0,0.0,1.0,0.0,0.0,21.0,0.0,0.0,6.0,0.0,0.0,0.0,0.0,0.0,6.0,0.0,0.0,0.0,0.0,7.6000000000000005,2.6,0.32,Dropout
1.0,1.0,2.0,9238.0,1.0,1.0,136.0,1.0,22.0,30.0,0.0,8.0,135.70000000000002,1.0,0.0,0.0,1.0,0.0,0.0,19.0,0.0,0.0,6.0,8.0,6.0,14.375,0.0,0.0,6.0,8.0,6.0,14.75,0.0,7.6000000000000005,2.6,0.32,Graduate
6.0,39.0,2.0,9147.0,1.0,1.0,133.1,1.0,37.0,37.0,9.0,9.0,110.0,0.0,0.0,0.0,1.0,0.0,0.0,47.0,0.0,0.0,5.0,0.0,0.0,0.0,0.0,0.0,5.0,0.0,0.0,0.0,0.0,9.4,-0.8,-3.12,Dropout
6.0,39.0,1.0,8014.0,0.0,1.0,133.1,1.0,37.0,37.0,9.0,9.0,119.0,0.0,0.0,0.0,1.0,0.0,1.0,48.0,0.0,0.0,6.0,7.0,6.0,10.6666666666667,0.0,0.0,6.0,9.0,5.0,11.8,0.0,10.8,1.4000000000000001,1.74,Enrolled
2.0,7.0,1.0,8014.0,0.0,3.0,110.0,1.0,37.0,37.0,9.0,9.0,110.0,0.0,0.0,0.0,1.0,0.0,0.0,39.0,0.0,9.0,13.0,19.0,12.0,13.4166666666667,0.0,4.0,10.0,10.0,10.0,14.5,0.0,16.2,0.30000000000000004,-0.92,Graduate
1.0,1.0,1.0,9500.0,1.0,1.0,118.0,1.0,38.0,38.0,7.0,7.0,115.2,1.0,0.0,0.0,1.0,0.0,0.0,19.0,0.0,0.0,7.0,9.0,6.0,12.9716666666667,0.0,0.0,8.0,9.0,7.0,12.3214285714286,0.0,11.100000000000001,0.6000000000000001,2.02,Graduate
1.0,43.0,1.0,9991.0,0.0,2.0,110.0,1.0,37.0,37.0,9.0,9.0,112.9,0.0,0.0,0.0,1.0,0.0,0.0,38.0,0.0,14.0,15.0,16.0,14.0,10.9285714285714,0.0,12.0,14.0,16.0,12.0,11.8333333333333,0.0,9.4,-0.8,-3.12,Dropout
5.0,39.0,1.0,9003.0,1.0,19.0,133.1,1.0,19.0,1.0,9.0,9.0,119.4,0.0,0.0,1.0,0.0,0.0,0.0,27.0,0.0,0.0,6.0,6.0,0.0,0.0,0.0,0.0,6.0,7.0,0.0,0.0,0.0,8.9,1.4000000000000001,3.5100000000000002,Dropout
1.0,1.0,1.0,171.0,1.0,1.0,162.0,1.0,19.0,19.0,4.0,7.0,152.9,1.0,0.0,0.0,1.0,0.0,1.0,18.0,0.0,0.0,0.0,0.0,0.0,0.0,0.0,0.0,0.0,0.0,0.0,0.0,0.0,12.4,0.5,1.79,Graduate
1.0,39.0,1.0,8014.0,0.0,1.0,155.0,1.0,19.0,37.0,4.0,5.0,117.5,0.0,0.0,0.0,1.0,0.0,0.0,34.0,0.0,0.0,6.0,6.0,4.0,13.25,0.0,0.0,6.0,6.0,0.0,0.0,0.0,12.700000000000001,3.7,-1.7000000000000002,Enrolled
2.0,39.0,1.0,9238.0,1.0,19.0,133.1,1.0,37.0,37.0,4.0,4.0,98.5,0.0,0.0,0.0,1.0,0.0,0.0,48.0,0.0,0.0,6.0,14.0,6.0,11.3333333333333,0.0,0.0,6.0,11.0,5.0,12.4,0.0,15.5,2.8000000000000003,-4.0600000000000005,Dropout
1.0,39.0,1.0,9670.0,1.0,1.0,150.0,1.0,34.0,34.0,0.0,0.0,108.0,0.0,0.0,0.0,1.0,0.0,0.0,25.0,0.0,0.0,5.0,6.0,1.0,11.0,0.0,0.0,5.0,5.0,0.0,0.0,0.0,7.6000000000000005,2.6,0.32,Dropout
2.0,39.0,1.0,9500.0,1.0,1.0,133.1,1.0,19.0,37.0,6.0,6.0,120.0,0.0,0.0,0.0,1.0,0.0,1.0,32.0,0.0,0.0,8.0,9.0,7.0,12.7571428571429,0.0,0.0,8.0,9.0,7.0,12.7571428571429,0.0,12.700000000000001,3.7,-1.7000000000000002,Graduate
1.0,1.0,1.0,9773.0,1.0,1.0,154.0,1.0,37.0,37.0,9.0,7.0,150.20000000000002,0.0,0.0,0.0,1.0,0.0,1.0,18.0,0.0,0.0,6.0,6.0,6.0,14.5,0.0,0.0,6.0,6.0,6.0,14.6666666666667,0.0,16.2,0.30000000000000004,-0.92,Graduate
1.0,44.0,1.0,8014.0,0.0,39.0,140.0,1.0,1.0,3.0,4.0,6.0,139.20000000000002,0.0,0.0,1.0,1.0,0.0,0.0,20.0,0.0,3.0,6.0,6.0,6.0,13.8333333333333,0.0,2.0,6.0,7.0,6.0,14.5714285714286,0.0,12.4,0.5,1.79,Graduate
1.0,1.0,1.0,9147.0,1.0,1.0,158.0,1.0,19.0,37.0,9.0,7.0,130.0,1.0,0.0,0.0,1.0,0.0,0.0,20.0,0.0,0.0,5.0,8.0,4.0,11.25,0.0,0.0,5.0,7.0,5.0,10.4,0.0,7.6000000000000005,2.6,0.32,Graduate
1.0,1.0,1.0,171.0,1.0,1.0,122.0,1.0,37.0,37.0,9.0,3.0,115.7,1.0,0.0,0.0,1.0,0.0,0.0,20.0,0.0,0.0,0.0,0.0,0.0,0.0,0.0,0.0,0.0,0.0,0.0,0.0,0.0,9.4,-0.8,-3.12,Dropout
1.0,1.0,3.0,9500.0,1.0,1.0,136.0,1.0,1.0,1.0,4.0,4.0,127.0,1.0,0.0,0.0,1.0,0.0,0.0,19.0,0.0,0.0,8.0,10.0,1.0,13.67,7.0,0.0,8.0,10.0,1.0,13.67,7.0,9.4,-0.8,-3.12,Enrolled
1.0,39.0,1.0,9991.0,0.0,9.0,133.1,1.0,37.0,34.0,90.0,90.0,118.10000000000001,1.0,0.0,0.0,1.0,0.0,0.0,39.0,0.0,0.0,5.0,9.0,0.0,0.0,0.0,0.0,5.0,5.0,2.0,12.5,0.0,7.6000000000000005,2.6,0.32,Dropout
1.0,1.0,1.0,9130.0,1.0,1.0,132.0,1.0,6.0,6.0,0.0,4.0,119.10000000000001,1.0,0.0,1.0,1.0,0.0,0.0,29.0,0.0,0.0,5.0,10.0,1.0,13.0,4.0,0.0,5.0,14.0,0.0,0.0,8.0,10.8,1.4000000000000001,1.74,Dropout
1.0,39.0,1.0,9991.0,0.0,1.0,130.0,1.0,37.0,37.0,6.0,6.0,111.9,0.0,0.0,1.0,1.0,0.0,0.0,36.0,0.0,0.0,5.0,5.0,0.0,0.0,0.0,0.0,5.0,5.0,0.0,0.0,0.0,12.700000000000001,3.7,-1.7000000000000002,Dropout
1.0,1.0,6.0,9500.0,1.0,1.0,144.0,1.0,19.0,19.0,9.0,9.0,130.5,1.0,0.0,0.0,1.0,0.0,0.0,18.0,0.0,0.0,8.0,12.0,7.0,11.9714285714286,0.0,0.0,8.0,12.0,7.0,11.9714285714286,0.0,12.700000000000001,3.7,-1.7000000000000002,Graduate
2.0,39.0,1.0,8014.0,0.0,12.0,133.1,1.0,34.0,34.0,0.0,0.0,135.0,0.0,0.0,0.0,1.0,0.0,0.0,51.0,0.0,0.0,6.0,12.0,0.0,0.0,0.0,1.0,6.0,11.0,0.0,0.0,1.0,7.6000000000000005,2.6,0.32,Dropout
1.0,43.0,1.0,9773.0,1.0,1.0,133.1,22.0,34.0,34.0,90.0,90.0,130.0,0.0,0.0,1.0,1.0,0.0,0.0,23.0,1.0,0.0,6.0,11.0,1.0,16.0,0.0,0.0,6.0,8.0,4.0,12.25,0.0,7.6000000000000005,2.6,0.32,Dropout
1.0,44.0,1.0,9085.0,1.0,1.0,150.0,1.0,29.0,10.0,6.0,6.0,150.0,1.0,0.0,0.0,1.0,0.0,0.0,21.0,0.0,0.0,6.0,0.0,0.0,0.0,0.0,0.0,6.0,0.0,0.0,0.0,0.0,10.8,1.4000000000000001,1.74,Dropout
1.0,43.0,5.0,9853.0,1.0,1.0,150.0,1.0,34.0,34.0,0.0,0.0,150.20000000000002,1.0,0.0,0.0,0.0,0.0,0.0,28.0,0.0,0.0,6.0,9.0,4.0,12.75,1.0,0.0,5.0,5.0,0.0,0.0,5.0,9.4,-0.8,-3.12,Dropout
2.0,39.0,1.0,9991.0,0.0,1.0,110.0,1.0,37.0,37.0,9.0,3.0,127.10000000000001,0.0,0.0,0.0,1.0,0.0,0.0,34.0,0.0,0.0,5.0,9.0,4.0,11.0,0.0,0.0,5.0,10.0,4.0,10.75,1.0,7.6000000000000005,2.6,0.32,Enrolled
1.0,39.0,1.0,8014.0,0.0,1.0,100.0,1.0,37.0,37.0,6.0,5.0,107.5,0.0,0.0,0.0,1.0,0.0,0.0,41.0,0.0,0.0,2.0,2.0,0.0,0.0,0.0,0.0,6.0,0.0,0.0,0.0,0.0,12.700000000000001,3.7,-1.7000000000000002,Dropout
4.0,39.0,1.0,8014.0,0.0,3.0,100.0,1.0,37.0,37.0,9.0,9.0,130.0,0.0,0.0,0.0,1.0,0.0,1.0,43.0,0.0,0.0,6.0,7.0,5.0,12.200000000000001,0.0,0.0,6.0,6.0,6.0,12.3333333333333,0.0,9.4,-0.8,-3.12,Graduate
2.0,39.0,2.0,9556.0,1.0,1.0,133.1,105.0,1.0,3.0,9.0,2.0,152.8,1.0,0.0,0.0,1.0,0.0,0.0,28.0,1.0,0.0,7.0,9.0,7.0,12.4285714285714,0.0,0.0,8.0,8.0,8.0,12.3,0.0,12.4,0.5,1.79,Enrolled
1.0,1.0,1.0,171.0,1.0,1.0,145.0,1.0,40.0,1.0,2.0,4.0,160.10000000000002,0.0,0.0,0.0,1.0,0.0,1.0,19.0,0.0,6.0,12.0,12.0,12.0,14.5,0.0,4.0,11.0,15.0,11.0,13.5833333333333,0.0,8.9,1.4000000000000001,3.5100000000000002,Graduate
1.0,39.0,1.0,9003.0,1.0,1.0,130.0,1.0,19.0,19.0,9.0,1.0,140.0,0.0,0.0,0.0,1.0,0.0,0.0,26.0,0.0,6.0,12.0,13.0,6.0,13.0,0.0,4.0,12.0,14.0,11.0,13.8333333333333,0.0,15.5,2.8000000000000003,-4.0600000000000005,Graduate
1.0,1.0,4.0,9500.0,1.0,1.0,118.0,1.0,4.0,3.0,2.0,3.0,110.7,1.0,0.0,0.0,1.0,0.0,0.0,18.0,0.0,0.0,7.0,7.0,7.0,11.714285714285701,0.0,0.0,8.0,8.0,8.0,12.75,0.0,12.4,0.5,1.79,Graduate
2.0,39.0,1.0,9853.0,1.0,1.0,133.1,1.0,37.0,19.0,9.0,5.0,138.3,0.0,0.0,0.0,1.0,0.0,0.0,45.0,0.0,0.0,7.0,12.0,4.0,10.25,0.0,0.0,7.0,10.0,3.0,13.0,0.0,11.100000000000001,0.6000000000000001,2.02,Dropout
1.0,44.0,1.0,9853.0,1.0,39.0,150.0,1.0,3.0,37.0,2.0,7.0,150.0,0.0,0.0,0.0,1.0,0.0,0.0,19.0,0.0,0.0,6.0,0.0,0.0,0.0,0.0,0.0,6.0,0.0,0.0,0.0,0.0,12.4,0.5,1.79,Dropout
1.0,17.0,6.0,9670.0,1.0,1.0,113.0,1.0,4.0,1.0,3.0,10.0,112.30000000000001,0.0,0.0,0.0,1.0,0.0,0.0,20.0,0.0,0.0,6.0,9.0,6.0,12.375,0.0,0.0,6.0,7.0,6.0,13.1428571428571,0.0,11.100000000000001,0.6000000000000001,2.02,Graduate
1.0,1.0,6.0,9853.0,1.0,1.0,136.0,1.0,1.0,19.0,5.0,5.0,122.0,0.0,0.0,0.0,1.0,0.0,0.0,18.0,0.0,0.0,6.0,6.0,6.0,12.6666666666667,0.0,0.0,6.0,6.0,6.0,12.0,0.0,7.6000000000000005,2.6,0.32,Graduate
1.0,39.0,1.0,9085.0,1.0,1.0,140.0,1.0,3.0,3.0,4.0,2.0,141.70000000000002,1.0,0.0,0.0,1.0,0.0,0.0,27.0,0.0,0.0,6.0,13.0,3.0,10.5,0.0,0.0,6.0,19.0,1.0,12.0,0.0,12.4,0.5,1.79,Dropout
2.0,1.0,1.0,9003.0,1.0,1.0,131.0,1.0,19.0,38.0,5.0,5.0,118.4,0.0,0.0,0.0,1.0,0.0,0.0,20.0,0.0,0.0,6.0,11.0,6.0,14.125,0.0,0.0,6.0,10.0,5.0,12.600000000000001,0.0,13.9,-0.30000000000000004,0.79,Graduate
1.0,1.0,3.0,9085.0,1.0,1.0,138.0,1.0,1.0,1.0,4.0,8.0,128.70000000000002,1.0,0.0,0.0,1.0,0.0,0.0,18.0,0.0,0.0,6.0,7.0,6.0,14.6666666666667,0.0,0.0,6.0,12.0,6.0,13.8333333333333,0.0,8.9,1.4000000000000001,3.5100000000000002,Graduate
2.0,39.0,2.0,9670.0,1.0,1.0,100.0,1.0,37.0,37.0,9.0,9.0,100.0,0.0,0.0,0.0,1.0,0.0,0.0,35.0,0.0,0.0,5.0,8.0,5.0,11.4,0.0,0.0,5.0,7.0,3.0,12.3333333333333,0.0,9.4,-0.8,-3.12,Enrolled
1.0,39.0,1.0,171.0,1.0,1.0,140.0,1.0,37.0,37.0,9.0,9.0,100.80000000000001,0.0,1.0,0.0,1.0,0.0,0.0,26.0,0.0,0.0,0.0,0.0,0.0,0.0,0.0,0.0,0.0,0.0,0.0,0.0,0.0,16.2,0.30000000000000004,-0.92,Dropout
4.0,39.0,1.0,9238.0,1.0,1.0,120.0,1.0,37.0,37.0,9.0,9.0,125.5,1.0,0.0,0.0,1.0,0.0,1.0,39.0,0.0,0.0,6.0,7.0,6.0,14.0,0.0,0.0,6.0,7.0,5.0,14.8,0.0,12.700000000000001,3.7,-1.7000000000000002,Graduate
1.0,1.0,1.0,171.0,1.0,1.0,139.0,1.0,37.0,37.0,9.0,9.0,124.0,1.0,0.0,0.0,1.0,0.0,0.0,18.0,0.0,0.0,0.0,0.0,0.0,0.0,0.0,0.0,0.0,0.0,0.0,0.0,0.0,7.6000000000000005,2.6,0.32,Graduate
1.0,7.0,1.0,9500.0,1.0,3.0,130.0,1.0,37.0,37.0,9.0,5.0,130.0,0.0,0.0,0.0,1.0,0.0,0.0,36.0,0.0,0.0,7.0,7.0,0.0,0.0,7.0,0.0,7.0,7.0,0.0,0.0,7.0,16.2,0.30000000000000004,-0.92,Dropout
2.0,39.0,1.0,8014.0,0.0,3.0,110.0,1.0,37.0,37.0,9.0,9.0,160.5,0.0,0.0,0.0,1.0,0.0,0.0,38.0,0.0,8.0,11.0,11.0,11.0,12.636363636363601,0.0,5.0,8.0,8.0,8.0,11.0,0.0,13.9,-0.30000000000000004,0.79,Graduate
2.0,39.0,1.0,9853.0,1.0,19.0,133.1,1.0,37.0,19.0,3.0,7.0,100.0,0.0,0.0,0.0,1.0,0.0,0.0,45.0,0.0,0.0,6.0,11.0,3.0,12.3333333333333,0.0,0.0,6.0,13.0,2.0,11.0,0.0,7.6000000000000005,2.6,0.32,Dropout
5.0,39.0,1.0,9254.0,1.0,1.0,133.1,1.0,2.0,2.0,2.0,2.0,103.0,0.0,0.0,0.0,1.0,0.0,0.0,62.0,0.0,0.0,6.0,7.0,6.0,15.0,0.0,0.0,6.0,10.0,6.0,12.8333333333333,0.0,10.8,1.4000000000000001,1.74,Graduate
1.0,1.0,1.0,9670.0,1.0,1.0,133.1,1.0,1.0,1.0,9.0,1.0,103.0,1.0,0.0,0.0,1.0,0.0,1.0,20.0,0.0,0.0,6.0,8.0,4.0,11.75,0.0,0.0,6.0,10.0,6.0,12.6666666666667,0.0,10.8,1.4000000000000001,1.74,Graduate
1.0,1.0,1.0,9500.0,1.0,1.0,139.0,1.0,19.0,37.0,9.0,9.0,131.5,1.0,0.0,0.0,1.0,0.0,0.0,18.0,0.0,0.0,8.0,8.0,7.0,14.1371428571429,0.0,0.0,8.0,8.0,7.0,14.1371428571429,0.0,10.8,1.4000000000000001,1.74,Graduate
1.0,18.0,3.0,9070.0,1.0,1.0,134.0,1.0,1.0,1.0,3.0,4.0,121.4,0.0,0.0,0.0,1.0,0.0,0.0,18.0,0.0,0.0,6.0,6.0,2.0,12.0,0.0,0.0,6.0,6.0,1.0,11.0,0.0,9.4,-0.8,-3.12,Dropout
2.0,1.0,1.0,9991.0,0.0,3.0,160.0,1.0,1.0,3.0,4.0,9.0,137.3,0.0,0.0,0.0,1.0,0.0,0.0,23.0,0.0,0.0,5.0,5.0,5.0,10.8,0.0,0.0,5.0,9.0,4.0,11.5,0.0,9.4,-0.8,-3.12,Graduate
1.0,1.0,1.0,9070.0,1.0,1.0,124.0,1.0,19.0,19.0,9.0,9.0,138.4,1.0,0.0,1.0,1.0,0.0,1.0,19.0,0.0,1.0,6.0,8.0,6.0,13.2857142857143,1.0,0.0,6.0,8.0,6.0,12.5,0.0,13.9,-0.30000000000000004,0.79,Dropout
1.0,17.0,1.0,9147.0,1.0,1.0,137.0,1.0,1.0,3.0,7.0,3.0,131.1,1.0,0.0,1.0,1.0,0.0,1.0,19.0,0.0,0.0,5.0,7.0,5.0,13.600000000000001,0.0,0.0,5.0,5.0,5.0,12.600000000000001,0.0,8.9,1.4000000000000001,3.5100000000000002,Graduate
1.0,42.0,1.0,9500.0,1.0,1.0,157.0,1.0,3.0,3.0,3.0,3.0,100.0,0.0,0.0,0.0,1.0,0.0,0.0,18.0,0.0,0.0,7.0,8.0,7.0,13.55,0.0,0.0,8.0,8.0,8.0,14.1875,0.0,13.9,-0.30000000000000004,0.79,Graduate
1.0,17.0,4.0,9500.0,1.0,1.0,138.0,1.0,4.0,1.0,2.0,1.0,133.0,1.0,0.0,0.0,1.0,0.0,0.0,18.0,0.0,0.0,8.0,8.0,0.0,0.0,5.0,0.0,8.0,8.0,0.0,0.0,5.0,9.4,-0.8,-3.12,Enrolled
1.0,39.0,2.0,8014.0,0.0,1.0,100.0,1.0,35.0,37.0,90.0,90.0,100.0,0.0,0.0,0.0,1.0,0.0,0.0,41.0,0.0,0.0,6.0,10.0,4.0,13.5,0.0,1.0,6.0,7.0,6.0,11.1666666666667,0.0,7.6000000000000005,2.6,0.32,Graduate
1.0,39.0,1.0,9670.0,1.0,1.0,130.0,1.0,19.0,3.0,4.0,2.0,159.0,0.0,0.0,0.0,1.0,0.0,1.0,51.0,0.0,0.0,6.0,8.0,5.0,11.600000000000001,0.0,0.0,6.0,9.0,5.0,14.200000000000001,0.0,12.4,0.5,1.79,Graduate
1.0,43.0,2.0,9238.0,1.0,1.0,133.1,1.0,19.0,19.0,4.0,5.0,120.60000000000001,1.0,0.0,0.0,1.0,0.0,0.0,24.0,0.0,6.0,10.0,16.0,10.0,12.5,0.0,2.0,7.0,9.0,4.0,12.600000000000001,0.0,16.2,0.30000000000000004,-0.92,Graduate
1.0,39.0,1.0,9991.0,0.0,3.0,120.0,1.0,19.0,1.0,9.0,5.0,134.0,0.0,0.0,0.0,1.0,0.0,0.0,25.0,0.0,0.0,5.0,14.0,1.0,11.0,0.0,0.0,5.0,11.0,2.0,12.6666666666667,4.0,16.2,0.30000000000000004,-0.92,Dropout
1.0,5.0,1.0,9085.0,1.0,1.0,150.0,1.0,1.0,1.0,4.0,4.0,139.4,0.0,0.0,0.0,1.0,0.0,0.0,18.0,0.0,0.0,5.0,9.0,3.0,12.0,1.0,0.0,5.0,6.0,4.0,13.0,0.0,7.6000000000000005,2.6,0.32,Enrolled
1.0,16.0,6.0,9147.0,1.0,1.0,128.0,1.0,37.0,37.0,9.0,9.0,116.5,1.0,0.0,0.0,1.0,0.0,0.0,20.0,0.0,0.0,5.0,8.0,4.0,11.600000000000001,0.0,0.0,5.0,10.0,3.0,12.3333333333333,0.0,7.6000000000000005,2.6,0.32,Graduate
1.0,1.0,1.0,171.0,1.0,1.0,124.0,1.0,1.0,19.0,123.0,103.0,113.9,1.0,1.0,0.0,1.0,0.0,0.0,19.0,0.0,0.0,0.0,0.0,0.0,0.0,0.0,0.0,0.0,0.0,0.0,0.0,0.0,13.9,-0.30000000000000004,0.79,Dropout
5.0,43.0,1.0,9991.0,0.0,3.0,130.0,1.0,3.0,3.0,1.0,1.0,130.0,0.0,0.0,0.0,1.0,0.0,0.0,41.0,0.0,5.0,10.0,14.0,10.0,14.636363636363601,0.0,5.0,10.0,13.0,10.0,14.600000000000001,0.0,16.2,0.30000000000000004,-0.92,Graduate
1.0,1.0,2.0,9254.0,1.0,1.0,132.0,1.0,1.0,19.0,9.0,9.0,129.9,1.0,0.0,0.0,1.0,0.0,1.0,19.0,0.0,0.0,6.0,8.0,6.0,13.0,0.0,0.0,6.0,6.0,6.0,12.1666666666667,0.0,8.9,1.4000000000000001,3.5100000000000002,Graduate
1.0,42.0,1.0,9853.0,1.0,12.0,133.1,1.0,1.0,3.0,3.0,2.0,133.70000000000002,0.0,0.0,0.0,1.0,0.0,0.0,28.0,0.0,14.0,18.0,23.0,14.0,12.7857142857143,2.0,16.0,17.0,18.0,16.0,13.875,0.0,16.2,0.30000000000000004,-0.92,Dropout
1.0,1.0,3.0,9070.0,1.0,1.0,129.0,1.0,5.0,3.0,5.0,7.0,124.80000000000001,1.0,0.0,0.0,1.0,0.0,0.0,21.0,0.0,0.0,6.0,6.0,6.0,14.5,0.0,0.0,6.0,7.0,5.0,12.0,0.0,12.4,0.5,1.79,Graduate
1.0,1.0,1.0,9085.0,1.0,1.0,135.0,1.0,3.0,2.0,1.0,1.0,133.6,1.0,0.0,0.0,0.0,0.0,0.0,22.0,0.0,0.0,5.0,12.0,4.0,14.600000000000001,3.0,0.0,5.0,5.0,4.0,12.75,1.0,9.4,-0.8,-3.12,Dropout
1.0,17.0,4.0,9773.0,1.0,1.0,138.0,1.0,37.0,19.0,5.0,7.0,133.5,1.0,0.0,0.0,0.0,0.0,0.0,18.0,0.0,0.0,6.0,7.0,6.0,12.5,0.0,0.0,6.0,6.0,6.0,12.1666666666667,0.0,10.8,1.4000000000000001,1.74,Graduate
1.0,1.0,1.0,9070.0,1.0,1.0,135.0,1.0,19.0,37.0,9.0,9.0,128.0,1.0,0.0,0.0,1.0,0.0,1.0,19.0,0.0,0.0,6.0,6.0,6.0,14.0,0.0,0.0,6.0,8.0,6.0,13.125,0.0,10.8,1.4000000000000001,1.74,Graduate
1.0,17.0,6.0,9500.0,1.0,1.0,131.0,1.0,3.0,19.0,5.0,5.0,127.2,1.0,0.0,0.0,1.0,0.0,1.0,19.0,0.0,0.0,7.0,7.0,7.0,13.8014285714286,0.0,0.0,8.0,8.0,8.0,14.575000000000001,0.0,11.100000000000001,0.6000000000000001,2.02,Graduate
1.0,7.0,1.0,9853.0,1.0,3.0,150.0,1.0,19.0,19.0,4.0,5.0,150.0,0.0,0.0,1.0,0.0,0.0,0.0,25.0,0.0,1.0,6.0,7.0,6.0,14.4285714285714,0.0,0.0,6.0,7.0,6.0,13.6666666666667,0.0,10.8,1.4000000000000001,1.74,Graduate
1.0,42.0,4.0,9500.0,1.0,6.0,133.0,1.0,1.0,19.0,2.0,9.0,127.80000000000001,1.0,0.0,0.0,1.0,0.0,1.0,18.0,0.0,0.0,7.0,7.0,6.0,14.35,0.0,0.0,7.0,7.0,6.0,14.35,0.0,7.6000000000000005,2.6,0.32,Graduate
1.0,17.0,1.0,9070.0,1.0,1.0,135.0,1.0,37.0,19.0,9.0,9.0,125.2,1.0,0.0,0.0,1.0,0.0,0.0,19.0,0.0,0.0,6.0,6.0,6.0,14.3333333333333,0.0,0.0,6.0,6.0,6.0,13.5,0.0,12.700000000000001,3.7,-1.7000000000000002,Graduate
1.0,43.0,2.0,9853.0,1.0,1.0,118.0,1.0,19.0,1.0,5.0,4.0,110.0,1.0,0.0,0.0,1.0,0.0,0.0,20.0,0.0,0.0,6.0,10.0,4.0,12.25,0.0,0.0,6.0,8.0,4.0,11.5,0.0,10.8,1.4000000000000001,1.74,Enrolled
2.0,39.0,1.0,8014.0,0.0,19.0,100.0,1.0,34.0,34.0,0.0,0.0,100.0,0.0,0.0,0.0,1.0,0.0,0.0,46.0,0.0,0.0,6.0,9.0,6.0,13.3333333333333,0.0,0.0,6.0,6.0,6.0,11.8333333333333,0.0,7.6000000000000005,2.6,0.32,Graduate
1.0,17.0,1.0,171.0,1.0,1.0,158.0,1.0,3.0,3.0,3.0,3.0,151.4,1.0,0.0,0.0,0.0,0.0,0.0,19.0,0.0,6.0,12.0,12.0,12.0,13.0,0.0,4.0,11.0,14.0,11.0,13.25,0.0,8.9,1.4000000000000001,3.5100000000000002,Graduate
1.0,1.0,2.0,9254.0,1.0,1.0,137.0,1.0,38.0,19.0,9.0,7.0,125.10000000000001,1.0,0.0,0.0,1.0,0.0,0.0,18.0,0.0,0.0,6.0,10.0,4.0,11.75,0.0,0.0,6.0,9.0,5.0,11.200000000000001,0.0,7.6000000000000005,2.6,0.32,Enrolled
1.0,1.0,1.0,9130.0,1.0,1.0,172.0,1.0,19.0,19.0,9.0,9.0,163.3,1.0,0.0,0.0,1.0,0.0,1.0,18.0,0.0,0.0,6.0,8.0,6.0,14.5,0.0,0.0,6.0,11.0,4.0,13.0,0.0,13.9,-0.30000000000000004,0.79,Graduate
1.0,18.0,1.0,9500.0,1.0,1.0,123.0,1.0,37.0,37.0,3.0,3.0,118.0,1.0,0.0,0.0,1.0,0.0,1.0,19.0,0.0,0.0,8.0,8.0,7.0,11.82,0.0,0.0,8.0,8.0,7.0,11.82,0.0,10.8,1.4000000000000001,1.74,Graduate
1.0,1.0,2.0,9773.0,1.0,1.0,144.0,1.0,3.0,3.0,3.0,2.0,140.20000000000002,1.0,0.0,0.0,1.0,0.0,0.0,20.0,0.0,0.0,6.0,0.0,0.0,0.0,0.0,0.0,6.0,0.0,0.0,0.0,0.0,16.2,0.30000000000000004,-0.92,Dropout
2.0,39.0,1.0,8014.0,0.0,1.0,140.0,1.0,37.0,37.0,5.0,6.0,128.5,0.0,0.0,0.0,1.0,0.0,1.0,38.0,0.0,0.0,6.0,6.0,5.0,12.4,0.0,0.0,6.0,7.0,6.0,12.6666666666667,0.0,9.4,-0.8,-3.12,Graduate
1.0,17.0,1.0,9773.0,1.0,1.0,136.0,1.0,1.0,38.0,9.0,8.0,131.5,1.0,0.0,0.0,1.0,0.0,0.0,18.0,0.0,0.0,6.0,7.0,6.0,12.5714285714286,0.0,0.0,6.0,8.0,6.0,11.8571428571429,0.0,13.9,-0.30000000000000004,0.79,Graduate
1.0,17.0,5.0,9500.0,1.0,1.0,137.0,1.0,1.0,1.0,5.0,5.0,132.6,1.0,0.0,0.0,1.0,0.0,1.0,18.0,0.0,0.0,7.0,7.0,7.0,13.8571428571429,0.0,0.0,8.0,8.0,8.0,14.9,0.0,13.9,-0.30000000000000004,0.79,Graduate
1.0,17.0,1.0,9238.0,1.0,1.0,128.0,1.0,19.0,1.0,0.0,5.0,122.10000000000001,1.0,0.0,0.0,1.0,0.0,0.0,18.0,0.0,0.0,6.0,9.0,5.0,11.8333333333333,0.0,0.0,6.0,7.0,5.0,13.8,0.0,13.9,-0.30000000000000004,0.79,Graduate
1.0,17.0,1.0,9147.0,1.0,1.0,120.0,1.0,3.0,3.0,2.0,2.0,112.0,0.0,0.0,0.0,1.0,0.0,0.0,20.0,0.0,0.0,5.0,10.0,4.0,11.0,0.0,0.0,5.0,7.0,4.0,11.5,0.0,15.5,2.8000000000000003,-4.0600000000000005,Enrolled
1.0,1.0,1.0,9130.0,1.0,1.0,130.0,1.0,3.0,19.0,4.0,8.0,133.0,1.0,0.0,0.0,1.0,0.0,0.0,19.0,0.0,0.0,6.0,6.0,6.0,14.6666666666667,0.0,0.0,6.0,8.0,6.0,13.6666666666667,0.0,12.4,0.5,1.79,Graduate
4.0,39.0,1.0,8014.0,0.0,1.0,138.0,1.0,19.0,19.0,90.0,90.0,127.0,0.0,0.0,0.0,0.0,0.0,0.0,37.0,0.0,0.0,4.0,4.0,0.0,0.0,0.0,0.0,5.0,10.0,0.0,0.0,0.0,10.8,1.4000000000000001,1.74,Dropout
1.0,39.0,1.0,9500.0,1.0,1.0,148.0,1.0,3.0,19.0,2.0,5.0,130.0,0.0,0.0,0.0,1.0,0.0,0.0,24.0,0.0,0.0,8.0,12.0,7.0,12.714285714285701,0.0,0.0,8.0,12.0,7.0,12.714285714285701,0.0,12.700000000000001,3.7,-1.7000000000000002,Enrolled
1.0,1.0,2.0,9500.0,1.0,1.0,139.0,1.0,4.0,1.0,2.0,10.0,136.4,1.0,0.0,0.0,1.0,0.0,0.0,19.0,0.0,0.0,7.0,9.0,7.0,13.422222222222201,0.0,0.0,8.0,11.0,7.0,12.1888888888889,0.0,15.5,2.8000000000000003,-4.0600000000000005,Graduate
1.0,1.0,3.0,9773.0,1.0,1.0,136.0,1.0,3.0,1.0,5.0,3.0,129.0,1.0,0.0,0.0,1.0,0.0,1.0,19.0,0.0,0.0,6.0,7.0,6.0,14.0,0.0,0.0,6.0,8.0,5.0,12.200000000000001,0.0,13.9,-0.30000000000000004,0.79,Dropout
1.0,17.0,3.0,9556.0,1.0,1.0,126.0,1.0,19.0,19.0,9.0,4.0,119.0,1.0,0.0,0.0,1.0,0.0,1.0,19.0,0.0,0.0,7.0,8.0,7.0,12.1428571428571,0.0,0.0,8.0,8.0,8.0,13.375,0.0,16.2,0.30000000000000004,-0.92,Dropout
1.0,17.0,1.0,9147.0,1.0,1.0,135.0,1.0,37.0,38.0,9.0,9.0,128.0,1.0,0.0,1.0,1.0,0.0,1.0,18.0,0.0,0.0,5.0,5.0,5.0,12.8,0.0,0.0,5.0,5.0,5.0,13.0,0.0,11.100000000000001,0.6000000000000001,2.02,Graduate
1.0,1.0,4.0,9500.0,1.0,1.0,122.0,1.0,19.0,38.0,7.0,7.0,117.10000000000001,1.0,0.0,0.0,1.0,0.0,1.0,18.0,0.0,0.0,7.0,7.0,7.0,14.572857142857101,0.0,0.0,8.0,9.0,8.0,14.9555555555556,0.0,12.4,0.5,1.79,Graduate
1.0,1.0,4.0,9147.0,1.0,1.0,137.0,1.0,1.0,19.0,4.0,5.0,136.3,0.0,0.0,0.0,1.0,0.0,0.0,18.0,0.0,0.0,5.0,9.0,4.0,11.25,0.0,0.0,5.0,6.0,4.0,11.0,0.0,8.9,1.4000000000000001,3.5100000000000002,Graduate
1.0,17.0,5.0,9147.0,1.0,1.0,127.0,1.0,1.0,38.0,4.0,5.0,124.60000000000001,1.0,0.0,0.0,1.0,0.0,1.0,19.0,0.0,0.0,5.0,12.0,2.0,10.0,0.0,0.0,5.0,11.0,4.0,11.75,0.0,11.100000000000001,0.6000000000000001,2.02,Enrolled
1.0,1.0,1.0,9130.0,1.0,1.0,137.0,1.0,40.0,19.0,2.0,9.0,130.70000000000002,1.0,0.0,0.0,1.0,0.0,0.0,18.0,0.0,0.0,6.0,8.0,5.0,14.4,0.0,0.0,6.0,11.0,4.0,14.600000000000001,0.0,8.9,1.4000000000000001,3.5100000000000002,Dropout
1.0,1.0,4.0,9500.0,1.0,1.0,125.0,1.0,1.0,12.0,3.0,6.0,115.2,1.0,0.0,0.0,1.0,0.0,0.0,20.0,0.0,0.0,7.0,7.0,7.0,12.9828571428571,0.0,0.0,8.0,8.0,8.0,14.4625,0.0,12.4,0.5,1.79,Graduate
1.0,17.0,1.0,9085.0,1.0,1.0,141.0,1.0,3.0,2.0,2.0,3.0,130.20000000000002,1.0,0.0,0.0,1.0,0.0,0.0,20.0,0.0,0.0,6.0,14.0,6.0,15.75,0.0,0.0,6.0,8.0,6.0,13.0,0.0,15.5,2.8000000000000003,-4.0600000000000005,Graduate
1.0,1.0,1.0,9085.0,1.0,1.0,132.0,1.0,2.0,2.0,6.0,6.0,128.5,0.0,0.0,0.0,1.0,0.0,0.0,18.0,0.0,0.0,6.0,11.0,5.0,12.2857142857143,0.0,0.0,6.0,19.0,3.0,14.0,1.0,12.4,0.5,1.79,Dropout
1.0,16.0,1.0,9500.0,1.0,1.0,133.1,1.0,37.0,37.0,9.0,9.0,95.0,1.0,0.0,0.0,1.0,0.0,0.0,20.0,0.0,0.0,7.0,7.0,6.0,13.755,0.0,0.0,8.0,9.0,7.0,13.5714285714286,0.0,12.4,0.5,1.79,Graduate
1.0,17.0,1.0,9670.0,1.0,1.0,132.0,1.0,1.0,1.0,3.0,3.0,119.4,1.0,0.0,0.0,1.0,0.0,1.0,18.0,0.0,0.0,6.0,7.0,6.0,13.8333333333333,0.0,0.0,6.0,11.0,6.0,13.5,0.0,8.9,1.4000000000000001,3.5100000000000002,Graduate
1.0,1.0,6.0,9500.0,1.0,1.0,142.0,1.0,1.0,37.0,7.0,7.0,123.5,1.0,0.0,0.0,1.0,0.0,0.0,19.0,0.0,0.0,7.0,0.0,0.0,0.0,0.0,0.0,8.0,0.0,0.0,0.0,0.0,12.700000000000001,3.7,-1.7000000000000002,Dropout
1.0,1.0,4.0,9500.0,1.0,1.0,136.0,1.0,38.0,1.0,5.0,6.0,133.9,1.0,0.0,0.0,1.0,0.0,0.0,18.0,0.0,0.0,7.0,9.0,7.0,14.7111111111111,0.0,0.0,8.0,9.0,8.0,14.627777777777801,0.0,15.5,2.8000000000000003,-4.0600000000000005,Graduate
1.0,53.0,1.0,9085.0,1.0,42.0,150.0,1.0,1.0,19.0,4.0,8.0,145.20000000000002,1.0,0.0,0.0,1.0,0.0,0.0,20.0,0.0,7.0,11.0,13.0,11.0,14.6153846153846,0.0,4.0,9.0,11.0,9.0,13.700000000000001,0.0,8.9,1.4000000000000001,3.5100000000000002,Graduate
1.0,1.0,1.0,9500.0,1.0,1.0,130.0,1.0,3.0,3.0,1.0,5.0,118.80000000000001,0.0,0.0,0.0,1.0,0.0,0.0,18.0,0.0,0.0,7.0,7.0,7.0,13.6771428571429,0.0,0.0,8.0,9.0,8.0,14.533333333333301,0.0,11.100000000000001,0.6000000000000001,2.02,Graduate
1.0,16.0,2.0,9085.0,1.0,1.0,136.0,1.0,37.0,37.0,9.0,9.0,123.4,1.0,0.0,0.0,1.0,0.0,1.0,19.0,0.0,0.0,5.0,8.0,5.0,13.1666666666667,2.0,0.0,5.0,5.0,5.0,12.8,0.0,9.4,-0.8,-3.12,Graduate
1.0,17.0,6.0,9238.0,1.0,1.0,138.0,1.0,3.0,3.0,1.0,2.0,123.0,1.0,0.0,0.0,1.0,0.0,0.0,19.0,0.0,0.0,6.0,11.0,5.0,10.8,0.0,0.0,6.0,12.0,5.0,11.3333333333333,0.0,15.5,2.8000000000000003,-4.0600000000000005,Graduate
1.0,17.0,1.0,9130.0,1.0,1.0,131.0,1.0,19.0,9.0,5.0,3.0,118.4,0.0,0.0,0.0,1.0,0.0,0.0,19.0,0.0,0.0,5.0,8.0,3.0,12.0,0.0,0.0,5.0,7.0,5.0,12.8333333333333,0.0,7.6000000000000005,2.6,0.32,Graduate
1.0,1.0,1.0,9500.0,1.0,1.0,147.0,1.0,3.0,1.0,2.0,3.0,131.6,0.0,0.0,0.0,1.0,0.0,0.0,18.0,0.0,0.0,7.0,8.0,6.0,13.9583333333333,0.0,0.0,8.0,8.0,8.0,14.718750000000002,0.0,11.100000000000001,0.6000000000000001,2.02,Graduate
1.0,17.0,1.0,9853.0,1.0,1.0,140.0,1.0,38.0,19.0,4.0,10.0,122.30000000000001,1.0,0.0,0.0,1.0,0.0,0.0,19.0,0.0,0.0,6.0,9.0,4.0,13.0,0.0,0.0,6.0,9.0,4.0,12.25,0.0,12.700000000000001,3.7,-1.7000000000000002,Dropout
1.0,1.0,2.0,171.0,1.0,1.0,152.0,1.0,38.0,19.0,9.0,9.0,151.70000000000002,1.0,0.0,0.0,1.0,0.0,1.0,24.0,0.0,0.0,0.0,0.0,0.0,0.0,0.0,0.0,0.0,0.0,0.0,0.0,0.0,11.100000000000001,0.6000000000000001,2.02,Graduate
1.0,1.0,1.0,171.0,1.0,1.0,169.0,1.0,19.0,37.0,9.0,7.0,176.0,1.0,0.0,0.0,1.0,0.0,1.0,18.0,0.0,0.0,0.0,0.0,0.0,0.0,0.0,0.0,0.0,0.0,0.0,0.0,0.0,12.4,0.5,1.79,Graduate
1.0,1.0,6.0,9500.0,1.0,1.0,149.0,1.0,1.0,1.0,4.0,9.0,133.0,1.0,0.0,0.0,1.0,0.0,1.0,18.0,0.0,0.0,8.0,8.0,7.0,14.0,0.0,0.0,8.0,8.0,7.0,14.0,0.0,12.700000000000001,3.7,-1.7000000000000002,Graduate
1.0,1.0,4.0,9773.0,1.0,1.0,137.0,1.0,3.0,19.0,2.0,3.0,139.8,1.0,1.0,0.0,1.0,0.0,0.0,18.0,0.0,0.0,6.0,10.0,6.0,12.5714285714286,0.0,0.0,6.0,11.0,6.0,12.5714285714286,0.0,10.8,1.4000000000000001,1.74,Enrolled
1.0,1.0,4.0,9773.0,1.0,1.0,122.0,1.0,41.0,1.0,4.0,3.0,119.60000000000001,1.0,0.0,0.0,1.0,0.0,0.0,19.0,0.0,0.0,6.0,6.0,4.0,12.0,0.0,0.0,6.0,11.0,3.0,11.3333333333333,0.0,11.100000000000001,0.6000000000000001,2.02,Dropout
1.0,39.0,1.0,8014.0,0.0,1.0,130.0,1.0,37.0,37.0,9.0,6.0,134.0,0.0,0.0,0.0,1.0,0.0,1.0,35.0,0.0,2.0,8.0,8.0,8.0,13.625,0.0,1.0,7.0,7.0,7.0,14.0,0.0,8.9,1.4000000000000001,3.5100000000000002,Graduate
1.0,17.0,6.0,9147.0,1.0,1.0,145.0,1.0,37.0,37.0,9.0,9.0,132.0,1.0,0.0,0.0,1.0,0.0,0.0,19.0,0.0,0.0,5.0,7.0,4.0,12.5,0.0,0.0,5.0,8.0,4.0,10.0,1.0,7.6000000000000005,2.6,0.32,Graduate
1.0,7.0,1.0,9853.0,1.0,3.0,130.0,1.0,37.0,37.0,9.0,9.0,130.0,0.0,0.0,0.0,1.0,0.0,0.0,28.0,0.0,14.0,15.0,25.0,14.0,12.4285714285714,1.0,8.0,14.0,22.0,11.0,11.909090909090901,0.0,7.6000000000000005,2.6,0.32,Dropout
1.0,43.0,1.0,9500.0,1.0,1.0,157.0,1.0,38.0,3.0,5.0,2.0,141.4,0.0,0.0,0.0,1.0,0.0,0.0,21.0,0.0,3.0,7.0,8.0,7.0,13.387500000000001,0.0,2.0,8.0,8.0,8.0,15.9,0.0,13.9,-0.30000000000000004,0.79,Graduate
1.0,18.0,2.0,9500.0,1.0,1.0,135.0,1.0,19.0,1.0,5.0,5.0,128.9,1.0,0.0,0.0,1.0,0.0,1.0,19.0,0.0,0.0,7.0,8.0,6.0,12.6483333333333,0.0,0.0,8.0,9.0,8.0,12.2055555555556,0.0,11.100000000000001,0.6000000000000001,2.02,Graduate
1.0,5.0,2.0,9238.0,1.0,1.0,123.0,1.0,40.0,38.0,2.0,9.0,118.10000000000001,1.0,0.0,0.0,1.0,0.0,0.0,19.0,0.0,0.0,6.0,6.0,6.0,14.0,0.0,0.0,6.0,6.0,6.0,13.3333333333333,0.0,8.9,1.4000000000000001,3.5100000000000002,Graduate
1.0,1.0,1.0,9085.0,1.0,1.0,139.0,1.0,3.0,4.0,2.0,2.0,130.6,0.0,0.0,0.0,1.0,0.0,0.0,18.0,0.0,0.0,5.0,12.0,5.0,12.8,2.0,0.0,5.0,10.0,5.0,11.8571428571429,1.0,9.4,-0.8,-3.12,Graduate
1.0,1.0,1.0,9254.0,1.0,1.0,136.0,1.0,12.0,1.0,4.0,4.0,122.0,1.0,0.0,0.0,1.0,0.0,0.0,18.0,0.0,0.0,6.0,8.0,6.0,11.3333333333333,0.0,0.0,6.0,11.0,6.0,10.8333333333333,0.0,7.6000000000000005,2.6,0.32,Graduate
1.0,1.0,2.0,9500.0,1.0,1.0,135.0,1.0,3.0,3.0,2.0,2.0,123.0,1.0,0.0,0.0,0.0,0.0,0.0,19.0,0.0,0.0,7.0,0.0,0.0,0.0,0.0,0.0,8.0,0.0,0.0,0.0,0.0,12.700000000000001,3.7,-1.7000000000000002,Dropout
1.0,1.0,1.0,9670.0,1.0,1.0,126.0,1.0,1.0,1.0,9.0,10.0,126.7,1.0,0.0,0.0,1.0,0.0,1.0,20.0,0.0,0.0,6.0,6.0,6.0,14.1666666666667,0.0,0.0,6.0,9.0,6.0,13.0,0.0,8.9,1.4000000000000001,3.5100000000000002,Graduate
1.0,1.0,1.0,9773.0,1.0,1.0,122.0,1.0,38.0,19.0,9.0,9.0,126.60000000000001,1.0,0.0,0.0,1.0,0.0,0.0,18.0,0.0,0.0,6.0,6.0,6.0,12.8333333333333,0.0,0.0,6.0,6.0,6.0,13.8333333333333,0.0,8.9,1.4000000000000001,3.5100000000000002,Graduate
1.0,1.0,1.0,9853.0,1.0,1.0,125.0,1.0,38.0,38.0,9.0,9.0,125.4,0.0,0.0,1.0,0.0,0.0,0.0,19.0,0.0,0.0,7.0,11.0,4.0,12.0,0.0,0.0,7.0,9.0,6.0,11.8333333333333,0.0,16.2,0.30000000000000004,-0.92,Dropout
1.0,1.0,3.0,9773.0,1.0,1.0,134.0,1.0,1.0,19.0,9.0,9.0,136.1,1.0,0.0,0.0,1.0,0.0,1.0,20.0,0.0,0.0,6.0,6.0,6.0,13.0,0.0,0.0,6.0,7.0,6.0,13.1428571428571,0.0,12.4,0.5,1.79,Dropout
1.0,17.0,5.0,9500.0,1.0,1.0,130.0,1.0,19.0,1.0,9.0,4.0,128.8,1.0,0.0,0.0,1.0,0.0,0.0,18.0,0.0,0.0,7.0,8.0,6.0,13.39,0.0,0.0,8.0,10.0,7.0,12.7571428571429,0.0,11.100000000000001,0.6000000000000001,2.02,Enrolled
1.0,17.0,4.0,9670.0,1.0,1.0,110.0,1.0,1.0,37.0,7.0,7.0,111.10000000000001,1.0,0.0,0.0,0.0,0.0,0.0,18.0,0.0,0.0,6.0,6.0,6.0,12.3333333333333,0.0,0.0,6.0,8.0,5.0,13.600000000000001,0.0,8.9,1.4000000000000001,3.5100000000000002,Graduate
1.0,1.0,1.0,9070.0,1.0,1.0,131.0,1.0,3.0,3.0,3.0,3.0,135.9,0.0,0.0,0.0,1.0,0.0,1.0,21.0,0.0,1.0,6.0,8.0,6.0,12.5714285714286,1.0,0.0,6.0,8.0,6.0,11.625,0.0,13.9,-0.30000000000000004,0.79,Graduate
1.0,5.0,5.0,9254.0,1.0,1.0,122.0,1.0,1.0,37.0,9.0,7.0,119.60000000000001,1.0,0.0,0.0,1.0,0.0,1.0,19.0,0.0,0.0,6.0,6.0,6.0,12.3333333333333,0.0,0.0,6.0,6.0,6.0,12.8333333333333,0.0,12.4,0.5,1.79,Graduate
1.0,17.0,2.0,9853.0,1.0,1.0,123.0,1.0,1.0,1.0,3.0,9.0,116.7,1.0,0.0,0.0,1.0,0.0,0.0,19.0,0.0,0.0,6.0,8.0,5.0,13.0,0.0,0.0,6.0,8.0,4.0,10.75,0.0,9.4,-0.8,-3.12,Graduate
1.0,1.0,1.0,9085.0,1.0,1.0,146.0,1.0,1.0,1.0,9.0,7.0,126.0,0.0,0.0,0.0,1.0,0.0,0.0,19.0,0.0,0.0,5.0,7.0,3.0,12.3333333333333,0.0,0.0,5.0,7.0,4.0,10.25,0.0,7.6000000000000005,2.6,0.32,Enrolled
1.0,1.0,4.0,9773.0,1.0,1.0,137.0,1.0,37.0,37.0,0.0,90.0,134.20000000000002,1.0,0.0,0.0,1.0,0.0,0.0,18.0,0.0,0.0,6.0,6.0,6.0,13.1666666666667,0.0,0.0,6.0,8.0,5.0,14.200000000000001,0.0,10.8,1.4000000000000001,1.74,Dropout
1.0,1.0,1.0,9147.0,1.0,1.0,130.0,1.0,1.0,19.0,3.0,3.0,123.0,0.0,0.0,0.0,1.0,0.0,1.0,18.0,0.0,0.0,5.0,7.0,5.0,13.3333333333333,0.0,0.0,5.0,6.0,5.0,13.600000000000001,0.0,12.700000000000001,3.7,-1.7000000000000002,Graduate
1.0,1.0,2.0,9085.0,1.0,1.0,127.0,1.0,38.0,37.0,5.0,7.0,123.9,1.0,0.0,0.0,1.0,0.0,0.0,18.0,0.0,0.0,5.0,9.0,4.0,13.0,0.0,0.0,5.0,8.0,5.0,13.1428571428571,0.0,10.8,1.4000000000000001,1.74,Graduate
2.0,39.0,1.0,9556.0,1.0,1.0,160.0,1.0,37.0,37.0,9.0,6.0,120.0,0.0,0.0,0.0,1.0,0.0,0.0,31.0,0.0,0.0,7.0,21.0,5.0,10.9,3.0,0.0,8.0,21.0,3.0,11.700000000000001,1.0,12.700000000000001,3.7,-1.7000000000000002,Dropout
1.0,42.0,1.0,9147.0,1.0,1.0,139.0,1.0,3.0,38.0,2.0,5.0,112.30000000000001,1.0,0.0,0.0,1.0,0.0,0.0,19.0,0.0,0.0,5.0,8.0,2.0,11.5,0.0,0.0,5.0,10.0,3.0,10.8571428571429,0.0,10.8,1.4000000000000001,1.74,Enrolled
1.0,16.0,1.0,9085.0,1.0,1.0,138.0,1.0,37.0,37.0,9.0,9.0,123.0,1.0,0.0,0.0,1.0,0.0,1.0,20.0,0.0,0.0,6.0,7.0,6.0,15.8571428571429,0.0,0.0,6.0,6.0,6.0,16.0,0.0,13.9,-0.30000000000000004,0.79,Graduate
1.0,17.0,1.0,9085.0,1.0,1.0,137.0,1.0,38.0,19.0,0.0,90.0,122.30000000000001,0.0,0.0,0.0,1.0,0.0,1.0,19.0,0.0,0.0,5.0,5.0,5.0,12.600000000000001,0.0,0.0,5.0,9.0,3.0,13.0,0.0,7.6000000000000005,2.6,0.32,Dropout
1.0,17.0,1.0,9238.0,1.0,1.0,127.0,1.0,38.0,38.0,9.0,6.0,122.80000000000001,0.0,0.0,0.0,1.0,0.0,1.0,19.0,0.0,0.0,6.0,8.0,6.0,14.0,0.0,0.0,6.0,7.0,6.0,14.5714285714286,0.0,16.2,0.30000000000000004,-0.92,Graduate
5.0,7.0,1.0,9130.0,1.0,3.0,160.0,1.0,19.0,38.0,9.0,6.0,160.0,0.0,0.0,0.0,0.0,0.0,0.0,27.0,0.0,1.0,5.0,8.0,3.0,14.6666666666667,2.0,0.0,5.0,7.0,2.0,13.0,2.0,10.8,1.4000000000000001,1.74,Dropout
1.0,17.0,2.0,9773.0,1.0,1.0,132.0,1.0,19.0,19.0,9.0,6.0,120.10000000000001,1.0,0.0,0.0,1.0,0.0,1.0,18.0,0.0,0.0,6.0,6.0,6.0,13.6666666666667,0.0,0.0,6.0,6.0,6.0,14.0,0.0,8.9,1.4000000000000001,3.5100000000000002,Graduate
1.0,1.0,1.0,8014.0,0.0,1.0,126.0,1.0,34.0,34.0,0.0,0.0,142.4,0.0,0.0,0.0,1.0,0.0,0.0,32.0,0.0,0.0,6.0,0.0,0.0,0.0,0.0,0.0,6.0,0.0,0.0,0.0,0.0,7.6000000000000005,2.6,0.32,Dropout
1.0,1.0,4.0,9500.0,1.0,1.0,133.0,1.0,38.0,19.0,8.0,7.0,127.30000000000001,1.0,0.0,0.0,1.0,0.0,0.0,18.0,0.0,0.0,8.0,8.0,7.0,12.6285714285714,0.0,0.0,8.0,8.0,7.0,12.6285714285714,0.0,12.700000000000001,3.7,-1.7000000000000002,Graduate
1.0,1.0,3.0,9500.0,1.0,1.0,140.0,1.0,19.0,37.0,9.0,9.0,125.5,1.0,0.0,0.0,1.0,0.0,1.0,19.0,0.0,0.0,8.0,8.0,7.0,14.2328571428571,0.0,0.0,8.0,8.0,7.0,14.2328571428571,0.0,10.8,1.4000000000000001,1.74,Graduate
1.0,1.0,2.0,9773.0,1.0,1.0,130.0,1.0,19.0,19.0,5.0,6.0,137.4,0.0,0.0,0.0,1.0,0.0,0.0,19.0,0.0,0.0,6.0,6.0,6.0,15.0,0.0,0.0,6.0,7.0,6.0,14.0,0.0,15.5,2.8000000000000003,-4.0600000000000005,Enrolled
1.0,17.0,2.0,9254.0,1.0,1.0,129.0,1.0,12.0,37.0,9.0,9.0,122.0,1.0,0.0,0.0,1.0,0.0,0.0,18.0,0.0,0.0,6.0,15.0,2.0,10.0,0.0,0.0,6.0,12.0,0.0,0.0,0.0,10.8,1.4000000000000001,1.74,Dropout
1.0,17.0,3.0,9670.0,1.0,1.0,110.0,1.0,19.0,1.0,4.0,4.0,107.5,1.0,0.0,0.0,1.0,0.0,1.0,18.0,0.0,0.0,6.0,11.0,4.0,12.25,0.0,0.0,6.0,10.0,4.0,11.0,0.0,12.700000000000001,3.7,-1.7000000000000002,Dropout
1.0,39.0,1.0,9773.0,1.0,19.0,133.1,1.0,19.0,19.0,171.0,163.0,104.0,0.0,0.0,1.0,0.0,0.0,1.0,24.0,0.0,0.0,6.0,6.0,6.0,13.5,0.0,0.0,6.0,6.0,6.0,13.0,0.0,11.100000000000001,0.6000000000000001,2.02,Graduate
1.0,17.0,2.0,9238.0,1.0,1.0,132.0,1.0,38.0,1.0,7.0,7.0,133.1,1.0,0.0,0.0,1.0,0.0,1.0,19.0,0.0,0.0,6.0,8.0,5.0,12.200000000000001,0.0,0.0,6.0,7.0,6.0,11.5,0.0,9.4,-0.8,-3.12,Graduate
1.0,17.0,2.0,9254.0,1.0,1.0,115.0,1.0,19.0,19.0,9.0,7.0,113.30000000000001,1.0,0.0,1.0,1.0,0.0,0.0,21.0,0.0,0.0,6.0,0.0,0.0,0.0,0.0,0.0,6.0,0.0,0.0,0.0,0.0,11.100000000000001,0.6000000000000001,2.02,Dropout
1.0,44.0,1.0,9070.0,1.0,39.0,130.0,1.0,1.0,1.0,4.0,10.0,130.0,1.0,0.0,0.0,1.0,0.0,0.0,19.0,0.0,2.0,7.0,11.0,6.0,12.0,0.0,5.0,9.0,9.0,8.0,12.75,0.0,16.2,0.30000000000000004,-0.92,Graduate
1.0,1.0,3.0,9500.0,1.0,1.0,140.0,6.0,2.0,3.0,5.0,2.0,124.30000000000001,1.0,0.0,0.0,1.0,0.0,0.0,19.0,1.0,0.0,7.0,9.0,5.0,12.32,0.0,0.0,7.0,9.0,5.0,11.9,0.0,12.4,0.5,1.79,Enrolled
1.0,39.0,1.0,9556.0,1.0,1.0,140.0,1.0,37.0,37.0,9.0,8.0,105.0,1.0,0.0,0.0,1.0,0.0,1.0,36.0,0.0,0.0,7.0,11.0,6.0,12.35,0.0,0.0,7.0,12.0,5.0,12.5,0.0,8.9,1.4000000000000001,3.5100000000000002,Graduate
1.0,39.0,1.0,9085.0,1.0,12.0,133.1,1.0,37.0,37.0,10.0,9.0,144.0,0.0,0.0,0.0,1.0,1.0,0.0,51.0,0.0,0.0,6.0,0.0,0.0,0.0,0.0,0.0,6.0,0.0,0.0,0.0,0.0,12.4,0.5,1.79,Dropout
1.0,1.0,3.0,9670.0,1.0,1.0,121.0,1.0,1.0,19.0,5.0,5.0,111.9,1.0,0.0,0.0,1.0,1.0,1.0,20.0,0.0,0.0,6.0,7.0,6.0,11.3333333333333,0.0,0.0,6.0,10.0,4.0,10.5714285714286,0.0,10.8,1.4000000000000001,1.74,Enrolled
1.0,39.0,1.0,8014.0,0.0,38.0,133.1,1.0,1.0,1.0,4.0,4.0,107.5,0.0,0.0,1.0,0.0,1.0,0.0,29.0,0.0,0.0,6.0,6.0,0.0,0.0,0.0,0.0,5.0,5.0,0.0,0.0,0.0,8.9,1.4000000000000001,3.5100000000000002,Dropout
1.0,44.0,1.0,9238.0,1.0,39.0,130.0,1.0,1.0,19.0,4.0,5.0,127.4,0.0,0.0,1.0,0.0,1.0,0.0,27.0,0.0,3.0,6.0,8.0,5.0,11.600000000000001,0.0,2.0,6.0,9.0,5.0,12.0,0.0,13.9,-0.30000000000000004,0.79,Dropout
1.0,39.0,1.0,9119.0,1.0,1.0,130.0,1.0,19.0,37.0,9.0,4.0,149.0,1.0,0.0,0.0,1.0,1.0,0.0,33.0,0.0,0.0,5.0,10.0,4.0,12.0,0.0,0.0,5.0,8.0,3.0,13.6666666666667,1.0,7.6000000000000005,2.6,0.32,Enrolled
2.0,2.0,1.0,9147.0,1.0,2.0,120.0,1.0,37.0,37.0,9.0,9.0,120.0,0.0,0.0,0.0,0.0,1.0,0.0,57.0,0.0,12.0,15.0,17.0,12.0,11.75,0.0,9.0,14.0,16.0,9.0,12.2222222222222,0.0,9.4,-0.8,-3.12,Dropout
1.0,1.0,1.0,9670.0,1.0,1.0,132.0,1.0,4.0,2.0,123.0,112.0,143.6,1.0,0.0,0.0,1.0,1.0,0.0,20.0,0.0,0.0,6.0,8.0,5.0,12.8,0.0,0.0,6.0,10.0,5.0,11.600000000000001,0.0,13.9,-0.30000000000000004,0.79,Enrolled
1.0,39.0,1.0,9670.0,1.0,1.0,100.0,1.0,1.0,1.0,4.0,4.0,120.0,0.0,0.0,0.0,1.0,1.0,0.0,26.0,0.0,0.0,5.0,7.0,3.0,11.3333333333333,0.0,0.0,5.0,7.0,3.0,13.6666666666667,0.0,9.4,-0.8,-3.12,Dropout
1.0,43.0,1.0,9119.0,1.0,1.0,130.0,1.0,1.0,1.0,9.0,2.0,128.0,0.0,0.0,1.0,0.0,1.0,0.0,27.0,0.0,0.0,5.0,5.0,0.0,0.0,0.0,0.0,5.0,7.0,0.0,0.0,0.0,13.9,-0.30000000000000004,0.79,Enrolled
1.0,1.0,1.0,9670.0,1.0,1.0,129.0,1.0,1.0,37.0,4.0,9.0,118.2,0.0,0.0,0.0,1.0,1.0,0.0,19.0,0.0,0.0,5.0,5.0,5.0,10.8,0.0,0.0,5.0,5.0,4.0,12.25,0.0,9.4,-0.8,-3.12,Graduate
1.0,44.0,1.0,9085.0,1.0,39.0,160.0,1.0,12.0,38.0,4.0,8.0,160.0,1.0,0.0,0.0,1.0,1.0,0.0,23.0,0.0,1.0,6.0,10.0,5.0,12.5,0.0,1.0,6.0,8.0,2.0,13.5,0.0,12.4,0.5,1.79,Dropout
1.0,39.0,1.0,9991.0,0.0,1.0,120.0,1.0,19.0,38.0,5.0,5.0,152.4,0.0,0.0,0.0,1.0,1.0,0.0,27.0,0.0,0.0,5.0,5.0,5.0,15.200000000000001,0.0,0.0,5.0,6.0,5.0,14.1666666666667,0.0,10.8,1.4000000000000001,1.74,Graduate
1.0,1.0,6.0,9500.0,1.0,1.0,122.0,1.0,19.0,37.0,3.0,5.0,116.60000000000001,1.0,0.0,1.0,1.0,1.0,1.0,20.0,0.0,0.0,7.0,7.0,7.0,13.3142857142857,0.0,0.0,8.0,8.0,8.0,12.575000000000001,0.0,12.4,0.5,1.79,Graduate
1.0,18.0,1.0,9070.0,1.0,1.0,143.0,1.0,38.0,38.0,7.0,5.0,141.6,0.0,0.0,0.0,1.0,0.0,1.0,19.0,0.0,6.0,12.0,12.0,11.0,13.0909090909091,0.0,5.0,11.0,12.0,11.0,12.0833333333333,0.0,10.8,1.4000000000000001,1.74,Graduate
1.0,1.0,1.0,9130.0,1.0,1.0,110.0,1.0,3.0,19.0,2.0,9.0,105.5,1.0,0.0,1.0,0.0,0.0,0.0,19.0,0.0,0.0,6.0,0.0,0.0,0.0,0.0,0.0,6.0,0.0,0.0,0.0,0.0,11.100000000000001,0.6000000000000001,2.02,Dropout
1.0,1.0,1.0,9070.0,1.0,1.0,124.0,1.0,37.0,19.0,9.0,3.0,116.30000000000001,1.0,0.0,0.0,1.0,0.0,0.0,20.0,0.0,0.0,6.0,8.0,5.0,12.200000000000001,0.0,0.0,6.0,6.0,6.0,11.5,0.0,16.2,0.30000000000000004,-0.92,Graduate
2.0,7.0,1.0,9147.0,1.0,3.0,110.0,1.0,19.0,1.0,9.0,9.0,110.0,0.0,0.0,0.0,1.0,0.0,0.0,33.0,0.0,5.0,8.0,10.0,6.0,12.8333333333333,0.0,2.0,5.0,8.0,4.0,12.0,0.0,11.100000000000001,0.6000000000000001,2.02,Enrolled
1.0,43.0,1.0,9991.0,0.0,1.0,130.0,1.0,37.0,37.0,9.0,9.0,119.5,1.0,0.0,0.0,1.0,0.0,0.0,22.0,0.0,9.0,15.0,17.0,15.0,11.200000000000001,0.0,9.0,14.0,15.0,14.0,12.4285714285714,0.0,7.6000000000000005,2.6,0.32,Graduate
1.0,1.0,6.0,9147.0,1.0,1.0,139.0,1.0,19.0,12.0,4.0,4.0,125.0,1.0,0.0,0.0,1.0,0.0,0.0,18.0,0.0,0.0,5.0,8.0,3.0,12.3333333333333,0.0,0.0,5.0,7.0,4.0,12.0,0.0,7.6000000000000005,2.6,0.32,Graduate
5.0,39.0,1.0,9500.0,1.0,3.0,140.0,1.0,37.0,38.0,9.0,9.0,160.0,0.0,0.0,0.0,1.0,0.0,0.0,27.0,0.0,0.0,8.0,8.0,7.0,15.9428571428571,0.0,0.0,8.0,8.0,7.0,15.9428571428571,0.0,12.700000000000001,3.7,-1.7000000000000002,Graduate
1.0,39.0,1.0,9991.0,0.0,1.0,150.0,1.0,37.0,37.0,9.0,7.0,150.0,0.0,0.0,0.0,1.0,0.0,0.0,27.0,0.0,0.0,5.0,0.0,0.0,0.0,0.0,0.0,5.0,0.0,0.0,0.0,0.0,15.5,2.8000000000000003,-4.0600000000000005,Dropout
1.0,1.0,1.0,9238.0,1.0,1.0,123.0,1.0,37.0,37.0,9.0,9.0,115.0,1.0,0.0,0.0,1.0,0.0,0.0,19.0,0.0,0.0,6.0,10.0,4.0,10.25,0.0,0.0,6.0,8.0,6.0,10.714285714285701,0.0,11.100000000000001,0.6000000000000001,2.02,Graduate
1.0,17.0,1.0,9853.0,1.0,1.0,128.0,1.0,38.0,38.0,9.0,7.0,128.4,1.0,0.0,0.0,1.0,0.0,1.0,20.0,0.0,0.0,6.0,10.0,5.0,13.200000000000001,0.0,0.0,6.0,12.0,5.0,12.8333333333333,0.0,9.4,-0.8,-3.12,Enrolled
1.0,1.0,1.0,8014.0,0.0,1.0,100.0,1.0,38.0,19.0,6.0,10.0,112.80000000000001,0.0,0.0,0.0,1.0,0.0,1.0,23.0,0.0,0.0,6.0,6.0,6.0,14.1666666666667,0.0,0.0,6.0,6.0,6.0,12.5,0.0,12.700000000000001,3.7,-1.7000000000000002,Graduate
1.0,43.0,1.0,9500.0,1.0,1.0,148.0,1.0,29.0,38.0,90.0,3.0,131.0,1.0,0.0,0.0,1.0,0.0,1.0,22.0,0.0,18.0,23.0,23.0,20.0,14.575000000000001,3.0,18.0,23.0,23.0,20.0,14.575000000000001,3.0,7.6000000000000005,2.6,0.32,Graduate
1.0,17.0,2.0,9254.0,1.0,1.0,130.0,1.0,19.0,19.0,7.0,7.0,121.60000000000001,1.0,0.0,0.0,1.0,0.0,1.0,18.0,0.0,0.0,6.0,9.0,1.0,10.0,1.0,0.0,6.0,6.0,0.0,0.0,0.0,12.700000000000001,3.7,-1.7000000000000002,Dropout
1.0,1.0,4.0,9238.0,1.0,1.0,118.0,1.0,19.0,38.0,9.0,9.0,110.0,0.0,0.0,0.0,1.0,0.0,1.0,18.0,0.0,0.0,6.0,7.0,6.0,12.2857142857143,0.0,0.0,6.0,8.0,6.0,11.4285714285714,0.0,12.4,0.5,1.79,Graduate
1.0,39.0,1.0,8014.0,0.0,1.0,120.0,1.0,38.0,38.0,9.0,9.0,148.5,0.0,0.0,0.0,1.0,0.0,1.0,31.0,0.0,0.0,6.0,6.0,6.0,14.0,0.0,0.0,6.0,6.0,6.0,12.3333333333333,0.0,10.8,1.4000000000000001,1.74,Graduate
1.0,17.0,4.0,9773.0,1.0,1.0,119.0,1.0,38.0,19.0,9.0,9.0,118.30000000000001,0.0,0.0,0.0,1.0,0.0,0.0,19.0,0.0,0.0,6.0,8.0,4.0,11.25,0.0,0.0,6.0,0.0,0.0,0.0,0.0,15.5,2.8000000000000003,-4.0600000000000005,Dropout
1.0,1.0,1.0,9238.0,1.0,1.0,138.0,1.0,37.0,37.0,9.0,9.0,135.9,1.0,0.0,0.0,1.0,0.0,0.0,19.0,0.0,0.0,6.0,11.0,5.0,11.600000000000001,0.0,0.0,6.0,11.0,6.0,11.6666666666667,0.0,7.6000000000000005,2.6,0.32,Enrolled
1.0,17.0,1.0,8014.0,0.0,1.0,127.0,1.0,19.0,37.0,4.0,7.0,115.80000000000001,0.0,0.0,0.0,1.0,0.0,0.0,24.0,0.0,0.0,6.0,12.0,1.0,12.0,0.0,0.0,6.0,12.0,0.0,0.0,0.0,10.8,1.4000000000000001,1.74,Dropout
1.0,1.0,1.0,9500.0,1.0,1.0,134.0,1.0,38.0,19.0,3.0,10.0,121.2,0.0,0.0,0.0,1.0,0.0,0.0,19.0,0.0,0.0,7.0,10.0,7.0,13.47,0.0,0.0,8.0,8.0,8.0,13.326250000000002,0.0,15.5,2.8000000000000003,-4.0600000000000005,Graduate
1.0,17.0,4.0,9147.0,1.0,1.0,133.0,1.0,1.0,1.0,4.0,5.0,136.20000000000002,1.0,0.0,0.0,1.0,0.0,0.0,19.0,0.0,0.0,5.0,6.0,5.0,12.4,0.0,0.0,5.0,5.0,5.0,12.8,0.0,7.6000000000000005,2.6,0.32,Graduate
1.0,39.0,1.0,9670.0,1.0,1.0,133.1,1.0,37.0,37.0,9.0,9.0,100.2,1.0,0.0,0.0,0.0,0.0,0.0,26.0,0.0,0.0,6.0,9.0,3.0,11.75,0.0,0.0,6.0,11.0,4.0,11.5,3.0,16.2,0.30000000000000004,-0.92,Dropout
1.0,1.0,1.0,171.0,1.0,1.0,180.0,41.0,37.0,37.0,9.0,9.0,152.70000000000002,1.0,0.0,1.0,0.0,1.0,0.0,27.0,1.0,0.0,0.0,0.0,0.0,0.0,0.0,0.0,0.0,0.0,0.0,0.0,0.0,7.6000000000000005,2.6,0.32,Dropout
1.0,17.0,4.0,9238.0,1.0,1.0,129.0,1.0,19.0,19.0,4.0,7.0,123.10000000000001,1.0,0.0,0.0,1.0,0.0,0.0,19.0,0.0,0.0,6.0,7.0,6.0,12.0,0.0,0.0,6.0,7.0,6.0,12.4285714285714,0.0,11.100000000000001,0.6000000000000001,2.02,Graduate
2.0,39.0,1.0,9085.0,1.0,1.0,120.0,1.0,19.0,19.0,1.0,4.0,130.0,0.0,0.0,0.0,1.0,0.0,0.0,29.0,0.0,0.0,5.0,8.0,5.0,15.3333333333333,2.0,0.0,5.0,6.0,5.0,15.4,0.0,9.4,-0.8,-3.12,Dropout
1.0,1.0,6.0,9500.0,1.0,1.0,141.0,1.0,1.0,38.0,4.0,5.0,125.0,1.0,0.0,0.0,1.0,0.0,1.0,18.0,0.0,0.0,8.0,8.0,8.0,12.32,0.0,0.0,8.0,8.0,8.0,12.32,0.0,9.4,-0.8,-3.12,Graduate
1.0,1.0,1.0,9500.0,1.0,1.0,118.0,1.0,1.0,19.0,9.0,10.0,113.10000000000001,1.0,0.0,0.0,1.0,0.0,0.0,19.0,0.0,0.0,7.0,7.0,7.0,13.7985714285714,0.0,0.0,8.0,8.0,8.0,14.756250000000001,0.0,11.100000000000001,0.6000000000000001,2.02,Graduate
1.0,1.0,5.0,9773.0,1.0,1.0,127.0,1.0,38.0,1.0,4.0,5.0,121.10000000000001,1.0,0.0,0.0,1.0,0.0,0.0,18.0,0.0,0.0,6.0,6.0,6.0,13.1666666666667,0.0,0.0,6.0,6.0,6.0,12.5,0.0,15.5,2.8000000000000003,-4.0600000000000005,Enrolled
1.0,1.0,1.0,9147.0,1.0,1.0,177.0,1.0,1.0,38.0,3.0,9.0,162.3,0.0,0.0,0.0,1.0,0.0,1.0,18.0,0.0,0.0,5.0,6.0,5.0,16.3333333333333,0.0,0.0,5.0,5.0,5.0,15.4,0.0,15.5,2.8000000000000003,-4.0600000000000005,Graduate
1.0,42.0,1.0,171.0,1.0,1.0,132.0,1.0,1.0,1.0,1.0,4.0,132.0,1.0,0.0,0.0,1.0,0.0,0.0,19.0,0.0,0.0,0.0,0.0,0.0,0.0,0.0,0.0,0.0,0.0,0.0,0.0,0.0,12.700000000000001,3.7,-1.7000000000000002,Dropout
1.0,17.0,4.0,9500.0,1.0,1.0,133.0,1.0,4.0,4.0,4.0,4.0,130.70000000000002,1.0,0.0,0.0,1.0,0.0,0.0,19.0,0.0,0.0,7.0,7.0,7.0,14.7571428571429,0.0,0.0,8.0,9.0,8.0,15.366666666666701,0.0,12.4,0.5,1.79,Graduate
1.0,17.0,4.0,9254.0,1.0,1.0,124.0,1.0,1.0,1.0,4.0,4.0,122.30000000000001,1.0,0.0,0.0,1.0,0.0,0.0,19.0,0.0,0.0,6.0,7.0,6.0,11.6666666666667,0.0,0.0,6.0,6.0,6.0,12.3333333333333,0.0,13.9,-0.30000000000000004,0.79,Dropout
1.0,1.0,1.0,9670.0,1.0,1.0,143.0,1.0,3.0,38.0,2.0,9.0,144.1,1.0,0.0,0.0,1.0,0.0,0.0,19.0,0.0,0.0,6.0,7.0,5.0,12.600000000000001,0.0,0.0,6.0,10.0,5.0,12.375,0.0,10.8,1.4000000000000001,1.74,Enrolled
1.0,1.0,1.0,9773.0,1.0,1.0,128.0,1.0,1.0,19.0,9.0,7.0,118.2,0.0,0.0,0.0,1.0,0.0,0.0,19.0,0.0,0.0,6.0,6.0,6.0,11.6666666666667,0.0,0.0,6.0,6.0,6.0,11.5,0.0,12.700000000000001,3.7,-1.7000000000000002,Graduate
1.0,1.0,1.0,9238.0,1.0,1.0,138.0,1.0,19.0,38.0,5.0,8.0,133.5,0.0,0.0,0.0,1.0,0.0,1.0,19.0,0.0,0.0,6.0,6.0,6.0,15.0,0.0,0.0,6.0,6.0,6.0,13.3333333333333,0.0,8.9,1.4000000000000001,3.5100000000000002,Graduate
1.0,1.0,5.0,9500.0,1.0,1.0,144.0,1.0,37.0,37.0,7.0,9.0,126.80000000000001,1.0,0.0,1.0,0.0,0.0,0.0,18.0,0.0,0.0,7.0,0.0,0.0,0.0,0.0,0.0,8.0,0.0,0.0,0.0,0.0,9.4,-0.8,-3.12,Dropout
1.0,1.0,4.0,9773.0,1.0,1.0,122.0,1.0,19.0,19.0,9.0,7.0,121.0,1.0,0.0,0.0,1.0,0.0,0.0,20.0,0.0,0.0,6.0,7.0,6.0,13.5714285714286,0.0,0.0,6.0,6.0,6.0,13.3333333333333,0.0,13.9,-0.30000000000000004,0.79,Graduate
1.0,17.0,1.0,9254.0,1.0,1.0,111.0,1.0,19.0,19.0,3.0,10.0,117.7,0.0,0.0,0.0,1.0,0.0,0.0,20.0,0.0,0.0,6.0,8.0,5.0,10.8,0.0,0.0,6.0,9.0,4.0,11.5,0.0,9.4,-0.8,-3.12,Graduate
1.0,1.0,1.0,9085.0,1.0,1.0,133.1,1.0,38.0,37.0,1.0,1.0,115.0,1.0,0.0,0.0,1.0,0.0,0.0,21.0,0.0,0.0,5.0,8.0,3.0,11.3333333333333,1.0,0.0,5.0,8.0,3.0,13.3333333333333,0.0,12.700000000000001,3.7,-1.7000000000000002,Enrolled
2.0,1.0,1.0,9991.0,0.0,2.0,120.0,1.0,37.0,37.0,6.0,3.0,129.20000000000002,0.0,0.0,0.0,1.0,0.0,0.0,31.0,0.0,4.0,10.0,16.0,5.0,11.4,0.0,4.0,10.0,10.0,6.0,12.8333333333333,0.0,9.4,-0.8,-3.12,Dropout
1.0,1.0,1.0,9556.0,1.0,1.0,135.0,1.0,37.0,38.0,7.0,9.0,125.80000000000001,0.0,0.0,0.0,1.0,0.0,1.0,20.0,0.0,0.0,7.0,14.0,7.0,10.6428571428571,0.0,0.0,8.0,8.0,8.0,11.55,0.0,12.700000000000001,3.7,-1.7000000000000002,Graduate
1.0,17.0,5.0,9670.0,1.0,1.0,125.0,1.0,19.0,30.0,7.0,7.0,118.4,1.0,0.0,0.0,1.0,0.0,1.0,19.0,0.0,0.0,5.0,8.0,3.0,10.5,0.0,0.0,5.0,6.0,4.0,11.75,1.0,7.6000000000000005,2.6,0.32,Enrolled
1.0,1.0,1.0,9500.0,1.0,1.0,147.0,1.0,38.0,38.0,9.0,9.0,142.0,1.0,0.0,0.0,1.0,0.0,0.0,18.0,0.0,0.0,7.0,7.0,6.0,14.65,0.0,0.0,7.0,7.0,6.0,14.65,0.0,7.6000000000000005,2.6,0.32,Graduate
1.0,17.0,3.0,9500.0,1.0,1.0,137.0,1.0,19.0,37.0,7.0,7.0,126.7,1.0,0.0,0.0,1.0,0.0,1.0,19.0,0.0,0.0,7.0,7.0,7.0,13.714285714285701,0.0,0.0,8.0,11.0,8.0,14.8636363636364,0.0,16.2,0.30000000000000004,-0.92,Graduate
1.0,43.0,1.0,9238.0,1.0,1.0,117.0,1.0,34.0,34.0,0.0,0.0,109.30000000000001,0.0,0.0,0.0,1.0,0.0,0.0,30.0,0.0,9.0,16.0,19.0,15.0,12.266666666666701,0.0,11.0,13.0,14.0,13.0,12.0714285714286,0.0,9.4,-0.8,-3.12,Graduate
1.0,17.0,1.0,9238.0,1.0,1.0,126.0,1.0,37.0,19.0,9.0,8.0,116.9,1.0,0.0,0.0,1.0,0.0,0.0,21.0,0.0,0.0,6.0,11.0,6.0,10.375,0.0,0.0,6.0,12.0,3.0,11.6666666666667,0.0,12.700000000000001,3.7,-1.7000000000000002,Enrolled
1.0,18.0,1.0,9147.0,1.0,1.0,128.0,1.0,19.0,19.0,9.0,5.0,121.7,1.0,0.0,0.0,1.0,0.0,0.0,19.0,0.0,0.0,5.0,8.0,5.0,11.0,0.0,0.0,5.0,6.0,5.0,15.4,0.0,12.4,0.5,1.79,Graduate
1.0,1.0,6.0,9147.0,1.0,1.0,115.0,1.0,1.0,37.0,4.0,9.0,117.10000000000001,1.0,0.0,1.0,1.0,0.0,0.0,22.0,0.0,0.0,5.0,5.0,5.0,13.8,0.0,0.0,5.0,5.0,5.0,13.0,0.0,7.6000000000000005,2.6,0.32,Graduate
1.0,1.0,1.0,9773.0,1.0,1.0,121.0,1.0,1.0,38.0,4.0,9.0,114.4,0.0,0.0,0.0,1.0,0.0,1.0,18.0,0.0,0.0,6.0,6.0,6.0,12.6666666666667,0.0,0.0,6.0,6.0,6.0,12.8333333333333,0.0,11.100000000000001,0.6000000000000001,2.02,Graduate
1.0,17.0,1.0,9238.0,1.0,1.0,134.0,1.0,3.0,1.0,3.0,4.0,133.0,1.0,0.0,0.0,1.0,0.0,0.0,18.0,0.0,0.0,6.0,8.0,6.0,11.75,0.0,0.0,6.0,10.0,5.0,12.0,0.0,12.700000000000001,3.7,-1.7000000000000002,Graduate
1.0,1.0,3.0,9500.0,1.0,1.0,126.0,1.0,38.0,38.0,9.0,8.0,118.80000000000001,1.0,0.0,0.0,1.0,0.0,1.0,19.0,0.0,0.0,8.0,8.0,7.0,12.7857142857143,0.0,0.0,8.0,8.0,7.0,12.7857142857143,0.0,12.700000000000001,3.7,-1.7000000000000002,Graduate
1.0,1.0,1.0,9130.0,1.0,1.0,151.0,1.0,3.0,1.0,2.0,4.0,151.0,1.0,0.0,0.0,1.0,0.0,0.0,18.0,0.0,0.0,6.0,11.0,6.0,14.4444444444444,0.0,0.0,6.0,6.0,6.0,13.3333333333333,0.0,16.2,0.30000000000000004,-0.92,Graduate
1.0,1.0,6.0,9500.0,1.0,1.0,122.0,1.0,1.0,1.0,4.0,4.0,119.60000000000001,1.0,0.0,0.0,1.0,0.0,0.0,21.0,0.0,0.0,7.0,8.0,6.0,13.25,0.0,0.0,8.0,8.0,8.0,13.8375,0.0,13.9,-0.30000000000000004,0.79,Enrolled
1.0,17.0,1.0,9500.0,1.0,1.0,141.0,1.0,2.0,38.0,2.0,10.0,135.4,1.0,0.0,0.0,1.0,0.0,0.0,18.0,0.0,0.0,7.0,9.0,7.0,12.506250000000001,0.0,0.0,8.0,15.0,5.0,13.200000000000001,0.0,13.9,-0.30000000000000004,0.79,Enrolled
1.0,1.0,1.0,171.0,1.0,1.0,138.0,1.0,1.0,40.0,4.0,3.0,149.9,1.0,0.0,0.0,1.0,0.0,0.0,20.0,0.0,0.0,0.0,0.0,0.0,0.0,0.0,0.0,0.0,0.0,0.0,0.0,0.0,11.100000000000001,0.6000000000000001,2.02,Graduate
1.0,1.0,1.0,9085.0,1.0,1.0,133.0,1.0,38.0,37.0,9.0,7.0,120.10000000000001,1.0,0.0,0.0,1.0,0.0,0.0,18.0,0.0,0.0,5.0,8.0,4.0,12.75,1.0,0.0,5.0,10.0,4.0,11.75,0.0,12.700000000000001,3.7,-1.7000000000000002,Graduate
1.0,39.0,1.0,9085.0,1.0,3.0,150.0,1.0,2.0,3.0,4.0,7.0,173.3,1.0,0.0,0.0,1.0,0.0,0.0,25.0,0.0,1.0,6.0,7.0,6.0,16.8571428571429,0.0,1.0,6.0,6.0,6.0,16.5,0.0,13.9,-0.30000000000000004,0.79,Graduate
1.0,1.0,1.0,9773.0,1.0,1.0,136.0,1.0,19.0,19.0,4.0,3.0,126.2,0.0,0.0,0.0,1.0,0.0,0.0,19.0,0.0,0.0,6.0,6.0,6.0,13.1666666666667,0.0,0.0,6.0,6.0,6.0,15.0,0.0,16.2,0.30000000000000004,-0.92,Graduate
1.0,1.0,1.0,9853.0,1.0,1.0,129.0,1.0,19.0,38.0,2.0,7.0,126.9,1.0,0.0,0.0,1.0,0.0,1.0,19.0,0.0,0.0,6.0,9.0,5.0,12.200000000000001,0.0,0.0,6.0,10.0,4.0,11.5,0.0,7.6000000000000005,2.6,0.32,Enrolled
1.0,39.0,1.0,9085.0,1.0,1.0,128.0,1.0,19.0,1.0,9.0,10.0,157.4,1.0,0.0,0.0,1.0,0.0,0.0,26.0,0.0,0.0,6.0,7.0,6.0,16.5,0.0,0.0,6.0,8.0,6.0,14.2857142857143,0.0,8.9,1.4000000000000001,3.5100000000000002,Graduate
1.0,17.0,2.0,9147.0,1.0,1.0,131.0,1.0,1.0,19.0,4.0,5.0,120.2,1.0,0.0,0.0,1.0,0.0,0.0,21.0,0.0,0.0,5.0,10.0,4.0,11.75,0.0,0.0,5.0,6.0,5.0,11.600000000000001,0.0,12.4,0.5,1.79,Graduate
1.0,1.0,1.0,9147.0,1.0,1.0,130.0,1.0,38.0,38.0,2.0,9.0,124.80000000000001,0.0,0.0,0.0,1.0,0.0,0.0,19.0,0.0,0.0,5.0,14.0,1.0,11.0,0.0,0.0,5.0,6.0,0.0,0.0,0.0,13.9,-0.30000000000000004,0.79,Dropout
1.0,17.0,1.0,9500.0,1.0,1.0,150.0,1.0,37.0,37.0,9.0,9.0,130.3,0.0,0.0,0.0,1.0,0.0,1.0,19.0,0.0,0.0,8.0,8.0,7.0,15.1142857142857,0.0,0.0,8.0,8.0,7.0,15.1142857142857,0.0,12.700000000000001,3.7,-1.7000000000000002,Graduate
1.0,1.0,1.0,9238.0,1.0,1.0,165.0,1.0,37.0,38.0,9.0,8.0,152.4,1.0,0.0,0.0,1.0,0.0,1.0,18.0,0.0,0.0,6.0,8.0,6.0,15.5,0.0,0.0,6.0,7.0,6.0,14.2857142857143,0.0,16.2,0.30000000000000004,-0.92,Graduate
2.0,43.0,1.0,9991.0,0.0,1.0,133.1,1.0,37.0,37.0,9.0,7.0,113.5,0.0,0.0,0.0,1.0,0.0,1.0,32.0,0.0,3.0,10.0,12.0,7.0,11.1428571428571,0.0,4.0,10.0,10.0,8.0,12.0,0.0,10.8,1.4000000000000001,1.74,Graduate
1.0,1.0,1.0,9238.0,1.0,1.0,126.0,1.0,3.0,1.0,5.0,5.0,125.7,0.0,0.0,0.0,1.0,0.0,1.0,18.0,0.0,0.0,6.0,6.0,6.0,11.3333333333333,0.0,0.0,6.0,8.0,6.0,11.3333333333333,0.0,15.5,2.8000000000000003,-4.0600000000000005,Graduate
1.0,1.0,5.0,9500.0,1.0,1.0,101.0,1.0,1.0,1.0,3.0,4.0,102.4,0.0,0.0,0.0,1.0,0.0,0.0,20.0,0.0,0.0,7.0,9.0,5.0,12.040000000000001,0.0,0.0,7.0,9.0,6.0,11.7714285714286,0.0,12.4,0.5,1.79,Enrolled
1.0,17.0,3.0,9147.0,1.0,1.0,125.0,1.0,38.0,19.0,7.0,7.0,125.7,0.0,0.0,0.0,1.0,0.0,0.0,20.0,0.0,0.0,5.0,7.0,5.0,11.1666666666667,0.0,0.0,5.0,9.0,4.0,10.75,0.0,15.5,2.8000000000000003,-4.0600000000000005,Enrolled
4.0,39.0,1.0,9670.0,1.0,1.0,100.0,1.0,37.0,37.0,4.0,10.0,120.0,0.0,0.0,1.0,1.0,0.0,1.0,39.0,0.0,0.0,5.0,6.0,5.0,10.600000000000001,0.0,0.0,5.0,7.0,4.0,10.75,0.0,9.4,-0.8,-3.12,Graduate
1.0,1.0,1.0,9130.0,1.0,1.0,117.0,1.0,1.0,1.0,9.0,9.0,109.30000000000001,1.0,0.0,0.0,1.0,0.0,0.0,20.0,0.0,0.0,5.0,10.0,4.0,12.5,0.0,0.0,5.0,12.0,2.0,13.0,0.0,12.700000000000001,3.7,-1.7000000000000002,Enrolled
1.0,1.0,1.0,171.0,1.0,1.0,159.0,1.0,3.0,1.0,4.0,4.0,162.20000000000002,1.0,0.0,1.0,0.0,0.0,0.0,18.0,0.0,0.0,0.0,0.0,0.0,0.0,0.0,0.0,0.0,0.0,0.0,0.0,0.0,12.4,0.5,1.79,Dropout
1.0,17.0,1.0,9773.0,1.0,1.0,177.0,1.0,2.0,1.0,123.0,135.0,155.70000000000002,0.0,0.0,1.0,1.0,0.0,1.0,18.0,0.0,0.0,6.0,6.0,6.0,15.6666666666667,0.0,0.0,6.0,6.0,6.0,13.8333333333333,0.0,8.9,1.4000000000000001,3.5100000000000002,Graduate
1.0,1.0,1.0,171.0,1.0,1.0,156.0,1.0,3.0,3.0,2.0,2.0,147.70000000000002,1.0,0.0,0.0,1.0,0.0,0.0,21.0,0.0,6.0,12.0,12.0,12.0,15.3333333333333,0.0,4.0,11.0,15.0,11.0,15.0,0.0,8.9,1.4000000000000001,3.5100000000000002,Graduate
1.0,1.0,5.0,9500.0,1.0,1.0,125.0,1.0,1.0,1.0,3.0,8.0,115.60000000000001,1.0,0.0,0.0,1.0,0.0,0.0,18.0,0.0,0.0,7.0,9.0,6.0,12.1833333333333,0.0,0.0,7.0,9.0,6.0,11.783333333333301,0.0,16.2,0.30000000000000004,-0.92,Enrolled
1.0,1.0,2.0,9147.0,1.0,1.0,130.0,1.0,37.0,37.0,9.0,9.0,117.80000000000001,0.0,0.0,0.0,1.0,0.0,0.0,18.0,0.0,0.0,5.0,8.0,2.0,10.0,0.0,0.0,5.0,9.0,3.0,11.3333333333333,0.0,7.6000000000000005,2.6,0.32,Enrolled
1.0,43.0,1.0,9003.0,1.0,1.0,125.0,1.0,1.0,38.0,4.0,7.0,125.0,1.0,0.0,0.0,1.0,0.0,0.0,21.0,0.0,9.0,14.0,23.0,9.0,12.0,2.0,6.0,12.0,21.0,8.0,11.25,0.0,15.5,2.8000000000000003,-4.0600000000000005,Graduate
1.0,1.0,1.0,9147.0,1.0,1.0,127.0,1.0,19.0,19.0,5.0,5.0,129.8,1.0,0.0,0.0,1.0,0.0,0.0,22.0,0.0,0.0,5.0,8.0,3.0,10.3333333333333,0.0,0.0,5.0,11.0,2.0,10.0,0.0,7.6000000000000005,2.6,0.32,Dropout
1.0,17.0,1.0,9254.0,1.0,1.0,121.0,1.0,1.0,1.0,4.0,4.0,123.10000000000001,1.0,0.0,0.0,1.0,1.0,0.0,21.0,0.0,0.0,6.0,11.0,6.0,11.1666666666667,0.0,0.0,6.0,14.0,3.0,14.6666666666667,0.0,7.6000000000000005,2.6,0.32,Enrolled
1.0,43.0,1.0,9070.0,1.0,1.0,135.0,1.0,19.0,19.0,9.0,9.0,122.80000000000001,1.0,0.0,0.0,1.0,1.0,1.0,20.0,0.0,0.0,6.0,8.0,3.0,11.0,0.0,0.0,6.0,8.0,2.0,11.3333333333333,0.0,10.8,1.4000000000000001,1.74,Enrolled
1.0,1.0,2.0,171.0,1.0,1.0,125.0,1.0,38.0,19.0,9.0,9.0,117.30000000000001,1.0,0.0,0.0,1.0,1.0,1.0,21.0,0.0,0.0,0.0,0.0,0.0,0.0,0.0,0.0,0.0,0.0,0.0,0.0,0.0,10.8,1.4000000000000001,1.74,Graduate
1.0,1.0,1.0,9254.0,1.0,1.0,138.0,41.0,1.0,1.0,9.0,9.0,126.5,1.0,0.0,0.0,1.0,0.0,1.0,20.0,1.0,0.0,6.0,7.0,6.0,12.8571428571429,0.0,0.0,6.0,8.0,5.0,11.8,0.0,8.9,1.4000000000000001,3.5100000000000002,Graduate
1.0,1.0,4.0,9500.0,1.0,1.0,136.0,1.0,19.0,38.0,9.0,9.0,123.0,1.0,0.0,0.0,1.0,0.0,0.0,19.0,0.0,0.0,8.0,8.0,7.0,14.3285714285714,0.0,0.0,8.0,8.0,7.0,14.3285714285714,0.0,10.8,1.4000000000000001,1.74,Graduate
1.0,1.0,1.0,9238.0,1.0,1.0,142.0,1.0,1.0,38.0,5.0,7.0,127.7,0.0,0.0,0.0,1.0,0.0,1.0,20.0,0.0,0.0,6.0,7.0,6.0,15.0,0.0,0.0,6.0,6.0,6.0,16.3333333333333,0.0,13.9,-0.30000000000000004,0.79,Graduate
1.0,1.0,1.0,9085.0,1.0,1.0,129.0,1.0,19.0,37.0,9.0,9.0,117.5,1.0,0.0,0.0,1.0,0.0,0.0,19.0,0.0,0.0,5.0,9.0,5.0,13.600000000000001,1.0,0.0,5.0,5.0,5.0,12.4,0.0,12.700000000000001,3.7,-1.7000000000000002,Graduate
1.0,1.0,1.0,9085.0,1.0,1.0,134.0,1.0,1.0,1.0,2.0,7.0,128.4,1.0,0.0,0.0,1.0,0.0,1.0,18.0,0.0,0.0,5.0,12.0,5.0,12.8571428571429,2.0,0.0,5.0,8.0,4.0,13.25,0.0,9.4,-0.8,-3.12,Graduate
1.0,17.0,2.0,9853.0,1.0,1.0,123.0,1.0,3.0,1.0,2.0,3.0,124.10000000000001,1.0,0.0,0.0,1.0,0.0,0.0,18.0,0.0,0.0,6.0,7.0,2.0,14.5,0.0,0.0,6.0,6.0,1.0,10.0,0.0,15.5,2.8000000000000003,-4.0600000000000005,Dropout
1.0,39.0,1.0,9991.0,0.0,1.0,150.0,1.0,19.0,38.0,9.0,8.0,140.9,0.0,1.0,0.0,1.0,0.0,0.0,24.0,0.0,0.0,5.0,7.0,3.0,10.6666666666667,0.0,0.0,5.0,7.0,3.0,10.5,0.0,10.8,1.4000000000000001,1.74,Dropout
1.0,1.0,1.0,9254.0,1.0,1.0,129.0,1.0,1.0,1.0,4.0,2.0,126.2,0.0,0.0,1.0,0.0,0.0,1.0,21.0,0.0,0.0,6.0,7.0,6.0,13.4285714285714,0.0,0.0,6.0,8.0,6.0,11.3333333333333,0.0,8.9,1.4000000000000001,3.5100000000000002,Dropout
1.0,1.0,3.0,9500.0,1.0,1.0,134.0,1.0,1.0,37.0,8.0,7.0,120.5,1.0,0.0,0.0,1.0,1.0,1.0,18.0,0.0,0.0,7.0,12.0,7.0,11.7166666666667,0.0,0.0,8.0,13.0,4.0,10.868,0.0,15.5,2.8000000000000003,-4.0600000000000005,Graduate
1.0,17.0,1.0,9147.0,1.0,1.0,127.0,1.0,1.0,37.0,4.0,8.0,121.10000000000001,1.0,0.0,0.0,1.0,1.0,1.0,20.0,0.0,0.0,5.0,11.0,4.0,12.0,0.0,0.0,5.0,5.0,5.0,12.8,0.0,11.100000000000001,0.6000000000000001,2.02,Graduate
1.0,18.0,2.0,9853.0,1.0,1.0,123.0,1.0,1.0,3.0,9.0,2.0,123.7,1.0,0.0,1.0,0.0,0.0,0.0,20.0,0.0,0.0,6.0,11.0,5.0,13.200000000000001,0.0,0.0,6.0,8.0,4.0,10.75,0.0,10.8,1.4000000000000001,1.74,Dropout
1.0,17.0,3.0,9254.0,1.0,1.0,127.0,1.0,12.0,38.0,5.0,7.0,116.9,1.0,0.0,1.0,1.0,0.0,0.0,18.0,0.0,0.0,6.0,7.0,5.0,12.200000000000001,0.0,0.0,6.0,10.0,4.0,12.25,0.0,12.4,0.5,1.79,Dropout
1.0,39.0,1.0,9556.0,1.0,1.0,133.1,1.0,38.0,19.0,9.0,6.0,100.0,1.0,0.0,0.0,1.0,0.0,1.0,25.0,0.0,0.0,7.0,11.0,5.0,12.58,0.0,0.0,7.0,9.0,6.0,12.157142857142901,0.0,8.9,1.4000000000000001,3.5100000000000002,Graduate
1.0,17.0,5.0,9238.0,1.0,1.0,131.0,1.0,19.0,37.0,5.0,7.0,120.2,1.0,0.0,0.0,1.0,0.0,1.0,19.0,0.0,0.0,6.0,9.0,5.0,11.3333333333333,0.0,0.0,6.0,6.0,6.0,10.8333333333333,0.0,13.9,-0.30000000000000004,0.79,Enrolled
2.0,39.0,1.0,33.0,1.0,1.0,120.0,1.0,38.0,1.0,9.0,5.0,153.8,0.0,0.0,1.0,1.0,1.0,0.0,35.0,0.0,0.0,7.0,9.0,0.0,0.0,0.0,0.0,7.0,8.0,0.0,0.0,0.0,11.100000000000001,0.6000000000000001,2.02,Dropout
1.0,1.0,4.0,9500.0,1.0,1.0,133.0,1.0,19.0,19.0,9.0,5.0,120.10000000000001,1.0,0.0,0.0,1.0,0.0,1.0,19.0,0.0,0.0,7.0,9.0,6.0,12.4285714285714,0.0,0.0,8.0,8.0,8.0,14.0,0.0,13.9,-0.30000000000000004,0.79,Graduate
1.0,1.0,1.0,9670.0,1.0,1.0,133.0,1.0,38.0,38.0,9.0,9.0,128.1,1.0,0.0,0.0,1.0,1.0,1.0,18.0,0.0,0.0,6.0,6.0,6.0,13.0,0.0,0.0,6.0,6.0,6.0,13.0,0.0,13.9,-0.30000000000000004,0.79,Dropout
1.0,1.0,1.0,9500.0,1.0,1.0,143.0,1.0,3.0,19.0,3.0,10.0,126.80000000000001,0.0,0.0,0.0,1.0,1.0,0.0,19.0,0.0,0.0,8.0,8.0,7.0,14.5357142857143,0.0,0.0,8.0,8.0,7.0,14.5357142857143,0.0,10.8,1.4000000000000001,1.74,Graduate
1.0,43.0,1.0,9500.0,1.0,1.0,140.0,1.0,19.0,38.0,9.0,7.0,125.7,1.0,0.0,0.0,1.0,1.0,1.0,19.0,0.0,0.0,7.0,8.0,5.0,11.200000000000001,0.0,0.0,7.0,8.0,5.0,11.200000000000001,0.0,7.6000000000000005,2.6,0.32,Enrolled
1.0,17.0,1.0,9070.0,1.0,1.0,157.0,1.0,3.0,3.0,3.0,3.0,146.20000000000002,0.0,0.0,0.0,1.0,1.0,0.0,18.0,0.0,0.0,6.0,6.0,6.0,16.0,0.0,0.0,6.0,6.0,6.0,13.6666666666667,0.0,12.4,0.5,1.79,Graduate
1.0,39.0,1.0,9130.0,1.0,19.0,133.1,1.0,19.0,3.0,9.0,2.0,140.0,1.0,0.0,1.0,1.0,1.0,0.0,24.0,0.0,0.0,6.0,13.0,5.0,13.1428571428571,0.0,0.0,6.0,15.0,3.0,12.6666666666667,0.0,16.2,0.30000000000000004,-0.92,Dropout
1.0,43.0,1.0,8014.0,0.0,1.0,145.0,6.0,34.0,34.0,0.0,0.0,134.5,1.0,0.0,0.0,1.0,1.0,0.0,25.0,1.0,8.0,14.0,23.0,11.0,11.6875,0.0,6.0,10.0,20.0,8.0,11.1428571428571,0.0,9.4,-0.8,-3.12,Graduate
1.0,39.0,1.0,9119.0,1.0,1.0,130.0,1.0,37.0,3.0,9.0,3.0,137.0,1.0,0.0,0.0,1.0,1.0,0.0,28.0,0.0,0.0,5.0,11.0,4.0,10.5,0.0,0.0,5.0,12.0,4.0,11.0,4.0,7.6000000000000005,2.6,0.32,Enrolled
1.0,1.0,1.0,9085.0,1.0,1.0,111.0,1.0,1.0,38.0,5.0,9.0,107.5,0.0,0.0,0.0,1.0,1.0,1.0,19.0,0.0,0.0,6.0,9.0,6.0,13.8333333333333,0.0,0.0,6.0,12.0,5.0,13.6666666666667,0.0,11.100000000000001,0.6000000000000001,2.02,Graduate
1.0,17.0,2.0,9119.0,1.0,1.0,116.0,1.0,19.0,1.0,9.0,7.0,112.2,0.0,0.0,0.0,1.0,1.0,0.0,19.0,0.0,0.0,5.0,0.0,0.0,0.0,0.0,0.0,5.0,0.0,0.0,0.0,0.0,16.2,0.30000000000000004,-0.92,Dropout
1.0,39.0,1.0,9130.0,1.0,10.0,133.1,1.0,12.0,36.0,90.0,90.0,128.20000000000002,0.0,0.0,0.0,0.0,1.0,1.0,30.0,0.0,0.0,5.0,13.0,0.0,0.0,3.0,0.0,5.0,5.0,0.0,0.0,5.0,9.4,-0.8,-3.12,Dropout
1.0,1.0,1.0,9500.0,1.0,1.0,135.0,1.0,19.0,19.0,4.0,5.0,126.80000000000001,1.0,0.0,0.0,1.0,1.0,0.0,19.0,0.0,0.0,7.0,9.0,0.0,0.0,0.0,0.0,7.0,8.0,0.0,0.0,0.0,15.5,2.8000000000000003,-4.0600000000000005,Dropout
1.0,17.0,1.0,9147.0,1.0,1.0,145.0,1.0,19.0,38.0,4.0,4.0,132.1,1.0,0.0,0.0,1.0,1.0,0.0,21.0,0.0,0.0,5.0,10.0,1.0,10.0,0.0,0.0,5.0,5.0,0.0,0.0,0.0,11.100000000000001,0.6000000000000001,2.02,Dropout
1.0,1.0,1.0,171.0,1.0,1.0,118.0,1.0,37.0,37.0,3.0,5.0,110.0,0.0,0.0,0.0,1.0,1.0,0.0,19.0,0.0,0.0,0.0,0.0,0.0,0.0,0.0,0.0,0.0,0.0,0.0,0.0,0.0,13.9,-0.30000000000000004,0.79,Dropout
1.0,39.0,1.0,9003.0,1.0,1.0,130.0,1.0,19.0,19.0,9.0,5.0,100.0,0.0,0.0,0.0,0.0,1.0,0.0,29.0,0.0,0.0,6.0,9.0,0.0,0.0,0.0,0.0,6.0,6.0,0.0,0.0,0.0,13.9,-0.30000000000000004,0.79,Dropout
1.0,1.0,1.0,9670.0,1.0,1.0,115.0,1.0,19.0,37.0,9.0,9.0,114.30000000000001,0.0,0.0,0.0,1.0,1.0,0.0,18.0,0.0,0.0,6.0,7.0,4.0,12.600000000000001,0.0,0.0,6.0,6.0,4.0,13.0,0.0,12.4,0.5,1.79,Dropout
1.0,1.0,2.0,9147.0,1.0,1.0,122.0,1.0,1.0,38.0,4.0,5.0,116.4,0.0,0.0,0.0,1.0,1.0,0.0,21.0,0.0,0.0,5.0,10.0,3.0,11.25,0.0,0.0,5.0,9.0,3.0,11.0,0.0,15.5,2.8000000000000003,-4.0600000000000005,Enrolled
1.0,42.0,1.0,9070.0,1.0,1.0,120.0,1.0,3.0,2.0,3.0,1.0,116.9,0.0,0.0,0.0,1.0,1.0,0.0,20.0,0.0,6.0,7.0,13.0,7.0,12.375,0.0,4.0,7.0,8.0,4.0,11.25,0.0,13.9,-0.30000000000000004,0.79,Dropout
1.0,51.0,1.0,9991.0,0.0,1.0,120.0,1.0,38.0,3.0,5.0,3.0,128.20000000000002,0.0,0.0,1.0,1.0,1.0,0.0,24.0,0.0,3.0,10.0,15.0,7.0,10.714285714285701,0.0,3.0,10.0,11.0,9.0,12.5555555555556,0.0,12.4,0.5,1.79,Enrolled
1.0,17.0,2.0,9773.0,1.0,1.0,120.0,1.0,1.0,1.0,2.0,5.0,127.0,1.0,0.0,0.0,0.0,1.0,0.0,18.0,0.0,0.0,6.0,6.0,0.0,0.0,0.0,0.0,6.0,0.0,0.0,0.0,0.0,8.9,1.4000000000000001,3.5100000000000002,Dropout
1.0,42.0,1.0,9003.0,1.0,1.0,140.0,1.0,1.0,3.0,4.0,2.0,140.0,1.0,0.0,0.0,1.0,1.0,0.0,23.0,0.0,0.0,6.0,14.0,5.0,12.0,0.0,0.0,6.0,12.0,5.0,12.1428571428571,0.0,15.5,2.8000000000000003,-4.0600000000000005,Enrolled
1.0,1.0,6.0,9147.0,1.0,1.0,127.0,1.0,1.0,19.0,1.0,6.0,120.0,1.0,0.0,0.0,1.0,1.0,0.0,19.0,0.0,0.0,5.0,6.0,5.0,12.600000000000001,0.0,0.0,5.0,8.0,3.0,12.6666666666667,0.0,8.9,1.4000000000000001,3.5100000000000002,Graduate
1.0,7.0,1.0,9254.0,1.0,3.0,110.0,1.0,19.0,19.0,3.0,3.0,110.0,0.0,0.0,0.0,1.0,1.0,0.0,35.0,0.0,0.0,6.0,7.0,0.0,0.0,0.0,0.0,6.0,6.0,0.0,0.0,0.0,16.2,0.30000000000000004,-0.92,Dropout
1.0,1.0,1.0,9500.0,1.0,1.0,148.0,1.0,1.0,1.0,9.0,9.0,127.0,1.0,0.0,0.0,1.0,1.0,0.0,20.0,0.0,0.0,8.0,8.0,7.0,12.841428571428601,0.0,0.0,8.0,8.0,7.0,12.841428571428601,0.0,10.8,1.4000000000000001,1.74,Graduate
2.0,39.0,1.0,9238.0,1.0,42.0,170.0,1.0,19.0,38.0,8.0,8.0,159.5,0.0,0.0,0.0,1.0,1.0,0.0,33.0,0.0,0.0,6.0,6.0,0.0,0.0,0.0,0.0,5.0,5.0,0.0,0.0,0.0,8.9,1.4000000000000001,3.5100000000000002,Dropout
1.0,1.0,1.0,9773.0,1.0,1.0,146.0,1.0,1.0,3.0,4.0,1.0,135.20000000000002,1.0,0.0,0.0,1.0,1.0,0.0,18.0,0.0,0.0,6.0,7.0,6.0,14.1666666666667,0.0,0.0,6.0,6.0,6.0,12.8333333333333,0.0,9.4,-0.8,-3.12,Graduate
1.0,1.0,1.0,9773.0,1.0,1.0,127.0,1.0,5.0,3.0,4.0,4.0,122.80000000000001,1.0,0.0,0.0,1.0,1.0,0.0,20.0,0.0,0.0,6.0,7.0,6.0,12.1666666666667,0.0,0.0,6.0,9.0,3.0,12.0,0.0,12.4,0.5,1.79,Enrolled
1.0,17.0,1.0,9773.0,1.0,1.0,125.0,1.0,3.0,3.0,2.0,3.0,118.0,1.0,0.0,0.0,1.0,1.0,0.0,19.0,0.0,0.0,6.0,12.0,4.0,10.8,0.0,0.0,6.0,14.0,3.0,11.0,0.0,13.9,-0.30000000000000004,0.79,Dropout
1.0,17.0,5.0,9773.0,1.0,1.0,139.0,1.0,38.0,1.0,4.0,4.0,123.60000000000001,1.0,0.0,0.0,1.0,1.0,0.0,18.0,0.0,0.0,6.0,6.0,6.0,13.0,0.0,0.0,6.0,12.0,0.0,0.0,0.0,7.6000000000000005,2.6,0.32,Dropout
1.0,39.0,1.0,9991.0,0.0,1.0,133.1,1.0,37.0,37.0,7.0,9.0,111.0,0.0,0.0,0.0,0.0,1.0,0.0,28.0,0.0,0.0,5.0,0.0,0.0,0.0,0.0,0.0,5.0,0.0,0.0,0.0,0.0,8.9,1.4000000000000001,3.5100000000000002,Dropout
1.0,1.0,1.0,9147.0,1.0,1.0,146.0,1.0,5.0,1.0,1.0,5.0,144.6,0.0,0.0,0.0,1.0,1.0,0.0,18.0,0.0,0.0,5.0,5.0,5.0,13.0,0.0,0.0,5.0,6.0,5.0,13.3333333333333,0.0,16.2,0.30000000000000004,-0.92,Graduate
1.0,1.0,1.0,9773.0,1.0,1.0,109.0,1.0,2.0,3.0,3.0,3.0,111.80000000000001,1.0,0.0,1.0,1.0,1.0,0.0,25.0,0.0,0.0,6.0,8.0,6.0,11.5714285714286,0.0,0.0,6.0,9.0,6.0,11.5714285714286,0.0,15.5,2.8000000000000003,-4.0600000000000005,Dropout
1.0,1.0,1.0,9238.0,1.0,1.0,135.0,1.0,1.0,38.0,4.0,6.0,122.10000000000001,0.0,1.0,1.0,0.0,1.0,0.0,19.0,0.0,0.0,6.0,6.0,4.0,11.5,0.0,0.0,6.0,6.0,5.0,11.0,0.0,8.9,1.4000000000000001,3.5100000000000002,Dropout
1.0,18.0,2.0,9070.0,1.0,1.0,122.0,1.0,38.0,19.0,5.0,5.0,119.9,0.0,0.0,0.0,1.0,1.0,0.0,18.0,0.0,0.0,6.0,8.0,5.0,11.0,0.0,0.0,6.0,6.0,4.0,10.75,0.0,9.4,-0.8,-3.12,Graduate
1.0,7.0,1.0,9003.0,1.0,3.0,130.0,1.0,3.0,3.0,6.0,2.0,130.0,1.0,0.0,0.0,1.0,1.0,0.0,29.0,0.0,1.0,6.0,10.0,6.0,17.1111111111111,0.0,2.0,6.0,9.0,6.0,15.5714285714286,0.0,13.9,-0.30000000000000004,0.79,Graduate
1.0,1.0,1.0,171.0,1.0,1.0,124.0,1.0,2.0,2.0,3.0,2.0,118.4,1.0,0.0,0.0,1.0,1.0,0.0,18.0,0.0,0.0,0.0,0.0,0.0,0.0,0.0,0.0,0.0,0.0,0.0,0.0,0.0,7.6000000000000005,2.6,0.32,Enrolled
1.0,1.0,1.0,9254.0,1.0,1.0,115.0,1.0,3.0,2.0,4.0,5.0,112.60000000000001,0.0,0.0,0.0,1.0,1.0,1.0,20.0,0.0,0.0,6.0,9.0,6.0,12.5714285714286,0.0,0.0,6.0,6.0,6.0,12.1666666666667,0.0,8.9,1.4000000000000001,3.5100000000000002,Graduate
1.0,44.0,1.0,9003.0,1.0,39.0,150.0,1.0,3.0,19.0,2.0,6.0,150.0,0.0,0.0,0.0,1.0,1.0,0.0,20.0,0.0,0.0,6.0,6.0,0.0,0.0,0.0,0.0,6.0,8.0,0.0,0.0,0.0,15.5,2.8000000000000003,-4.0600000000000005,Dropout
1.0,1.0,4.0,9070.0,1.0,1.0,170.0,1.0,3.0,3.0,2.0,2.0,165.8,1.0,0.0,0.0,1.0,1.0,0.0,18.0,0.0,0.0,6.0,7.0,6.0,14.5,0.0,0.0,6.0,6.0,6.0,15.1666666666667,0.0,9.4,-0.8,-3.12,Graduate
1.0,1.0,6.0,9254.0,1.0,1.0,102.0,1.0,3.0,1.0,2.0,2.0,101.7,1.0,0.0,0.0,1.0,1.0,1.0,21.0,0.0,0.0,6.0,6.0,6.0,13.5,0.0,0.0,6.0,6.0,6.0,12.3333333333333,0.0,12.4,0.5,1.79,Graduate
1.0,17.0,2.0,9254.0,1.0,1.0,140.0,1.0,3.0,3.0,2.0,2.0,124.30000000000001,0.0,0.0,0.0,0.0,1.0,0.0,18.0,0.0,0.0,6.0,9.0,5.0,11.200000000000001,0.0,0.0,6.0,14.0,2.0,10.0,0.0,9.4,-0.8,-3.12,Dropout
1.0,1.0,5.0,9119.0,1.0,1.0,135.0,1.0,37.0,37.0,90.0,90.0,122.10000000000001,1.0,0.0,0.0,1.0,1.0,0.0,20.0,0.0,0.0,5.0,10.0,3.0,10.6666666666667,0.0,0.0,5.0,5.0,4.0,12.25,0.0,7.6000000000000005,2.6,0.32,Graduate
1.0,43.0,1.0,8014.0,0.0,1.0,148.0,1.0,37.0,37.0,9.0,9.0,134.70000000000002,0.0,0.0,0.0,1.0,0.0,0.0,23.0,0.0,9.0,13.0,15.0,9.0,11.0,0.0,4.0,11.0,12.0,7.0,11.5714285714286,0.0,15.5,2.8000000000000003,-4.0600000000000005,Enrolled
1.0,39.0,1.0,9991.0,0.0,1.0,140.0,1.0,1.0,37.0,9.0,8.0,154.5,0.0,0.0,0.0,1.0,0.0,0.0,26.0,0.0,0.0,1.0,2.0,0.0,0.0,0.0,0.0,5.0,8.0,0.0,0.0,0.0,16.2,0.30000000000000004,-0.92,Dropout
1.0,17.0,3.0,9670.0,1.0,1.0,147.0,1.0,37.0,37.0,8.0,8.0,128.8,0.0,0.0,1.0,1.0,0.0,0.0,19.0,0.0,0.0,5.0,5.0,1.0,10.0,0.0,0.0,5.0,5.0,0.0,0.0,0.0,9.4,-0.8,-3.12,Dropout
1.0,39.0,1.0,9556.0,1.0,1.0,140.0,1.0,37.0,38.0,9.0,9.0,106.0,1.0,0.0,1.0,0.0,0.0,1.0,24.0,0.0,0.0,7.0,14.0,5.0,12.36,0.0,1.0,8.0,15.0,5.0,12.0,0.0,8.9,1.4000000000000001,3.5100000000000002,Dropout
1.0,1.0,1.0,9670.0,1.0,1.0,157.0,1.0,19.0,38.0,9.0,7.0,146.20000000000002,1.0,0.0,0.0,1.0,0.0,1.0,20.0,0.0,0.0,6.0,8.0,6.0,15.25,0.0,0.0,6.0,7.0,6.0,14.714285714285701,0.0,11.100000000000001,0.6000000000000001,2.02,Graduate
1.0,17.0,1.0,9991.0,0.0,1.0,120.0,1.0,38.0,3.0,9.0,3.0,116.9,1.0,0.0,1.0,0.0,0.0,0.0,26.0,0.0,0.0,5.0,5.0,0.0,0.0,0.0,0.0,5.0,6.0,0.0,0.0,0.0,10.8,1.4000000000000001,1.74,Dropout
1.0,39.0,1.0,9147.0,1.0,12.0,133.1,1.0,19.0,37.0,7.0,9.0,118.2,0.0,0.0,0.0,1.0,0.0,0.0,31.0,0.0,0.0,5.0,8.0,1.0,13.0,2.0,0.0,5.0,9.0,4.0,12.25,0.0,10.8,1.4000000000000001,1.74,Dropout
2.0,43.0,1.0,9500.0,1.0,1.0,140.0,1.0,37.0,37.0,9.0,10.0,105.7,1.0,0.0,0.0,1.0,0.0,0.0,27.0,0.0,0.0,8.0,8.0,8.0,13.81375,0.0,0.0,8.0,8.0,8.0,13.81375,0.0,9.4,-0.8,-3.12,Graduate
1.0,1.0,1.0,9085.0,1.0,1.0,130.0,1.0,19.0,38.0,9.0,9.0,126.9,0.0,0.0,1.0,1.0,0.0,0.0,24.0,0.0,0.0,6.0,8.0,6.0,13.2857142857143,0.0,0.0,6.0,13.0,6.0,12.875,0.0,11.100000000000001,0.6000000000000001,2.02,Graduate
1.0,44.0,1.0,9085.0,1.0,39.0,150.0,1.0,19.0,38.0,194.0,193.0,150.0,1.0,0.0,0.0,1.0,0.0,0.0,23.0,0.0,0.0,6.0,11.0,4.0,11.5,0.0,0.0,6.0,12.0,4.0,12.200000000000001,0.0,8.9,1.4000000000000001,3.5100000000000002,Enrolled
1.0,1.0,2.0,9500.0,1.0,1.0,115.0,1.0,38.0,38.0,9.0,8.0,108.4,1.0,0.0,0.0,1.0,0.0,1.0,20.0,0.0,0.0,7.0,8.0,7.0,11.9625,0.0,0.0,8.0,9.0,8.0,13.0444444444444,0.0,13.9,-0.30000000000000004,0.79,Graduate
1.0,1.0,6.0,9500.0,1.0,1.0,118.0,1.0,38.0,38.0,5.0,5.0,114.2,1.0,0.0,0.0,1.0,0.0,0.0,20.0,0.0,0.0,7.0,9.0,6.0,13.6833333333333,0.0,0.0,8.0,11.0,6.0,13.116666666666701,0.0,11.100000000000001,0.6000000000000001,2.02,Graduate
1.0,39.0,1.0,9500.0,1.0,1.0,130.0,1.0,38.0,1.0,9.0,4.0,140.0,1.0,0.0,0.0,1.0,0.0,0.0,24.0,0.0,0.0,8.0,8.0,7.0,14.9857142857143,0.0,0.0,8.0,8.0,7.0,14.9857142857143,0.0,12.700000000000001,3.7,-1.7000000000000002,Graduate
2.0,39.0,1.0,9147.0,1.0,1.0,130.0,1.0,37.0,37.0,9.0,9.0,142.5,0.0,0.0,0.0,1.0,0.0,0.0,39.0,0.0,0.0,5.0,8.0,4.0,11.25,0.0,0.0,5.0,8.0,4.0,11.5,0.0,11.100000000000001,0.6000000000000001,2.02,Enrolled
1.0,1.0,2.0,9773.0,1.0,1.0,130.0,1.0,19.0,38.0,3.0,9.0,126.5,1.0,0.0,0.0,1.0,0.0,0.0,18.0,0.0,0.0,6.0,8.0,4.0,12.5,0.0,0.0,6.0,6.0,5.0,12.600000000000001,0.0,12.700000000000001,3.7,-1.7000000000000002,Graduate
1.0,17.0,3.0,9085.0,1.0,1.0,120.0,1.0,37.0,38.0,9.0,9.0,111.30000000000001,0.0,0.0,0.0,1.0,0.0,0.0,20.0,0.0,0.0,6.0,0.0,0.0,0.0,0.0,0.0,6.0,0.0,0.0,0.0,0.0,11.100000000000001,0.6000000000000001,2.02,Dropout
1.0,1.0,2.0,9500.0,1.0,1.0,130.0,1.0,1.0,1.0,4.0,3.0,125.10000000000001,1.0,0.0,0.0,1.0,0.0,0.0,18.0,0.0,0.0,7.0,10.0,7.0,13.780000000000001,0.0,0.0,8.0,10.0,8.0,13.661,0.0,15.5,2.8000000000000003,-4.0600000000000005,Graduate
1.0,1.0,2.0,9500.0,1.0,1.0,141.0,1.0,37.0,37.0,9.0,7.0,126.30000000000001,1.0,0.0,0.0,1.0,0.0,0.0,19.0,0.0,0.0,7.0,10.0,7.0,13.805,0.0,0.0,8.0,8.0,8.0,14.2725,0.0,15.5,2.8000000000000003,-4.0600000000000005,Graduate
1.0,17.0,1.0,9085.0,1.0,1.0,138.0,1.0,1.0,19.0,4.0,9.0,142.20000000000002,1.0,0.0,0.0,1.0,0.0,0.0,18.0,0.0,0.0,5.0,7.0,5.0,13.8,0.0,0.0,5.0,5.0,5.0,12.600000000000001,0.0,10.8,1.4000000000000001,1.74,Graduate
1.0,1.0,1.0,9670.0,1.0,1.0,113.0,1.0,37.0,19.0,9.0,9.0,110.2,1.0,0.0,0.0,1.0,0.0,0.0,22.0,0.0,0.0,5.0,7.0,3.0,12.6666666666667,0.0,0.0,5.0,6.0,4.0,12.0,0.0,7.6000000000000005,2.6,0.32,Enrolled
1.0,17.0,4.0,9500.0,1.0,1.0,135.0,1.0,1.0,1.0,4.0,4.0,127.0,1.0,0.0,0.0,1.0,0.0,0.0,18.0,0.0,0.0,7.0,7.0,7.0,14.4242857142857,0.0,0.0,8.0,8.0,8.0,13.9375,0.0,11.100000000000001,0.6000000000000001,2.02,Graduate
1.0,1.0,1.0,9238.0,1.0,1.0,137.0,1.0,3.0,1.0,4.0,9.0,128.6,0.0,0.0,0.0,1.0,0.0,1.0,18.0,0.0,0.0,6.0,7.0,6.0,13.1666666666667,0.0,0.0,6.0,6.0,6.0,12.5,0.0,12.4,0.5,1.79,Graduate
4.0,39.0,1.0,9991.0,0.0,1.0,133.1,1.0,37.0,37.0,9.0,9.0,130.4,0.0,0.0,0.0,1.0,0.0,0.0,30.0,0.0,0.0,5.0,10.0,3.0,10.6666666666667,0.0,0.0,5.0,8.0,5.0,10.4,0.0,12.700000000000001,3.7,-1.7000000000000002,Enrolled
2.0,43.0,1.0,9238.0,1.0,12.0,100.0,1.0,37.0,37.0,9.0,9.0,134.4,0.0,0.0,0.0,1.0,0.0,0.0,34.0,0.0,9.0,16.0,20.0,14.0,12.0714285714286,1.0,11.0,13.0,13.0,11.0,12.2727272727273,0.0,7.6000000000000005,2.6,0.32,Graduate
1.0,39.0,1.0,8014.0,0.0,19.0,133.1,1.0,37.0,37.0,9.0,9.0,100.0,0.0,0.0,0.0,1.0,0.0,0.0,38.0,0.0,0.0,6.0,10.0,3.0,10.25,0.0,0.0,6.0,7.0,1.0,12.0,0.0,13.9,-0.30000000000000004,0.79,Dropout
1.0,1.0,1.0,9500.0,1.0,1.0,142.0,1.0,37.0,19.0,7.0,7.0,133.0,1.0,0.0,0.0,1.0,0.0,1.0,19.0,0.0,0.0,8.0,8.0,8.0,14.11,0.0,0.0,8.0,8.0,8.0,14.11,0.0,9.4,-0.8,-3.12,Graduate
1.0,17.0,3.0,9853.0,1.0,1.0,140.0,1.0,38.0,38.0,5.0,7.0,126.7,1.0,0.0,0.0,1.0,0.0,0.0,19.0,0.0,0.0,6.0,9.0,5.0,12.4,0.0,0.0,6.0,10.0,3.0,10.6666666666667,0.0,10.8,1.4000000000000001,1.74,Dropout
1.0,43.0,1.0,9773.0,1.0,1.0,129.0,1.0,1.0,1.0,4.0,8.0,129.0,0.0,0.0,0.0,0.0,0.0,0.0,21.0,0.0,0.0,6.0,7.0,6.0,12.0,0.0,0.0,6.0,6.0,6.0,12.0,0.0,10.8,1.4000000000000001,1.74,Dropout
1.0,17.0,1.0,9773.0,1.0,1.0,141.0,1.0,2.0,3.0,2.0,2.0,133.70000000000002,1.0,0.0,0.0,1.0,0.0,1.0,18.0,0.0,0.0,6.0,6.0,6.0,14.8333333333333,0.0,0.0,6.0,6.0,6.0,13.5,0.0,11.100000000000001,0.6000000000000001,2.02,Graduate
1.0,17.0,5.0,9085.0,1.0,1.0,118.0,1.0,1.0,38.0,4.0,7.0,122.2,1.0,0.0,0.0,1.0,0.0,1.0,20.0,0.0,0.0,6.0,7.0,6.0,15.4285714285714,0.0,0.0,6.0,7.0,6.0,13.5,0.0,13.9,-0.30000000000000004,0.79,Graduate
1.0,17.0,5.0,9147.0,1.0,1.0,131.0,1.0,37.0,38.0,5.0,5.0,128.9,0.0,0.0,0.0,1.0,0.0,1.0,18.0,0.0,0.0,5.0,7.0,5.0,11.600000000000001,0.0,0.0,5.0,11.0,5.0,11.4,4.0,16.2,0.30000000000000004,-0.92,Graduate
1.0,1.0,3.0,9070.0,1.0,1.0,161.0,1.0,38.0,37.0,5.0,5.0,154.4,1.0,0.0,0.0,1.0,0.0,0.0,18.0,0.0,0.0,6.0,6.0,6.0,14.1666666666667,0.0,0.0,6.0,6.0,6.0,14.0,0.0,16.2,0.30000000000000004,-0.92,Graduate
1.0,7.0,1.0,9556.0,1.0,2.0,130.0,1.0,37.0,37.0,9.0,9.0,130.0,1.0,0.0,0.0,1.0,0.0,1.0,36.0,0.0,0.0,7.0,9.0,1.0,9.8,0.0,0.0,7.0,7.0,0.0,0.0,0.0,12.700000000000001,3.7,-1.7000000000000002,Dropout
1.0,17.0,4.0,9147.0,1.0,1.0,121.0,1.0,38.0,37.0,6.0,7.0,113.0,1.0,0.0,0.0,1.0,0.0,1.0,18.0,0.0,0.0,5.0,12.0,4.0,10.714285714285701,0.0,0.0,5.0,9.0,4.0,11.0,0.0,13.9,-0.30000000000000004,0.79,Graduate
1.0,43.0,1.0,9130.0,1.0,6.0,133.1,1.0,1.0,29.0,4.0,90.0,123.30000000000001,1.0,0.0,0.0,1.0,0.0,1.0,21.0,0.0,0.0,5.0,7.0,0.0,0.0,0.0,0.0,5.0,5.0,0.0,0.0,0.0,7.6000000000000005,2.6,0.32,Dropout
1.0,44.0,1.0,9130.0,1.0,39.0,130.0,1.0,1.0,3.0,9.0,2.0,130.0,1.0,0.0,1.0,1.0,0.0,1.0,21.0,0.0,1.0,6.0,13.0,3.0,12.3333333333333,0.0,1.0,6.0,12.0,1.0,13.0,0.0,13.9,-0.30000000000000004,0.79,Dropout
1.0,15.0,1.0,9085.0,1.0,1.0,133.1,41.0,3.0,3.0,4.0,2.0,101.30000000000001,0.0,0.0,0.0,1.0,0.0,0.0,18.0,1.0,0.0,6.0,13.0,6.0,13.0,0.0,0.0,6.0,15.0,6.0,12.25,0.0,11.100000000000001,0.6000000000000001,2.02,Graduate
1.0,17.0,6.0,9670.0,1.0,1.0,120.0,1.0,1.0,14.0,4.0,5.0,113.7,1.0,0.0,0.0,1.0,0.0,0.0,18.0,0.0,0.0,5.0,7.0,4.0,11.4,0.0,0.0,5.0,5.0,4.0,11.25,0.0,9.4,-0.8,-3.12,Graduate
1.0,1.0,2.0,9500.0,1.0,1.0,140.0,1.0,38.0,38.0,9.0,7.0,138.8,1.0,0.0,0.0,1.0,0.0,0.0,19.0,0.0,0.0,7.0,7.0,6.0,12.766666666666701,0.0,0.0,7.0,7.0,6.0,12.766666666666701,0.0,7.6000000000000005,2.6,0.32,Graduate
2.0,39.0,1.0,9003.0,1.0,19.0,133.1,1.0,37.0,19.0,9.0,4.0,140.0,0.0,0.0,1.0,1.0,0.0,0.0,29.0,0.0,0.0,6.0,11.0,5.0,12.600000000000001,0.0,0.0,6.0,6.0,6.0,12.6666666666667,0.0,11.100000000000001,0.6000000000000001,2.02,Graduate
1.0,44.0,1.0,9147.0,1.0,39.0,130.0,1.0,19.0,1.0,9.0,3.0,130.0,0.0,0.0,0.0,1.0,0.0,1.0,20.0,0.0,4.0,7.0,8.0,7.0,13.0,0.0,2.0,5.0,5.0,5.0,13.4,0.0,11.100000000000001,0.6000000000000001,2.02,Graduate
1.0,17.0,2.0,9500.0,1.0,1.0,140.0,1.0,37.0,37.0,9.0,9.0,132.5,1.0,0.0,0.0,1.0,0.0,0.0,18.0,0.0,0.0,7.0,7.0,6.0,14.3166666666667,0.0,0.0,7.0,7.0,6.0,14.3166666666667,0.0,7.6000000000000005,2.6,0.32,Graduate
1.0,1.0,1.0,9085.0,1.0,1.0,124.0,1.0,2.0,1.0,4.0,10.0,117.4,1.0,0.0,0.0,1.0,0.0,0.0,19.0,0.0,0.0,5.0,7.0,4.0,12.75,0.0,0.0,5.0,5.0,5.0,12.0,0.0,10.8,1.4000000000000001,1.74,Graduate
1.0,1.0,3.0,9147.0,1.0,1.0,115.0,1.0,1.0,38.0,3.0,8.0,109.80000000000001,1.0,0.0,0.0,1.0,0.0,1.0,19.0,0.0,0.0,5.0,5.0,5.0,13.4,0.0,0.0,5.0,5.0,5.0,12.600000000000001,0.0,8.9,1.4000000000000001,3.5100000000000002,Graduate
1.0,39.0,1.0,8014.0,0.0,1.0,100.0,1.0,12.0,5.0,9.0,4.0,116.5,0.0,0.0,1.0,0.0,0.0,0.0,37.0,0.0,0.0,6.0,6.0,0.0,0.0,0.0,0.0,5.0,5.0,0.0,0.0,0.0,8.9,1.4000000000000001,3.5100000000000002,Dropout
1.0,1.0,2.0,9085.0,1.0,1.0,162.0,1.0,37.0,1.0,9.0,9.0,165.20000000000002,1.0,0.0,0.0,1.0,0.0,1.0,18.0,0.0,0.0,5.0,6.0,4.0,15.75,0.0,0.0,5.0,5.0,5.0,13.8,0.0,10.8,1.4000000000000001,1.74,Graduate
1.0,1.0,1.0,9853.0,1.0,1.0,121.0,1.0,19.0,19.0,7.0,7.0,113.0,1.0,0.0,0.0,1.0,0.0,0.0,21.0,0.0,0.0,6.0,9.0,5.0,12.4,0.0,0.0,6.0,11.0,1.0,11.0,0.0,12.700000000000001,3.7,-1.7000000000000002,Dropout
1.0,17.0,1.0,9238.0,1.0,1.0,125.0,1.0,1.0,38.0,144.0,181.0,123.30000000000001,0.0,0.0,0.0,1.0,0.0,1.0,19.0,0.0,0.0,6.0,8.0,6.0,11.5,0.0,0.0,6.0,7.0,6.0,12.3333333333333,0.0,12.4,0.5,1.79,Graduate
1.0,17.0,2.0,9670.0,1.0,1.0,123.0,1.0,3.0,1.0,3.0,1.0,116.7,0.0,0.0,0.0,1.0,0.0,0.0,19.0,0.0,0.0,5.0,5.0,5.0,13.4,0.0,0.0,5.0,5.0,5.0,14.0,0.0,9.4,-0.8,-3.12,Graduate
2.0,39.0,1.0,9991.0,0.0,39.0,140.0,1.0,38.0,19.0,9.0,5.0,110.0,0.0,0.0,0.0,1.0,0.0,1.0,35.0,0.0,0.0,5.0,9.0,3.0,11.6666666666667,0.0,0.0,5.0,7.0,5.0,11.8,0.0,12.700000000000001,3.7,-1.7000000000000002,Enrolled
2.0,39.0,1.0,9500.0,1.0,1.0,133.1,1.0,37.0,38.0,9.0,8.0,118.9,0.0,0.0,0.0,1.0,0.0,0.0,30.0,0.0,0.0,7.0,0.0,0.0,0.0,0.0,0.0,8.0,0.0,0.0,0.0,0.0,13.9,-0.30000000000000004,0.79,Dropout
1.0,43.0,2.0,9773.0,1.0,1.0,120.0,1.0,34.0,34.0,0.0,0.0,103.60000000000001,1.0,0.0,0.0,1.0,0.0,0.0,27.0,0.0,4.0,8.0,11.0,7.0,13.2857142857143,0.0,4.0,7.0,13.0,5.0,11.600000000000001,0.0,9.4,-0.8,-3.12,Dropout
2.0,1.0,1.0,9254.0,1.0,1.0,136.0,1.0,37.0,37.0,9.0,9.0,122.7,0.0,0.0,0.0,1.0,0.0,1.0,45.0,0.0,0.0,6.0,10.0,4.0,11.5,0.0,0.0,6.0,16.0,2.0,10.5,0.0,7.6000000000000005,2.6,0.32,Dropout
2.0,39.0,1.0,8014.0,0.0,1.0,133.1,1.0,38.0,38.0,9.0,9.0,113.5,0.0,0.0,0.0,1.0,0.0,1.0,50.0,0.0,3.0,9.0,11.0,8.0,13.25,0.0,2.0,7.0,8.0,7.0,11.714285714285701,0.0,12.700000000000001,3.7,-1.7000000000000002,Graduate
4.0,42.0,1.0,9147.0,1.0,1.0,110.0,1.0,37.0,37.0,9.0,9.0,128.20000000000002,0.0,0.0,0.0,1.0,0.0,0.0,41.0,0.0,8.0,14.0,24.0,11.0,12.25,3.0,5.0,10.0,12.0,10.0,13.4,0.0,9.4,-0.8,-3.12,Graduate
1.0,43.0,1.0,9500.0,1.0,1.0,120.0,1.0,37.0,37.0,9.0,6.0,120.0,1.0,0.0,0.0,1.0,0.0,0.0,26.0,0.0,0.0,7.0,8.0,6.0,12.0,0.0,0.0,7.0,8.0,6.0,12.0,0.0,7.6000000000000005,2.6,0.32,Enrolled
1.0,39.0,1.0,9003.0,1.0,19.0,133.1,1.0,37.0,37.0,9.0,9.0,130.0,0.0,0.0,0.0,1.0,0.0,0.0,44.0,0.0,0.0,6.0,10.0,1.0,12.0,0.0,0.0,6.0,6.0,0.0,0.0,0.0,11.100000000000001,0.6000000000000001,2.02,Dropout
5.0,7.0,1.0,9147.0,1.0,40.0,110.0,1.0,37.0,37.0,9.0,9.0,110.0,0.0,0.0,0.0,1.0,0.0,0.0,23.0,0.0,10.0,15.0,15.0,13.0,10.9230769230769,0.0,5.0,10.0,10.0,7.0,11.1428571428571,0.0,15.5,2.8000000000000003,-4.0600000000000005,Graduate
1.0,51.0,1.0,33.0,1.0,1.0,130.0,1.0,19.0,19.0,9.0,9.0,117.7,0.0,0.0,0.0,1.0,0.0,0.0,34.0,0.0,10.0,12.0,12.0,10.0,12.0,0.0,5.0,10.0,11.0,5.0,11.0,0.0,11.100000000000001,0.6000000000000001,2.02,Dropout
1.0,1.0,1.0,9147.0,1.0,1.0,102.0,1.0,38.0,38.0,9.0,9.0,99.60000000000001,1.0,0.0,0.0,1.0,0.0,1.0,21.0,0.0,0.0,5.0,10.0,5.0,13.714285714285701,0.0,0.0,5.0,7.0,5.0,14.4,0.0,11.100000000000001,0.6000000000000001,2.02,Graduate
1.0,43.0,3.0,9147.0,1.0,1.0,127.0,21.0,3.0,37.0,3.0,3.0,117.9,1.0,0.0,0.0,1.0,0.0,0.0,22.0,1.0,0.0,5.0,8.0,1.0,10.0,0.0,0.0,5.0,8.0,2.0,13.0,0.0,7.6000000000000005,2.6,0.32,Dropout
4.0,39.0,1.0,8014.0,0.0,1.0,133.1,1.0,37.0,37.0,9.0,8.0,113.0,0.0,0.0,0.0,1.0,0.0,1.0,32.0,0.0,0.0,6.0,18.0,2.0,10.3333333333333,0.0,0.0,6.0,7.0,6.0,11.5,0.0,16.2,0.30000000000000004,-0.92,Graduate
1.0,17.0,2.0,9556.0,1.0,1.0,137.0,41.0,1.0,1.0,7.0,7.0,124.4,1.0,0.0,0.0,1.0,0.0,0.0,20.0,1.0,0.0,7.0,8.0,7.0,12.728571428571401,0.0,0.0,8.0,8.0,8.0,14.625,0.0,15.5,2.8000000000000003,-4.0600000000000005,Graduate
2.0,7.0,1.0,8014.0,0.0,3.0,130.0,1.0,35.0,35.0,90.0,90.0,140.0,0.0,0.0,0.0,0.0,0.0,0.0,59.0,0.0,10.0,15.0,22.0,12.0,13.3333333333333,0.0,8.0,8.0,8.0,8.0,12.875,0.0,10.8,1.4000000000000001,1.74,Dropout
2.0,53.0,1.0,9147.0,1.0,42.0,130.0,1.0,19.0,19.0,175.0,152.0,132.4,0.0,0.0,0.0,1.0,0.0,0.0,30.0,0.0,6.0,11.0,20.0,9.0,12.2222222222222,0.0,3.0,9.0,16.0,9.0,11.600000000000001,0.0,8.9,1.4000000000000001,3.5100000000000002,Enrolled
1.0,1.0,4.0,9254.0,1.0,1.0,131.0,1.0,38.0,36.0,9.0,9.0,124.0,1.0,0.0,0.0,1.0,0.0,1.0,18.0,0.0,0.0,6.0,7.0,6.0,11.3333333333333,0.0,0.0,6.0,9.0,6.0,10.8333333333333,0.0,9.4,-0.8,-3.12,Graduate
2.0,39.0,1.0,9991.0,0.0,1.0,162.0,1.0,37.0,37.0,9.0,6.0,132.0,0.0,0.0,1.0,1.0,1.0,0.0,25.0,0.0,0.0,5.0,8.0,4.0,11.0,0.0,0.0,5.0,7.0,4.0,12.0,0.0,7.6000000000000005,2.6,0.32,Enrolled
4.0,43.0,1.0,9991.0,0.0,1.0,140.0,1.0,37.0,37.0,5.0,5.0,149.8,0.0,0.0,0.0,1.0,1.0,0.0,36.0,0.0,0.0,5.0,5.0,5.0,13.8,0.0,0.0,5.0,6.0,5.0,13.8,0.0,12.700000000000001,3.7,-1.7000000000000002,Graduate
1.0,7.0,1.0,9556.0,1.0,43.0,160.0,1.0,38.0,19.0,9.0,9.0,160.0,0.0,0.0,0.0,1.0,1.0,0.0,36.0,0.0,0.0,7.0,16.0,1.0,12.0,0.0,0.0,7.0,13.0,0.0,0.0,1.0,11.100000000000001,0.6000000000000001,2.02,Dropout
1.0,17.0,6.0,9670.0,1.0,1.0,117.0,1.0,38.0,19.0,0.0,1.0,114.60000000000001,0.0,0.0,0.0,0.0,1.0,0.0,19.0,0.0,0.0,6.0,9.0,4.0,11.25,0.0,0.0,6.0,11.0,3.0,10.1666666666667,0.0,10.8,1.4000000000000001,1.74,Dropout
1.0,39.0,1.0,9991.0,0.0,1.0,150.0,1.0,1.0,37.0,4.0,6.0,120.0,0.0,0.0,0.0,1.0,1.0,0.0,25.0,0.0,0.0,5.0,6.0,4.0,10.5,0.0,0.0,5.0,6.0,5.0,12.0,0.0,9.4,-0.8,-3.12,Graduate
1.0,39.0,1.0,9003.0,1.0,19.0,133.1,1.0,37.0,37.0,9.0,7.0,100.0,0.0,0.0,0.0,1.0,1.0,0.0,35.0,0.0,17.0,18.0,20.0,18.0,11.5555555555556,0.0,11.0,13.0,13.0,13.0,11.6153846153846,0.0,15.5,2.8000000000000003,-4.0600000000000005,Graduate
1.0,1.0,1.0,9238.0,1.0,1.0,125.0,1.0,1.0,1.0,5.0,5.0,128.5,0.0,0.0,0.0,1.0,1.0,0.0,20.0,0.0,0.0,6.0,13.0,1.0,14.0,0.0,0.0,6.0,7.0,0.0,0.0,0.0,16.2,0.30000000000000004,-0.92,Dropout
1.0,39.0,1.0,9003.0,1.0,1.0,130.0,1.0,37.0,37.0,9.0,7.0,113.0,1.0,0.0,0.0,0.0,1.0,0.0,35.0,0.0,0.0,6.0,17.0,1.0,13.0,0.0,0.0,6.0,8.0,0.0,0.0,0.0,15.5,2.8000000000000003,-4.0600000000000005,Dropout
1.0,1.0,1.0,9238.0,1.0,1.0,170.0,1.0,37.0,37.0,0.0,0.0,150.8,1.0,0.0,0.0,1.0,0.0,0.0,27.0,0.0,0.0,6.0,13.0,2.0,11.0,0.0,0.0,6.0,14.0,1.0,11.0,0.0,7.6000000000000005,2.6,0.32,Dropout
1.0,17.0,3.0,9500.0,1.0,1.0,132.0,1.0,19.0,3.0,9.0,5.0,130.8,1.0,0.0,0.0,1.0,0.0,0.0,18.0,0.0,0.0,8.0,8.0,7.0,13.6814285714286,0.0,0.0,8.0,8.0,7.0,13.6814285714286,0.0,10.8,1.4000000000000001,1.74,Enrolled
1.0,43.0,1.0,9500.0,1.0,1.0,133.1,1.0,38.0,19.0,9.0,10.0,114.5,0.0,0.0,0.0,1.0,0.0,0.0,23.0,0.0,0.0,7.0,11.0,6.0,12.100000000000001,0.0,0.0,7.0,7.0,6.0,12.616666666666701,0.0,16.2,0.30000000000000004,-0.92,Enrolled
1.0,17.0,2.0,8014.0,0.0,1.0,120.0,1.0,19.0,1.0,5.0,10.0,114.80000000000001,1.0,0.0,0.0,1.0,0.0,0.0,19.0,0.0,0.0,6.0,8.0,4.0,10.5,0.0,0.0,6.0,8.0,4.0,11.25,0.0,10.8,1.4000000000000001,1.74,Graduate
1.0,17.0,2.0,9500.0,1.0,1.0,126.0,1.0,37.0,37.0,7.0,7.0,126.2,1.0,0.0,0.0,1.0,0.0,1.0,18.0,0.0,0.0,7.0,10.0,5.0,11.94,0.0,0.0,7.0,8.0,6.0,12.8,0.0,11.100000000000001,0.6000000000000001,2.02,Enrolled
1.0,39.0,1.0,9500.0,1.0,1.0,130.0,1.0,19.0,19.0,3.0,7.0,129.0,0.0,0.0,1.0,0.0,0.0,0.0,26.0,0.0,0.0,7.0,11.0,4.0,12.86,0.0,0.0,7.0,10.0,5.0,11.5666666666667,0.0,12.4,0.5,1.79,Dropout
1.0,17.0,1.0,9238.0,1.0,1.0,133.1,1.0,1.0,38.0,9.0,7.0,110.5,0.0,0.0,0.0,1.0,0.0,0.0,19.0,0.0,0.0,6.0,10.0,6.0,14.25,0.0,0.0,6.0,7.0,6.0,14.0,0.0,16.2,0.30000000000000004,-0.92,Graduate
1.0,1.0,5.0,9500.0,1.0,1.0,141.0,1.0,38.0,19.0,7.0,7.0,132.5,1.0,0.0,0.0,0.0,0.0,0.0,19.0,0.0,0.0,7.0,0.0,0.0,0.0,0.0,0.0,8.0,0.0,0.0,0.0,0.0,12.700000000000001,3.7,-1.7000000000000002,Dropout
1.0,1.0,1.0,171.0,1.0,1.0,138.0,1.0,19.0,19.0,5.0,1.0,130.70000000000002,1.0,0.0,0.0,1.0,0.0,0.0,18.0,0.0,0.0,0.0,0.0,0.0,0.0,0.0,0.0,0.0,0.0,0.0,0.0,0.0,13.9,-0.30000000000000004,0.79,Dropout
1.0,17.0,1.0,9500.0,1.0,1.0,130.0,1.0,19.0,1.0,9.0,7.0,130.4,1.0,0.0,0.0,1.0,0.0,1.0,19.0,0.0,0.0,7.0,7.0,7.0,13.8942857142857,0.0,0.0,8.0,8.0,8.0,14.3625,0.0,11.100000000000001,0.6000000000000001,2.02,Graduate
1.0,17.0,1.0,9500.0,1.0,1.0,128.0,1.0,37.0,37.0,9.0,8.0,124.30000000000001,1.0,0.0,0.0,1.0,0.0,1.0,19.0,0.0,0.0,7.0,8.0,7.0,13.468750000000002,0.0,0.0,8.0,8.0,8.0,13.31375,0.0,15.5,2.8000000000000003,-4.0600000000000005,Graduate
1.0,1.0,4.0,9085.0,1.0,1.0,135.0,1.0,38.0,37.0,9.0,9.0,132.6,1.0,0.0,0.0,1.0,0.0,1.0,19.0,0.0,0.0,5.0,5.0,5.0,13.600000000000001,0.0,0.0,5.0,5.0,5.0,14.600000000000001,0.0,10.8,1.4000000000000001,1.74,Graduate
1.0,44.0,1.0,8014.0,0.0,39.0,150.0,1.0,1.0,37.0,9.0,7.0,146.70000000000002,0.0,0.0,0.0,1.0,0.0,1.0,21.0,0.0,3.0,6.0,6.0,6.0,14.6666666666667,0.0,2.0,6.0,6.0,6.0,13.8333333333333,0.0,12.4,0.5,1.79,Graduate
1.0,1.0,3.0,9773.0,1.0,1.0,135.0,1.0,1.0,1.0,3.0,5.0,130.1,1.0,0.0,0.0,1.0,0.0,0.0,18.0,0.0,0.0,6.0,6.0,6.0,13.6666666666667,0.0,0.0,6.0,7.0,6.0,13.0,0.0,15.5,2.8000000000000003,-4.0600000000000005,Graduate
2.0,43.0,1.0,9254.0,1.0,3.0,120.0,1.0,38.0,37.0,9.0,3.0,120.0,1.0,0.0,0.0,1.0,0.0,0.0,33.0,0.0,9.0,12.0,22.0,10.0,13.3,0.0,9.0,11.0,11.0,11.0,13.7272727272727,0.0,9.4,-0.8,-3.12,Graduate
1.0,7.0,1.0,8014.0,0.0,3.0,120.0,1.0,19.0,37.0,5.0,3.0,121.30000000000001,0.0,0.0,0.0,1.0,0.0,0.0,32.0,0.0,7.0,11.0,13.0,11.0,13.454545454545501,0.0,5.0,11.0,13.0,7.0,12.4285714285714,0.0,12.700000000000001,3.7,-1.7000000000000002,Graduate
1.0,1.0,6.0,9500.0,1.0,1.0,140.0,1.0,19.0,19.0,1.0,4.0,133.3,1.0,0.0,0.0,1.0,0.0,1.0,17.0,0.0,0.0,8.0,8.0,8.0,13.416250000000002,0.0,0.0,8.0,8.0,8.0,13.416250000000002,0.0,9.4,-0.8,-3.12,Graduate
2.0,39.0,1.0,9500.0,1.0,1.0,140.0,1.0,19.0,19.0,9.0,7.0,110.5,0.0,0.0,0.0,1.0,0.0,0.0,31.0,0.0,0.0,7.0,0.0,0.0,0.0,0.0,0.0,8.0,0.0,0.0,0.0,0.0,12.700000000000001,3.7,-1.7000000000000002,Dropout
2.0,39.0,1.0,8014.0,0.0,1.0,140.0,1.0,19.0,19.0,9.0,7.0,102.5,0.0,0.0,0.0,1.0,0.0,1.0,32.0,0.0,0.0,6.0,6.0,6.0,11.3333333333333,0.0,0.0,6.0,8.0,5.0,13.0,0.0,15.5,2.8000000000000003,-4.0600000000000005,Graduate
1.0,1.0,2.0,9085.0,1.0,1.0,156.0,1.0,40.0,40.0,3.0,7.0,150.9,1.0,0.0,0.0,1.0,0.0,0.0,18.0,0.0,0.0,6.0,8.0,6.0,16.0,0.0,0.0,6.0,10.0,6.0,14.625,0.0,11.100000000000001,0.6000000000000001,2.02,Dropout
1.0,51.0,1.0,9070.0,1.0,12.0,133.1,1.0,37.0,19.0,3.0,7.0,106.60000000000001,0.0,0.0,1.0,1.0,0.0,0.0,31.0,0.0,2.0,6.0,8.0,5.0,11.0,0.0,4.0,6.0,12.0,6.0,10.1666666666667,0.0,8.9,1.4000000000000001,3.5100000000000002,Enrolled
1.0,1.0,1.0,9254.0,1.0,1.0,120.0,1.0,1.0,1.0,9.0,10.0,118.30000000000001,0.0,0.0,0.0,1.0,1.0,0.0,20.0,0.0,0.0,6.0,8.0,6.0,12.8571428571429,0.0,0.0,6.0,9.0,5.0,12.4,0.0,8.9,1.4000000000000001,3.5100000000000002,Enrolled
1.0,43.0,1.0,9991.0,0.0,1.0,100.0,1.0,3.0,19.0,1.0,1.0,117.9,0.0,0.0,0.0,0.0,1.0,0.0,40.0,0.0,0.0,5.0,5.0,0.0,0.0,0.0,0.0,5.0,6.0,0.0,0.0,0.0,10.8,1.4000000000000001,1.74,Dropout
2.0,1.0,1.0,9991.0,0.0,1.0,120.0,1.0,37.0,19.0,9.0,9.0,135.0,1.0,0.0,0.0,1.0,1.0,0.0,32.0,0.0,0.0,5.0,5.0,5.0,14.8,0.0,0.0,5.0,5.0,5.0,14.200000000000001,0.0,7.6000000000000005,2.6,0.32,Graduate
1.0,7.0,1.0,9119.0,1.0,3.0,120.0,1.0,19.0,19.0,1.0,1.0,120.0,0.0,0.0,0.0,0.0,1.0,0.0,40.0,0.0,1.0,5.0,7.0,1.0,13.0,0.0,2.0,5.0,5.0,2.0,14.0,0.0,12.700000000000001,3.7,-1.7000000000000002,Dropout
1.0,1.0,1.0,171.0,1.0,1.0,172.0,1.0,1.0,1.0,4.0,9.0,167.10000000000002,0.0,0.0,0.0,1.0,1.0,1.0,18.0,0.0,0.0,0.0,0.0,0.0,0.0,0.0,0.0,0.0,0.0,0.0,0.0,0.0,16.2,0.30000000000000004,-0.92,Graduate
1.0,43.0,1.0,9991.0,0.0,1.0,120.0,1.0,37.0,37.0,9.0,9.0,115.80000000000001,0.0,0.0,1.0,0.0,1.0,0.0,28.0,0.0,4.0,9.0,14.0,4.0,10.0,0.0,1.0,6.0,6.0,1.0,10.0,0.0,12.700000000000001,3.7,-1.7000000000000002,Dropout
1.0,16.0,2.0,9070.0,1.0,1.0,137.0,1.0,1.0,1.0,3.0,1.0,141.20000000000002,1.0,0.0,1.0,1.0,1.0,0.0,19.0,0.0,0.0,6.0,11.0,5.0,11.200000000000001,0.0,0.0,6.0,7.0,6.0,12.0,0.0,9.4,-0.8,-3.12,Graduate
1.0,1.0,1.0,9773.0,1.0,1.0,117.0,1.0,1.0,37.0,5.0,9.0,118.4,0.0,0.0,0.0,1.0,1.0,1.0,19.0,0.0,0.0,6.0,8.0,6.0,11.8333333333333,0.0,0.0,6.0,11.0,3.0,13.0,0.0,15.5,2.8000000000000003,-4.0600000000000005,Graduate
1.0,1.0,6.0,9147.0,1.0,1.0,142.0,1.0,38.0,37.0,7.0,7.0,134.3,0.0,1.0,0.0,1.0,1.0,0.0,21.0,0.0,0.0,5.0,0.0,0.0,0.0,0.0,0.0,5.0,0.0,0.0,0.0,0.0,10.8,1.4000000000000001,1.74,Dropout
1.0,17.0,4.0,9147.0,1.0,1.0,135.0,1.0,19.0,1.0,0.0,4.0,128.70000000000002,1.0,0.0,0.0,1.0,1.0,0.0,22.0,0.0,0.0,5.0,8.0,2.0,10.5,0.0,0.0,5.0,10.0,0.0,0.0,0.0,7.6000000000000005,2.6,0.32,Dropout
1.0,17.0,3.0,9119.0,1.0,1.0,115.0,1.0,3.0,1.0,3.0,3.0,116.10000000000001,1.0,0.0,0.0,0.0,1.0,0.0,18.0,0.0,0.0,5.0,8.0,5.0,12.5,0.0,0.0,5.0,7.0,5.0,13.5714285714286,0.0,12.4,0.5,1.79,Dropout
1.0,39.0,1.0,171.0,1.0,1.0,110.0,1.0,12.0,3.0,5.0,2.0,100.0,1.0,0.0,0.0,1.0,1.0,0.0,27.0,0.0,0.0,0.0,0.0,0.0,0.0,0.0,0.0,0.0,0.0,0.0,0.0,0.0,9.4,-0.8,-3.12,Dropout
1.0,1.0,1.0,171.0,1.0,1.0,123.0,1.0,1.0,3.0,2.0,2.0,118.80000000000001,0.0,0.0,0.0,1.0,1.0,0.0,19.0,0.0,4.0,10.0,10.0,5.0,11.0,0.0,2.0,7.0,8.0,2.0,10.0,0.0,8.9,1.4000000000000001,3.5100000000000002,Enrolled
2.0,43.0,1.0,9991.0,0.0,1.0,140.0,1.0,37.0,37.0,9.0,9.0,130.0,1.0,0.0,0.0,1.0,1.0,0.0,30.0,0.0,6.0,10.0,14.0,9.0,12.3333333333333,0.0,7.0,10.0,12.0,8.0,12.0,0.0,9.4,-0.8,-3.12,Graduate
1.0,39.0,1.0,9130.0,1.0,39.0,150.0,1.0,1.0,3.0,4.0,1.0,150.0,0.0,0.0,0.0,1.0,1.0,0.0,28.0,0.0,0.0,6.0,9.0,0.0,0.0,0.0,0.0,6.0,8.0,1.0,10.0,1.0,16.2,0.30000000000000004,-0.92,Dropout
5.0,39.0,1.0,9119.0,1.0,1.0,120.0,1.0,37.0,37.0,9.0,9.0,116.0,0.0,0.0,1.0,1.0,1.0,1.0,34.0,0.0,0.0,5.0,14.0,1.0,17.0,0.0,0.0,5.0,10.0,2.0,11.0,0.0,9.4,-0.8,-3.12,Enrolled
1.0,17.0,1.0,9147.0,1.0,1.0,110.0,1.0,1.0,1.0,4.0,4.0,99.0,0.0,0.0,0.0,1.0,1.0,0.0,21.0,0.0,0.0,5.0,5.0,5.0,11.0,0.0,0.0,5.0,11.0,3.0,11.4285714285714,0.0,10.8,1.4000000000000001,1.74,Enrolled
1.0,1.0,1.0,9238.0,1.0,1.0,133.0,1.0,1.0,19.0,9.0,9.0,132.0,0.0,0.0,0.0,1.0,1.0,1.0,20.0,0.0,0.0,6.0,11.0,5.0,11.1428571428571,0.0,0.0,6.0,9.0,6.0,11.5714285714286,0.0,16.2,0.30000000000000004,-0.92,Graduate
1.0,43.0,1.0,9254.0,1.0,1.0,110.0,1.0,12.0,19.0,9.0,9.0,125.0,0.0,0.0,0.0,0.0,1.0,0.0,31.0,0.0,3.0,8.0,19.0,5.0,12.1666666666667,0.0,3.0,7.0,12.0,5.0,12.0,0.0,7.6000000000000005,2.6,0.32,Dropout
1.0,17.0,1.0,9119.0,1.0,1.0,126.0,1.0,1.0,1.0,9.0,9.0,116.2,0.0,0.0,1.0,0.0,1.0,0.0,21.0,0.0,0.0,5.0,9.0,2.0,11.0,0.0,0.0,5.0,8.0,2.0,11.5,2.0,7.6000000000000005,2.6,0.32,Dropout
1.0,39.0,2.0,9670.0,1.0,19.0,133.1,1.0,34.0,34.0,0.0,0.0,100.0,1.0,0.0,0.0,0.0,1.0,0.0,27.0,0.0,0.0,5.0,8.0,1.0,11.0,0.0,0.0,5.0,6.0,3.0,10.6666666666667,1.0,7.6000000000000005,2.6,0.32,Dropout
1.0,1.0,6.0,9773.0,1.0,1.0,136.0,1.0,38.0,38.0,9.0,9.0,132.9,1.0,0.0,0.0,1.0,1.0,0.0,19.0,0.0,0.0,6.0,10.0,4.0,13.25,0.0,0.0,6.0,13.0,5.0,11.8,0.0,7.6000000000000005,2.6,0.32,Graduate
1.0,17.0,4.0,9773.0,1.0,1.0,129.0,1.0,3.0,1.0,2.0,7.0,132.5,1.0,0.0,0.0,1.0,1.0,0.0,21.0,0.0,0.0,6.0,7.0,0.0,0.0,0.0,0.0,6.0,11.0,1.0,10.0,0.0,10.8,1.4000000000000001,1.74,Enrolled
1.0,44.0,1.0,9003.0,1.0,39.0,140.0,1.0,19.0,19.0,4.0,4.0,140.0,1.0,0.0,0.0,0.0,1.0,0.0,21.0,0.0,0.0,6.0,17.0,2.0,12.5,0.0,0.0,6.0,10.0,0.0,0.0,0.0,16.2,0.30000000000000004,-0.92,Dropout
1.0,43.0,1.0,9670.0,1.0,1.0,160.0,1.0,34.0,34.0,99.0,99.0,100.10000000000001,0.0,0.0,0.0,0.0,1.0,0.0,35.0,0.0,6.0,10.0,10.0,7.0,12.1428571428571,0.0,4.0,9.0,9.0,4.0,12.25,0.0,7.6000000000000005,2.6,0.32,Dropout
1.0,39.0,1.0,9085.0,1.0,1.0,133.1,1.0,37.0,36.0,90.0,7.0,128.20000000000002,0.0,0.0,0.0,1.0,1.0,0.0,28.0,0.0,0.0,5.0,8.0,3.0,12.0,0.0,0.0,5.0,10.0,3.0,11.3333333333333,0.0,7.6000000000000005,2.6,0.32,Dropout
1.0,17.0,1.0,9670.0,1.0,1.0,140.0,1.0,1.0,1.0,4.0,3.0,133.4,0.0,0.0,0.0,1.0,1.0,0.0,24.0,0.0,0.0,6.0,6.0,4.0,11.25,0.0,0.0,6.0,9.0,4.0,10.4285714285714,0.0,10.8,1.4000000000000001,1.74,Enrolled
1.0,1.0,3.0,9773.0,1.0,1.0,142.0,1.0,34.0,1.0,5.0,10.0,136.1,1.0,0.0,0.0,0.0,1.0,0.0,19.0,0.0,0.0,4.0,8.0,0.0,0.0,1.0,0.0,6.0,0.0,0.0,0.0,0.0,9.4,-0.8,-3.12,Dropout
1.0,17.0,1.0,9670.0,1.0,1.0,138.0,1.0,1.0,1.0,4.0,8.0,123.0,0.0,0.0,1.0,0.0,1.0,0.0,20.0,0.0,0.0,6.0,7.0,5.0,12.4,0.0,0.0,6.0,8.0,4.0,13.0,0.0,13.9,-0.30000000000000004,0.79,Enrolled
1.0,1.0,1.0,9070.0,1.0,1.0,131.0,1.0,3.0,19.0,4.0,4.0,130.3,1.0,0.0,0.0,1.0,1.0,1.0,20.0,0.0,0.0,6.0,6.0,6.0,12.8333333333333,0.0,0.0,6.0,8.0,6.0,12.6666666666667,2.0,16.2,0.30000000000000004,-0.92,Graduate
1.0,1.0,1.0,9119.0,1.0,1.0,160.0,1.0,37.0,37.0,9.0,6.0,153.70000000000002,0.0,0.0,0.0,1.0,1.0,0.0,19.0,0.0,0.0,5.0,7.0,1.0,13.0,0.0,0.0,5.0,7.0,2.0,10.0,0.0,9.4,-0.8,-3.12,Enrolled
1.0,39.0,1.0,9085.0,1.0,1.0,110.0,1.0,40.0,1.0,5.0,6.0,142.5,0.0,0.0,1.0,0.0,1.0,0.0,37.0,0.0,5.0,7.0,7.0,5.0,12.0,0.0,3.0,7.0,7.0,3.0,11.6666666666667,0.0,8.9,1.4000000000000001,3.5100000000000002,Dropout
1.0,1.0,1.0,9254.0,1.0,1.0,124.0,1.0,37.0,38.0,9.0,8.0,114.60000000000001,1.0,0.0,0.0,1.0,1.0,0.0,19.0,0.0,0.0,6.0,13.0,2.0,12.0,0.0,0.0,6.0,12.0,1.0,13.0,0.0,7.6000000000000005,2.6,0.32,Dropout
1.0,39.0,1.0,9500.0,1.0,1.0,120.0,1.0,37.0,37.0,9.0,8.0,108.5,0.0,0.0,0.0,1.0,1.0,0.0,36.0,0.0,0.0,7.0,18.0,0.0,0.0,0.0,0.0,7.0,7.0,0.0,0.0,0.0,13.9,-0.30000000000000004,0.79,Dropout
1.0,39.0,1.0,9147.0,1.0,12.0,133.1,1.0,37.0,37.0,9.0,9.0,140.0,0.0,0.0,0.0,1.0,1.0,0.0,29.0,0.0,0.0,5.0,0.0,0.0,0.0,0.0,0.0,5.0,0.0,0.0,0.0,0.0,9.4,-0.8,-3.12,Dropout
1.0,39.0,1.0,9003.0,1.0,1.0,133.1,1.0,38.0,37.0,9.0,4.0,120.0,0.0,0.0,0.0,1.0,1.0,0.0,30.0,0.0,0.0,6.0,10.0,6.0,11.375,0.0,0.0,6.0,10.0,5.0,11.600000000000001,0.0,13.9,-0.30000000000000004,0.79,Graduate
1.0,51.0,1.0,9670.0,1.0,19.0,133.1,1.0,2.0,1.0,3.0,10.0,120.0,0.0,0.0,1.0,1.0,1.0,0.0,32.0,0.0,1.0,6.0,15.0,2.0,12.0,0.0,0.0,6.0,7.0,0.0,0.0,0.0,11.100000000000001,0.6000000000000001,2.02,Dropout
1.0,1.0,1.0,8014.0,0.0,1.0,123.0,1.0,3.0,1.0,2.0,9.0,127.60000000000001,1.0,0.0,0.0,1.0,1.0,0.0,26.0,0.0,0.0,6.0,6.0,6.0,11.8333333333333,0.0,0.0,6.0,6.0,6.0,11.6666666666667,0.0,10.8,1.4000000000000001,1.74,Enrolled
2.0,44.0,1.0,9003.0,1.0,39.0,140.0,1.0,37.0,37.0,4.0,7.0,140.0,0.0,0.0,0.0,1.0,1.0,0.0,37.0,0.0,0.0,6.0,17.0,1.0,12.0,0.0,0.0,6.0,23.0,2.0,10.5,1.0,16.2,0.30000000000000004,-0.92,Dropout
1.0,39.0,1.0,9119.0,1.0,1.0,138.70000000000002,1.0,1.0,12.0,4.0,3.0,111.30000000000001,0.0,0.0,0.0,1.0,1.0,0.0,27.0,0.0,1.0,6.0,7.0,3.0,12.0,0.0,2.0,6.0,7.0,2.0,11.0,0.0,13.9,-0.30000000000000004,0.79,Dropout
1.0,1.0,1.0,9773.0,1.0,1.0,131.0,1.0,38.0,1.0,5.0,7.0,131.0,1.0,0.0,0.0,1.0,1.0,1.0,18.0,0.0,0.0,6.0,7.0,6.0,12.714285714285701,0.0,0.0,6.0,8.0,5.0,11.8333333333333,0.0,13.9,-0.30000000000000004,0.79,Graduate
1.0,1.0,1.0,9500.0,1.0,1.0,149.0,1.0,38.0,37.0,9.0,9.0,139.5,0.0,0.0,0.0,1.0,1.0,1.0,18.0,0.0,0.0,8.0,8.0,8.0,15.3,0.0,0.0,8.0,8.0,8.0,15.3,0.0,9.4,-0.8,-3.12,Graduate
2.0,39.0,2.0,9003.0,1.0,19.0,133.1,1.0,38.0,19.0,4.0,1.0,110.0,0.0,0.0,0.0,0.0,1.0,0.0,32.0,0.0,2.0,8.0,12.0,2.0,11.5,2.0,0.0,7.0,9.0,0.0,0.0,0.0,15.5,2.8000000000000003,-4.0600000000000005,Dropout
1.0,44.0,1.0,9119.0,1.0,39.0,130.0,1.0,3.0,19.0,3.0,4.0,130.0,0.0,0.0,0.0,1.0,1.0,0.0,20.0,0.0,0.0,5.0,12.0,1.0,13.0,0.0,0.0,5.0,8.0,3.0,12.600000000000001,0.0,12.4,0.5,1.79,Enrolled
1.0,43.0,1.0,9003.0,1.0,1.0,120.0,1.0,3.0,3.0,1.0,2.0,115.0,0.0,0.0,0.0,1.0,1.0,0.0,22.0,0.0,0.0,6.0,12.0,0.0,0.0,0.0,0.0,6.0,10.0,0.0,0.0,0.0,16.2,0.30000000000000004,-0.92,Dropout
4.0,39.0,1.0,9500.0,1.0,1.0,133.1,1.0,1.0,19.0,3.0,3.0,154.3,0.0,0.0,0.0,1.0,0.0,0.0,32.0,0.0,0.0,7.0,0.0,0.0,0.0,0.0,0.0,8.0,0.0,0.0,0.0,0.0,12.4,0.5,1.79,Dropout
1.0,1.0,1.0,9147.0,1.0,1.0,143.0,1.0,1.0,37.0,9.0,9.0,135.0,1.0,0.0,0.0,1.0,0.0,0.0,21.0,0.0,0.0,5.0,8.0,4.0,11.0,0.0,0.0,5.0,8.0,5.0,12.0,0.0,7.6000000000000005,2.6,0.32,Enrolled
1.0,17.0,4.0,9670.0,1.0,1.0,126.0,1.0,1.0,1.0,4.0,7.0,115.2,0.0,0.0,0.0,0.0,0.0,0.0,19.0,0.0,0.0,6.0,7.0,3.0,12.6666666666667,0.0,0.0,6.0,10.0,5.0,13.125,0.0,10.8,1.4000000000000001,1.74,Dropout
1.0,1.0,1.0,9773.0,1.0,1.0,125.0,1.0,19.0,1.0,9.0,9.0,130.6,1.0,0.0,0.0,1.0,0.0,1.0,18.0,0.0,0.0,6.0,6.0,6.0,13.5,0.0,0.0,6.0,6.0,6.0,14.0,0.0,8.9,1.4000000000000001,3.5100000000000002,Graduate
1.0,1.0,4.0,9147.0,1.0,1.0,123.0,1.0,1.0,1.0,9.0,7.0,117.4,1.0,0.0,0.0,1.0,0.0,1.0,18.0,0.0,0.0,5.0,7.0,5.0,12.0,0.0,0.0,5.0,10.0,5.0,11.4,0.0,8.9,1.4000000000000001,3.5100000000000002,Graduate
1.0,7.0,1.0,9147.0,1.0,2.0,150.0,1.0,3.0,37.0,2.0,5.0,150.0,1.0,0.0,1.0,0.0,0.0,0.0,38.0,0.0,0.0,5.0,6.0,0.0,0.0,0.0,0.0,5.0,5.0,0.0,0.0,0.0,15.5,2.8000000000000003,-4.0600000000000005,Dropout
1.0,17.0,3.0,9853.0,1.0,1.0,132.0,1.0,34.0,34.0,0.0,0.0,131.3,1.0,0.0,0.0,1.0,0.0,0.0,21.0,0.0,0.0,6.0,8.0,5.0,11.8,0.0,0.0,6.0,8.0,4.0,10.5,0.0,7.6000000000000005,2.6,0.32,Dropout
1.0,1.0,1.0,9238.0,1.0,1.0,133.0,1.0,34.0,37.0,5.0,5.0,120.4,0.0,0.0,0.0,0.0,0.0,0.0,21.0,0.0,0.0,6.0,12.0,2.0,11.5,0.0,0.0,6.0,13.0,1.0,13.0,0.0,9.4,-0.8,-3.12,Dropout
1.0,1.0,1.0,9991.0,0.0,1.0,122.0,1.0,37.0,37.0,9.0,3.0,113.60000000000001,0.0,0.0,0.0,1.0,1.0,0.0,26.0,0.0,0.0,5.0,11.0,2.0,11.5,0.0,0.0,5.0,10.0,3.0,12.0,0.0,7.6000000000000005,2.6,0.32,Enrolled
1.0,1.0,4.0,9500.0,1.0,1.0,137.0,1.0,19.0,38.0,9.0,3.0,125.0,1.0,0.0,0.0,1.0,0.0,0.0,19.0,0.0,0.0,7.0,7.0,6.0,14.616666666666701,0.0,0.0,7.0,7.0,6.0,14.616666666666701,0.0,7.6000000000000005,2.6,0.32,Graduate
1.0,1.0,6.0,9500.0,1.0,1.0,145.0,1.0,19.0,37.0,9.0,9.0,132.3,1.0,0.0,0.0,1.0,0.0,1.0,19.0,0.0,0.0,8.0,8.0,7.0,14.06,0.0,0.0,8.0,8.0,7.0,14.06,0.0,10.8,1.4000000000000001,1.74,Enrolled
1.0,17.0,1.0,9254.0,1.0,1.0,150.0,1.0,1.0,1.0,9.0,10.0,142.70000000000002,0.0,0.0,1.0,1.0,0.0,0.0,18.0,0.0,0.0,6.0,9.0,4.0,11.0,0.0,0.0,6.0,12.0,3.0,11.3333333333333,0.0,7.6000000000000005,2.6,0.32,Dropout
1.0,7.0,1.0,9147.0,1.0,3.0,130.0,1.0,37.0,37.0,9.0,9.0,130.0,0.0,0.0,0.0,1.0,0.0,0.0,25.0,0.0,0.0,5.0,0.0,0.0,0.0,0.0,0.0,5.0,0.0,0.0,0.0,0.0,12.700000000000001,3.7,-1.7000000000000002,Dropout
1.0,1.0,6.0,9500.0,1.0,1.0,136.0,1.0,37.0,1.0,5.0,4.0,120.80000000000001,1.0,0.0,0.0,1.0,0.0,0.0,19.0,0.0,6.0,14.0,22.0,7.0,12.1923076923077,5.0,6.0,14.0,22.0,7.0,12.1923076923077,5.0,7.6000000000000005,2.6,0.32,Graduate
1.0,17.0,2.0,9254.0,1.0,1.0,131.0,1.0,1.0,19.0,9.0,9.0,130.3,1.0,0.0,0.0,1.0,0.0,1.0,18.0,0.0,0.0,6.0,6.0,6.0,12.8333333333333,0.0,0.0,6.0,7.0,6.0,12.3333333333333,0.0,13.9,-0.30000000000000004,0.79,Graduate
1.0,17.0,1.0,9147.0,1.0,1.0,130.0,1.0,37.0,37.0,9.0,7.0,119.9,0.0,0.0,0.0,1.0,0.0,1.0,19.0,0.0,0.0,5.0,8.0,5.0,12.875,0.0,0.0,5.0,6.0,5.0,11.8333333333333,0.0,13.9,-0.30000000000000004,0.79,Graduate
1.0,1.0,1.0,9238.0,1.0,1.0,108.0,1.0,19.0,38.0,9.0,7.0,110.5,1.0,0.0,0.0,1.0,0.0,1.0,22.0,0.0,0.0,6.0,6.0,6.0,12.1666666666667,0.0,0.0,6.0,6.0,6.0,12.5,0.0,12.4,0.5,1.79,Graduate
1.0,44.0,1.0,9003.0,1.0,39.0,160.0,1.0,38.0,38.0,6.0,6.0,160.0,1.0,0.0,0.0,1.0,0.0,0.0,21.0,0.0,0.0,6.0,11.0,6.0,13.4285714285714,0.0,0.0,6.0,12.0,6.0,12.8571428571429,0.0,15.5,2.8000000000000003,-4.0600000000000005,Graduate
1.0,17.0,1.0,9085.0,1.0,1.0,113.0,1.0,19.0,37.0,9.0,9.0,118.60000000000001,1.0,0.0,0.0,1.0,0.0,1.0,21.0,0.0,0.0,6.0,6.0,6.0,14.5,0.0,0.0,6.0,8.0,6.0,14.6666666666667,0.0,8.9,1.4000000000000001,3.5100000000000002,Graduate
1.0,1.0,1.0,9853.0,1.0,1.0,113.0,1.0,38.0,38.0,3.0,7.0,112.30000000000001,0.0,0.0,0.0,1.0,0.0,1.0,20.0,0.0,0.0,7.0,7.0,7.0,12.1428571428571,0.0,0.0,7.0,7.0,7.0,12.8571428571429,0.0,11.100000000000001,0.6000000000000001,2.02,Graduate
2.0,1.0,1.0,9147.0,1.0,1.0,137.0,1.0,19.0,37.0,9.0,9.0,124.4,0.0,0.0,0.0,1.0,0.0,0.0,19.0,0.0,0.0,5.0,6.0,4.0,11.25,0.0,0.0,5.0,10.0,3.0,11.714285714285701,0.0,10.8,1.4000000000000001,1.74,Enrolled
1.0,1.0,4.0,9500.0,1.0,1.0,148.0,1.0,19.0,19.0,9.0,3.0,125.0,1.0,0.0,0.0,1.0,0.0,0.0,18.0,0.0,0.0,7.0,7.0,6.0,13.9,0.0,0.0,7.0,7.0,6.0,13.9,0.0,7.6000000000000005,2.6,0.32,Graduate
1.0,39.0,1.0,9500.0,1.0,1.0,130.0,1.0,19.0,19.0,9.0,8.0,105.80000000000001,0.0,0.0,0.0,1.0,0.0,0.0,26.0,0.0,0.0,7.0,12.0,3.0,13.766666666666701,0.0,0.0,7.0,11.0,3.0,12.0666666666667,0.0,13.9,-0.30000000000000004,0.79,Dropout
1.0,26.0,1.0,9147.0,1.0,2.0,133.1,1.0,34.0,34.0,0.0,0.0,121.5,1.0,0.0,0.0,1.0,0.0,0.0,31.0,0.0,13.0,15.0,17.0,13.0,11.6153846153846,0.0,11.0,14.0,14.0,11.0,12.5454545454545,0.0,7.6000000000000005,2.6,0.32,Dropout
1.0,17.0,1.0,9238.0,1.0,1.0,138.0,1.0,37.0,38.0,9.0,8.0,134.20000000000002,1.0,0.0,0.0,1.0,0.0,1.0,18.0,0.0,0.0,6.0,6.0,6.0,15.1666666666667,0.0,0.0,6.0,7.0,6.0,14.1428571428571,0.0,11.100000000000001,0.6000000000000001,2.02,Graduate
4.0,7.0,1.0,9147.0,1.0,3.0,130.0,1.0,19.0,1.0,5.0,5.0,130.0,0.0,0.0,0.0,1.0,0.0,0.0,35.0,0.0,0.0,5.0,5.0,0.0,0.0,0.0,0.0,5.0,5.0,0.0,0.0,0.0,11.100000000000001,0.6000000000000001,2.02,Dropout
1.0,1.0,1.0,9085.0,1.0,1.0,127.0,1.0,37.0,37.0,9.0,9.0,122.80000000000001,1.0,0.0,0.0,1.0,0.0,0.0,19.0,0.0,0.0,5.0,10.0,2.0,14.5,1.0,0.0,5.0,9.0,3.0,11.3333333333333,0.0,12.700000000000001,3.7,-1.7000000000000002,Enrolled
1.0,1.0,1.0,9238.0,1.0,1.0,115.0,1.0,19.0,38.0,7.0,7.0,108.7,0.0,0.0,0.0,1.0,0.0,1.0,19.0,0.0,0.0,6.0,9.0,5.0,10.8,0.0,0.0,6.0,8.0,6.0,10.714285714285701,0.0,15.5,2.8000000000000003,-4.0600000000000005,Graduate
1.0,1.0,2.0,9500.0,1.0,1.0,147.0,1.0,3.0,1.0,4.0,3.0,136.70000000000002,0.0,0.0,0.0,1.0,0.0,0.0,18.0,0.0,0.0,7.0,7.0,7.0,13.9957142857143,0.0,0.0,8.0,9.0,8.0,14.9555555555556,0.0,11.100000000000001,0.6000000000000001,2.02,Graduate
1.0,17.0,1.0,9085.0,1.0,1.0,132.0,1.0,38.0,38.0,4.0,9.0,119.10000000000001,0.0,0.0,0.0,1.0,0.0,0.0,20.0,0.0,0.0,6.0,8.0,6.0,13.2857142857143,0.0,0.0,6.0,16.0,6.0,11.8,0.0,12.4,0.5,1.79,Graduate
1.0,1.0,4.0,171.0,1.0,1.0,146.0,1.0,1.0,1.0,9.0,5.0,151.3,1.0,0.0,0.0,1.0,0.0,1.0,19.0,0.0,6.0,12.0,12.0,12.0,12.75,0.0,4.0,11.0,16.0,11.0,13.25,0.0,8.9,1.4000000000000001,3.5100000000000002,Graduate
1.0,43.0,1.0,9238.0,1.0,1.0,109.0,1.0,19.0,37.0,5.0,5.0,108.30000000000001,0.0,0.0,0.0,1.0,0.0,1.0,21.0,0.0,0.0,6.0,15.0,2.0,10.5,0.0,0.0,6.0,8.0,5.0,12.4,0.0,10.8,1.4000000000000001,1.74,Enrolled
1.0,17.0,1.0,9853.0,1.0,1.0,133.0,1.0,38.0,38.0,9.0,9.0,127.4,0.0,0.0,1.0,1.0,0.0,1.0,18.0,0.0,0.0,7.0,7.0,7.0,12.714285714285701,0.0,0.0,7.0,7.0,7.0,12.2857142857143,0.0,16.2,0.30000000000000004,-0.92,Graduate
1.0,42.0,1.0,9500.0,1.0,1.0,124.0,1.0,19.0,19.0,4.0,9.0,124.0,0.0,0.0,0.0,1.0,0.0,0.0,23.0,0.0,0.0,8.0,8.0,8.0,12.88625,0.0,0.0,8.0,8.0,8.0,12.88625,0.0,9.4,-0.8,-3.12,Graduate
1.0,1.0,1.0,9070.0,1.0,1.0,133.1,1.0,1.0,1.0,9.0,9.0,155.0,0.0,0.0,0.0,1.0,0.0,1.0,21.0,0.0,0.0,6.0,7.0,5.0,13.0,0.0,0.0,6.0,6.0,6.0,12.6666666666667,0.0,16.2,0.30000000000000004,-0.92,Graduate
1.0,1.0,1.0,9147.0,1.0,1.0,121.0,1.0,37.0,38.0,9.0,9.0,114.0,0.0,0.0,0.0,1.0,0.0,1.0,19.0,0.0,0.0,5.0,7.0,5.0,12.200000000000001,0.0,0.0,5.0,6.0,5.0,11.200000000000001,0.0,11.100000000000001,0.6000000000000001,2.02,Graduate
1.0,1.0,2.0,9147.0,1.0,1.0,129.0,1.0,38.0,19.0,3.0,7.0,118.9,1.0,0.0,0.0,1.0,0.0,0.0,19.0,0.0,0.0,5.0,8.0,4.0,12.8,0.0,0.0,5.0,10.0,3.0,14.5,0.0,10.8,1.4000000000000001,1.74,Enrolled
1.0,53.0,1.0,9085.0,1.0,42.0,160.0,1.0,19.0,37.0,4.0,9.0,160.0,1.0,0.0,0.0,1.0,0.0,0.0,20.0,0.0,7.0,11.0,15.0,11.0,13.7857142857143,0.0,4.0,9.0,9.0,9.0,13.8888888888889,0.0,8.9,1.4000000000000001,3.5100000000000002,Graduate
1.0,43.0,1.0,9147.0,1.0,1.0,131.0,1.0,3.0,19.0,2.0,9.0,126.10000000000001,0.0,0.0,0.0,1.0,0.0,0.0,18.0,0.0,0.0,5.0,5.0,0.0,0.0,0.0,0.0,5.0,9.0,4.0,13.25,2.0,16.2,0.30000000000000004,-0.92,Enrolled
1.0,1.0,1.0,9500.0,1.0,1.0,150.0,1.0,37.0,37.0,9.0,7.0,136.5,1.0,0.0,0.0,1.0,0.0,1.0,18.0,0.0,0.0,8.0,8.0,8.0,14.50125,0.0,0.0,8.0,8.0,8.0,14.50125,0.0,9.4,-0.8,-3.12,Graduate
2.0,1.0,5.0,9500.0,1.0,1.0,130.0,1.0,1.0,19.0,4.0,4.0,122.30000000000001,0.0,0.0,0.0,1.0,0.0,0.0,19.0,0.0,0.0,7.0,7.0,6.0,14.35,0.0,0.0,7.0,7.0,6.0,14.35,0.0,7.6000000000000005,2.6,0.32,Graduate
1.0,17.0,1.0,9070.0,1.0,1.0,133.1,1.0,38.0,19.0,5.0,5.0,128.0,0.0,0.0,0.0,1.0,0.0,1.0,21.0,0.0,0.0,6.0,6.0,6.0,11.5,0.0,0.0,6.0,6.0,6.0,12.3333333333333,0.0,9.4,-0.8,-3.12,Graduate
1.0,1.0,1.0,9238.0,1.0,1.0,154.0,1.0,38.0,38.0,9.0,9.0,156.5,1.0,1.0,0.0,1.0,0.0,1.0,18.0,0.0,0.0,6.0,8.0,6.0,11.714285714285701,0.0,0.0,6.0,6.0,6.0,14.6666666666667,0.0,12.700000000000001,3.7,-1.7000000000000002,Graduate
1.0,1.0,1.0,9670.0,1.0,1.0,126.0,1.0,37.0,19.0,7.0,7.0,125.7,0.0,0.0,0.0,1.0,0.0,0.0,20.0,0.0,0.0,6.0,9.0,6.0,13.5714285714286,0.0,0.0,6.0,10.0,5.0,13.600000000000001,0.0,15.5,2.8000000000000003,-4.0600000000000005,Enrolled
1.0,1.0,1.0,9773.0,1.0,1.0,150.0,1.0,19.0,38.0,9.0,5.0,143.0,0.0,0.0,0.0,1.0,0.0,0.0,18.0,0.0,0.0,6.0,6.0,5.0,13.0,0.0,0.0,6.0,6.0,6.0,13.6666666666667,0.0,12.700000000000001,3.7,-1.7000000000000002,Graduate
1.0,17.0,5.0,9500.0,1.0,1.0,141.0,1.0,19.0,19.0,9.0,7.0,131.9,1.0,0.0,0.0,1.0,0.0,1.0,18.0,0.0,0.0,7.0,8.0,7.0,13.568750000000001,0.0,0.0,8.0,8.0,8.0,14.026250000000001,0.0,15.5,2.8000000000000003,-4.0600000000000005,Graduate
2.0,43.0,1.0,9991.0,0.0,1.0,134.0,1.0,37.0,37.0,9.0,9.0,113.7,0.0,0.0,0.0,1.0,0.0,0.0,32.0,0.0,1.0,5.0,5.0,5.0,10.200000000000001,0.0,0.0,5.0,9.0,4.0,11.25,0.0,9.4,-0.8,-3.12,Enrolled
1.0,17.0,2.0,171.0,1.0,1.0,146.0,1.0,3.0,3.0,3.0,3.0,155.10000000000002,1.0,0.0,0.0,1.0,0.0,0.0,18.0,0.0,0.0,0.0,0.0,0.0,0.0,0.0,0.0,0.0,0.0,0.0,0.0,0.0,13.9,-0.30000000000000004,0.79,Graduate
1.0,16.0,3.0,9853.0,1.0,1.0,134.0,1.0,19.0,37.0,9.0,9.0,121.10000000000001,1.0,0.0,0.0,1.0,0.0,0.0,19.0,0.0,0.0,6.0,8.0,5.0,12.200000000000001,0.0,0.0,6.0,8.0,5.0,11.8,0.0,10.8,1.4000000000000001,1.74,Enrolled
1.0,1.0,3.0,9500.0,1.0,1.0,139.0,1.0,1.0,19.0,9.0,3.0,130.3,1.0,0.0,0.0,1.0,0.0,1.0,18.0,0.0,0.0,8.0,8.0,8.0,14.15375,0.0,0.0,8.0,8.0,8.0,14.15375,0.0,9.4,-0.8,-3.12,Graduate
1.0,1.0,6.0,9500.0,1.0,1.0,136.0,1.0,1.0,1.0,4.0,5.0,123.30000000000001,0.0,0.0,0.0,0.0,0.0,0.0,18.0,0.0,0.0,8.0,8.0,0.0,0.0,8.0,0.0,8.0,8.0,0.0,0.0,8.0,9.4,-0.8,-3.12,Dropout
1.0,1.0,5.0,9773.0,1.0,1.0,110.0,1.0,19.0,38.0,3.0,5.0,117.4,1.0,0.0,0.0,1.0,0.0,0.0,20.0,0.0,0.0,6.0,7.0,6.0,13.8333333333333,0.0,0.0,6.0,6.0,6.0,12.8333333333333,0.0,11.100000000000001,0.6000000000000001,2.02,Graduate
1.0,5.0,1.0,9670.0,1.0,1.0,135.0,1.0,1.0,12.0,4.0,4.0,140.3,1.0,0.0,0.0,1.0,0.0,0.0,19.0,0.0,0.0,6.0,7.0,6.0,13.4285714285714,0.0,0.0,6.0,6.0,4.0,14.0,0.0,12.4,0.5,1.79,Enrolled
1.0,17.0,4.0,9500.0,1.0,1.0,129.0,1.0,38.0,37.0,9.0,5.0,120.0,1.0,0.0,0.0,1.0,0.0,0.0,19.0,0.0,0.0,8.0,8.0,7.0,12.4542857142857,0.0,0.0,8.0,8.0,7.0,12.4542857142857,0.0,10.8,1.4000000000000001,1.74,Graduate
1.0,17.0,1.0,9147.0,1.0,1.0,139.0,1.0,38.0,38.0,7.0,5.0,133.4,0.0,0.0,0.0,1.0,0.0,0.0,18.0,0.0,0.0,5.0,9.0,1.0,11.0,1.0,0.0,5.0,10.0,0.0,0.0,0.0,9.4,-0.8,-3.12,Enrolled
1.0,1.0,4.0,9500.0,1.0,1.0,137.0,1.0,1.0,19.0,4.0,7.0,126.7,1.0,0.0,0.0,1.0,0.0,0.0,18.0,0.0,0.0,7.0,0.0,0.0,0.0,0.0,0.0,8.0,0.0,0.0,0.0,0.0,15.5,2.8000000000000003,-4.0600000000000005,Dropout
1.0,17.0,3.0,9500.0,1.0,1.0,138.0,1.0,1.0,19.0,7.0,8.0,129.3,1.0,0.0,0.0,1.0,0.0,1.0,18.0,0.0,0.0,7.0,8.0,6.0,13.2716666666667,0.0,0.0,8.0,11.0,7.0,12.943750000000001,0.0,12.4,0.5,1.79,Graduate
1.0,17.0,6.0,9500.0,1.0,1.0,136.0,1.0,3.0,38.0,2.0,9.0,125.7,1.0,0.0,0.0,1.0,0.0,0.0,20.0,0.0,0.0,7.0,8.0,6.0,13.5483333333333,0.0,0.0,8.0,11.0,6.0,14.775,0.0,11.100000000000001,0.6000000000000001,2.02,Enrolled
1.0,1.0,1.0,9773.0,1.0,1.0,143.0,1.0,3.0,3.0,2.0,5.0,144.8,0.0,0.0,0.0,1.0,0.0,0.0,19.0,0.0,0.0,6.0,6.0,6.0,12.1666666666667,0.0,0.0,6.0,6.0,6.0,12.5,0.0,16.2,0.30000000000000004,-0.92,Enrolled
1.0,1.0,1.0,9254.0,1.0,1.0,133.1,1.0,38.0,19.0,3.0,3.0,98.60000000000001,0.0,0.0,0.0,1.0,0.0,0.0,21.0,0.0,0.0,6.0,16.0,2.0,11.0,0.0,0.0,6.0,12.0,0.0,0.0,0.0,12.700000000000001,3.7,-1.7000000000000002,Dropout
1.0,1.0,1.0,9853.0,1.0,1.0,136.0,1.0,38.0,37.0,9.0,9.0,126.9,1.0,0.0,0.0,1.0,0.0,1.0,19.0,0.0,0.0,7.0,7.0,7.0,13.2857142857143,0.0,0.0,7.0,7.0,7.0,14.4285714285714,0.0,11.100000000000001,0.6000000000000001,2.02,Graduate
1.0,17.0,1.0,9238.0,1.0,1.0,139.0,1.0,19.0,38.0,4.0,9.0,146.70000000000002,1.0,0.0,0.0,1.0,0.0,1.0,20.0,0.0,0.0,6.0,6.0,6.0,13.3333333333333,0.0,0.0,6.0,7.0,6.0,14.0,0.0,15.5,2.8000000000000003,-4.0600000000000005,Graduate
1.0,1.0,1.0,9500.0,1.0,1.0,125.0,1.0,1.0,1.0,9.0,4.0,117.0,0.0,0.0,0.0,1.0,0.0,1.0,21.0,0.0,0.0,8.0,8.0,8.0,13.2575,0.0,0.0,8.0,8.0,8.0,13.2575,0.0,9.4,-0.8,-3.12,Graduate
1.0,44.0,1.0,9085.0,1.0,39.0,130.0,1.0,37.0,38.0,9.0,6.0,130.0,1.0,0.0,0.0,1.0,0.0,0.0,23.0,0.0,0.0,6.0,7.0,0.0,0.0,0.0,0.0,6.0,7.0,0.0,0.0,0.0,11.100000000000001,0.6000000000000001,2.02,Dropout
1.0,17.0,1.0,9238.0,1.0,1.0,137.0,1.0,1.0,38.0,5.0,8.0,125.80000000000001,0.0,0.0,0.0,0.0,0.0,1.0,18.0,0.0,0.0,6.0,10.0,6.0,12.6666666666667,0.0,0.0,6.0,6.0,2.0,11.5,0.0,12.700000000000001,3.7,-1.7000000000000002,Dropout
2.0,39.0,1.0,9991.0,0.0,3.0,130.0,1.0,3.0,1.0,1.0,10.0,160.0,0.0,0.0,0.0,1.0,0.0,0.0,30.0,0.0,0.0,5.0,5.0,5.0,14.600000000000001,0.0,0.0,5.0,5.0,5.0,15.4,0.0,12.700000000000001,3.7,-1.7000000000000002,Dropout
1.0,1.0,1.0,9085.0,1.0,1.0,130.0,1.0,9.0,19.0,4.0,1.0,134.20000000000002,1.0,0.0,0.0,1.0,0.0,0.0,20.0,0.0,0.0,5.0,13.0,0.0,0.0,5.0,0.0,5.0,5.0,0.0,0.0,5.0,9.4,-0.8,-3.12,Dropout
2.0,43.0,2.0,9147.0,1.0,1.0,160.0,1.0,37.0,37.0,9.0,9.0,96.0,0.0,0.0,0.0,0.0,0.0,0.0,29.0,0.0,3.0,5.0,7.0,3.0,12.3333333333333,0.0,0.0,5.0,8.0,0.0,0.0,0.0,10.8,1.4000000000000001,1.74,Dropout
1.0,18.0,1.0,9147.0,1.0,1.0,100.0,1.0,38.0,38.0,5.0,5.0,101.80000000000001,1.0,0.0,0.0,1.0,0.0,0.0,24.0,0.0,0.0,5.0,5.0,5.0,10.8,0.0,0.0,5.0,11.0,2.0,11.0,0.0,10.8,1.4000000000000001,1.74,Enrolled
1.0,1.0,1.0,9238.0,1.0,1.0,136.0,1.0,19.0,1.0,4.0,3.0,125.2,1.0,0.0,0.0,1.0,0.0,0.0,20.0,0.0,0.0,6.0,7.0,6.0,11.6666666666667,0.0,0.0,6.0,10.0,6.0,11.3333333333333,0.0,7.6000000000000005,2.6,0.32,Graduate
1.0,43.0,1.0,8014.0,0.0,1.0,117.0,1.0,37.0,37.0,9.0,9.0,100.0,0.0,0.0,0.0,1.0,0.0,0.0,27.0,0.0,0.0,6.0,6.0,4.0,12.5,0.0,0.0,6.0,6.0,6.0,14.3333333333333,0.0,13.9,-0.30000000000000004,0.79,Dropout
2.0,7.0,1.0,9147.0,1.0,3.0,140.0,1.0,37.0,37.0,9.0,9.0,140.0,0.0,0.0,0.0,1.0,0.0,0.0,23.0,0.0,0.0,5.0,0.0,0.0,0.0,0.0,0.0,5.0,0.0,0.0,0.0,0.0,7.6000000000000005,2.6,0.32,Dropout
1.0,51.0,1.0,9070.0,1.0,1.0,132.0,1.0,19.0,19.0,153.0,153.0,120.0,0.0,0.0,0.0,1.0,0.0,1.0,23.0,0.0,0.0,6.0,6.0,6.0,15.3333333333333,0.0,0.0,6.0,6.0,6.0,14.1666666666667,0.0,11.100000000000001,0.6000000000000001,2.02,Graduate
1.0,1.0,3.0,9500.0,1.0,1.0,147.0,1.0,1.0,1.0,4.0,4.0,134.3,1.0,0.0,0.0,1.0,0.0,0.0,18.0,0.0,0.0,8.0,8.0,7.0,14.200000000000001,0.0,0.0,8.0,8.0,7.0,14.200000000000001,0.0,12.700000000000001,3.7,-1.7000000000000002,Graduate
1.0,1.0,1.0,9773.0,1.0,1.0,158.0,1.0,38.0,38.0,9.0,7.0,144.70000000000002,1.0,0.0,0.0,1.0,0.0,1.0,19.0,0.0,0.0,6.0,6.0,6.0,14.8333333333333,0.0,0.0,6.0,6.0,6.0,14.6666666666667,0.0,12.700000000000001,3.7,-1.7000000000000002,Graduate
1.0,17.0,6.0,9500.0,1.0,1.0,142.0,1.0,19.0,37.0,4.0,9.0,131.9,1.0,0.0,0.0,1.0,0.0,0.0,19.0,0.0,0.0,7.0,7.0,7.0,13.6428571428571,0.0,0.0,8.0,8.0,8.0,14.387500000000001,0.0,13.9,-0.30000000000000004,0.79,Dropout
1.0,1.0,1.0,9773.0,1.0,1.0,143.0,1.0,1.0,38.0,8.0,8.0,136.70000000000002,1.0,0.0,0.0,1.0,0.0,1.0,18.0,0.0,0.0,6.0,6.0,6.0,13.8333333333333,0.0,0.0,6.0,6.0,6.0,14.0,0.0,11.100000000000001,0.6000000000000001,2.02,Dropout
1.0,1.0,2.0,9070.0,1.0,1.0,135.0,1.0,1.0,1.0,4.0,7.0,129.8,1.0,0.0,0.0,1.0,0.0,0.0,19.0,0.0,0.0,6.0,6.0,6.0,11.8333333333333,0.0,0.0,6.0,7.0,6.0,13.0,0.0,9.4,-0.8,-3.12,Graduate
1.0,1.0,1.0,9773.0,1.0,1.0,160.0,1.0,1.0,38.0,4.0,7.0,146.5,0.0,0.0,0.0,1.0,0.0,1.0,18.0,0.0,0.0,6.0,7.0,6.0,13.4285714285714,0.0,0.0,6.0,10.0,6.0,13.5,0.0,13.9,-0.30000000000000004,0.79,Graduate
1.0,43.0,1.0,9991.0,0.0,1.0,120.0,1.0,37.0,37.0,9.0,8.0,122.5,1.0,0.0,0.0,1.0,0.0,0.0,29.0,0.0,8.0,13.0,16.0,8.0,10.5,0.0,8.0,12.0,19.0,9.0,10.3333333333333,0.0,9.4,-0.8,-3.12,Enrolled
1.0,39.0,2.0,9556.0,1.0,19.0,133.1,1.0,37.0,37.0,3.0,7.0,117.80000000000001,0.0,0.0,0.0,1.0,0.0,0.0,24.0,0.0,0.0,7.0,10.0,6.0,11.4166666666667,0.0,0.0,8.0,9.0,8.0,11.9625,0.0,13.9,-0.30000000000000004,0.79,Graduate
1.0,17.0,2.0,9556.0,1.0,1.0,133.1,1.0,37.0,38.0,9.0,8.0,106.0,1.0,0.0,0.0,1.0,0.0,0.0,19.0,0.0,0.0,7.0,16.0,2.0,12.75,0.0,0.0,7.0,12.0,2.0,11.0,0.0,8.9,1.4000000000000001,3.5100000000000002,Dropout
1.0,17.0,1.0,9556.0,1.0,1.0,133.0,1.0,1.0,38.0,4.0,9.0,119.0,0.0,0.0,0.0,1.0,0.0,0.0,19.0,0.0,0.0,7.0,10.0,6.0,11.15,0.0,0.0,7.0,7.0,7.0,12.8142857142857,0.0,12.700000000000001,3.7,-1.7000000000000002,Enrolled
1.0,1.0,1.0,9670.0,1.0,1.0,120.0,1.0,38.0,19.0,4.0,8.0,115.10000000000001,0.0,0.0,0.0,1.0,0.0,0.0,19.0,0.0,0.0,6.0,8.0,3.0,11.6666666666667,0.0,0.0,6.0,11.0,5.0,13.625,0.0,10.8,1.4000000000000001,1.74,Enrolled
1.0,17.0,4.0,9254.0,1.0,1.0,106.0,1.0,37.0,19.0,9.0,7.0,116.9,1.0,0.0,0.0,1.0,0.0,0.0,20.0,0.0,0.0,6.0,7.0,6.0,11.5,0.0,0.0,6.0,8.0,5.0,12.4,0.0,11.100000000000001,0.6000000000000001,2.02,Graduate
1.0,1.0,2.0,9773.0,1.0,1.0,148.0,1.0,1.0,19.0,9.0,9.0,141.70000000000002,0.0,0.0,0.0,1.0,0.0,0.0,18.0,0.0,0.0,6.0,6.0,6.0,13.8333333333333,0.0,0.0,6.0,6.0,6.0,12.6666666666667,0.0,10.8,1.4000000000000001,1.74,Graduate
1.0,1.0,2.0,9070.0,1.0,1.0,134.0,1.0,1.0,19.0,3.0,3.0,127.7,1.0,0.0,0.0,0.0,0.0,0.0,18.0,0.0,1.0,6.0,8.0,6.0,11.714285714285701,1.0,0.0,6.0,11.0,4.0,11.3333333333333,0.0,13.9,-0.30000000000000004,0.79,Dropout
1.0,1.0,5.0,9500.0,1.0,1.0,130.0,1.0,19.0,1.0,9.0,5.0,122.10000000000001,1.0,0.0,0.0,1.0,0.0,1.0,19.0,0.0,0.0,7.0,8.0,7.0,11.6785714285714,0.0,0.0,8.0,10.0,7.0,13.037500000000001,0.0,12.4,0.5,1.79,Graduate
1.0,16.0,1.0,9085.0,1.0,1.0,150.0,1.0,3.0,3.0,2.0,1.0,153.5,1.0,0.0,0.0,1.0,0.0,0.0,19.0,0.0,0.0,6.0,7.0,6.0,15.714285714285701,0.0,0.0,6.0,6.0,6.0,14.6666666666667,0.0,13.9,-0.30000000000000004,0.79,Dropout
1.0,1.0,1.0,171.0,1.0,1.0,141.0,1.0,1.0,19.0,5.0,8.0,141.4,1.0,0.0,0.0,1.0,0.0,1.0,18.0,0.0,0.0,0.0,0.0,0.0,0.0,0.0,0.0,0.0,0.0,0.0,0.0,0.0,13.9,-0.30000000000000004,0.79,Graduate
1.0,1.0,1.0,9773.0,1.0,1.0,140.0,1.0,19.0,37.0,9.0,6.0,135.8,1.0,0.0,0.0,1.0,0.0,1.0,19.0,0.0,0.0,6.0,6.0,6.0,13.0,0.0,0.0,6.0,7.0,6.0,13.0,0.0,10.8,1.4000000000000001,1.74,Graduate
1.0,1.0,2.0,9500.0,1.0,1.0,138.0,1.0,3.0,3.0,2.0,2.0,127.5,1.0,0.0,0.0,1.0,0.0,1.0,18.0,0.0,0.0,7.0,7.0,7.0,14.4857142857143,0.0,0.0,8.0,9.0,8.0,14.588888888888901,0.0,16.2,0.30000000000000004,-0.92,Graduate
1.0,39.0,1.0,9991.0,0.0,1.0,130.0,1.0,37.0,37.0,9.0,9.0,151.6,0.0,0.0,0.0,1.0,0.0,0.0,24.0,0.0,0.0,5.0,9.0,5.0,12.2857142857143,0.0,0.0,5.0,8.0,5.0,12.125,0.0,16.2,0.30000000000000004,-0.92,Enrolled
1.0,39.0,1.0,9500.0,1.0,1.0,133.1,1.0,19.0,19.0,5.0,6.0,121.4,0.0,0.0,1.0,1.0,0.0,0.0,28.0,0.0,0.0,7.0,12.0,4.0,13.375,0.0,0.0,7.0,7.0,5.0,13.5,0.0,13.9,-0.30000000000000004,0.79,Enrolled
1.0,42.0,1.0,9500.0,1.0,1.0,133.0,1.0,1.0,1.0,4.0,4.0,100.0,0.0,0.0,0.0,1.0,0.0,0.0,20.0,0.0,1.0,8.0,8.0,7.0,11.5714285714286,0.0,1.0,8.0,8.0,7.0,11.5714285714286,0.0,12.700000000000001,3.7,-1.7000000000000002,Graduate
1.0,1.0,6.0,9500.0,1.0,1.0,150.0,1.0,37.0,38.0,9.0,9.0,131.5,1.0,0.0,0.0,1.0,0.0,1.0,19.0,0.0,0.0,8.0,8.0,7.0,12.657142857142901,0.0,0.0,8.0,8.0,7.0,12.657142857142901,0.0,12.700000000000001,3.7,-1.7000000000000002,Graduate
1.0,17.0,1.0,9147.0,1.0,1.0,117.0,1.0,37.0,37.0,9.0,9.0,109.30000000000001,0.0,0.0,0.0,0.0,0.0,0.0,22.0,0.0,0.0,5.0,9.0,2.0,10.0,1.0,0.0,5.0,11.0,1.0,10.0,0.0,9.4,-0.8,-3.12,Dropout
1.0,1.0,1.0,9238.0,1.0,1.0,145.0,1.0,19.0,1.0,6.0,5.0,127.9,1.0,0.0,0.0,1.0,0.0,0.0,19.0,0.0,0.0,6.0,7.0,6.0,13.714285714285701,0.0,0.0,6.0,6.0,6.0,13.1666666666667,0.0,12.700000000000001,3.7,-1.7000000000000002,Graduate
1.0,7.0,1.0,9238.0,1.0,3.0,140.0,1.0,37.0,37.0,9.0,9.0,140.0,1.0,0.0,0.0,1.0,0.0,0.0,36.0,0.0,10.0,14.0,21.0,13.0,13.0714285714286,0.0,4.0,11.0,16.0,11.0,13.0,0.0,16.2,0.30000000000000004,-0.92,Graduate
1.0,44.0,1.0,9003.0,1.0,39.0,160.0,1.0,37.0,38.0,9.0,7.0,160.0,0.0,0.0,0.0,1.0,0.0,1.0,19.0,0.0,0.0,6.0,7.0,6.0,15.3333333333333,0.0,0.0,6.0,9.0,6.0,14.0,0.0,15.5,2.8000000000000003,-4.0600000000000005,Graduate
1.0,17.0,1.0,9238.0,1.0,1.0,125.0,1.0,4.0,3.0,1.0,1.0,119.80000000000001,0.0,0.0,0.0,1.0,0.0,0.0,18.0,0.0,0.0,6.0,9.0,5.0,11.5714285714286,0.0,0.0,6.0,8.0,6.0,12.1428571428571,0.0,16.2,0.30000000000000004,-0.92,Graduate
4.0,43.0,4.0,9991.0,0.0,12.0,133.1,1.0,37.0,37.0,9.0,9.0,153.0,0.0,0.0,0.0,0.0,0.0,0.0,40.0,0.0,0.0,5.0,10.0,0.0,0.0,0.0,0.0,5.0,5.0,0.0,0.0,0.0,7.6000000000000005,2.6,0.32,Dropout
1.0,1.0,2.0,9500.0,1.0,1.0,139.0,1.0,38.0,37.0,9.0,7.0,125.0,1.0,0.0,0.0,1.0,0.0,1.0,19.0,0.0,0.0,7.0,7.0,6.0,12.9,0.0,0.0,7.0,7.0,6.0,12.9,0.0,7.6000000000000005,2.6,0.32,Graduate
4.0,43.0,1.0,9500.0,1.0,1.0,130.0,1.0,37.0,37.0,9.0,9.0,103.7,0.0,0.0,0.0,1.0,0.0,0.0,38.0,0.0,1.0,8.0,12.0,5.0,13.126,1.0,1.0,8.0,12.0,5.0,13.126,1.0,10.8,1.4000000000000001,1.74,Enrolled
1.0,7.0,1.0,9085.0,1.0,3.0,120.0,1.0,37.0,37.0,7.0,7.0,120.0,0.0,0.0,0.0,1.0,0.0,0.0,32.0,0.0,4.0,10.0,20.0,4.0,11.5,2.0,3.0,9.0,13.0,3.0,11.6666666666667,2.0,15.5,2.8000000000000003,-4.0600000000000005,Dropout
1.0,1.0,1.0,9853.0,1.0,1.0,160.0,1.0,1.0,37.0,9.0,9.0,146.0,1.0,0.0,0.0,1.0,0.0,0.0,19.0,0.0,0.0,6.0,11.0,3.0,10.3333333333333,0.0,0.0,6.0,10.0,5.0,11.8,0.0,9.4,-0.8,-3.12,Enrolled
1.0,17.0,3.0,9070.0,1.0,1.0,120.0,1.0,3.0,1.0,4.0,4.0,116.9,1.0,0.0,0.0,1.0,0.0,0.0,19.0,0.0,0.0,6.0,6.0,6.0,13.5,0.0,0.0,6.0,7.0,6.0,13.4285714285714,0.0,8.9,1.4000000000000001,3.5100000000000002,Graduate
2.0,39.0,1.0,9147.0,1.0,1.0,130.0,1.0,37.0,37.0,9.0,9.0,117.9,0.0,0.0,0.0,1.0,0.0,0.0,35.0,0.0,0.0,1.0,1.0,0.0,0.0,1.0,0.0,5.0,0.0,0.0,0.0,0.0,10.8,1.4000000000000001,1.74,Dropout
1.0,1.0,1.0,9147.0,1.0,1.0,124.0,1.0,38.0,19.0,3.0,10.0,128.6,1.0,0.0,0.0,1.0,0.0,0.0,20.0,0.0,0.0,5.0,5.0,4.0,12.0,0.0,0.0,4.0,4.0,2.0,11.5,0.0,7.6000000000000005,2.6,0.32,Enrolled
1.0,17.0,1.0,9853.0,1.0,1.0,150.0,1.0,19.0,19.0,3.0,4.0,135.0,0.0,0.0,0.0,1.0,0.0,0.0,29.0,0.0,2.0,8.0,10.0,7.0,11.1428571428571,0.0,2.0,8.0,11.0,8.0,11.375,0.0,12.700000000000001,3.7,-1.7000000000000002,Graduate
1.0,1.0,1.0,9991.0,0.0,1.0,140.0,1.0,37.0,37.0,9.0,9.0,124.60000000000001,0.0,0.0,0.0,1.0,0.0,0.0,29.0,0.0,0.0,5.0,11.0,5.0,11.4,0.0,0.0,5.0,10.0,4.0,10.25,0.0,15.5,2.8000000000000003,-4.0600000000000005,Enrolled
1.0,1.0,5.0,9500.0,1.0,1.0,135.0,1.0,37.0,37.0,7.0,7.0,124.0,1.0,0.0,0.0,1.0,0.0,1.0,19.0,0.0,0.0,8.0,8.0,7.0,12.7714285714286,1.0,0.0,8.0,8.0,7.0,12.7714285714286,1.0,9.4,-0.8,-3.12,Enrolled
1.0,1.0,6.0,9500.0,1.0,1.0,143.0,1.0,38.0,19.0,7.0,9.0,129.5,1.0,0.0,0.0,1.0,0.0,1.0,18.0,0.0,0.0,8.0,8.0,7.0,13.7985714285714,0.0,0.0,8.0,8.0,7.0,13.7985714285714,0.0,10.8,1.4000000000000001,1.74,Graduate
2.0,39.0,1.0,8014.0,0.0,19.0,100.0,1.0,38.0,19.0,0.0,10.0,111.30000000000001,0.0,0.0,1.0,0.0,0.0,0.0,25.0,0.0,0.0,6.0,7.0,6.0,13.3333333333333,0.0,0.0,6.0,6.0,6.0,13.5,0.0,7.6000000000000005,2.6,0.32,Graduate
4.0,39.0,1.0,8014.0,0.0,19.0,133.1,1.0,37.0,37.0,9.0,9.0,95.0,0.0,0.0,1.0,0.0,0.0,0.0,50.0,0.0,0.0,6.0,11.0,0.0,0.0,0.0,0.0,5.0,6.0,0.0,0.0,0.0,8.9,1.4000000000000001,3.5100000000000002,Dropout
2.0,1.0,1.0,9147.0,1.0,1.0,133.1,1.0,34.0,34.0,0.0,0.0,131.8,0.0,0.0,0.0,1.0,0.0,0.0,24.0,0.0,14.0,15.0,17.0,14.0,11.3571428571429,0.0,13.0,14.0,15.0,13.0,12.8461538461538,0.0,7.6000000000000005,2.6,0.32,Dropout
1.0,1.0,5.0,9119.0,1.0,1.0,132.0,1.0,38.0,19.0,5.0,3.0,119.10000000000001,0.0,0.0,0.0,1.0,0.0,0.0,18.0,0.0,0.0,5.0,11.0,0.0,0.0,0.0,0.0,5.0,8.0,0.0,0.0,0.0,9.4,-0.8,-3.12,Dropout
1.0,17.0,1.0,9085.0,1.0,1.0,131.0,1.0,38.0,38.0,191.0,174.0,125.4,1.0,0.0,0.0,1.0,0.0,0.0,20.0,0.0,0.0,6.0,13.0,6.0,15.6923076923077,0.0,0.0,6.0,13.0,5.0,14.4285714285714,0.0,15.5,2.8000000000000003,-4.0600000000000005,Graduate
1.0,16.0,1.0,9003.0,1.0,1.0,147.0,1.0,1.0,37.0,4.0,9.0,140.70000000000002,1.0,0.0,1.0,1.0,0.0,1.0,20.0,0.0,13.0,18.0,19.0,18.0,15.0526315789474,0.0,11.0,13.0,13.0,13.0,14.538461538461501,0.0,15.5,2.8000000000000003,-4.0600000000000005,Graduate
1.0,43.0,1.0,9991.0,0.0,1.0,141.0,1.0,37.0,37.0,9.0,9.0,131.9,0.0,0.0,0.0,1.0,0.0,0.0,21.0,0.0,6.0,10.0,20.0,6.0,11.5,0.0,5.0,10.0,17.0,5.0,12.4,0.0,9.4,-0.8,-3.12,Dropout
1.0,39.0,1.0,9238.0,1.0,1.0,160.0,1.0,38.0,1.0,9.0,3.0,124.0,0.0,0.0,1.0,1.0,1.0,0.0,28.0,0.0,2.0,8.0,15.0,7.0,11.0,0.0,0.0,6.0,17.0,1.0,10.0,0.0,10.8,1.4000000000000001,1.74,Enrolled
1.0,1.0,1.0,9254.0,1.0,1.0,135.0,1.0,38.0,37.0,9.0,7.0,139.20000000000002,0.0,0.0,0.0,1.0,1.0,1.0,19.0,0.0,0.0,6.0,6.0,6.0,13.0,0.0,0.0,6.0,6.0,6.0,13.1666666666667,0.0,12.4,0.5,1.79,Graduate
1.0,1.0,1.0,9500.0,1.0,1.0,133.0,1.0,37.0,37.0,9.0,7.0,121.80000000000001,0.0,0.0,0.0,1.0,1.0,1.0,18.0,0.0,0.0,8.0,8.0,8.0,12.93875,0.0,0.0,8.0,8.0,8.0,12.93875,0.0,9.4,-0.8,-3.12,Graduate
1.0,17.0,1.0,171.0,1.0,1.0,142.0,1.0,37.0,37.0,9.0,9.0,132.9,0.0,0.0,0.0,1.0,1.0,0.0,22.0,0.0,0.0,0.0,0.0,0.0,0.0,0.0,0.0,0.0,0.0,0.0,0.0,0.0,12.700000000000001,3.7,-1.7000000000000002,Graduate
1.0,44.0,1.0,9003.0,1.0,39.0,130.0,1.0,37.0,37.0,9.0,10.0,130.0,0.0,0.0,0.0,1.0,1.0,0.0,25.0,0.0,0.0,6.0,6.0,0.0,0.0,0.0,0.0,6.0,8.0,0.0,0.0,0.0,15.5,2.8000000000000003,-4.0600000000000005,Dropout
2.0,39.0,1.0,9500.0,1.0,1.0,133.1,1.0,37.0,37.0,9.0,9.0,130.1,0.0,0.0,0.0,0.0,1.0,0.0,37.0,0.0,0.0,7.0,10.0,5.0,13.0,0.0,0.0,7.0,9.0,5.0,12.88,0.0,11.100000000000001,0.6000000000000001,2.02,Dropout
1.0,39.0,1.0,9500.0,1.0,1.0,133.1,1.0,37.0,37.0,7.0,7.0,124.5,0.0,0.0,0.0,0.0,1.0,0.0,38.0,0.0,0.0,7.0,11.0,5.0,12.18,0.0,0.0,7.0,11.0,4.0,11.8125,0.0,11.100000000000001,0.6000000000000001,2.02,Dropout
2.0,39.0,1.0,9670.0,1.0,1.0,130.0,1.0,19.0,38.0,9.0,9.0,162.3,0.0,0.0,0.0,1.0,1.0,0.0,36.0,0.0,0.0,6.0,13.0,3.0,11.3333333333333,0.0,0.0,6.0,12.0,5.0,11.4,0.0,13.9,-0.30000000000000004,0.79,Dropout
1.0,1.0,2.0,9500.0,1.0,1.0,149.0,1.0,19.0,1.0,9.0,9.0,137.8,1.0,0.0,0.0,1.0,1.0,0.0,18.0,0.0,0.0,8.0,8.0,7.0,13.0,0.0,0.0,8.0,8.0,7.0,13.0,0.0,12.700000000000001,3.7,-1.7000000000000002,Graduate
1.0,1.0,1.0,9670.0,1.0,1.0,130.0,1.0,1.0,1.0,0.0,0.0,119.5,0.0,0.0,0.0,0.0,1.0,0.0,19.0,0.0,0.0,5.0,5.0,0.0,0.0,0.0,0.0,6.0,0.0,0.0,0.0,0.0,9.4,-0.8,-3.12,Dropout
1.0,39.0,1.0,9130.0,1.0,1.0,150.0,1.0,1.0,1.0,4.0,10.0,110.0,0.0,0.0,1.0,1.0,1.0,0.0,24.0,0.0,0.0,5.0,13.0,2.0,12.5,2.0,0.0,5.0,8.0,3.0,12.3333333333333,0.0,9.4,-0.8,-3.12,Dropout
1.0,1.0,1.0,9238.0,1.0,1.0,106.0,1.0,1.0,1.0,3.0,3.0,105.0,0.0,0.0,0.0,1.0,1.0,0.0,20.0,0.0,0.0,6.0,9.0,5.0,11.0,0.0,0.0,6.0,9.0,5.0,12.1666666666667,0.0,11.100000000000001,0.6000000000000001,2.02,Graduate
1.0,1.0,1.0,171.0,1.0,1.0,162.0,1.0,37.0,37.0,9.0,9.0,142.8,1.0,0.0,0.0,1.0,1.0,0.0,21.0,0.0,0.0,0.0,0.0,0.0,0.0,0.0,0.0,0.0,0.0,0.0,0.0,0.0,12.700000000000001,3.7,-1.7000000000000002,Dropout
2.0,43.0,3.0,9991.0,0.0,1.0,120.0,1.0,37.0,37.0,9.0,9.0,128.20000000000002,1.0,0.0,0.0,1.0,1.0,0.0,32.0,0.0,0.0,5.0,5.0,0.0,0.0,0.0,0.0,5.0,5.0,0.0,0.0,0.0,7.6000000000000005,2.6,0.32,Dropout
2.0,39.0,1.0,9991.0,0.0,19.0,133.1,1.0,38.0,38.0,7.0,8.0,120.0,0.0,0.0,0.0,1.0,1.0,0.0,39.0,0.0,0.0,5.0,9.0,0.0,0.0,0.0,0.0,5.0,5.0,1.0,10.0,0.0,12.700000000000001,3.7,-1.7000000000000002,Dropout
1.0,7.0,1.0,9119.0,1.0,3.0,130.0,1.0,37.0,37.0,9.0,9.0,130.0,0.0,0.0,0.0,0.0,1.0,0.0,33.0,0.0,0.0,5.0,6.0,0.0,0.0,0.0,0.0,5.0,5.0,0.0,0.0,0.0,12.700000000000001,3.7,-1.7000000000000002,Dropout
1.0,17.0,2.0,9670.0,1.0,1.0,128.0,1.0,37.0,38.0,5.0,8.0,121.7,0.0,0.0,0.0,1.0,1.0,1.0,20.0,0.0,0.0,5.0,5.0,5.0,12.4,0.0,0.0,5.0,5.0,4.0,10.75,0.0,9.4,-0.8,-3.12,Graduate
1.0,1.0,1.0,9003.0,1.0,1.0,124.0,1.0,38.0,19.0,9.0,7.0,116.0,0.0,0.0,0.0,1.0,1.0,0.0,19.0,0.0,0.0,6.0,8.0,6.0,15.5,0.0,0.0,6.0,10.0,6.0,14.100000000000001,0.0,16.2,0.30000000000000004,-0.92,Graduate
2.0,39.0,1.0,9991.0,0.0,1.0,133.1,1.0,37.0,37.0,5.0,8.0,133.20000000000002,0.0,0.0,0.0,0.0,1.0,0.0,43.0,0.0,0.0,5.0,13.0,2.0,11.5,0.0,0.0,5.0,12.0,3.0,10.8,0.0,13.9,-0.30000000000000004,0.79,Dropout
2.0,43.0,1.0,9991.0,0.0,1.0,114.0,1.0,37.0,37.0,7.0,8.0,116.7,0.0,0.0,0.0,1.0,1.0,0.0,49.0,0.0,0.0,5.0,7.0,4.0,13.3333333333333,0.0,0.0,5.0,9.0,4.0,11.600000000000001,1.0,16.2,0.30000000000000004,-0.92,Dropout
1.0,1.0,2.0,9773.0,1.0,1.0,140.0,1.0,38.0,38.0,5.0,7.0,126.4,1.0,0.0,0.0,1.0,1.0,1.0,18.0,0.0,0.0,6.0,8.0,6.0,12.6666666666667,0.0,0.0,6.0,6.0,6.0,13.5,0.0,12.700000000000001,3.7,-1.7000000000000002,Graduate
1.0,39.0,1.0,9003.0,1.0,1.0,160.0,1.0,1.0,37.0,191.0,193.0,140.0,0.0,0.0,0.0,1.0,1.0,0.0,27.0,0.0,0.0,6.0,6.0,0.0,0.0,0.0,0.0,6.0,6.0,0.0,0.0,0.0,11.100000000000001,0.6000000000000001,2.02,Enrolled
1.0,1.0,1.0,9147.0,1.0,1.0,122.0,1.0,1.0,19.0,9.0,9.0,120.30000000000001,1.0,0.0,0.0,1.0,1.0,1.0,19.0,0.0,0.0,5.0,8.0,5.0,12.600000000000001,0.0,0.0,5.0,9.0,5.0,13.600000000000001,0.0,8.9,1.4000000000000001,3.5100000000000002,Dropout
1.0,39.0,1.0,9070.0,1.0,1.0,140.0,1.0,37.0,37.0,9.0,10.0,118.0,0.0,0.0,1.0,1.0,1.0,1.0,45.0,0.0,0.0,6.0,6.0,6.0,13.5,0.0,0.0,6.0,6.0,0.0,0.0,0.0,16.2,0.30000000000000004,-0.92,Dropout
1.0,15.0,1.0,9670.0,1.0,1.0,160.0,1.0,37.0,12.0,9.0,9.0,149.5,1.0,0.0,0.0,0.0,1.0,0.0,19.0,0.0,0.0,6.0,6.0,6.0,13.0,0.0,0.0,6.0,8.0,6.0,13.0,0.0,13.9,-0.30000000000000004,0.79,Graduate
1.0,44.0,1.0,9003.0,1.0,39.0,130.0,1.0,1.0,3.0,9.0,6.0,130.0,0.0,0.0,0.0,1.0,1.0,1.0,21.0,0.0,0.0,6.0,15.0,6.0,11.714285714285701,0.0,0.0,6.0,8.0,4.0,11.75,0.0,13.9,-0.30000000000000004,0.79,Graduate
1.0,1.0,1.0,9670.0,1.0,1.0,141.0,1.0,1.0,1.0,5.0,9.0,126.30000000000001,0.0,0.0,0.0,1.0,1.0,1.0,18.0,0.0,0.0,6.0,8.0,6.0,12.1666666666667,0.0,0.0,6.0,7.0,5.0,13.0,0.0,13.9,-0.30000000000000004,0.79,Graduate
1.0,17.0,3.0,9147.0,1.0,1.0,127.0,1.0,37.0,37.0,5.0,7.0,116.2,0.0,0.0,0.0,1.0,1.0,0.0,18.0,0.0,0.0,5.0,10.0,0.0,0.0,1.0,0.0,5.0,13.0,0.0,0.0,0.0,9.4,-0.8,-3.12,Dropout
1.0,17.0,1.0,9254.0,1.0,1.0,126.0,1.0,37.0,37.0,5.0,1.0,126.0,0.0,0.0,0.0,0.0,1.0,0.0,29.0,0.0,0.0,6.0,12.0,0.0,0.0,0.0,0.0,6.0,6.0,0.0,0.0,6.0,9.4,-0.8,-3.12,Dropout
1.0,1.0,1.0,9670.0,1.0,1.0,131.0,1.0,1.0,1.0,4.0,9.0,122.30000000000001,0.0,0.0,0.0,1.0,1.0,0.0,19.0,0.0,0.0,5.0,6.0,5.0,11.5,0.0,0.0,5.0,5.0,5.0,11.600000000000001,0.0,9.4,-0.8,-3.12,Graduate
1.0,1.0,1.0,9147.0,1.0,1.0,130.0,1.0,19.0,19.0,9.0,7.0,119.5,1.0,0.0,0.0,1.0,1.0,1.0,18.0,0.0,0.0,5.0,7.0,4.0,11.25,0.0,0.0,5.0,6.0,4.0,12.25,0.0,12.4,0.5,1.79,Enrolled
1.0,44.0,1.0,9070.0,1.0,39.0,130.0,1.0,1.0,1.0,9.0,9.0,131.8,0.0,0.0,0.0,1.0,1.0,1.0,22.0,0.0,2.0,7.0,7.0,7.0,12.2857142857143,0.0,5.0,9.0,10.0,8.0,12.375,0.0,12.4,0.5,1.79,Graduate
1.0,17.0,6.0,9500.0,1.0,1.0,140.0,1.0,1.0,1.0,4.0,3.0,130.70000000000002,1.0,0.0,0.0,1.0,1.0,1.0,18.0,0.0,0.0,7.0,7.0,7.0,12.7185714285714,0.0,0.0,8.0,11.0,8.0,12.8055555555556,0.0,11.100000000000001,0.6000000000000001,2.02,Dropout
1.0,44.0,1.0,9130.0,1.0,39.0,140.0,1.0,1.0,19.0,4.0,7.0,140.0,0.0,0.0,0.0,1.0,1.0,0.0,20.0,0.0,2.0,6.0,12.0,5.0,12.4,0.0,1.0,6.0,11.0,2.0,15.0,0.0,13.9,-0.30000000000000004,0.79,Enrolled
1.0,1.0,1.0,171.0,1.0,1.0,140.0,1.0,19.0,19.0,1.0,1.0,129.5,1.0,0.0,0.0,1.0,1.0,0.0,20.0,0.0,0.0,0.0,0.0,0.0,0.0,0.0,0.0,0.0,0.0,0.0,0.0,0.0,10.8,1.4000000000000001,1.74,Dropout
4.0,39.0,1.0,9670.0,1.0,19.0,133.1,1.0,37.0,37.0,9.0,7.0,130.0,0.0,0.0,1.0,1.0,1.0,1.0,29.0,0.0,0.0,6.0,16.0,1.0,14.0,0.0,0.0,6.0,7.0,0.0,0.0,0.0,11.100000000000001,0.6000000000000001,2.02,Dropout
1.0,39.0,1.0,9670.0,1.0,1.0,120.0,1.0,11.0,11.0,90.0,4.0,114.0,1.0,0.0,0.0,1.0,1.0,0.0,29.0,0.0,0.0,5.0,10.0,3.0,11.6666666666667,0.0,0.0,5.0,8.0,4.0,11.25,0.0,7.6000000000000005,2.6,0.32,Dropout
1.0,43.0,1.0,9773.0,1.0,1.0,121.0,1.0,1.0,1.0,4.0,5.0,121.0,1.0,0.0,0.0,1.0,1.0,0.0,23.0,0.0,0.0,6.0,15.0,1.0,13.0,0.0,0.0,6.0,8.0,4.0,11.25,0.0,9.4,-0.8,-3.12,Enrolled
1.0,17.0,1.0,171.0,1.0,1.0,123.0,1.0,3.0,12.0,2.0,9.0,116.4,1.0,0.0,1.0,1.0,1.0,0.0,19.0,0.0,0.0,0.0,0.0,0.0,0.0,0.0,0.0,0.0,0.0,0.0,0.0,0.0,10.8,1.4000000000000001,1.74,Dropout
1.0,1.0,1.0,9119.0,1.0,1.0,136.0,1.0,38.0,38.0,9.0,9.0,121.7,1.0,0.0,0.0,1.0,1.0,0.0,18.0,0.0,0.0,5.0,10.0,0.0,0.0,0.0,0.0,5.0,11.0,1.0,12.0,3.0,7.6000000000000005,2.6,0.32,Dropout
2.0,42.0,1.0,9254.0,1.0,1.0,136.0,1.0,2.0,2.0,134.0,112.0,130.0,1.0,0.0,0.0,1.0,1.0,0.0,22.0,0.0,2.0,6.0,13.0,4.0,11.5,0.0,2.0,6.0,12.0,2.0,12.5,0.0,7.6000000000000005,2.6,0.32,Dropout
1.0,43.0,1.0,9991.0,0.0,1.0,120.0,1.0,37.0,37.0,9.0,9.0,120.0,1.0,0.0,1.0,1.0,1.0,0.0,34.0,0.0,6.0,10.0,10.0,7.0,11.714285714285701,0.0,4.0,10.0,10.0,6.0,11.5,0.0,10.8,1.4000000000000001,1.74,Dropout
1.0,43.0,1.0,9991.0,0.0,4.0,160.0,1.0,3.0,3.0,2.0,1.0,125.0,0.0,0.0,0.0,1.0,1.0,0.0,26.0,0.0,0.0,5.0,7.0,5.0,12.600000000000001,0.0,0.0,5.0,7.0,5.0,13.714285714285701,0.0,13.9,-0.30000000000000004,0.79,Graduate
1.0,17.0,1.0,171.0,1.0,1.0,125.0,1.0,37.0,37.0,7.0,9.0,134.1,1.0,0.0,0.0,1.0,1.0,0.0,24.0,0.0,12.0,17.0,19.0,13.0,11.6428571428571,0.0,12.0,17.0,25.0,12.0,11.25,0.0,11.100000000000001,0.6000000000000001,2.02,Dropout
1.0,1.0,1.0,9670.0,1.0,1.0,146.0,1.0,1.0,1.0,9.0,8.0,149.5,1.0,0.0,0.0,1.0,1.0,1.0,17.0,0.0,0.0,6.0,8.0,6.0,14.875,0.0,0.0,6.0,8.0,6.0,13.4285714285714,0.0,11.100000000000001,0.6000000000000001,2.02,Graduate
1.0,43.0,4.0,9670.0,1.0,1.0,117.0,1.0,3.0,3.0,4.0,4.0,113.2,0.0,0.0,0.0,1.0,1.0,0.0,21.0,0.0,0.0,5.0,11.0,2.0,10.0,0.0,0.0,5.0,10.0,3.0,10.3333333333333,0.0,9.4,-0.8,-3.12,Enrolled
2.0,39.0,1.0,9991.0,0.0,1.0,150.0,1.0,1.0,4.0,4.0,2.0,146.0,0.0,0.0,0.0,1.0,1.0,0.0,34.0,0.0,0.0,5.0,5.0,5.0,14.200000000000001,0.0,0.0,5.0,5.0,5.0,14.600000000000001,0.0,12.700000000000001,3.7,-1.7000000000000002,Enrolled
1.0,44.0,1.0,9003.0,1.0,39.0,140.0,1.0,19.0,38.0,6.0,7.0,140.0,1.0,0.0,0.0,1.0,1.0,0.0,19.0,0.0,0.0,6.0,8.0,6.0,12.714285714285701,0.0,0.0,6.0,9.0,6.0,13.5,0.0,12.4,0.5,1.79,Graduate
2.0,39.0,1.0,9003.0,1.0,1.0,111.0,1.0,1.0,3.0,4.0,2.0,162.4,0.0,0.0,1.0,0.0,1.0,0.0,49.0,0.0,4.0,12.0,16.0,5.0,11.600000000000001,0.0,2.0,7.0,7.0,5.0,11.200000000000001,0.0,8.9,1.4000000000000001,3.5100000000000002,Dropout
1.0,43.0,1.0,9500.0,1.0,1.0,120.0,1.0,2.0,4.0,4.0,5.0,136.6,0.0,0.0,0.0,1.0,1.0,0.0,23.0,0.0,0.0,7.0,14.0,5.0,11.94,0.0,0.0,7.0,14.0,6.0,12.200000000000001,0.0,13.9,-0.30000000000000004,0.79,Dropout
1.0,18.0,3.0,9119.0,1.0,1.0,111.0,1.0,1.0,19.0,9.0,8.0,111.0,1.0,0.0,0.0,1.0,1.0,0.0,18.0,0.0,0.0,5.0,10.0,4.0,11.600000000000001,0.0,0.0,5.0,9.0,3.0,14.200000000000001,0.0,12.4,0.5,1.79,Dropout
1.0,1.0,1.0,9500.0,1.0,1.0,118.0,1.0,12.0,1.0,4.0,10.0,115.7,0.0,0.0,0.0,1.0,1.0,0.0,20.0,0.0,0.0,7.0,9.0,5.0,12.700000000000001,0.0,0.0,8.0,9.0,7.0,13.475,0.0,13.9,-0.30000000000000004,0.79,Enrolled
1.0,1.0,3.0,9670.0,1.0,1.0,106.0,1.0,3.0,1.0,2.0,3.0,105.7,1.0,0.0,0.0,1.0,1.0,0.0,19.0,0.0,0.0,6.0,6.0,6.0,13.3333333333333,0.0,0.0,6.0,9.0,5.0,13.8,0.0,8.9,1.4000000000000001,3.5100000000000002,Graduate
1.0,42.0,1.0,9003.0,1.0,39.0,120.0,1.0,3.0,1.0,2.0,6.0,128.20000000000002,1.0,0.0,0.0,1.0,1.0,0.0,24.0,0.0,4.0,9.0,13.0,8.0,13.3333333333333,0.0,5.0,10.0,12.0,9.0,13.1111111111111,0.0,16.2,0.30000000000000004,-0.92,Enrolled
1.0,1.0,1.0,9147.0,1.0,1.0,151.0,1.0,1.0,38.0,4.0,7.0,137.0,1.0,0.0,0.0,1.0,1.0,0.0,18.0,0.0,0.0,5.0,5.0,5.0,13.4,0.0,0.0,5.0,5.0,5.0,15.0,0.0,8.9,1.4000000000000001,3.5100000000000002,Graduate
2.0,39.0,1.0,9254.0,1.0,19.0,133.1,1.0,34.0,34.0,0.0,0.0,120.0,0.0,0.0,1.0,0.0,1.0,0.0,45.0,0.0,0.0,6.0,12.0,0.0,0.0,0.0,0.0,6.0,12.0,0.0,0.0,0.0,9.4,-0.8,-3.12,Dropout
1.0,39.0,1.0,9991.0,0.0,1.0,120.0,1.0,34.0,34.0,0.0,0.0,120.5,1.0,0.0,0.0,1.0,1.0,0.0,30.0,0.0,0.0,5.0,5.0,2.0,11.0,0.0,0.0,5.0,5.0,0.0,0.0,0.0,7.6000000000000005,2.6,0.32,Dropout
1.0,51.0,1.0,9991.0,0.0,39.0,120.0,1.0,1.0,4.0,4.0,10.0,118.10000000000001,0.0,0.0,0.0,1.0,1.0,0.0,28.0,0.0,13.0,15.0,17.0,13.0,12.0,0.0,9.0,13.0,13.0,9.0,11.3333333333333,0.0,8.9,1.4000000000000001,3.5100000000000002,Dropout
1.0,39.0,1.0,9991.0,0.0,1.0,110.0,1.0,37.0,37.0,9.0,9.0,139.0,0.0,0.0,0.0,1.0,1.0,0.0,40.0,0.0,0.0,5.0,0.0,0.0,0.0,0.0,0.0,5.0,0.0,0.0,0.0,0.0,12.700000000000001,3.7,-1.7000000000000002,Dropout
1.0,39.0,2.0,9147.0,1.0,19.0,133.1,1.0,38.0,19.0,4.0,10.0,116.30000000000001,0.0,0.0,0.0,0.0,1.0,0.0,32.0,0.0,0.0,5.0,5.0,0.0,0.0,0.0,0.0,5.0,9.0,0.0,0.0,0.0,10.8,1.4000000000000001,1.74,Dropout
1.0,17.0,5.0,9254.0,1.0,1.0,118.0,1.0,19.0,37.0,5.0,5.0,120.5,1.0,0.0,0.0,1.0,1.0,0.0,19.0,0.0,0.0,6.0,12.0,4.0,12.5,0.0,0.0,6.0,12.0,4.0,10.25,0.0,7.6000000000000005,2.6,0.32,Dropout
1.0,1.0,1.0,9070.0,1.0,1.0,139.0,1.0,1.0,19.0,3.0,9.0,134.9,1.0,0.0,0.0,1.0,1.0,0.0,20.0,0.0,0.0,6.0,7.0,6.0,13.6666666666667,0.0,0.0,6.0,7.0,6.0,12.1666666666667,1.0,16.2,0.30000000000000004,-0.92,Graduate
1.0,17.0,1.0,9119.0,1.0,1.0,130.0,1.0,1.0,3.0,4.0,2.0,123.0,0.0,0.0,0.0,1.0,1.0,0.0,18.0,0.0,0.0,5.0,10.0,1.0,10.0,0.0,0.0,5.0,7.0,0.0,0.0,0.0,9.4,-0.8,-3.12,Dropout
1.0,17.0,1.0,9670.0,1.0,1.0,132.0,1.0,38.0,37.0,9.0,9.0,122.9,0.0,0.0,0.0,0.0,1.0,0.0,20.0,0.0,0.0,6.0,6.0,6.0,11.5,0.0,0.0,6.0,9.0,2.0,13.0,0.0,10.8,1.4000000000000001,1.74,Dropout
1.0,39.0,1.0,9991.0,0.0,1.0,100.0,1.0,37.0,38.0,9.0,4.0,140.0,0.0,0.0,0.0,1.0,1.0,0.0,39.0,0.0,0.0,5.0,7.0,4.0,12.25,0.0,0.0,5.0,7.0,4.0,12.75,0.0,15.5,2.8000000000000003,-4.0600000000000005,Enrolled
1.0,17.0,1.0,9085.0,1.0,1.0,120.0,1.0,19.0,38.0,4.0,8.0,122.5,0.0,0.0,0.0,0.0,1.0,0.0,19.0,0.0,0.0,6.0,11.0,5.0,13.600000000000001,0.0,0.0,6.0,11.0,5.0,13.6666666666667,0.0,11.100000000000001,0.6000000000000001,2.02,Enrolled
1.0,39.0,1.0,9991.0,0.0,12.0,133.1,1.0,37.0,37.0,9.0,9.0,121.5,0.0,0.0,0.0,1.0,1.0,0.0,38.0,0.0,0.0,5.0,11.0,2.0,10.5,0.0,0.0,5.0,9.0,3.0,11.3333333333333,1.0,7.6000000000000005,2.6,0.32,Enrolled
1.0,17.0,3.0,9500.0,1.0,1.0,156.0,1.0,19.0,37.0,4.0,9.0,132.3,1.0,0.0,0.0,1.0,1.0,1.0,18.0,0.0,0.0,7.0,7.0,6.0,13.266666666666701,0.0,0.0,7.0,7.0,6.0,13.266666666666701,0.0,7.6000000000000005,2.6,0.32,Graduate
1.0,17.0,4.0,9500.0,1.0,1.0,143.0,1.0,19.0,38.0,9.0,6.0,131.5,1.0,0.0,0.0,1.0,1.0,1.0,18.0,0.0,0.0,7.0,8.0,7.0,12.512500000000001,0.0,0.0,8.0,8.0,8.0,14.1875,0.0,13.9,-0.30000000000000004,0.79,Graduate
2.0,43.0,1.0,9130.0,1.0,9.0,133.1,1.0,34.0,34.0,0.0,0.0,128.20000000000002,0.0,0.0,0.0,1.0,1.0,0.0,28.0,0.0,0.0,5.0,9.0,0.0,0.0,0.0,0.0,5.0,5.0,0.0,0.0,0.0,7.6000000000000005,2.6,0.32,Dropout
1.0,39.0,1.0,9670.0,1.0,1.0,140.0,1.0,37.0,37.0,9.0,9.0,148.0,1.0,0.0,0.0,0.0,1.0,0.0,31.0,0.0,0.0,6.0,14.0,0.0,0.0,0.0,0.0,6.0,6.0,0.0,0.0,0.0,12.700000000000001,3.7,-1.7000000000000002,Dropout
1.0,1.0,1.0,9500.0,1.0,1.0,127.0,1.0,2.0,19.0,3.0,9.0,121.5,0.0,0.0,0.0,1.0,1.0,0.0,23.0,0.0,0.0,7.0,7.0,6.0,13.4833333333333,0.0,0.0,7.0,7.0,6.0,13.4833333333333,0.0,7.6000000000000005,2.6,0.32,Graduate
1.0,1.0,1.0,9500.0,1.0,1.0,135.0,1.0,38.0,19.0,194.0,193.0,135.4,1.0,0.0,0.0,1.0,1.0,0.0,21.0,0.0,0.0,7.0,9.0,6.0,12.565,0.0,0.0,8.0,12.0,5.0,12.16,0.0,11.100000000000001,0.6000000000000001,2.02,Enrolled
1.0,39.0,1.0,9238.0,1.0,19.0,133.1,1.0,37.0,37.0,9.0,9.0,139.0,0.0,0.0,1.0,0.0,1.0,0.0,33.0,0.0,0.0,6.0,8.0,0.0,0.0,0.0,0.0,5.0,6.0,0.0,0.0,0.0,16.2,0.30000000000000004,-0.92,Dropout
1.0,43.0,1.0,9147.0,1.0,1.0,120.0,1.0,37.0,37.0,5.0,3.0,113.4,0.0,0.0,0.0,1.0,1.0,0.0,22.0,0.0,0.0,5.0,9.0,3.0,13.0,0.0,0.0,5.0,9.0,3.0,11.6666666666667,0.0,12.700000000000001,3.7,-1.7000000000000002,Dropout
1.0,44.0,1.0,9119.0,1.0,39.0,150.0,1.0,19.0,37.0,9.0,9.0,150.0,1.0,0.0,1.0,1.0,1.0,0.0,20.0,0.0,0.0,5.0,6.0,5.0,16.5,0.0,0.0,5.0,7.0,5.0,17.7142857142857,0.0,12.4,0.5,1.79,Dropout
1.0,17.0,1.0,9670.0,1.0,1.0,123.0,1.0,37.0,38.0,3.0,3.0,122.0,0.0,0.0,1.0,1.0,1.0,0.0,19.0,0.0,0.0,6.0,7.0,6.0,13.1666666666667,0.0,0.0,6.0,9.0,5.0,13.200000000000001,0.0,8.9,1.4000000000000001,3.5100000000000002,Enrolled
1.0,44.0,1.0,9085.0,1.0,39.0,150.0,1.0,38.0,38.0,4.0,1.0,150.0,1.0,0.0,0.0,1.0,1.0,0.0,20.0,0.0,1.0,6.0,11.0,6.0,13.8,0.0,1.0,6.0,7.0,6.0,13.1428571428571,0.0,16.2,0.30000000000000004,-0.92,Graduate
1.0,39.0,1.0,9254.0,1.0,12.0,133.1,1.0,37.0,37.0,5.0,7.0,119.30000000000001,1.0,0.0,0.0,1.0,1.0,0.0,25.0,0.0,0.0,6.0,7.0,6.0,11.1666666666667,0.0,0.0,6.0,11.0,4.0,11.8,0.0,9.4,-0.8,-3.12,Enrolled
1.0,39.0,1.0,9003.0,1.0,1.0,130.0,1.0,1.0,1.0,9.0,4.0,140.0,0.0,0.0,0.0,0.0,1.0,0.0,25.0,0.0,0.0,6.0,0.0,0.0,0.0,0.0,0.0,6.0,0.0,0.0,0.0,0.0,13.9,-0.30000000000000004,0.79,Dropout
1.0,1.0,4.0,9070.0,1.0,1.0,140.0,1.0,4.0,19.0,2.0,10.0,125.0,1.0,0.0,0.0,1.0,1.0,0.0,19.0,0.0,0.0,6.0,7.0,6.0,12.6666666666667,0.0,0.0,6.0,8.0,6.0,12.1428571428571,0.0,9.4,-0.8,-3.12,Enrolled
1.0,1.0,1.0,9670.0,1.0,1.0,141.0,1.0,2.0,1.0,2.0,4.0,140.70000000000002,1.0,0.0,0.0,1.0,1.0,0.0,20.0,0.0,0.0,5.0,5.0,5.0,12.600000000000001,0.0,0.0,5.0,6.0,4.0,14.5,1.0,7.6000000000000005,2.6,0.32,Graduate
2.0,39.0,1.0,9500.0,1.0,19.0,133.1,1.0,19.0,19.0,4.0,4.0,100.0,0.0,0.0,0.0,1.0,1.0,0.0,33.0,0.0,0.0,7.0,7.0,5.0,13.06,0.0,0.0,7.0,9.0,0.0,0.0,0.0,16.2,0.30000000000000004,-0.92,Enrolled
1.0,17.0,5.0,9773.0,1.0,1.0,146.0,1.0,1.0,37.0,5.0,5.0,146.70000000000002,1.0,0.0,0.0,1.0,1.0,0.0,19.0,0.0,0.0,6.0,7.0,6.0,13.8333333333333,0.0,0.0,6.0,8.0,6.0,13.625,0.0,7.6000000000000005,2.6,0.32,Graduate
1.0,39.0,1.0,9130.0,1.0,19.0,133.1,1.0,34.0,34.0,99.0,99.0,96.0,0.0,0.0,0.0,1.0,1.0,0.0,31.0,0.0,0.0,5.0,5.0,0.0,0.0,0.0,0.0,5.0,5.0,0.0,0.0,0.0,7.6000000000000005,2.6,0.32,Dropout
1.0,44.0,1.0,9119.0,1.0,39.0,160.0,1.0,3.0,38.0,2.0,3.0,160.0,0.0,0.0,1.0,0.0,1.0,0.0,24.0,0.0,2.0,6.0,6.0,2.0,16.0,0.0,2.0,7.0,7.0,2.0,16.0,0.0,8.9,1.4000000000000001,3.5100000000000002,Dropout
1.0,44.0,1.0,9119.0,1.0,39.0,130.0,1.0,19.0,3.0,3.0,4.0,130.0,0.0,0.0,1.0,0.0,1.0,0.0,23.0,0.0,0.0,5.0,5.0,0.0,0.0,0.0,0.0,5.0,5.0,0.0,0.0,0.0,15.5,2.8000000000000003,-4.0600000000000005,Dropout
2.0,39.0,1.0,9991.0,0.0,1.0,160.0,1.0,1.0,3.0,1.0,2.0,130.0,0.0,0.0,0.0,0.0,1.0,1.0,26.0,0.0,0.0,5.0,12.0,3.0,10.6666666666667,0.0,0.0,5.0,11.0,3.0,10.6666666666667,0.0,9.4,-0.8,-3.12,Dropout
2.0,43.0,1.0,9070.0,1.0,2.0,140.0,1.0,37.0,37.0,6.0,6.0,140.0,1.0,0.0,0.0,1.0,1.0,0.0,38.0,0.0,14.0,18.0,18.0,18.0,14.5,0.0,13.0,18.0,18.0,18.0,14.5,0.0,16.2,0.30000000000000004,-0.92,Graduate
1.0,1.0,6.0,9119.0,1.0,1.0,126.0,1.0,19.0,19.0,7.0,3.0,116.60000000000001,1.0,0.0,0.0,1.0,1.0,1.0,20.0,0.0,0.0,5.0,6.0,5.0,14.0,0.0,0.0,5.0,7.0,5.0,13.8,0.0,8.9,1.4000000000000001,3.5100000000000002,Graduate
1.0,17.0,5.0,9119.0,1.0,1.0,118.0,1.0,1.0,19.0,9.0,9.0,120.5,1.0,0.0,0.0,1.0,1.0,0.0,20.0,0.0,0.0,5.0,10.0,3.0,13.3333333333333,0.0,0.0,5.0,11.0,5.0,13.5714285714286,0.0,12.4,0.5,1.79,Graduate
1.0,39.0,1.0,9085.0,1.0,19.0,133.1,1.0,3.0,1.0,2.0,5.0,103.0,0.0,0.0,0.0,1.0,1.0,0.0,25.0,0.0,0.0,6.0,0.0,0.0,0.0,0.0,0.0,6.0,0.0,0.0,0.0,0.0,10.8,1.4000000000000001,1.74,Dropout
1.0,17.0,2.0,9070.0,1.0,1.0,121.0,1.0,1.0,19.0,144.0,144.0,111.9,1.0,0.0,0.0,1.0,1.0,0.0,19.0,0.0,0.0,6.0,9.0,5.0,12.0,0.0,0.0,6.0,10.0,4.0,11.200000000000001,0.0,8.9,1.4000000000000001,3.5100000000000002,Graduate
1.0,17.0,1.0,9119.0,1.0,1.0,148.0,1.0,1.0,38.0,4.0,5.0,148.70000000000002,0.0,0.0,0.0,1.0,1.0,0.0,18.0,0.0,0.0,5.0,6.0,5.0,16.2,0.0,0.0,5.0,8.0,5.0,16.0,0.0,8.9,1.4000000000000001,3.5100000000000002,Graduate
1.0,43.0,1.0,9991.0,0.0,12.0,133.1,1.0,12.0,12.0,9.0,9.0,120.0,0.0,0.0,0.0,1.0,1.0,0.0,28.0,0.0,7.0,13.0,13.0,7.0,10.2857142857143,0.0,5.0,11.0,13.0,5.0,10.600000000000001,0.0,10.8,1.4000000000000001,1.74,Dropout
1.0,1.0,2.0,9119.0,1.0,1.0,140.0,1.0,19.0,19.0,9.0,9.0,125.7,1.0,0.0,0.0,1.0,1.0,0.0,18.0,0.0,0.0,5.0,5.0,0.0,0.0,0.0,0.0,5.0,5.0,0.0,0.0,0.0,9.4,-0.8,-3.12,Enrolled
1.0,1.0,1.0,9254.0,1.0,1.0,132.0,1.0,1.0,38.0,9.0,9.0,120.10000000000001,1.0,0.0,0.0,1.0,1.0,1.0,20.0,0.0,0.0,6.0,7.0,6.0,13.5714285714286,0.0,0.0,6.0,8.0,6.0,13.1666666666667,0.0,8.9,1.4000000000000001,3.5100000000000002,Graduate
1.0,1.0,1.0,9130.0,1.0,1.0,140.0,1.0,4.0,3.0,3.0,3.0,127.80000000000001,0.0,0.0,0.0,1.0,1.0,0.0,18.0,0.0,0.0,6.0,7.0,6.0,14.2857142857143,0.0,0.0,6.0,9.0,6.0,14.8571428571429,0.0,11.100000000000001,0.6000000000000001,2.02,Graduate
1.0,17.0,3.0,9147.0,1.0,1.0,112.0,1.0,1.0,1.0,3.0,3.0,106.4,1.0,0.0,0.0,1.0,1.0,0.0,19.0,0.0,0.0,5.0,7.0,5.0,10.200000000000001,0.0,0.0,5.0,6.0,4.0,10.5,0.0,12.4,0.5,1.79,Graduate
1.0,42.0,1.0,9500.0,1.0,1.0,100.0,1.0,19.0,19.0,9.0,9.0,100.0,0.0,0.0,1.0,1.0,1.0,0.0,24.0,0.0,0.0,8.0,16.0,2.0,10.25,1.0,0.0,8.0,16.0,2.0,10.25,1.0,12.700000000000001,3.7,-1.7000000000000002,Dropout
1.0,17.0,4.0,9085.0,1.0,1.0,126.0,1.0,1.0,3.0,5.0,5.0,123.9,1.0,0.0,0.0,1.0,1.0,0.0,21.0,0.0,0.0,6.0,0.0,0.0,0.0,0.0,0.0,6.0,0.0,0.0,0.0,0.0,10.8,1.4000000000000001,1.74,Dropout
1.0,1.0,1.0,9670.0,1.0,1.0,150.0,1.0,3.0,37.0,4.0,7.0,139.5,0.0,0.0,0.0,1.0,1.0,1.0,20.0,0.0,0.0,6.0,7.0,6.0,14.8333333333333,0.0,0.0,6.0,6.0,6.0,14.8333333333333,0.0,12.700000000000001,3.7,-1.7000000000000002,Graduate
1.0,44.0,1.0,9003.0,1.0,39.0,150.0,1.0,19.0,1.0,9.0,8.0,150.0,1.0,0.0,0.0,1.0,1.0,0.0,21.0,0.0,0.0,6.0,12.0,5.0,13.625,0.0,0.0,6.0,6.0,5.0,12.600000000000001,0.0,13.9,-0.30000000000000004,0.79,Graduate
2.0,1.0,1.0,9556.0,1.0,1.0,144.0,1.0,19.0,19.0,193.0,144.0,139.8,0.0,0.0,1.0,1.0,1.0,0.0,24.0,0.0,0.0,7.0,7.0,7.0,12.2714285714286,0.0,0.0,8.0,10.0,7.0,13.657142857142901,0.0,10.8,1.4000000000000001,1.74,Graduate
1.0,39.0,1.0,9991.0,0.0,1.0,133.1,1.0,38.0,37.0,9.0,9.0,154.4,0.0,0.0,0.0,1.0,1.0,0.0,27.0,0.0,0.0,5.0,0.0,0.0,0.0,0.0,0.0,5.0,0.0,0.0,0.0,0.0,10.8,1.4000000000000001,1.74,Dropout
1.0,17.0,6.0,9147.0,1.0,1.0,120.0,1.0,37.0,38.0,9.0,9.0,115.5,1.0,0.0,1.0,0.0,1.0,0.0,19.0,0.0,0.0,5.0,8.0,4.0,12.5,0.0,0.0,5.0,9.0,5.0,10.5,0.0,8.9,1.4000000000000001,3.5100000000000002,Enrolled
1.0,39.0,1.0,8014.0,0.0,1.0,133.1,1.0,3.0,19.0,4.0,7.0,119.0,0.0,0.0,0.0,1.0,1.0,0.0,39.0,0.0,3.0,9.0,10.0,9.0,13.2222222222222,0.0,2.0,7.0,8.0,7.0,13.1428571428571,0.0,8.9,1.4000000000000001,3.5100000000000002,Graduate
1.0,39.0,1.0,33.0,1.0,1.0,133.1,1.0,19.0,37.0,9.0,9.0,96.10000000000001,0.0,0.0,0.0,1.0,1.0,0.0,25.0,0.0,0.0,7.0,13.0,2.0,15.0,0.0,0.0,7.0,12.0,2.0,11.5,0.0,12.4,0.5,1.79,Dropout
1.0,7.0,1.0,171.0,1.0,3.0,130.0,1.0,1.0,2.0,9.0,2.0,130.0,0.0,0.0,0.0,0.0,1.0,0.0,18.0,0.0,0.0,0.0,0.0,0.0,0.0,0.0,0.0,0.0,0.0,0.0,0.0,0.0,9.4,-0.8,-3.12,Dropout
1.0,43.0,1.0,9070.0,1.0,1.0,133.0,1.0,1.0,2.0,9.0,2.0,128.8,0.0,0.0,0.0,1.0,1.0,0.0,19.0,0.0,6.0,12.0,12.0,12.0,13.1666666666667,0.0,6.0,12.0,12.0,12.0,13.0,0.0,10.8,1.4000000000000001,1.74,Graduate
1.0,18.0,1.0,9773.0,1.0,1.0,124.0,1.0,38.0,37.0,9.0,8.0,126.80000000000001,0.0,0.0,0.0,1.0,1.0,1.0,21.0,0.0,0.0,6.0,8.0,5.0,13.8333333333333,0.0,0.0,6.0,6.0,4.0,14.0,0.0,13.9,-0.30000000000000004,0.79,Graduate
1.0,7.0,1.0,9991.0,0.0,40.0,130.0,1.0,1.0,3.0,4.0,2.0,130.0,0.0,0.0,0.0,1.0,1.0,0.0,27.0,0.0,0.0,5.0,0.0,0.0,0.0,0.0,0.0,5.0,0.0,0.0,0.0,0.0,8.9,1.4000000000000001,3.5100000000000002,Dropout
1.0,1.0,3.0,9147.0,1.0,1.0,124.0,1.0,1.0,1.0,5.0,3.0,116.7,1.0,0.0,0.0,1.0,1.0,0.0,19.0,0.0,0.0,5.0,6.0,0.0,0.0,0.0,0.0,5.0,6.0,0.0,0.0,0.0,7.6000000000000005,2.6,0.32,Enrolled
1.0,17.0,3.0,9500.0,1.0,1.0,132.0,1.0,3.0,1.0,2.0,7.0,125.5,1.0,0.0,0.0,1.0,1.0,0.0,18.0,0.0,0.0,8.0,8.0,7.0,13.1542857142857,0.0,0.0,8.0,8.0,7.0,13.1542857142857,0.0,10.8,1.4000000000000001,1.74,Enrolled
1.0,7.0,1.0,9670.0,1.0,3.0,110.0,1.0,27.0,37.0,3.0,3.0,110.0,1.0,0.0,0.0,1.0,1.0,0.0,27.0,0.0,7.0,12.0,12.0,9.0,12.3333333333333,0.0,6.0,11.0,11.0,6.0,13.1666666666667,0.0,9.4,-0.8,-3.12,Dropout
1.0,1.0,3.0,9773.0,1.0,1.0,127.0,1.0,19.0,38.0,8.0,3.0,133.70000000000002,1.0,0.0,1.0,1.0,1.0,0.0,18.0,0.0,0.0,6.0,6.0,6.0,13.0,0.0,0.0,6.0,7.0,5.0,11.8,0.0,12.700000000000001,3.7,-1.7000000000000002,Dropout
1.0,1.0,1.0,9130.0,1.0,1.0,130.0,1.0,2.0,3.0,9.0,1.0,117.60000000000001,0.0,0.0,0.0,1.0,1.0,0.0,19.0,0.0,0.0,5.0,14.0,2.0,11.5,2.0,0.0,5.0,8.0,5.0,11.4,3.0,9.4,-0.8,-3.12,Enrolled
1.0,44.0,1.0,9003.0,1.0,39.0,140.0,1.0,19.0,38.0,9.0,10.0,140.0,0.0,0.0,0.0,1.0,1.0,0.0,19.0,0.0,0.0,6.0,15.0,3.0,13.25,0.0,0.0,6.0,9.0,1.0,12.0,0.0,13.9,-0.30000000000000004,0.79,Dropout
1.0,44.0,1.0,9003.0,1.0,39.0,150.0,1.0,19.0,1.0,1.0,1.0,150.0,0.0,0.0,0.0,1.0,1.0,0.0,22.0,0.0,0.0,6.0,12.0,3.0,13.3333333333333,0.0,0.0,6.0,12.0,3.0,12.75,0.0,15.5,2.8000000000000003,-4.0600000000000005,Enrolled
1.0,16.0,2.0,9238.0,1.0,1.0,133.0,1.0,19.0,38.0,4.0,5.0,133.70000000000002,1.0,0.0,0.0,1.0,0.0,0.0,18.0,0.0,0.0,6.0,6.0,6.0,13.5,0.0,0.0,6.0,6.0,6.0,12.1666666666667,0.0,10.8,1.4000000000000001,1.74,Graduate
1.0,16.0,4.0,9773.0,1.0,1.0,109.0,1.0,37.0,37.0,9.0,3.0,137.0,1.0,0.0,0.0,1.0,0.0,1.0,18.0,0.0,0.0,6.0,7.0,6.0,12.6666666666667,0.0,0.0,6.0,8.0,5.0,12.8,0.0,10.8,1.4000000000000001,1.74,Graduate
1.0,43.0,1.0,9147.0,1.0,1.0,133.1,1.0,4.0,19.0,2.0,1.0,128.20000000000002,0.0,0.0,0.0,1.0,0.0,0.0,23.0,0.0,7.0,11.0,18.0,11.0,15.0909090909091,1.0,2.0,6.0,7.0,6.0,14.5,0.0,9.4,-0.8,-3.12,Dropout
1.0,18.0,4.0,171.0,1.0,1.0,133.0,1.0,1.0,4.0,9.0,5.0,129.20000000000002,1.0,0.0,1.0,0.0,1.0,0.0,20.0,0.0,0.0,0.0,0.0,0.0,0.0,0.0,0.0,0.0,0.0,0.0,0.0,0.0,9.4,-0.8,-3.12,Dropout
1.0,17.0,3.0,9773.0,1.0,1.0,134.0,1.0,2.0,1.0,3.0,3.0,129.5,1.0,0.0,0.0,1.0,1.0,0.0,18.0,0.0,0.0,6.0,7.0,6.0,13.1666666666667,0.0,0.0,6.0,7.0,6.0,12.6666666666667,0.0,16.2,0.30000000000000004,-0.92,Graduate
1.0,1.0,4.0,9773.0,1.0,1.0,125.0,1.0,19.0,19.0,9.0,7.0,129.6,1.0,0.0,0.0,1.0,1.0,0.0,18.0,0.0,0.0,6.0,6.0,6.0,12.8333333333333,0.0,0.0,6.0,8.0,6.0,12.8333333333333,0.0,12.4,0.5,1.79,Graduate
1.0,17.0,3.0,9119.0,1.0,1.0,135.0,1.0,1.0,19.0,141.0,193.0,121.7,1.0,0.0,0.0,1.0,1.0,0.0,18.0,0.0,0.0,5.0,7.0,5.0,11.8,0.0,0.0,5.0,9.0,3.0,12.0,0.0,8.9,1.4000000000000001,3.5100000000000002,Enrolled
1.0,17.0,2.0,9773.0,1.0,1.0,132.0,1.0,19.0,1.0,9.0,9.0,141.8,1.0,0.0,0.0,1.0,1.0,0.0,20.0,0.0,0.0,6.0,6.0,6.0,11.8333333333333,0.0,0.0,6.0,6.0,6.0,12.1666666666667,0.0,12.700000000000001,3.7,-1.7000000000000002,Graduate
1.0,1.0,3.0,9773.0,1.0,1.0,135.0,1.0,3.0,1.0,2.0,4.0,129.8,1.0,0.0,0.0,1.0,1.0,0.0,20.0,0.0,0.0,6.0,6.0,5.0,12.8,0.0,0.0,6.0,11.0,3.0,12.75,0.0,15.5,2.8000000000000003,-4.0600000000000005,Graduate
1.0,44.0,1.0,9070.0,1.0,39.0,100.0,1.0,1.0,1.0,4.0,4.0,106.0,0.0,0.0,0.0,1.0,1.0,0.0,21.0,0.0,2.0,7.0,7.0,5.0,11.8,0.0,5.0,9.0,9.0,5.0,11.0,0.0,12.4,0.5,1.79,Dropout
1.0,43.0,1.0,171.0,1.0,1.0,144.0,1.0,19.0,19.0,9.0,4.0,121.60000000000001,0.0,0.0,0.0,1.0,1.0,0.0,22.0,0.0,0.0,0.0,0.0,0.0,0.0,0.0,0.0,0.0,0.0,0.0,0.0,0.0,13.9,-0.30000000000000004,0.79,Enrolled
1.0,17.0,1.0,9119.0,1.0,1.0,125.0,1.0,19.0,1.0,5.0,4.0,121.5,1.0,0.0,0.0,1.0,1.0,0.0,20.0,0.0,0.0,5.0,7.0,5.0,15.8,0.0,0.0,5.0,7.0,5.0,14.5714285714286,0.0,11.100000000000001,0.6000000000000001,2.02,Dropout
1.0,1.0,1.0,171.0,1.0,1.0,133.1,1.0,1.0,37.0,9.0,9.0,117.0,0.0,0.0,1.0,1.0,1.0,0.0,19.0,0.0,0.0,0.0,0.0,0.0,0.0,0.0,0.0,0.0,0.0,0.0,0.0,0.0,15.5,2.8000000000000003,-4.0600000000000005,Enrolled
1.0,44.0,1.0,9119.0,1.0,39.0,130.0,1.0,38.0,19.0,9.0,5.0,130.0,1.0,0.0,0.0,1.0,1.0,0.0,19.0,0.0,0.0,5.0,9.0,2.0,12.5,0.0,0.0,5.0,10.0,3.0,11.600000000000001,0.0,12.4,0.5,1.79,Enrolled
1.0,17.0,1.0,9670.0,1.0,1.0,117.0,1.0,1.0,1.0,4.0,4.0,117.7,1.0,0.0,0.0,1.0,1.0,0.0,20.0,0.0,0.0,6.0,9.0,6.0,14.6666666666667,0.0,0.0,6.0,7.0,6.0,13.8571428571429,0.0,8.9,1.4000000000000001,3.5100000000000002,Graduate
1.0,44.0,1.0,9085.0,1.0,39.0,140.0,1.0,19.0,37.0,5.0,7.0,140.0,1.0,0.0,0.0,1.0,1.0,0.0,19.0,0.0,2.0,6.0,10.0,4.0,12.5,0.0,1.0,6.0,16.0,2.0,12.0,0.0,12.4,0.5,1.79,Dropout
1.0,1.0,1.0,9119.0,1.0,1.0,132.0,1.0,1.0,12.0,3.0,3.0,133.1,1.0,0.0,0.0,1.0,1.0,0.0,19.0,0.0,0.0,5.0,7.0,3.0,12.0,0.0,0.0,6.0,10.0,2.0,10.5,0.0,11.100000000000001,0.6000000000000001,2.02,Dropout
1.0,15.0,1.0,9119.0,1.0,1.0,133.1,41.0,2.0,2.0,2.0,2.0,100.0,0.0,0.0,1.0,1.0,1.0,0.0,24.0,1.0,2.0,8.0,8.0,7.0,13.1428571428571,0.0,1.0,6.0,8.0,6.0,11.8333333333333,0.0,8.9,1.4000000000000001,3.5100000000000002,Enrolled
1.0,17.0,1.0,9670.0,1.0,1.0,132.0,1.0,19.0,1.0,5.0,4.0,119.10000000000001,0.0,0.0,1.0,1.0,1.0,0.0,18.0,0.0,0.0,6.0,6.0,3.0,12.6666666666667,0.0,0.0,6.0,11.0,4.0,11.1428571428571,0.0,10.8,1.4000000000000001,1.74,Dropout
1.0,1.0,1.0,9119.0,1.0,1.0,148.0,1.0,19.0,19.0,9.0,8.0,129.8,0.0,0.0,0.0,0.0,1.0,1.0,18.0,0.0,0.0,5.0,6.0,5.0,15.0,0.0,0.0,5.0,6.0,5.0,14.200000000000001,0.0,8.9,1.4000000000000001,3.5100000000000002,Enrolled
1.0,1.0,1.0,9238.0,1.0,1.0,133.0,1.0,19.0,38.0,9.0,7.0,131.3,1.0,0.0,1.0,1.0,0.0,0.0,18.0,0.0,0.0,6.0,7.0,5.0,13.600000000000001,0.0,0.0,6.0,7.0,5.0,11.8,0.0,8.9,1.4000000000000001,3.5100000000000002,Dropout
1.0,17.0,5.0,9773.0,1.0,1.0,143.0,1.0,1.0,1.0,7.0,7.0,136.70000000000002,1.0,0.0,0.0,1.0,0.0,0.0,18.0,0.0,0.0,6.0,6.0,6.0,12.5,0.0,0.0,6.0,6.0,6.0,13.8333333333333,0.0,8.9,1.4000000000000001,3.5100000000000002,Graduate
1.0,17.0,1.0,9238.0,1.0,1.0,143.0,1.0,19.0,37.0,9.0,9.0,126.2,1.0,0.0,0.0,1.0,0.0,1.0,21.0,0.0,0.0,6.0,7.0,6.0,13.3333333333333,0.0,0.0,6.0,7.0,6.0,13.5,0.0,12.4,0.5,1.79,Graduate
1.0,15.0,1.0,9085.0,1.0,1.0,133.1,41.0,37.0,37.0,9.0,9.0,109.60000000000001,0.0,0.0,0.0,1.0,0.0,0.0,18.0,1.0,0.0,6.0,13.0,4.0,12.25,0.0,0.0,6.0,15.0,5.0,11.0,0.0,11.100000000000001,0.6000000000000001,2.02,Dropout
1.0,1.0,1.0,9500.0,1.0,1.0,141.0,1.0,1.0,19.0,3.0,3.0,131.9,1.0,0.0,0.0,1.0,0.0,1.0,18.0,0.0,0.0,7.0,7.0,7.0,15.1014285714286,0.0,0.0,8.0,8.0,8.0,16.09375,0.0,11.100000000000001,0.6000000000000001,2.02,Graduate
1.0,1.0,2.0,9238.0,1.0,1.0,140.0,1.0,19.0,37.0,9.0,9.0,140.70000000000002,1.0,0.0,0.0,1.0,0.0,1.0,18.0,0.0,0.0,6.0,6.0,6.0,13.1666666666667,0.0,0.0,6.0,6.0,6.0,16.0,0.0,10.8,1.4000000000000001,1.74,Graduate
1.0,18.0,6.0,8014.0,0.0,1.0,134.0,1.0,3.0,19.0,2.0,4.0,120.7,1.0,0.0,0.0,1.0,0.0,0.0,23.0,0.0,0.0,6.0,8.0,4.0,11.0,0.0,0.0,6.0,6.0,0.0,0.0,0.0,13.9,-0.30000000000000004,0.79,Dropout
1.0,1.0,2.0,9147.0,1.0,1.0,118.0,1.0,3.0,19.0,2.0,4.0,113.80000000000001,1.0,0.0,0.0,1.0,0.0,0.0,21.0,0.0,0.0,5.0,9.0,3.0,11.6666666666667,0.0,0.0,5.0,9.0,4.0,11.75,0.0,8.9,1.4000000000000001,3.5100000000000002,Graduate
1.0,1.0,1.0,9238.0,1.0,1.0,135.0,1.0,19.0,38.0,7.0,5.0,121.0,0.0,0.0,0.0,1.0,0.0,0.0,20.0,0.0,0.0,6.0,13.0,1.0,10.0,0.0,0.0,6.0,13.0,1.0,13.0,0.0,9.4,-0.8,-3.12,Enrolled
1.0,17.0,1.0,8014.0,0.0,1.0,119.0,1.0,34.0,34.0,0.0,0.0,112.4,1.0,0.0,0.0,1.0,0.0,0.0,26.0,0.0,4.0,7.0,15.0,7.0,11.5714285714286,0.0,2.0,6.0,14.0,2.0,11.0,0.0,7.6000000000000005,2.6,0.32,Dropout
1.0,1.0,6.0,9773.0,1.0,1.0,145.0,1.0,1.0,19.0,4.0,4.0,131.0,1.0,0.0,0.0,1.0,0.0,1.0,18.0,0.0,0.0,6.0,6.0,6.0,12.1666666666667,0.0,0.0,6.0,10.0,5.0,11.200000000000001,0.0,7.6000000000000005,2.6,0.32,Enrolled
1.0,1.0,1.0,171.0,1.0,1.0,143.0,1.0,3.0,37.0,9.0,9.0,142.70000000000002,1.0,0.0,0.0,1.0,0.0,0.0,18.0,0.0,0.0,0.0,0.0,0.0,0.0,0.0,0.0,0.0,0.0,0.0,0.0,0.0,16.2,0.30000000000000004,-0.92,Dropout
1.0,1.0,1.0,9670.0,1.0,1.0,123.0,1.0,19.0,19.0,9.0,8.0,125.5,0.0,0.0,0.0,0.0,0.0,1.0,19.0,0.0,0.0,6.0,6.0,6.0,13.8333333333333,0.0,0.0,6.0,7.0,6.0,14.2857142857143,0.0,8.9,1.4000000000000001,3.5100000000000002,Graduate
1.0,1.0,3.0,9500.0,1.0,1.0,108.0,1.0,19.0,1.0,9.0,3.0,107.80000000000001,1.0,0.0,0.0,1.0,0.0,1.0,20.0,0.0,0.0,7.0,10.0,6.0,12.3571428571429,0.0,0.0,8.0,9.0,7.0,13.0,0.0,13.9,-0.30000000000000004,0.79,Graduate
1.0,1.0,3.0,9773.0,1.0,1.0,117.0,1.0,38.0,19.0,7.0,7.0,110.4,1.0,0.0,1.0,0.0,0.0,0.0,19.0,0.0,0.0,6.0,7.0,6.0,12.1666666666667,0.0,0.0,6.0,10.0,2.0,10.3333333333333,0.0,16.2,0.30000000000000004,-0.92,Dropout
1.0,44.0,1.0,9238.0,1.0,39.0,140.0,1.0,37.0,19.0,191.0,102.0,136.1,1.0,0.0,1.0,1.0,0.0,0.0,21.0,0.0,3.0,6.0,8.0,3.0,12.0,0.0,2.0,6.0,6.0,2.0,12.5,0.0,12.4,0.5,1.79,Enrolled
1.0,39.0,1.0,9254.0,1.0,1.0,170.0,1.0,37.0,37.0,4.0,6.0,138.3,0.0,0.0,0.0,1.0,0.0,0.0,33.0,0.0,5.0,10.0,14.0,9.0,12.4166666666667,0.0,5.0,9.0,14.0,7.0,13.0,0.0,10.8,1.4000000000000001,1.74,Graduate
1.0,1.0,2.0,9085.0,1.0,1.0,157.0,1.0,3.0,38.0,4.0,6.0,142.3,0.0,0.0,0.0,1.0,0.0,0.0,18.0,0.0,0.0,5.0,7.0,4.0,12.75,0.0,0.0,5.0,6.0,4.0,12.75,0.0,7.6000000000000005,2.6,0.32,Graduate
1.0,42.0,1.0,9500.0,1.0,6.0,141.0,1.0,37.0,1.0,9.0,4.0,145.0,0.0,0.0,0.0,1.0,0.0,0.0,21.0,0.0,12.0,21.0,33.0,18.0,14.9333333333333,12.0,12.0,21.0,33.0,18.0,14.9333333333333,12.0,7.6000000000000005,2.6,0.32,Graduate
1.0,1.0,1.0,9773.0,1.0,1.0,125.0,1.0,3.0,19.0,2.0,3.0,125.7,1.0,0.0,0.0,1.0,0.0,0.0,19.0,0.0,0.0,6.0,6.0,6.0,13.0,0.0,0.0,6.0,7.0,6.0,11.6666666666667,0.0,8.9,1.4000000000000001,3.5100000000000002,Graduate
4.0,39.0,1.0,9853.0,1.0,19.0,133.1,1.0,38.0,19.0,9.0,9.0,108.0,0.0,0.0,1.0,0.0,0.0,0.0,33.0,0.0,0.0,7.0,7.0,7.0,12.8571428571429,0.0,0.0,7.0,8.0,6.0,12.6666666666667,0.0,8.9,1.4000000000000001,3.5100000000000002,Enrolled
2.0,1.0,4.0,9500.0,1.0,1.0,143.0,1.0,38.0,38.0,5.0,5.0,128.70000000000002,1.0,0.0,0.0,1.0,0.0,0.0,18.0,0.0,0.0,7.0,10.0,7.0,14.455,0.0,0.0,8.0,8.0,8.0,13.91,0.0,15.5,2.8000000000000003,-4.0600000000000005,Graduate
1.0,1.0,1.0,9670.0,1.0,1.0,142.0,1.0,1.0,19.0,4.0,4.0,128.0,0.0,0.0,0.0,1.0,0.0,1.0,18.0,0.0,0.0,6.0,8.0,6.0,14.0,0.0,0.0,6.0,7.0,6.0,13.2857142857143,0.0,11.100000000000001,0.6000000000000001,2.02,Graduate
1.0,1.0,3.0,9773.0,1.0,1.0,150.0,1.0,19.0,38.0,4.0,4.0,146.5,1.0,0.0,0.0,1.0,0.0,1.0,20.0,0.0,0.0,6.0,6.0,6.0,13.5,0.0,0.0,6.0,7.0,6.0,12.6666666666667,0.0,11.100000000000001,0.6000000000000001,2.02,Graduate
1.0,1.0,2.0,9254.0,1.0,1.0,112.0,1.0,37.0,37.0,6.0,6.0,106.10000000000001,1.0,0.0,0.0,0.0,0.0,0.0,20.0,0.0,0.0,6.0,0.0,0.0,0.0,0.0,0.0,6.0,0.0,0.0,0.0,0.0,11.100000000000001,0.6000000000000001,2.02,Dropout
1.0,17.0,2.0,8014.0,0.0,1.0,133.1,1.0,19.0,1.0,1.0,1.0,118.0,0.0,0.0,0.0,1.0,0.0,1.0,20.0,0.0,0.0,6.0,6.0,6.0,11.6666666666667,0.0,0.0,6.0,12.0,5.0,14.0,0.0,10.8,1.4000000000000001,1.74,Graduate
1.0,17.0,1.0,9085.0,1.0,1.0,125.0,1.0,1.0,37.0,4.0,9.0,117.0,1.0,0.0,0.0,1.0,0.0,1.0,19.0,0.0,0.0,5.0,6.0,4.0,12.0,0.0,0.0,5.0,8.0,5.0,13.3333333333333,1.0,10.8,1.4000000000000001,1.74,Graduate
1.0,1.0,3.0,9238.0,1.0,1.0,121.0,1.0,38.0,37.0,8.0,8.0,115.4,1.0,0.0,0.0,1.0,0.0,1.0,19.0,0.0,0.0,6.0,7.0,6.0,11.714285714285701,0.0,0.0,6.0,6.0,6.0,11.8333333333333,0.0,13.9,-0.30000000000000004,0.79,Graduate
1.0,17.0,3.0,9238.0,1.0,1.0,133.1,1.0,41.0,1.0,2.0,3.0,117.0,1.0,0.0,0.0,1.0,0.0,0.0,21.0,0.0,0.0,6.0,8.0,6.0,12.6666666666667,0.0,0.0,6.0,7.0,6.0,12.4285714285714,0.0,11.100000000000001,0.6000000000000001,2.02,Graduate
1.0,39.0,1.0,9085.0,1.0,1.0,133.1,1.0,3.0,3.0,4.0,2.0,144.9,1.0,0.0,0.0,1.0,0.0,0.0,26.0,0.0,0.0,6.0,11.0,3.0,11.75,0.0,0.0,6.0,19.0,4.0,12.8,0.0,12.4,0.5,1.79,Enrolled
1.0,17.0,1.0,9238.0,1.0,1.0,135.0,1.0,37.0,37.0,8.0,6.0,127.0,0.0,0.0,0.0,1.0,0.0,0.0,21.0,0.0,0.0,6.0,0.0,0.0,0.0,0.0,0.0,6.0,0.0,0.0,0.0,0.0,16.2,0.30000000000000004,-0.92,Dropout
1.0,1.0,4.0,9500.0,1.0,1.0,132.0,1.0,19.0,38.0,5.0,5.0,118.0,1.0,0.0,0.0,1.0,0.0,0.0,18.0,0.0,0.0,8.0,8.0,7.0,12.3285714285714,0.0,0.0,8.0,8.0,7.0,12.3285714285714,0.0,12.700000000000001,3.7,-1.7000000000000002,Graduate
5.0,39.0,1.0,9853.0,1.0,19.0,133.1,1.0,37.0,37.0,9.0,8.0,118.0,0.0,0.0,0.0,1.0,0.0,0.0,27.0,0.0,0.0,7.0,14.0,6.0,11.6666666666667,0.0,0.0,7.0,10.0,1.0,10.0,0.0,12.4,0.5,1.79,Dropout
1.0,43.0,1.0,9070.0,1.0,1.0,135.0,1.0,1.0,38.0,3.0,9.0,126.4,1.0,0.0,0.0,1.0,0.0,1.0,20.0,0.0,5.0,12.0,12.0,12.0,13.25,0.0,5.0,12.0,12.0,11.0,12.7272727272727,0.0,15.5,2.8000000000000003,-4.0600000000000005,Graduate
1.0,43.0,1.0,9670.0,1.0,39.0,110.0,1.0,19.0,3.0,7.0,10.0,110.0,0.0,0.0,0.0,1.0,0.0,0.0,21.0,0.0,0.0,6.0,8.0,5.0,11.8333333333333,0.0,0.0,6.0,8.0,4.0,13.25,2.0,16.2,0.30000000000000004,-0.92,Enrolled
1.0,17.0,1.0,9556.0,1.0,1.0,133.0,1.0,38.0,37.0,9.0,9.0,124.4,1.0,0.0,0.0,1.0,0.0,1.0,18.0,0.0,0.0,7.0,7.0,7.0,13.3,0.0,0.0,8.0,8.0,8.0,15.125,0.0,15.5,2.8000000000000003,-4.0600000000000005,Graduate
1.0,44.0,1.0,9085.0,1.0,39.0,140.0,1.0,1.0,19.0,9.0,9.0,140.0,1.0,0.0,0.0,1.0,0.0,0.0,20.0,0.0,1.0,6.0,13.0,6.0,12.5555555555556,0.0,1.0,6.0,11.0,5.0,11.8,0.0,16.2,0.30000000000000004,-0.92,Enrolled
1.0,1.0,1.0,9773.0,1.0,1.0,135.0,1.0,1.0,19.0,4.0,10.0,129.4,1.0,0.0,0.0,1.0,0.0,0.0,18.0,0.0,0.0,6.0,6.0,6.0,12.8333333333333,0.0,0.0,6.0,7.0,6.0,12.1666666666667,0.0,11.100000000000001,0.6000000000000001,2.02,Graduate
1.0,44.0,1.0,9238.0,1.0,39.0,140.0,1.0,1.0,1.0,3.0,5.0,141.70000000000002,0.0,0.0,0.0,1.0,0.0,1.0,20.0,0.0,3.0,6.0,6.0,6.0,12.8333333333333,0.0,2.0,6.0,6.0,6.0,12.8333333333333,0.0,13.9,-0.30000000000000004,0.79,Graduate
1.0,1.0,2.0,9085.0,1.0,1.0,144.0,1.0,1.0,19.0,4.0,10.0,132.1,1.0,0.0,0.0,1.0,0.0,1.0,19.0,0.0,0.0,5.0,10.0,3.0,12.6666666666667,1.0,0.0,5.0,7.0,3.0,13.0,0.0,12.700000000000001,3.7,-1.7000000000000002,Graduate
1.0,1.0,5.0,9500.0,1.0,1.0,122.0,1.0,37.0,3.0,9.0,2.0,116.80000000000001,1.0,0.0,0.0,1.0,0.0,0.0,20.0,0.0,0.0,7.0,8.0,6.0,13.2714285714286,0.0,0.0,8.0,8.0,7.0,14.4714285714286,0.0,13.9,-0.30000000000000004,0.79,Graduate
1.0,1.0,1.0,9991.0,0.0,1.0,143.0,1.0,19.0,37.0,5.0,8.0,135.0,0.0,0.0,0.0,1.0,0.0,1.0,20.0,0.0,0.0,5.0,5.0,5.0,12.4,0.0,0.0,5.0,6.0,5.0,12.8333333333333,0.0,10.8,1.4000000000000001,1.74,Graduate
1.0,44.0,1.0,9085.0,1.0,39.0,150.0,1.0,38.0,1.0,5.0,5.0,150.0,0.0,0.0,0.0,1.0,0.0,0.0,20.0,0.0,0.0,5.0,10.0,2.0,14.5,1.0,0.0,5.0,7.0,4.0,11.25,0.0,12.700000000000001,3.7,-1.7000000000000002,Enrolled
1.0,1.0,3.0,9238.0,1.0,1.0,124.0,1.0,19.0,1.0,7.0,10.0,116.0,1.0,0.0,1.0,1.0,0.0,0.0,19.0,0.0,0.0,6.0,7.0,0.0,0.0,0.0,0.0,5.0,5.0,0.0,0.0,0.0,13.9,-0.30000000000000004,0.79,Dropout
1.0,1.0,1.0,9773.0,1.0,1.0,156.0,1.0,3.0,3.0,123.0,122.0,155.0,0.0,0.0,0.0,1.0,0.0,0.0,18.0,0.0,0.0,6.0,7.0,6.0,14.2857142857143,0.0,0.0,6.0,8.0,6.0,13.25,0.0,8.9,1.4000000000000001,3.5100000000000002,Graduate
1.0,1.0,1.0,9085.0,1.0,1.0,142.0,1.0,38.0,38.0,9.0,10.0,127.0,1.0,0.0,0.0,1.0,0.0,0.0,18.0,0.0,0.0,5.0,7.0,3.0,12.3333333333333,0.0,0.0,5.0,9.0,5.0,12.600000000000001,0.0,10.8,1.4000000000000001,1.74,Graduate
1.0,17.0,1.0,9500.0,1.0,1.0,142.0,1.0,38.0,37.0,9.0,8.0,130.8,1.0,0.0,0.0,1.0,0.0,1.0,19.0,0.0,0.0,7.0,10.0,6.0,12.5833333333333,0.0,0.0,8.0,8.0,7.0,12.671428571428601,0.0,13.9,-0.30000000000000004,0.79,Graduate
1.0,1.0,6.0,9500.0,1.0,1.0,126.0,1.0,12.0,37.0,5.0,9.0,121.80000000000001,1.0,0.0,0.0,1.0,0.0,0.0,19.0,0.0,0.0,7.0,8.0,6.0,13.731666666666701,0.0,0.0,8.0,10.0,7.0,13.7714285714286,0.0,12.4,0.5,1.79,Dropout
1.0,39.0,1.0,9003.0,1.0,19.0,133.1,1.0,37.0,37.0,9.0,4.0,140.0,0.0,0.0,0.0,1.0,1.0,0.0,43.0,0.0,0.0,6.0,8.0,6.0,12.875,0.0,0.0,6.0,14.0,5.0,12.1428571428571,0.0,16.2,0.30000000000000004,-0.92,Enrolled
2.0,42.0,1.0,9070.0,1.0,1.0,170.0,1.0,37.0,25.0,0.0,4.0,148.5,0.0,0.0,0.0,1.0,1.0,0.0,47.0,0.0,8.0,10.0,14.0,8.0,14.625,0.0,5.0,7.0,7.0,5.0,13.4,0.0,9.4,-0.8,-3.12,Dropout
1.0,42.0,1.0,9147.0,1.0,1.0,130.0,1.0,34.0,34.0,99.0,99.0,109.80000000000001,1.0,0.0,0.0,0.0,1.0,0.0,23.0,0.0,0.0,3.0,3.0,0.0,0.0,0.0,0.0,2.0,2.0,0.0,0.0,0.0,7.6000000000000005,2.6,0.32,Dropout
1.0,1.0,1.0,9238.0,1.0,1.0,133.0,41.0,19.0,19.0,9.0,9.0,119.7,1.0,0.0,1.0,1.0,0.0,1.0,19.0,1.0,0.0,6.0,8.0,6.0,12.6666666666667,0.0,0.0,6.0,7.0,6.0,12.6666666666667,0.0,8.9,1.4000000000000001,3.5100000000000002,Graduate
1.0,42.0,1.0,9500.0,1.0,1.0,122.0,1.0,3.0,3.0,2.0,2.0,122.0,1.0,0.0,0.0,1.0,0.0,0.0,20.0,0.0,0.0,8.0,11.0,6.0,12.491666666666701,0.0,0.0,8.0,11.0,6.0,12.491666666666701,0.0,12.700000000000001,3.7,-1.7000000000000002,Graduate
1.0,1.0,1.0,171.0,1.0,1.0,138.0,1.0,1.0,3.0,4.0,4.0,147.5,1.0,0.0,0.0,1.0,0.0,1.0,19.0,0.0,6.0,12.0,12.0,12.0,13.6666666666667,0.0,4.0,11.0,12.0,11.0,14.1666666666667,0.0,8.9,1.4000000000000001,3.5100000000000002,Graduate
1.0,17.0,1.0,9085.0,1.0,1.0,163.0,14.0,37.0,37.0,9.0,9.0,150.8,1.0,0.0,0.0,1.0,0.0,0.0,19.0,1.0,0.0,6.0,13.0,6.0,16.0,0.0,0.0,6.0,8.0,6.0,14.5,0.0,15.5,2.8000000000000003,-4.0600000000000005,Graduate
1.0,44.0,1.0,9085.0,1.0,39.0,150.0,1.0,19.0,37.0,4.0,7.0,150.0,1.0,0.0,0.0,1.0,0.0,0.0,19.0,0.0,2.0,6.0,8.0,6.0,14.1428571428571,0.0,1.0,6.0,7.0,6.0,13.0,0.0,13.9,-0.30000000000000004,0.79,Graduate
1.0,39.0,1.0,8014.0,0.0,19.0,133.1,1.0,19.0,19.0,144.0,141.0,131.5,0.0,0.0,1.0,1.0,0.0,1.0,39.0,0.0,0.0,6.0,9.0,6.0,11.8333333333333,0.0,0.0,6.0,9.0,4.0,13.75,0.0,11.100000000000001,0.6000000000000001,2.02,Graduate
1.0,1.0,1.0,9070.0,1.0,1.0,144.0,1.0,1.0,1.0,3.0,5.0,127.2,1.0,0.0,0.0,1.0,0.0,1.0,20.0,0.0,0.0,6.0,6.0,6.0,12.6666666666667,0.0,0.0,6.0,8.0,6.0,13.0,0.0,10.8,1.4000000000000001,1.74,Graduate
1.0,17.0,1.0,9070.0,1.0,1.0,118.0,1.0,38.0,19.0,9.0,3.0,111.0,1.0,0.0,0.0,1.0,0.0,0.0,21.0,0.0,0.0,6.0,6.0,6.0,12.5,0.0,0.0,6.0,6.0,6.0,12.6666666666667,0.0,7.6000000000000005,2.6,0.32,Graduate
1.0,43.0,5.0,9238.0,1.0,1.0,101.0,24.0,37.0,19.0,9.0,7.0,119.9,1.0,0.0,1.0,0.0,0.0,0.0,22.0,1.0,5.0,11.0,16.0,9.0,10.8888888888889,0.0,2.0,10.0,20.0,4.0,11.25,1.0,9.4,-0.8,-3.12,Graduate
1.0,1.0,2.0,9773.0,1.0,1.0,133.0,1.0,19.0,38.0,5.0,0.0,133.70000000000002,1.0,0.0,0.0,1.0,0.0,0.0,19.0,0.0,0.0,6.0,11.0,1.0,13.0,0.0,0.0,5.0,10.0,0.0,0.0,0.0,7.6000000000000005,2.6,0.32,Dropout
1.0,17.0,1.0,9670.0,1.0,1.0,133.1,1.0,1.0,19.0,141.0,114.0,140.0,1.0,0.0,0.0,1.0,0.0,0.0,22.0,0.0,0.0,6.0,6.0,6.0,15.1666666666667,0.0,0.0,6.0,6.0,6.0,16.0,0.0,13.9,-0.30000000000000004,0.79,Graduate
1.0,5.0,2.0,9853.0,1.0,1.0,124.0,1.0,19.0,19.0,3.0,3.0,113.9,1.0,0.0,0.0,1.0,0.0,1.0,19.0,0.0,0.0,6.0,8.0,6.0,12.6666666666667,0.0,0.0,6.0,7.0,6.0,12.0,0.0,12.700000000000001,3.7,-1.7000000000000002,Graduate
1.0,1.0,1.0,171.0,1.0,1.0,127.0,1.0,37.0,38.0,9.0,9.0,120.7,1.0,0.0,1.0,1.0,1.0,0.0,18.0,0.0,0.0,0.0,0.0,0.0,0.0,0.0,0.0,0.0,0.0,0.0,0.0,0.0,7.6000000000000005,2.6,0.32,Dropout
5.0,39.0,1.0,9147.0,1.0,1.0,133.1,1.0,19.0,19.0,9.0,9.0,119.80000000000001,0.0,0.0,0.0,1.0,1.0,0.0,26.0,0.0,0.0,5.0,9.0,5.0,12.0,0.0,0.0,5.0,5.0,5.0,10.200000000000001,0.0,11.100000000000001,0.6000000000000001,2.02,Enrolled
1.0,39.0,1.0,9991.0,0.0,1.0,110.0,1.0,37.0,37.0,9.0,9.0,121.80000000000001,0.0,0.0,0.0,0.0,1.0,0.0,36.0,0.0,0.0,5.0,5.0,0.0,0.0,0.0,0.0,5.0,5.0,0.0,0.0,0.0,12.700000000000001,3.7,-1.7000000000000002,Dropout
1.0,18.0,1.0,171.0,1.0,1.0,110.0,1.0,19.0,2.0,5.0,5.0,117.7,1.0,0.0,1.0,1.0,1.0,1.0,20.0,0.0,0.0,0.0,0.0,0.0,0.0,0.0,0.0,0.0,0.0,0.0,0.0,0.0,12.4,0.5,1.79,Graduate
2.0,39.0,1.0,9147.0,1.0,1.0,160.0,1.0,37.0,37.0,9.0,7.0,110.0,0.0,0.0,0.0,1.0,1.0,0.0,30.0,0.0,0.0,5.0,8.0,2.0,11.0,0.0,0.0,5.0,6.0,4.0,11.5,0.0,15.5,2.8000000000000003,-4.0600000000000005,Dropout
1.0,43.0,1.0,9003.0,1.0,1.0,120.0,1.0,1.0,1.0,4.0,10.0,134.4,0.0,0.0,0.0,1.0,1.0,0.0,24.0,0.0,0.0,6.0,7.0,6.0,15.714285714285701,0.0,0.0,6.0,10.0,6.0,15.9,0.0,15.5,2.8000000000000003,-4.0600000000000005,Dropout
1.0,1.0,1.0,9147.0,1.0,1.0,133.1,1.0,34.0,34.0,0.0,0.0,125.30000000000001,0.0,0.0,0.0,1.0,1.0,0.0,26.0,0.0,11.0,15.0,15.0,11.0,10.8181818181818,0.0,12.0,14.0,15.0,11.0,11.636363636363601,1.0,7.6000000000000005,2.6,0.32,Dropout
1.0,1.0,1.0,9147.0,1.0,1.0,132.0,1.0,19.0,38.0,9.0,7.0,119.10000000000001,0.0,0.0,0.0,0.0,1.0,0.0,19.0,0.0,0.0,5.0,16.0,1.0,12.0,0.0,0.0,5.0,6.0,0.0,0.0,0.0,13.9,-0.30000000000000004,0.79,Dropout
5.0,39.0,1.0,9238.0,1.0,1.0,130.0,1.0,19.0,38.0,9.0,10.0,146.0,0.0,0.0,0.0,1.0,1.0,0.0,34.0,0.0,0.0,6.0,8.0,5.0,12.600000000000001,0.0,0.0,6.0,11.0,4.0,11.25,0.0,12.4,0.5,1.79,Graduate
1.0,43.0,1.0,9130.0,1.0,1.0,130.0,1.0,1.0,1.0,1.0,1.0,130.0,1.0,0.0,0.0,1.0,1.0,0.0,33.0,0.0,0.0,5.0,12.0,1.0,13.0,2.0,0.0,5.0,7.0,3.0,14.0,0.0,9.4,-0.8,-3.12,Enrolled
1.0,17.0,6.0,9147.0,1.0,1.0,129.0,1.0,19.0,1.0,9.0,4.0,122.0,1.0,0.0,0.0,1.0,1.0,0.0,19.0,0.0,0.0,5.0,8.0,5.0,11.600000000000001,1.0,0.0,5.0,10.0,4.0,10.75,0.0,9.4,-0.8,-3.12,Graduate
1.0,17.0,5.0,9119.0,1.0,1.0,130.0,1.0,19.0,1.0,4.0,5.0,118.10000000000001,1.0,0.0,1.0,0.0,1.0,0.0,26.0,0.0,0.0,5.0,11.0,1.0,10.0,0.0,0.0,5.0,14.0,1.0,11.0,0.0,8.9,1.4000000000000001,3.5100000000000002,Dropout
1.0,39.0,1.0,9670.0,1.0,1.0,140.0,1.0,38.0,37.0,7.0,7.0,105.2,0.0,0.0,0.0,1.0,1.0,0.0,29.0,0.0,0.0,6.0,7.0,1.0,14.0,0.0,0.0,6.0,6.0,0.0,0.0,0.0,16.2,0.30000000000000004,-0.92,Dropout
1.0,17.0,5.0,9119.0,1.0,1.0,131.0,1.0,19.0,37.0,9.0,7.0,123.30000000000001,1.0,0.0,0.0,1.0,1.0,1.0,19.0,0.0,0.0,5.0,9.0,5.0,12.600000000000001,0.0,0.0,5.0,8.0,2.0,12.5,0.0,8.9,1.4000000000000001,3.5100000000000002,Dropout
1.0,17.0,1.0,171.0,1.0,1.0,129.0,1.0,1.0,1.0,9.0,9.0,124.80000000000001,1.0,0.0,0.0,1.0,1.0,0.0,18.0,0.0,0.0,0.0,0.0,0.0,0.0,0.0,0.0,0.0,0.0,0.0,0.0,0.0,12.700000000000001,3.7,-1.7000000000000002,Dropout
1.0,39.0,1.0,9991.0,0.0,19.0,133.1,1.0,19.0,37.0,9.0,9.0,149.4,0.0,0.0,0.0,0.0,1.0,0.0,29.0,0.0,0.0,5.0,11.0,2.0,11.3333333333333,0.0,0.0,5.0,9.0,1.0,12.0,0.0,11.100000000000001,0.6000000000000001,2.02,Dropout
1.0,43.0,1.0,9254.0,1.0,1.0,112.0,1.0,37.0,37.0,9.0,9.0,108.5,0.0,0.0,0.0,1.0,1.0,0.0,21.0,0.0,0.0,6.0,6.0,6.0,12.6666666666667,0.0,0.0,6.0,7.0,5.0,11.4,0.0,9.4,-0.8,-3.12,Graduate
1.0,17.0,1.0,9254.0,1.0,1.0,119.0,1.0,1.0,1.0,4.0,10.0,125.0,0.0,0.0,0.0,1.0,1.0,0.0,19.0,0.0,0.0,6.0,7.0,5.0,10.8,0.0,0.0,6.0,10.0,2.0,10.5,0.0,10.8,1.4000000000000001,1.74,Enrolled
1.0,1.0,1.0,9500.0,1.0,1.0,133.1,1.0,38.0,38.0,5.0,10.0,101.0,0.0,0.0,0.0,1.0,1.0,0.0,20.0,0.0,0.0,7.0,14.0,5.0,12.8785714285714,0.0,0.0,8.0,15.0,7.0,11.856250000000001,0.0,15.5,2.8000000000000003,-4.0600000000000005,Graduate
1.0,1.0,1.0,9085.0,1.0,1.0,123.0,1.0,3.0,1.0,2.0,5.0,112.9,0.0,0.0,0.0,1.0,1.0,0.0,18.0,0.0,0.0,5.0,5.0,0.0,0.0,0.0,0.0,5.0,5.0,0.0,0.0,0.0,7.6000000000000005,2.6,0.32,Dropout
1.0,17.0,3.0,9070.0,1.0,1.0,131.0,1.0,38.0,37.0,5.0,5.0,120.2,1.0,0.0,0.0,1.0,1.0,0.0,18.0,0.0,0.0,6.0,6.0,6.0,12.8333333333333,0.0,0.0,6.0,8.0,5.0,11.4,0.0,15.5,2.8000000000000003,-4.0600000000000005,Enrolled
1.0,1.0,1.0,9147.0,1.0,1.0,120.0,1.0,34.0,34.0,99.0,99.0,111.60000000000001,0.0,0.0,1.0,1.0,1.0,1.0,21.0,0.0,0.0,5.0,5.0,5.0,12.600000000000001,0.0,0.0,5.0,9.0,3.0,12.8333333333333,0.0,10.8,1.4000000000000001,1.74,Enrolled
1.0,1.0,1.0,9147.0,1.0,1.0,125.0,1.0,1.0,1.0,4.0,2.0,134.1,1.0,0.0,0.0,1.0,1.0,0.0,20.0,0.0,0.0,5.0,0.0,0.0,0.0,0.0,0.0,5.0,0.0,0.0,0.0,0.0,8.9,1.4000000000000001,3.5100000000000002,Dropout
1.0,39.0,1.0,9119.0,1.0,1.0,133.1,1.0,37.0,37.0,9.0,9.0,101.60000000000001,0.0,0.0,0.0,1.0,1.0,1.0,30.0,0.0,0.0,5.0,11.0,0.0,0.0,0.0,0.0,5.0,5.0,0.0,0.0,0.0,12.700000000000001,3.7,-1.7000000000000002,Dropout
1.0,18.0,2.0,9670.0,1.0,1.0,121.0,1.0,37.0,38.0,4.0,1.0,111.9,1.0,0.0,0.0,1.0,1.0,0.0,19.0,0.0,0.0,6.0,6.0,6.0,14.1666666666667,0.0,0.0,6.0,6.0,6.0,14.0,0.0,13.9,-0.30000000000000004,0.79,Graduate
1.0,51.0,1.0,9147.0,1.0,1.0,148.0,1.0,1.0,19.0,9.0,6.0,118.4,1.0,0.0,0.0,1.0,1.0,0.0,30.0,0.0,0.0,5.0,7.0,5.0,13.4,0.0,0.0,5.0,7.0,4.0,13.25,0.0,8.9,1.4000000000000001,3.5100000000000002,Dropout
1.0,1.0,1.0,9147.0,1.0,1.0,139.0,1.0,38.0,1.0,5.0,5.0,127.10000000000001,1.0,0.0,0.0,1.0,1.0,1.0,22.0,0.0,0.0,5.0,8.0,5.0,11.200000000000001,0.0,0.0,5.0,13.0,4.0,11.25,0.0,12.700000000000001,3.7,-1.7000000000000002,Graduate
1.0,17.0,3.0,171.0,1.0,1.0,125.0,1.0,37.0,37.0,5.0,10.0,120.5,1.0,0.0,0.0,1.0,1.0,0.0,22.0,0.0,0.0,0.0,0.0,0.0,0.0,0.0,0.0,0.0,0.0,0.0,0.0,0.0,12.4,0.5,1.79,Graduate
1.0,17.0,4.0,9070.0,1.0,1.0,128.0,1.0,1.0,1.0,9.0,10.0,136.1,1.0,0.0,1.0,0.0,1.0,0.0,19.0,0.0,0.0,6.0,6.0,6.0,12.6666666666667,0.0,0.0,6.0,8.0,5.0,11.8,0.0,11.100000000000001,0.6000000000000001,2.02,Dropout
1.0,17.0,2.0,9670.0,1.0,1.0,132.0,1.0,1.0,19.0,5.0,3.0,124.0,1.0,0.0,0.0,1.0,1.0,0.0,21.0,0.0,0.0,5.0,7.0,3.0,12.3333333333333,0.0,0.0,5.0,5.0,4.0,11.25,0.0,7.6000000000000005,2.6,0.32,Dropout
1.0,17.0,4.0,9085.0,1.0,1.0,137.0,1.0,38.0,38.0,151.0,151.0,141.6,0.0,0.0,0.0,1.0,1.0,0.0,21.0,0.0,0.0,5.0,7.0,4.0,12.25,0.0,0.0,5.0,7.0,5.0,12.0,0.0,7.6000000000000005,2.6,0.32,Graduate
1.0,44.0,1.0,171.0,1.0,39.0,160.0,1.0,19.0,38.0,9.0,9.0,160.0,1.0,0.0,1.0,1.0,1.0,1.0,21.0,0.0,0.0,0.0,0.0,0.0,0.0,0.0,0.0,0.0,0.0,0.0,0.0,0.0,15.5,2.8000000000000003,-4.0600000000000005,Dropout
1.0,39.0,1.0,9147.0,1.0,1.0,120.0,1.0,1.0,19.0,4.0,7.0,110.0,0.0,0.0,0.0,1.0,1.0,0.0,27.0,0.0,0.0,5.0,13.0,3.0,10.75,0.0,0.0,5.0,9.0,3.0,10.3333333333333,0.0,15.5,2.8000000000000003,-4.0600000000000005,Dropout
1.0,43.0,1.0,33.0,1.0,1.0,134.0,1.0,37.0,37.0,1.0,1.0,100.0,1.0,0.0,0.0,1.0,1.0,0.0,32.0,0.0,0.0,7.0,7.0,0.0,0.0,0.0,0.0,7.0,8.0,0.0,0.0,0.0,13.9,-0.30000000000000004,0.79,Dropout
1.0,39.0,1.0,9670.0,1.0,12.0,133.1,1.0,37.0,1.0,9.0,3.0,120.0,0.0,0.0,1.0,0.0,1.0,0.0,40.0,0.0,0.0,6.0,13.0,0.0,0.0,0.0,0.0,6.0,6.0,0.0,0.0,0.0,15.5,2.8000000000000003,-4.0600000000000005,Dropout
1.0,1.0,2.0,9147.0,1.0,1.0,116.0,1.0,37.0,1.0,5.0,3.0,124.80000000000001,1.0,0.0,0.0,1.0,1.0,0.0,20.0,0.0,0.0,5.0,9.0,2.0,14.3333333333333,0.0,0.0,5.0,10.0,2.0,12.5,0.0,7.6000000000000005,2.6,0.32,Enrolled
1.0,44.0,1.0,9130.0,1.0,39.0,140.0,1.0,4.0,4.0,2.0,10.0,140.0,1.0,0.0,0.0,1.0,1.0,0.0,20.0,0.0,1.0,5.0,8.0,2.0,11.5,0.0,1.0,5.0,13.0,2.0,11.5,0.0,12.700000000000001,3.7,-1.7000000000000002,Dropout
1.0,1.0,3.0,171.0,1.0,1.0,140.0,1.0,37.0,37.0,9.0,9.0,124.30000000000001,1.0,0.0,0.0,1.0,1.0,0.0,18.0,0.0,0.0,0.0,0.0,0.0,0.0,0.0,0.0,0.0,0.0,0.0,0.0,0.0,7.6000000000000005,2.6,0.32,Graduate
1.0,43.0,1.0,9147.0,1.0,1.0,122.0,1.0,1.0,38.0,1.0,7.0,118.9,0.0,0.0,0.0,1.0,1.0,0.0,21.0,0.0,0.0,5.0,11.0,2.0,10.5,0.0,0.0,5.0,13.0,0.0,0.0,0.0,12.700000000000001,3.7,-1.7000000000000002,Dropout
1.0,17.0,1.0,9670.0,1.0,1.0,141.0,1.0,19.0,37.0,5.0,8.0,130.20000000000002,0.0,0.0,0.0,1.0,1.0,0.0,18.0,0.0,0.0,6.0,6.0,6.0,13.5,0.0,0.0,6.0,0.0,0.0,0.0,0.0,12.700000000000001,3.7,-1.7000000000000002,Dropout
1.0,44.0,1.0,9003.0,1.0,1.0,120.0,1.0,1.0,3.0,144.0,123.0,120.0,0.0,0.0,0.0,1.0,1.0,0.0,19.0,0.0,0.0,6.0,17.0,1.0,11.0,0.0,0.0,6.0,19.0,0.0,0.0,0.0,16.2,0.30000000000000004,-0.92,Enrolled
5.0,7.0,1.0,9070.0,1.0,3.0,140.0,1.0,37.0,37.0,7.0,7.0,140.0,0.0,0.0,0.0,0.0,1.0,0.0,30.0,0.0,0.0,6.0,6.0,1.0,10.0,0.0,0.0,6.0,6.0,0.0,0.0,0.0,15.5,2.8000000000000003,-4.0600000000000005,Dropout
1.0,39.0,1.0,9003.0,1.0,12.0,133.1,1.0,19.0,1.0,9.0,1.0,130.0,0.0,0.0,0.0,1.0,1.0,0.0,29.0,0.0,0.0,6.0,17.0,0.0,0.0,2.0,0.0,6.0,8.0,0.0,0.0,0.0,15.5,2.8000000000000003,-4.0600000000000005,Dropout
1.0,17.0,2.0,9119.0,1.0,1.0,137.0,1.0,1.0,1.0,4.0,4.0,130.4,1.0,0.0,1.0,1.0,1.0,0.0,18.0,0.0,0.0,5.0,10.0,1.0,12.0,0.0,0.0,5.0,7.0,3.0,10.6666666666667,2.0,7.6000000000000005,2.6,0.32,Dropout
1.0,1.0,2.0,9670.0,1.0,1.0,122.0,1.0,1.0,1.0,9.0,9.0,116.10000000000001,1.0,0.0,0.0,1.0,1.0,1.0,18.0,0.0,0.0,5.0,6.0,4.0,12.25,0.0,0.0,5.0,5.0,5.0,12.200000000000001,0.0,9.4,-0.8,-3.12,Dropout
1.0,44.0,1.0,9003.0,1.0,39.0,130.0,1.0,1.0,1.0,3.0,10.0,130.0,0.0,0.0,0.0,1.0,1.0,0.0,22.0,0.0,4.0,10.0,21.0,5.0,11.4,1.0,2.0,7.0,13.0,6.0,11.6666666666667,0.0,15.5,2.8000000000000003,-4.0600000000000005,Dropout
1.0,43.0,2.0,9991.0,0.0,1.0,140.0,1.0,37.0,37.0,5.0,5.0,124.30000000000001,1.0,0.0,0.0,0.0,1.0,0.0,27.0,0.0,0.0,5.0,5.0,0.0,0.0,0.0,0.0,5.0,5.0,0.0,0.0,0.0,12.700000000000001,3.7,-1.7000000000000002,Dropout
1.0,17.0,6.0,9670.0,1.0,1.0,125.0,1.0,38.0,1.0,9.0,7.0,125.0,1.0,0.0,0.0,1.0,1.0,0.0,20.0,0.0,0.0,6.0,8.0,4.0,14.25,0.0,0.0,6.0,10.0,5.0,14.0,0.0,10.8,1.4000000000000001,1.74,Graduate
1.0,51.0,1.0,8014.0,0.0,2.0,110.0,1.0,19.0,38.0,9.0,10.0,110.0,0.0,0.0,0.0,1.0,1.0,0.0,42.0,0.0,8.0,12.0,12.0,11.0,14.454545454545501,0.0,7.0,11.0,11.0,10.0,14.200000000000001,0.0,11.100000000000001,0.6000000000000001,2.02,Graduate
1.0,1.0,1.0,9003.0,1.0,1.0,133.1,1.0,38.0,38.0,4.0,8.0,115.0,0.0,0.0,1.0,1.0,1.0,0.0,21.0,0.0,8.0,12.0,13.0,12.0,14.538461538461501,0.0,4.0,12.0,14.0,12.0,14.4615384615385,0.0,15.5,2.8000000000000003,-4.0600000000000005,Graduate
1.0,43.0,1.0,9500.0,1.0,1.0,132.0,1.0,1.0,38.0,7.0,7.0,129.6,0.0,1.0,0.0,1.0,1.0,0.0,23.0,0.0,0.0,7.0,10.0,6.0,12.7333333333333,0.0,0.0,8.0,10.0,7.0,11.950000000000001,0.0,16.2,0.30000000000000004,-0.92,Graduate
1.0,51.0,1.0,9070.0,1.0,1.0,122.0,1.0,38.0,38.0,9.0,9.0,128.8,1.0,0.0,0.0,1.0,1.0,0.0,21.0,0.0,4.0,12.0,13.0,5.0,13.200000000000001,0.0,4.0,12.0,12.0,4.0,13.5,0.0,8.9,1.4000000000000001,3.5100000000000002,Dropout
1.0,1.0,3.0,171.0,1.0,1.0,155.0,1.0,4.0,3.0,1.0,1.0,144.20000000000002,1.0,0.0,0.0,1.0,1.0,0.0,19.0,0.0,0.0,0.0,0.0,0.0,0.0,0.0,0.0,0.0,0.0,0.0,0.0,0.0,12.700000000000001,3.7,-1.7000000000000002,Graduate
2.0,39.0,1.0,9238.0,1.0,1.0,120.0,1.0,37.0,37.0,7.0,7.0,134.0,0.0,0.0,0.0,1.0,1.0,1.0,40.0,0.0,0.0,6.0,7.0,6.0,12.3333333333333,0.0,0.0,6.0,10.0,4.0,12.75,0.0,8.9,1.4000000000000001,3.5100000000000002,Dropout
1.0,43.0,1.0,9147.0,1.0,1.0,129.0,1.0,19.0,1.0,9.0,5.0,112.0,0.0,0.0,0.0,1.0,1.0,0.0,22.0,0.0,5.0,9.0,9.0,5.0,11.200000000000001,0.0,5.0,9.0,14.0,7.0,11.25,2.0,12.700000000000001,3.7,-1.7000000000000002,Dropout
1.0,1.0,2.0,9500.0,1.0,1.0,144.0,1.0,38.0,37.0,9.0,9.0,128.8,1.0,0.0,0.0,1.0,1.0,0.0,19.0,0.0,0.0,7.0,7.0,6.0,13.200000000000001,0.0,0.0,7.0,7.0,6.0,13.200000000000001,0.0,7.6000000000000005,2.6,0.32,Graduate
1.0,39.0,1.0,9119.0,1.0,1.0,130.0,1.0,19.0,37.0,9.0,9.0,134.0,0.0,0.0,0.0,1.0,1.0,1.0,24.0,0.0,0.0,5.0,8.0,5.0,11.8333333333333,0.0,0.0,5.0,8.0,4.0,14.0,0.0,12.700000000000001,3.7,-1.7000000000000002,Enrolled
1.0,1.0,1.0,9254.0,1.0,1.0,133.1,1.0,3.0,1.0,2.0,4.0,125.0,0.0,0.0,0.0,1.0,1.0,0.0,21.0,0.0,0.0,6.0,10.0,5.0,11.3333333333333,0.0,0.0,6.0,14.0,2.0,11.5,0.0,12.700000000000001,3.7,-1.7000000000000002,Enrolled
1.0,17.0,4.0,9119.0,1.0,1.0,133.0,1.0,3.0,1.0,9.0,3.0,123.2,1.0,0.0,0.0,1.0,1.0,0.0,18.0,0.0,0.0,5.0,5.0,5.0,13.600000000000001,0.0,0.0,5.0,6.0,5.0,14.600000000000001,0.0,8.9,1.4000000000000001,3.5100000000000002,Graduate
1.0,17.0,3.0,9119.0,1.0,1.0,131.0,1.0,37.0,37.0,9.0,7.0,118.4,0.0,0.0,0.0,1.0,1.0,0.0,18.0,0.0,0.0,5.0,10.0,0.0,0.0,0.0,0.0,5.0,10.0,2.0,11.5,4.0,7.6000000000000005,2.6,0.32,Dropout
1.0,51.0,1.0,9670.0,1.0,1.0,133.1,1.0,3.0,1.0,3.0,10.0,116.2,0.0,0.0,0.0,1.0,1.0,0.0,24.0,0.0,0.0,6.0,11.0,5.0,12.8571428571429,0.0,0.0,6.0,12.0,5.0,13.6666666666667,0.0,11.100000000000001,0.6000000000000001,2.02,Dropout
1.0,39.0,1.0,9119.0,1.0,1.0,133.1,1.0,37.0,19.0,9.0,3.0,123.0,0.0,0.0,0.0,1.0,1.0,1.0,28.0,0.0,0.0,5.0,16.0,3.0,14.3333333333333,0.0,0.0,5.0,9.0,5.0,12.4285714285714,0.0,9.4,-0.8,-3.12,Enrolled
1.0,17.0,1.0,9670.0,1.0,1.0,118.0,1.0,19.0,38.0,7.0,9.0,113.5,1.0,0.0,0.0,1.0,0.0,1.0,19.0,0.0,0.0,6.0,9.0,5.0,13.5,0.0,0.0,6.0,6.0,6.0,14.0,0.0,12.4,0.5,1.79,Graduate
1.0,51.0,1.0,9085.0,1.0,40.0,120.0,1.0,3.0,3.0,4.0,2.0,125.0,0.0,0.0,0.0,1.0,0.0,0.0,28.0,0.0,0.0,6.0,8.0,6.0,14.4285714285714,0.0,0.0,6.0,12.0,4.0,15.600000000000001,0.0,11.100000000000001,0.6000000000000001,2.02,Enrolled
1.0,17.0,3.0,9853.0,1.0,1.0,133.1,1.0,12.0,1.0,4.0,0.0,134.8,1.0,0.0,0.0,1.0,0.0,0.0,18.0,0.0,0.0,6.0,12.0,0.0,0.0,0.0,0.0,6.0,12.0,0.0,0.0,0.0,7.6000000000000005,2.6,0.32,Dropout
1.0,1.0,1.0,171.0,1.0,1.0,145.0,1.0,3.0,1.0,4.0,3.0,149.9,1.0,0.0,0.0,0.0,0.0,0.0,19.0,0.0,0.0,0.0,0.0,0.0,0.0,0.0,0.0,0.0,0.0,0.0,0.0,0.0,16.2,0.30000000000000004,-0.92,Graduate
1.0,1.0,1.0,9500.0,1.0,1.0,125.0,1.0,1.0,1.0,4.0,4.0,119.80000000000001,1.0,0.0,0.0,1.0,0.0,1.0,19.0,0.0,0.0,8.0,8.0,8.0,12.828750000000001,0.0,0.0,8.0,8.0,8.0,12.828750000000001,0.0,9.4,-0.8,-3.12,Graduate
1.0,43.0,1.0,9130.0,1.0,1.0,125.0,1.0,39.0,3.0,3.0,2.0,125.0,1.0,0.0,0.0,1.0,0.0,0.0,21.0,0.0,0.0,5.0,6.0,0.0,0.0,5.0,0.0,5.0,6.0,4.0,13.75,1.0,10.8,1.4000000000000001,1.74,Graduate
1.0,1.0,3.0,9500.0,1.0,1.0,148.0,1.0,1.0,19.0,4.0,5.0,135.1,1.0,0.0,1.0,1.0,0.0,0.0,18.0,0.0,0.0,7.0,0.0,0.0,0.0,0.0,0.0,8.0,0.0,0.0,0.0,0.0,13.9,-0.30000000000000004,0.79,Dropout
1.0,1.0,4.0,9070.0,1.0,1.0,139.0,1.0,3.0,19.0,1.0,5.0,138.3,1.0,0.0,0.0,1.0,0.0,0.0,19.0,0.0,0.0,6.0,6.0,6.0,14.6666666666667,0.0,0.0,6.0,6.0,6.0,13.1666666666667,0.0,9.4,-0.8,-3.12,Graduate
1.0,17.0,2.0,9500.0,1.0,1.0,130.0,1.0,38.0,38.0,7.0,7.0,122.5,1.0,0.0,0.0,1.0,0.0,0.0,19.0,0.0,0.0,8.0,8.0,7.0,13.9371428571429,0.0,0.0,8.0,8.0,7.0,13.9371428571429,0.0,10.8,1.4000000000000001,1.74,Graduate
1.0,1.0,1.0,9070.0,1.0,1.0,148.0,1.0,3.0,1.0,2.0,10.0,148.0,1.0,0.0,0.0,1.0,0.0,0.0,20.0,0.0,7.0,12.0,12.0,10.0,14.700000000000001,0.0,8.0,12.0,12.0,12.0,14.5833333333333,0.0,15.5,2.8000000000000003,-4.0600000000000005,Graduate
1.0,1.0,2.0,9773.0,1.0,1.0,130.0,1.0,1.0,1.0,9.0,4.0,126.2,1.0,0.0,0.0,1.0,0.0,0.0,18.0,0.0,0.0,6.0,6.0,6.0,11.6666666666667,0.0,0.0,6.0,6.0,5.0,12.200000000000001,0.0,12.700000000000001,3.7,-1.7000000000000002,Graduate
1.0,43.0,4.0,9500.0,1.0,6.0,134.0,1.0,37.0,37.0,9.0,9.0,129.8,1.0,0.0,0.0,1.0,0.0,0.0,20.0,0.0,0.0,7.0,7.0,6.0,14.85,0.0,0.0,7.0,7.0,6.0,14.85,0.0,7.6000000000000005,2.6,0.32,Graduate
1.0,39.0,1.0,9085.0,1.0,19.0,133.1,1.0,19.0,37.0,7.0,90.0,104.0,0.0,0.0,0.0,1.0,0.0,0.0,26.0,0.0,0.0,5.0,11.0,1.0,12.0,1.0,0.0,5.0,12.0,0.0,0.0,4.0,10.8,1.4000000000000001,1.74,Dropout
1.0,18.0,4.0,9500.0,1.0,1.0,137.0,1.0,3.0,1.0,3.0,4.0,126.7,1.0,0.0,0.0,1.0,0.0,0.0,18.0,0.0,0.0,7.0,8.0,7.0,13.6875,0.0,0.0,8.0,9.0,8.0,15.6222222222222,0.0,13.9,-0.30000000000000004,0.79,Dropout
1.0,39.0,1.0,8014.0,0.0,1.0,130.0,1.0,37.0,37.0,9.0,9.0,120.0,0.0,0.0,0.0,1.0,0.0,0.0,58.0,0.0,0.0,6.0,14.0,5.0,12.4,0.0,0.0,6.0,10.0,5.0,11.600000000000001,0.0,9.4,-0.8,-3.12,Graduate
1.0,1.0,2.0,9500.0,1.0,1.0,137.0,1.0,1.0,3.0,4.0,3.0,124.60000000000001,0.0,0.0,0.0,1.0,0.0,0.0,18.0,0.0,0.0,7.0,10.0,7.0,13.398,0.0,0.0,8.0,8.0,8.0,13.5425,0.0,15.5,2.8000000000000003,-4.0600000000000005,Graduate
1.0,44.0,1.0,9085.0,1.0,1.0,130.0,1.0,1.0,1.0,4.0,3.0,130.0,1.0,0.0,0.0,1.0,0.0,0.0,20.0,0.0,0.0,6.0,13.0,5.0,11.8,0.0,0.0,6.0,19.0,4.0,12.0,0.0,12.4,0.5,1.79,Enrolled
1.0,17.0,1.0,9991.0,0.0,1.0,140.0,1.0,38.0,37.0,6.0,7.0,127.30000000000001,0.0,0.0,0.0,1.0,0.0,0.0,20.0,0.0,0.0,5.0,0.0,0.0,0.0,0.0,0.0,5.0,0.0,0.0,0.0,0.0,11.100000000000001,0.6000000000000001,2.02,Dropout
1.0,2.0,1.0,9147.0,1.0,1.0,150.0,1.0,37.0,37.0,9.0,9.0,122.0,1.0,0.0,0.0,1.0,0.0,0.0,29.0,0.0,13.0,15.0,19.0,13.0,11.7692307692308,0.0,12.0,14.0,17.0,14.0,11.9285714285714,0.0,9.4,-0.8,-3.12,Graduate
1.0,7.0,1.0,9238.0,1.0,3.0,130.0,1.0,1.0,1.0,4.0,10.0,125.10000000000001,0.0,0.0,1.0,0.0,0.0,0.0,27.0,0.0,0.0,6.0,8.0,0.0,0.0,0.0,0.0,5.0,6.0,0.0,0.0,0.0,16.2,0.30000000000000004,-0.92,Dropout
1.0,1.0,1.0,9085.0,1.0,1.0,133.1,1.0,19.0,38.0,5.0,7.0,110.0,1.0,0.0,0.0,1.0,0.0,1.0,21.0,0.0,0.0,6.0,8.0,6.0,13.2857142857143,0.0,0.0,6.0,11.0,6.0,13.0,0.0,11.100000000000001,0.6000000000000001,2.02,Graduate
1.0,1.0,1.0,9238.0,1.0,1.0,134.0,1.0,1.0,19.0,4.0,9.0,129.8,0.0,0.0,0.0,1.0,0.0,1.0,20.0,0.0,0.0,6.0,6.0,6.0,11.6666666666667,0.0,0.0,6.0,8.0,6.0,11.1666666666667,0.0,15.5,2.8000000000000003,-4.0600000000000005,Graduate
1.0,17.0,1.0,9238.0,1.0,1.0,125.0,1.0,19.0,38.0,3.0,7.0,114.9,0.0,0.0,0.0,1.0,0.0,1.0,19.0,0.0,0.0,6.0,13.0,6.0,11.5,0.0,0.0,6.0,9.0,5.0,12.200000000000001,0.0,11.100000000000001,0.6000000000000001,2.02,Graduate
1.0,1.0,1.0,9500.0,1.0,1.0,141.0,1.0,37.0,38.0,6.0,6.0,125.60000000000001,1.0,0.0,0.0,1.0,0.0,1.0,22.0,0.0,0.0,7.0,9.0,6.0,13.0816666666667,0.0,0.0,8.0,12.0,6.0,13.15,0.0,11.100000000000001,0.6000000000000001,2.02,Graduate
1.0,18.0,3.0,9070.0,1.0,1.0,138.0,1.0,38.0,37.0,9.0,7.0,125.10000000000001,1.0,0.0,0.0,1.0,0.0,1.0,19.0,0.0,0.0,6.0,6.0,6.0,12.6666666666667,0.0,0.0,6.0,6.0,6.0,13.0,0.0,15.5,2.8000000000000003,-4.0600000000000005,Graduate
1.0,17.0,1.0,9773.0,1.0,1.0,116.0,1.0,37.0,1.0,9.0,8.0,115.7,1.0,0.0,1.0,0.0,0.0,0.0,19.0,0.0,0.0,6.0,6.0,3.0,11.3333333333333,0.0,0.0,6.0,6.0,0.0,0.0,0.0,12.4,0.5,1.79,Dropout
1.0,1.0,3.0,9853.0,1.0,1.0,122.0,1.0,3.0,3.0,2.0,2.0,112.60000000000001,1.0,0.0,0.0,1.0,0.0,0.0,23.0,0.0,0.0,6.0,8.0,5.0,13.600000000000001,0.0,0.0,6.0,8.0,5.0,11.600000000000001,0.0,7.6000000000000005,2.6,0.32,Enrolled
1.0,1.0,3.0,9773.0,1.0,1.0,131.0,1.0,1.0,1.0,4.0,4.0,127.2,1.0,0.0,0.0,1.0,0.0,1.0,18.0,0.0,0.0,6.0,6.0,6.0,13.1666666666667,0.0,0.0,6.0,7.0,5.0,13.200000000000001,0.0,12.4,0.5,1.79,Dropout
1.0,44.0,1.0,9130.0,1.0,39.0,140.0,1.0,1.0,19.0,4.0,8.0,140.0,0.0,0.0,0.0,1.0,0.0,0.0,19.0,0.0,0.0,6.0,0.0,0.0,0.0,0.0,0.0,6.0,0.0,0.0,0.0,0.0,12.700000000000001,3.7,-1.7000000000000002,Dropout
1.0,44.0,1.0,9003.0,1.0,39.0,140.0,1.0,1.0,1.0,4.0,3.0,140.0,1.0,0.0,0.0,1.0,0.0,0.0,20.0,0.0,0.0,6.0,10.0,5.0,11.6666666666667,0.0,0.0,6.0,7.0,5.0,12.600000000000001,0.0,12.4,0.5,1.79,Graduate
1.0,1.0,4.0,9238.0,1.0,1.0,127.0,1.0,1.0,38.0,9.0,7.0,120.4,1.0,0.0,0.0,1.0,0.0,1.0,19.0,0.0,0.0,6.0,6.0,6.0,13.5,0.0,0.0,6.0,7.0,6.0,13.4285714285714,0.0,11.100000000000001,0.6000000000000001,2.02,Graduate
1.0,39.0,1.0,9085.0,1.0,19.0,133.1,1.0,37.0,37.0,9.0,9.0,100.0,1.0,0.0,1.0,0.0,0.0,1.0,26.0,0.0,0.0,6.0,7.0,0.0,0.0,0.0,0.0,6.0,6.0,0.0,0.0,0.0,13.9,-0.30000000000000004,0.79,Dropout
1.0,1.0,1.0,9238.0,1.0,1.0,117.0,1.0,1.0,19.0,4.0,7.0,113.5,1.0,0.0,0.0,1.0,0.0,1.0,18.0,0.0,0.0,6.0,6.0,6.0,13.1666666666667,0.0,0.0,6.0,7.0,6.0,14.1428571428571,0.0,11.100000000000001,0.6000000000000001,2.02,Graduate
1.0,1.0,1.0,9085.0,1.0,1.0,150.0,1.0,37.0,37.0,4.0,9.0,132.1,1.0,0.0,1.0,1.0,0.0,0.0,29.0,0.0,4.0,5.0,11.0,4.0,12.5,2.0,1.0,5.0,11.0,2.0,12.5,0.0,12.700000000000001,3.7,-1.7000000000000002,Dropout
1.0,44.0,1.0,9003.0,1.0,39.0,160.0,1.0,3.0,1.0,2.0,6.0,160.0,1.0,0.0,0.0,0.0,0.0,0.0,20.0,0.0,0.0,6.0,10.0,6.0,13.375,0.0,0.0,6.0,10.0,6.0,13.0,0.0,16.2,0.30000000000000004,-0.92,Graduate
1.0,1.0,1.0,9070.0,1.0,1.0,128.0,1.0,19.0,2.0,7.0,3.0,126.30000000000001,1.0,0.0,0.0,1.0,0.0,0.0,19.0,0.0,0.0,6.0,6.0,6.0,13.1666666666667,0.0,0.0,6.0,6.0,6.0,12.6666666666667,0.0,15.5,2.8000000000000003,-4.0600000000000005,Graduate
1.0,44.0,1.0,9085.0,1.0,39.0,160.0,1.0,1.0,1.0,4.0,4.0,160.0,1.0,0.0,0.0,1.0,0.0,0.0,23.0,0.0,1.0,6.0,12.0,4.0,13.4,0.0,1.0,6.0,17.0,2.0,13.5,0.0,12.4,0.5,1.79,Enrolled
1.0,43.0,1.0,9556.0,1.0,1.0,126.0,1.0,2.0,3.0,3.0,2.0,100.0,0.0,0.0,0.0,1.0,0.0,0.0,25.0,0.0,2.0,7.0,10.0,3.0,13.0,0.0,1.0,8.0,10.0,3.0,11.6666666666667,4.0,10.8,1.4000000000000001,1.74,Enrolled
1.0,18.0,1.0,9500.0,1.0,1.0,135.0,1.0,3.0,3.0,1.0,1.0,125.80000000000001,1.0,0.0,0.0,1.0,0.0,0.0,18.0,0.0,0.0,8.0,8.0,7.0,13.1542857142857,0.0,0.0,8.0,8.0,7.0,13.1542857142857,0.0,10.8,1.4000000000000001,1.74,Graduate
1.0,1.0,3.0,9070.0,1.0,1.0,139.0,1.0,1.0,38.0,4.0,7.0,142.20000000000002,1.0,0.0,0.0,1.0,0.0,1.0,19.0,0.0,0.0,6.0,6.0,6.0,12.8333333333333,0.0,0.0,6.0,6.0,6.0,12.8333333333333,0.0,9.4,-0.8,-3.12,Graduate
1.0,17.0,2.0,9853.0,1.0,1.0,125.0,1.0,1.0,19.0,5.0,5.0,119.4,1.0,0.0,0.0,1.0,0.0,0.0,18.0,0.0,0.0,7.0,10.0,7.0,12.1428571428571,0.0,0.0,7.0,7.0,7.0,13.1428571428571,0.0,12.4,0.5,1.79,Graduate
1.0,1.0,2.0,9500.0,1.0,1.0,106.0,1.0,1.0,19.0,4.0,4.0,106.4,1.0,0.0,0.0,1.0,0.0,1.0,19.0,0.0,0.0,7.0,9.0,5.0,13.34,0.0,0.0,7.0,9.0,6.0,12.3857142857143,0.0,12.4,0.5,1.79,Enrolled
1.0,7.0,1.0,8014.0,0.0,40.0,120.0,1.0,37.0,19.0,9.0,3.0,120.0,0.0,0.0,0.0,1.0,0.0,0.0,36.0,0.0,6.0,10.0,15.0,4.0,13.0,0.0,5.0,9.0,10.0,4.0,13.75,0.0,8.9,1.4000000000000001,3.5100000000000002,Dropout
1.0,44.0,1.0,9003.0,1.0,39.0,150.0,1.0,1.0,38.0,4.0,9.0,150.0,0.0,0.0,0.0,1.0,1.0,1.0,20.0,0.0,0.0,6.0,18.0,3.0,12.0,0.0,0.0,6.0,17.0,3.0,11.6666666666667,0.0,15.5,2.8000000000000003,-4.0600000000000005,Enrolled
1.0,17.0,2.0,171.0,1.0,1.0,130.0,41.0,1.0,1.0,2.0,3.0,148.6,1.0,0.0,0.0,1.0,1.0,0.0,20.0,1.0,0.0,0.0,0.0,0.0,0.0,0.0,0.0,0.0,0.0,0.0,0.0,0.0,11.100000000000001,0.6000000000000001,2.02,Dropout
1.0,1.0,1.0,9238.0,1.0,1.0,116.0,1.0,38.0,38.0,9.0,8.0,108.7,1.0,0.0,0.0,1.0,1.0,0.0,18.0,0.0,0.0,6.0,9.0,5.0,11.0,0.0,0.0,6.0,12.0,0.0,0.0,0.0,11.100000000000001,0.6000000000000001,2.02,Dropout
1.0,44.0,1.0,9003.0,1.0,39.0,130.0,1.0,3.0,1.0,4.0,6.0,130.0,0.0,0.0,0.0,1.0,1.0,0.0,19.0,0.0,0.0,6.0,8.0,5.0,11.5,0.0,0.0,6.0,11.0,6.0,11.3333333333333,0.0,12.4,0.5,1.79,Enrolled
1.0,17.0,1.0,9238.0,1.0,1.0,140.0,1.0,1.0,44.0,4.0,2.0,124.60000000000001,1.0,0.0,1.0,0.0,1.0,0.0,20.0,0.0,3.0,9.0,9.0,3.0,13.3333333333333,0.0,2.0,6.0,6.0,2.0,12.5,0.0,8.9,1.4000000000000001,3.5100000000000002,Dropout
1.0,1.0,2.0,9500.0,1.0,1.0,134.0,1.0,19.0,19.0,4.0,7.0,131.0,1.0,0.0,0.0,1.0,1.0,0.0,18.0,0.0,0.0,7.0,9.0,7.0,14.5944444444444,0.0,0.0,8.0,10.0,8.0,13.472,0.0,15.5,2.8000000000000003,-4.0600000000000005,Graduate
1.0,44.0,1.0,9130.0,1.0,39.0,130.0,1.0,3.0,1.0,3.0,6.0,130.0,1.0,0.0,1.0,1.0,1.0,0.0,20.0,0.0,2.0,6.0,9.0,4.0,11.0,0.0,1.0,6.0,13.0,3.0,10.6666666666667,0.0,12.4,0.5,1.79,Dropout
1.0,18.0,1.0,9119.0,1.0,1.0,122.0,1.0,19.0,1.0,90.0,3.0,116.10000000000001,1.0,0.0,1.0,0.0,1.0,0.0,24.0,0.0,0.0,5.0,8.0,0.0,0.0,0.0,0.0,5.0,5.0,0.0,0.0,0.0,9.4,-0.8,-3.12,Dropout
1.0,17.0,1.0,9773.0,1.0,1.0,128.0,1.0,19.0,38.0,5.0,7.0,125.60000000000001,1.0,0.0,0.0,1.0,1.0,0.0,19.0,0.0,0.0,6.0,6.0,0.0,0.0,0.0,0.0,6.0,0.0,0.0,0.0,0.0,8.9,1.4000000000000001,3.5100000000000002,Dropout
1.0,17.0,1.0,9119.0,1.0,1.0,130.0,1.0,19.0,19.0,7.0,9.0,121.30000000000001,1.0,0.0,0.0,1.0,1.0,0.0,18.0,0.0,0.0,5.0,9.0,1.0,12.0,0.0,0.0,5.0,10.0,2.0,12.0,3.0,7.6000000000000005,2.6,0.32,Dropout
1.0,1.0,3.0,9119.0,1.0,1.0,113.0,1.0,4.0,38.0,2.0,7.0,107.4,1.0,0.0,0.0,1.0,1.0,0.0,18.0,0.0,0.0,5.0,8.0,5.0,14.0,0.0,0.0,5.0,6.0,5.0,13.200000000000001,0.0,8.9,1.4000000000000001,3.5100000000000002,Graduate
1.0,1.0,1.0,9254.0,1.0,1.0,126.0,1.0,1.0,19.0,4.0,4.0,116.9,0.0,0.0,0.0,1.0,1.0,0.0,18.0,0.0,0.0,6.0,8.0,6.0,13.5714285714286,0.0,0.0,6.0,7.0,5.0,11.8,0.0,8.9,1.4000000000000001,3.5100000000000002,Graduate
1.0,43.0,2.0,9670.0,1.0,1.0,135.0,1.0,3.0,19.0,1.0,7.0,123.5,1.0,0.0,0.0,1.0,1.0,0.0,22.0,0.0,0.0,6.0,12.0,0.0,0.0,0.0,0.0,6.0,6.0,0.0,0.0,0.0,16.2,0.30000000000000004,-0.92,Dropout
1.0,1.0,1.0,9670.0,1.0,1.0,141.0,1.0,19.0,38.0,9.0,9.0,130.5,0.0,0.0,0.0,1.0,1.0,0.0,19.0,0.0,0.0,6.0,8.0,6.0,14.25,0.0,0.0,6.0,7.0,6.0,13.8571428571429,0.0,11.100000000000001,0.6000000000000001,2.02,Graduate
2.0,39.0,1.0,9085.0,1.0,12.0,133.1,1.0,1.0,39.0,5.0,3.0,140.0,1.0,0.0,1.0,0.0,0.0,0.0,32.0,0.0,0.0,6.0,7.0,0.0,0.0,0.0,0.0,6.0,6.0,0.0,0.0,0.0,13.9,-0.30000000000000004,0.79,Dropout
1.0,17.0,1.0,9853.0,1.0,1.0,133.1,1.0,34.0,19.0,0.0,3.0,117.10000000000001,1.0,0.0,0.0,1.0,0.0,1.0,21.0,0.0,0.0,6.0,12.0,0.0,0.0,0.0,0.0,6.0,12.0,0.0,0.0,0.0,7.6000000000000005,2.6,0.32,Dropout
1.0,18.0,1.0,9500.0,1.0,1.0,144.0,1.0,37.0,37.0,6.0,6.0,127.5,1.0,0.0,0.0,1.0,0.0,1.0,19.0,0.0,0.0,8.0,8.0,7.0,13.5428571428571,0.0,0.0,8.0,8.0,7.0,13.5428571428571,0.0,12.700000000000001,3.7,-1.7000000000000002,Graduate
4.0,43.0,1.0,8014.0,0.0,1.0,140.0,1.0,38.0,37.0,9.0,9.0,126.0,0.0,0.0,0.0,1.0,0.0,1.0,39.0,0.0,3.0,9.0,9.0,9.0,13.1111111111111,0.0,2.0,7.0,10.0,7.0,11.714285714285701,0.0,12.700000000000001,3.7,-1.7000000000000002,Graduate
1.0,43.0,1.0,8014.0,0.0,10.0,100.0,1.0,34.0,34.0,0.0,0.0,113.0,1.0,0.0,0.0,1.0,0.0,0.0,30.0,0.0,3.0,9.0,11.0,9.0,12.6666666666667,0.0,2.0,7.0,7.0,7.0,12.1428571428571,0.0,7.6000000000000005,2.6,0.32,Graduate
1.0,1.0,1.0,9147.0,1.0,1.0,135.0,1.0,1.0,19.0,5.0,5.0,130.1,1.0,0.0,0.0,1.0,0.0,0.0,18.0,0.0,0.0,5.0,10.0,4.0,10.75,1.0,0.0,5.0,13.0,2.0,10.0,0.0,9.4,-0.8,-3.12,Dropout
2.0,43.0,1.0,9991.0,0.0,1.0,130.0,1.0,37.0,37.0,9.0,9.0,110.0,1.0,0.0,0.0,1.0,0.0,0.0,38.0,0.0,4.0,10.0,14.0,4.0,10.75,0.0,2.0,10.0,10.0,2.0,10.0,0.0,7.6000000000000005,2.6,0.32,Dropout
1.0,1.0,3.0,9070.0,1.0,1.0,147.0,1.0,34.0,37.0,5.0,7.0,135.8,1.0,0.0,0.0,1.0,0.0,0.0,20.0,0.0,0.0,6.0,6.0,6.0,13.6666666666667,0.0,0.0,6.0,6.0,6.0,13.3333333333333,0.0,9.4,-0.8,-3.12,Graduate
1.0,39.0,1.0,8014.0,0.0,19.0,149.0,1.0,34.0,34.0,0.0,0.0,126.30000000000001,0.0,0.0,0.0,1.0,0.0,0.0,55.0,0.0,0.0,6.0,6.0,6.0,13.8333333333333,0.0,1.0,6.0,6.0,6.0,12.8333333333333,0.0,7.6000000000000005,2.6,0.32,Graduate
4.0,27.0,1.0,9070.0,1.0,2.0,130.0,1.0,34.0,34.0,0.0,0.0,130.0,0.0,0.0,0.0,1.0,0.0,0.0,53.0,0.0,15.0,18.0,18.0,17.0,13.1764705882353,0.0,13.0,18.0,18.0,16.0,13.0,0.0,7.6000000000000005,2.6,0.32,Dropout
2.0,39.0,1.0,8014.0,0.0,1.0,120.0,1.0,34.0,34.0,0.0,0.0,104.0,0.0,0.0,0.0,1.0,0.0,0.0,54.0,0.0,0.0,6.0,8.0,4.0,12.75,0.0,0.0,6.0,12.0,5.0,12.600000000000001,0.0,7.6000000000000005,2.6,0.32,Dropout
1.0,43.0,1.0,9500.0,1.0,1.0,125.0,1.0,37.0,37.0,9.0,7.0,123.60000000000001,1.0,0.0,0.0,1.0,0.0,1.0,18.0,0.0,0.0,7.0,8.0,5.0,12.86,0.0,0.0,7.0,8.0,5.0,12.86,0.0,7.6000000000000005,2.6,0.32,Enrolled
1.0,39.0,1.0,8014.0,0.0,1.0,133.1,1.0,37.0,37.0,9.0,8.0,121.0,0.0,0.0,1.0,0.0,0.0,0.0,44.0,0.0,2.0,8.0,12.0,4.0,12.0,2.0,2.0,7.0,9.0,4.0,12.0,2.0,8.9,1.4000000000000001,3.5100000000000002,Dropout
1.0,43.0,1.0,9238.0,1.0,1.0,149.0,1.0,37.0,37.0,9.0,6.0,130.5,1.0,0.0,0.0,1.0,0.0,0.0,28.0,0.0,8.0,11.0,11.0,9.0,11.6666666666667,0.0,8.0,11.0,13.0,9.0,12.5555555555556,0.0,10.8,1.4000000000000001,1.74,Graduate
1.0,7.0,1.0,8014.0,0.0,43.0,180.0,1.0,19.0,19.0,9.0,4.0,180.0,0.0,0.0,0.0,1.0,0.0,0.0,37.0,0.0,12.0,14.0,14.0,14.0,16.5,0.0,8.0,11.0,11.0,11.0,16.9090909090909,0.0,8.9,1.4000000000000001,3.5100000000000002,Graduate
1.0,43.0,1.0,9238.0,1.0,1.0,110.0,1.0,14.0,14.0,90.0,90.0,112.5,1.0,0.0,0.0,1.0,0.0,0.0,20.0,0.0,8.0,10.0,14.0,9.0,12.3333333333333,0.0,3.0,7.0,10.0,7.0,11.7777777777778,0.0,7.6000000000000005,2.6,0.32,Graduate
1.0,1.0,3.0,9500.0,1.0,1.0,131.0,1.0,19.0,3.0,3.0,2.0,126.10000000000001,1.0,0.0,0.0,1.0,0.0,0.0,18.0,0.0,0.0,7.0,8.0,7.0,12.59125,0.0,0.0,8.0,11.0,7.0,12.82,0.0,15.5,2.8000000000000003,-4.0600000000000005,Enrolled
1.0,1.0,1.0,9238.0,1.0,1.0,117.0,1.0,19.0,19.0,9.0,9.0,111.80000000000001,1.0,0.0,0.0,1.0,1.0,0.0,19.0,0.0,0.0,6.0,9.0,4.0,11.5,0.0,0.0,6.0,12.0,3.0,11.0,0.0,8.9,1.4000000000000001,3.5100000000000002,Dropout
1.0,17.0,1.0,9003.0,1.0,1.0,120.0,1.0,38.0,37.0,5.0,9.0,131.4,1.0,0.0,0.0,1.0,1.0,1.0,23.0,0.0,17.0,18.0,19.0,18.0,11.894736842105301,0.0,12.0,13.0,13.0,13.0,12.9230769230769,0.0,15.5,2.8000000000000003,-4.0600000000000005,Graduate
1.0,17.0,1.0,9238.0,1.0,1.0,160.0,1.0,19.0,37.0,6.0,6.0,144.3,0.0,0.0,0.0,1.0,1.0,0.0,22.0,0.0,0.0,6.0,0.0,0.0,0.0,0.0,0.0,6.0,0.0,0.0,0.0,0.0,13.9,-0.30000000000000004,0.79,Dropout
1.0,39.0,1.0,9254.0,1.0,1.0,100.0,1.0,3.0,19.0,3.0,5.0,115.0,0.0,0.0,0.0,0.0,1.0,0.0,24.0,0.0,0.0,6.0,0.0,0.0,0.0,0.0,0.0,6.0,0.0,0.0,0.0,0.0,11.100000000000001,0.6000000000000001,2.02,Dropout
1.0,44.0,1.0,9003.0,1.0,39.0,140.0,1.0,4.0,4.0,4.0,2.0,120.0,1.0,0.0,0.0,1.0,1.0,0.0,22.0,0.0,0.0,6.0,13.0,5.0,13.0,0.0,0.0,6.0,13.0,2.0,11.5,0.0,12.4,0.5,1.79,Enrolled
1.0,39.0,1.0,9003.0,1.0,1.0,160.0,1.0,1.0,38.0,5.0,6.0,168.60000000000002,0.0,0.0,0.0,1.0,1.0,0.0,26.0,0.0,0.0,6.0,9.0,0.0,0.0,0.0,0.0,6.0,6.0,0.0,0.0,0.0,13.9,-0.30000000000000004,0.79,Dropout
1.0,17.0,6.0,9773.0,1.0,1.0,141.0,1.0,37.0,37.0,5.0,5.0,127.7,1.0,0.0,0.0,1.0,1.0,0.0,18.0,0.0,0.0,6.0,6.0,6.0,15.1666666666667,0.0,0.0,6.0,6.0,6.0,14.8333333333333,0.0,9.4,-0.8,-3.12,Graduate
1.0,44.0,1.0,9130.0,1.0,39.0,130.0,1.0,38.0,19.0,9.0,9.0,150.0,0.0,0.0,0.0,1.0,1.0,0.0,24.0,0.0,2.0,6.0,8.0,4.0,11.75,0.0,1.0,6.0,8.0,2.0,13.5,0.0,11.100000000000001,0.6000000000000001,2.02,Dropout
1.0,1.0,1.0,9119.0,1.0,1.0,142.0,1.0,1.0,38.0,4.0,3.0,129.8,1.0,0.0,0.0,1.0,1.0,0.0,18.0,0.0,0.0,5.0,5.0,0.0,0.0,0.0,0.0,5.0,6.0,1.0,15.0,0.0,10.8,1.4000000000000001,1.74,Enrolled
1.0,1.0,1.0,171.0,1.0,1.0,130.0,1.0,1.0,38.0,7.0,8.0,135.6,1.0,0.0,0.0,1.0,1.0,0.0,26.0,0.0,0.0,0.0,0.0,0.0,0.0,0.0,0.0,0.0,0.0,0.0,0.0,0.0,11.100000000000001,0.6000000000000001,2.02,Dropout
1.0,39.0,1.0,9254.0,1.0,19.0,133.1,1.0,37.0,37.0,9.0,4.0,100.0,0.0,0.0,0.0,1.0,1.0,0.0,27.0,0.0,0.0,6.0,11.0,3.0,11.3333333333333,0.0,0.0,6.0,10.0,3.0,14.75,0.0,16.2,0.30000000000000004,-0.92,Dropout
1.0,44.0,1.0,9003.0,1.0,39.0,140.0,1.0,37.0,37.0,9.0,6.0,140.0,1.0,0.0,0.0,1.0,1.0,1.0,20.0,0.0,0.0,6.0,10.0,5.0,12.600000000000001,0.0,0.0,6.0,6.0,5.0,13.200000000000001,0.0,12.4,0.5,1.79,Graduate
1.0,1.0,1.0,9119.0,1.0,1.0,129.0,1.0,12.0,1.0,4.0,10.0,124.10000000000001,1.0,0.0,0.0,1.0,1.0,0.0,19.0,0.0,0.0,5.0,10.0,0.0,0.0,0.0,0.0,5.0,10.0,1.0,14.0,3.0,7.6000000000000005,2.6,0.32,Dropout
1.0,1.0,1.0,9085.0,1.0,1.0,148.0,1.0,38.0,38.0,4.0,9.0,131.6,0.0,0.0,0.0,1.0,1.0,1.0,18.0,0.0,0.0,6.0,8.0,6.0,15.5,0.0,0.0,6.0,9.0,4.0,15.5,0.0,11.100000000000001,0.6000000000000001,2.02,Dropout
1.0,1.0,3.0,9500.0,1.0,1.0,143.0,1.0,1.0,1.0,4.0,4.0,129.0,1.0,0.0,0.0,1.0,1.0,0.0,18.0,0.0,0.0,8.0,8.0,7.0,12.3657142857143,0.0,0.0,8.0,8.0,7.0,12.3657142857143,0.0,10.8,1.4000000000000001,1.74,Graduate
1.0,17.0,1.0,9670.0,1.0,1.0,128.0,1.0,37.0,37.0,9.0,9.0,135.70000000000002,1.0,0.0,0.0,1.0,1.0,0.0,19.0,0.0,0.0,6.0,7.0,5.0,13.200000000000001,0.0,0.0,6.0,10.0,5.0,13.25,0.0,10.8,1.4000000000000001,1.74,Enrolled
1.0,43.0,1.0,9070.0,1.0,1.0,100.0,1.0,37.0,37.0,9.0,9.0,108.0,1.0,0.0,0.0,1.0,1.0,0.0,34.0,0.0,7.0,12.0,12.0,7.0,11.4285714285714,0.0,4.0,12.0,12.0,7.0,11.8571428571429,0.0,7.6000000000000005,2.6,0.32,Enrolled
1.0,1.0,1.0,9238.0,1.0,1.0,116.0,1.0,38.0,19.0,8.0,10.0,110.80000000000001,1.0,0.0,0.0,1.0,1.0,0.0,19.0,0.0,0.0,6.0,0.0,0.0,0.0,0.0,0.0,6.0,0.0,0.0,0.0,0.0,16.2,0.30000000000000004,-0.92,Dropout
1.0,1.0,1.0,9773.0,1.0,1.0,128.0,1.0,1.0,19.0,4.0,4.0,124.5,0.0,0.0,0.0,1.0,1.0,1.0,19.0,0.0,0.0,6.0,10.0,4.0,14.0,0.0,0.0,6.0,9.0,6.0,12.3333333333333,0.0,9.4,-0.8,-3.12,Graduate
2.0,39.0,1.0,9003.0,1.0,1.0,120.0,1.0,2.0,2.0,1.0,4.0,100.0,0.0,0.0,0.0,1.0,1.0,0.0,30.0,0.0,3.0,12.0,12.0,3.0,12.0,0.0,5.0,12.0,16.0,5.0,11.8,0.0,15.5,2.8000000000000003,-4.0600000000000005,Dropout
1.0,43.0,1.0,9773.0,1.0,1.0,121.0,1.0,1.0,3.0,9.0,3.0,123.80000000000001,0.0,0.0,0.0,0.0,1.0,0.0,22.0,0.0,0.0,4.0,4.0,0.0,0.0,4.0,0.0,5.0,8.0,3.0,12.0,0.0,10.8,1.4000000000000001,1.74,Dropout
1.0,17.0,1.0,9147.0,1.0,1.0,137.0,1.0,3.0,38.0,1.0,9.0,131.4,0.0,0.0,0.0,0.0,1.0,0.0,19.0,0.0,0.0,5.0,13.0,4.0,10.0,0.0,0.0,5.0,7.0,3.0,11.3333333333333,0.0,15.5,2.8000000000000003,-4.0600000000000005,Dropout
1.0,1.0,1.0,9147.0,1.0,1.0,115.0,1.0,38.0,1.0,9.0,8.0,118.5,0.0,0.0,0.0,1.0,1.0,0.0,21.0,0.0,0.0,5.0,9.0,1.0,10.0,0.0,0.0,5.0,10.0,1.0,10.0,0.0,7.6000000000000005,2.6,0.32,Dropout
1.0,1.0,2.0,171.0,1.0,1.0,129.0,1.0,37.0,37.0,9.0,9.0,122.0,1.0,0.0,0.0,0.0,1.0,0.0,22.0,0.0,0.0,0.0,0.0,0.0,0.0,0.0,0.0,0.0,0.0,0.0,0.0,0.0,7.6000000000000005,2.6,0.32,Dropout
1.0,1.0,1.0,9254.0,1.0,1.0,125.0,1.0,37.0,37.0,9.0,9.0,122.9,0.0,0.0,0.0,1.0,1.0,1.0,19.0,0.0,0.0,6.0,7.0,6.0,11.1666666666667,0.0,0.0,6.0,12.0,3.0,11.6666666666667,0.0,10.8,1.4000000000000001,1.74,Enrolled
1.0,1.0,1.0,9238.0,1.0,1.0,125.0,1.0,19.0,38.0,7.0,7.0,118.7,0.0,0.0,0.0,1.0,1.0,0.0,20.0,0.0,0.0,6.0,12.0,4.0,11.75,0.0,0.0,6.0,13.0,3.0,11.3333333333333,0.0,15.5,2.8000000000000003,-4.0600000000000005,Enrolled
1.0,39.0,1.0,9003.0,1.0,19.0,133.1,1.0,3.0,1.0,2.0,8.0,100.0,1.0,0.0,0.0,1.0,1.0,0.0,35.0,0.0,0.0,6.0,13.0,3.0,11.75,0.0,0.0,6.0,10.0,0.0,0.0,0.0,13.9,-0.30000000000000004,0.79,Dropout
1.0,16.0,2.0,9147.0,1.0,1.0,131.0,1.0,37.0,37.0,9.0,9.0,135.9,1.0,0.0,0.0,1.0,1.0,0.0,20.0,0.0,0.0,5.0,8.0,1.0,10.0,0.0,0.0,5.0,7.0,1.0,11.0,0.0,7.6000000000000005,2.6,0.32,Dropout
1.0,1.0,1.0,9130.0,1.0,1.0,133.1,1.0,6.0,11.0,4.0,5.0,138.4,0.0,0.0,0.0,1.0,1.0,0.0,21.0,0.0,0.0,5.0,8.0,3.0,14.0,0.0,0.0,5.0,5.0,5.0,12.8,0.0,7.6000000000000005,2.6,0.32,Graduate
1.0,39.0,1.0,9085.0,1.0,12.0,133.1,1.0,34.0,34.0,99.0,99.0,128.20000000000002,0.0,0.0,1.0,0.0,1.0,0.0,27.0,0.0,0.0,5.0,5.0,0.0,0.0,0.0,0.0,5.0,5.0,0.0,0.0,0.0,7.6000000000000005,2.6,0.32,Dropout
1.0,43.0,1.0,9773.0,1.0,1.0,114.0,1.0,37.0,38.0,9.0,5.0,107.4,1.0,0.0,0.0,0.0,1.0,0.0,26.0,0.0,0.0,6.0,12.0,3.0,12.0,0.0,0.0,6.0,15.0,0.0,0.0,0.0,9.4,-0.8,-3.12,Dropout
1.0,17.0,1.0,9773.0,1.0,1.0,127.0,1.0,1.0,33.0,3.0,3.0,129.8,0.0,0.0,0.0,0.0,1.0,0.0,20.0,0.0,0.0,6.0,10.0,0.0,0.0,0.0,0.0,5.0,10.0,0.0,0.0,0.0,10.8,1.4000000000000001,1.74,Dropout
1.0,39.0,1.0,9003.0,1.0,1.0,130.0,1.0,37.0,37.0,6.0,6.0,100.0,0.0,0.0,1.0,0.0,1.0,0.0,28.0,0.0,4.0,10.0,19.0,8.0,11.8888888888889,0.0,2.0,8.0,17.0,5.0,11.600000000000001,1.0,15.5,2.8000000000000003,-4.0600000000000005,Dropout
1.0,1.0,3.0,9773.0,1.0,1.0,121.0,1.0,19.0,38.0,9.0,7.0,113.0,1.0,0.0,0.0,1.0,1.0,0.0,19.0,0.0,0.0,6.0,6.0,6.0,13.8333333333333,0.0,0.0,6.0,6.0,6.0,13.6666666666667,0.0,11.100000000000001,0.6000000000000001,2.02,Graduate
1.0,43.0,1.0,9991.0,0.0,1.0,120.0,1.0,37.0,19.0,9.0,9.0,107.0,0.0,0.0,0.0,0.0,1.0,0.0,47.0,0.0,0.0,5.0,5.0,0.0,0.0,0.0,0.0,5.0,5.0,0.0,0.0,0.0,12.700000000000001,3.7,-1.7000000000000002,Dropout
4.0,39.0,1.0,9773.0,1.0,12.0,120.0,1.0,37.0,37.0,4.0,9.0,130.0,0.0,0.0,0.0,0.0,1.0,0.0,55.0,0.0,0.0,6.0,8.0,5.0,11.4,0.0,0.0,6.0,9.0,5.0,12.4,0.0,10.8,1.4000000000000001,1.74,Dropout
1.0,43.0,1.0,9003.0,1.0,1.0,120.0,1.0,37.0,37.0,5.0,9.0,120.0,1.0,0.0,0.0,1.0,1.0,0.0,39.0,0.0,0.0,6.0,8.0,0.0,0.0,0.0,1.0,6.0,8.0,2.0,11.0,0.0,16.2,0.30000000000000004,-0.92,Dropout
2.0,1.0,1.0,9003.0,1.0,1.0,120.0,1.0,37.0,37.0,9.0,9.0,120.5,1.0,0.0,1.0,1.0,1.0,0.0,35.0,0.0,14.0,17.0,17.0,14.0,10.6428571428571,1.0,12.0,12.0,12.0,12.0,10.6666666666667,0.0,15.5,2.8000000000000003,-4.0600000000000005,Dropout
1.0,39.0,1.0,9238.0,1.0,1.0,133.1,1.0,37.0,29.0,0.0,4.0,120.5,0.0,0.0,0.0,0.0,1.0,0.0,32.0,0.0,0.0,6.0,10.0,2.0,11.0,0.0,0.0,6.0,12.0,0.0,0.0,0.0,7.6000000000000005,2.6,0.32,Dropout
1.0,1.0,4.0,9773.0,1.0,1.0,124.0,1.0,3.0,12.0,2.0,9.0,137.0,1.0,0.0,0.0,1.0,1.0,0.0,20.0,0.0,0.0,6.0,6.0,6.0,16.8333333333333,0.0,0.0,6.0,6.0,6.0,16.6666666666667,0.0,8.9,1.4000000000000001,3.5100000000000002,Graduate
1.0,39.0,1.0,9254.0,1.0,1.0,150.0,1.0,37.0,37.0,9.0,9.0,115.0,0.0,0.0,0.0,1.0,1.0,0.0,36.0,0.0,0.0,6.0,8.0,6.0,13.5714285714286,0.0,0.0,6.0,9.0,5.0,13.200000000000001,0.0,12.700000000000001,3.7,-1.7000000000000002,Graduate
1.0,39.0,1.0,9991.0,0.0,19.0,133.1,1.0,38.0,19.0,9.0,10.0,142.70000000000002,0.0,0.0,1.0,1.0,1.0,1.0,34.0,0.0,0.0,5.0,11.0,5.0,14.714285714285701,0.0,0.0,5.0,14.0,5.0,14.375,5.0,16.2,0.30000000000000004,-0.92,Graduate
1.0,1.0,1.0,9670.0,1.0,1.0,116.0,1.0,38.0,19.0,0.0,2.0,116.7,1.0,0.0,0.0,1.0,1.0,0.0,21.0,0.0,0.0,5.0,8.0,0.0,0.0,0.0,0.0,5.0,5.0,0.0,0.0,0.0,9.4,-0.8,-3.12,Dropout
1.0,43.0,1.0,9991.0,0.0,1.0,133.1,1.0,37.0,19.0,3.0,10.0,136.1,0.0,0.0,0.0,1.0,1.0,1.0,42.0,0.0,0.0,5.0,14.0,1.0,10.0,0.0,0.0,5.0,14.0,1.0,11.0,0.0,13.9,-0.30000000000000004,0.79,Dropout
1.0,39.0,1.0,9003.0,1.0,19.0,133.1,1.0,37.0,19.0,9.0,7.0,134.3,0.0,0.0,0.0,1.0,1.0,0.0,25.0,0.0,0.0,6.0,15.0,1.0,11.0,0.0,0.0,6.0,13.0,4.0,11.75,0.0,12.4,0.5,1.79,Dropout
1.0,18.0,1.0,9773.0,1.0,1.0,167.0,1.0,38.0,38.0,6.0,7.0,153.0,1.0,0.0,0.0,1.0,1.0,1.0,18.0,0.0,0.0,6.0,6.0,1.0,11.0,0.0,0.0,6.0,0.0,0.0,0.0,0.0,8.9,1.4000000000000001,3.5100000000000002,Dropout
1.0,1.0,1.0,9773.0,1.0,1.0,140.0,1.0,19.0,38.0,9.0,9.0,132.0,0.0,0.0,0.0,1.0,1.0,1.0,18.0,0.0,0.0,6.0,6.0,5.0,12.0,0.0,0.0,6.0,6.0,6.0,12.8333333333333,0.0,12.700000000000001,3.7,-1.7000000000000002,Graduate
1.0,1.0,2.0,9238.0,1.0,1.0,124.0,1.0,38.0,19.0,9.0,7.0,129.6,1.0,0.0,0.0,1.0,1.0,0.0,19.0,0.0,0.0,6.0,10.0,6.0,11.125,0.0,0.0,6.0,7.0,6.0,11.8571428571429,0.0,7.6000000000000005,2.6,0.32,Graduate
1.0,43.0,1.0,9085.0,1.0,1.0,110.0,1.0,3.0,19.0,4.0,6.0,105.0,0.0,0.0,1.0,0.0,1.0,0.0,34.0,0.0,2.0,6.0,13.0,3.0,11.3333333333333,0.0,0.0,6.0,8.0,2.0,11.5,0.0,13.9,-0.30000000000000004,0.79,Dropout
1.0,17.0,2.0,9773.0,1.0,1.0,150.0,1.0,1.0,1.0,4.0,5.0,130.8,0.0,0.0,0.0,1.0,1.0,0.0,20.0,0.0,0.0,6.0,15.0,2.0,12.0,0.0,0.0,6.0,12.0,0.0,0.0,0.0,10.8,1.4000000000000001,1.74,Dropout
1.0,1.0,1.0,9500.0,1.0,1.0,123.0,1.0,37.0,37.0,7.0,7.0,119.7,0.0,0.0,0.0,1.0,1.0,0.0,20.0,0.0,0.0,7.0,8.0,0.0,0.0,1.0,0.0,7.0,7.0,0.0,0.0,0.0,13.9,-0.30000000000000004,0.79,Dropout
1.0,17.0,1.0,9500.0,1.0,1.0,152.0,1.0,19.0,19.0,4.0,9.0,132.5,0.0,0.0,0.0,1.0,1.0,0.0,21.0,0.0,0.0,8.0,8.0,7.0,14.540000000000001,0.0,0.0,8.0,8.0,7.0,14.540000000000001,0.0,10.8,1.4000000000000001,1.74,Graduate
1.0,44.0,1.0,9003.0,1.0,39.0,130.0,1.0,1.0,19.0,3.0,10.0,130.0,1.0,0.0,0.0,1.0,1.0,0.0,19.0,0.0,0.0,6.0,9.0,6.0,12.1666666666667,0.0,0.0,6.0,14.0,4.0,13.0,0.0,12.4,0.5,1.79,Graduate
1.0,39.0,1.0,9085.0,1.0,1.0,133.1,1.0,1.0,1.0,4.0,4.0,120.0,0.0,0.0,1.0,0.0,1.0,0.0,31.0,0.0,0.0,5.0,13.0,4.0,13.5,1.0,0.0,5.0,12.0,3.0,11.6666666666667,1.0,9.4,-0.8,-3.12,Dropout
1.0,17.0,1.0,9670.0,1.0,1.0,133.1,1.0,1.0,37.0,4.0,5.0,150.0,0.0,0.0,0.0,1.0,1.0,0.0,21.0,0.0,0.0,6.0,8.0,6.0,14.75,0.0,0.0,6.0,9.0,5.0,14.3333333333333,0.0,11.100000000000001,0.6000000000000001,2.02,Graduate
1.0,1.0,1.0,9147.0,1.0,1.0,124.0,1.0,38.0,38.0,9.0,9.0,115.60000000000001,0.0,0.0,0.0,1.0,1.0,1.0,20.0,0.0,0.0,5.0,8.0,5.0,12.375,0.0,0.0,5.0,7.0,5.0,11.6666666666667,0.0,13.9,-0.30000000000000004,0.79,Graduate
1.0,43.0,2.0,9500.0,1.0,6.0,119.10000000000001,1.0,1.0,19.0,4.0,10.0,119.10000000000001,0.0,0.0,0.0,1.0,1.0,0.0,22.0,0.0,0.0,7.0,7.0,6.0,12.7333333333333,0.0,0.0,7.0,7.0,6.0,12.7333333333333,0.0,7.6000000000000005,2.6,0.32,Graduate
1.0,1.0,2.0,9070.0,1.0,1.0,128.0,1.0,19.0,19.0,3.0,3.0,123.5,1.0,1.0,0.0,0.0,1.0,0.0,19.0,0.0,0.0,6.0,9.0,4.0,12.5,0.0,0.0,6.0,6.0,0.0,0.0,0.0,9.4,-0.8,-3.12,Dropout
1.0,39.0,1.0,9130.0,1.0,1.0,133.1,1.0,1.0,1.0,90.0,1.0,120.0,1.0,0.0,1.0,0.0,1.0,0.0,41.0,0.0,0.0,5.0,5.0,0.0,0.0,1.0,0.0,5.0,5.0,0.0,0.0,5.0,12.700000000000001,3.7,-1.7000000000000002,Dropout
1.0,43.0,1.0,9500.0,1.0,19.0,133.1,1.0,34.0,34.0,0.0,0.0,110.0,1.0,0.0,0.0,1.0,1.0,0.0,27.0,0.0,0.0,7.0,7.0,0.0,0.0,6.0,0.0,7.0,7.0,0.0,0.0,6.0,7.6000000000000005,2.6,0.32,Dropout
1.0,17.0,1.0,9500.0,1.0,1.0,145.0,1.0,1.0,1.0,4.0,10.0,131.4,0.0,0.0,0.0,1.0,0.0,0.0,19.0,0.0,0.0,7.0,7.0,7.0,13.4428571428571,0.0,0.0,8.0,8.0,7.0,13.7714285714286,0.0,13.9,-0.30000000000000004,0.79,Dropout
1.0,18.0,2.0,9500.0,1.0,1.0,141.0,24.0,1.0,1.0,4.0,3.0,126.80000000000001,1.0,0.0,0.0,1.0,0.0,1.0,20.0,1.0,0.0,8.0,8.0,8.0,14.200000000000001,0.0,0.0,8.0,8.0,8.0,14.200000000000001,0.0,9.4,-0.8,-3.12,Graduate
1.0,43.0,4.0,9500.0,1.0,6.0,118.9,1.0,38.0,37.0,5.0,9.0,118.9,1.0,0.0,0.0,1.0,0.0,1.0,19.0,0.0,0.0,7.0,7.0,6.0,13.55,0.0,0.0,7.0,7.0,6.0,13.55,0.0,7.6000000000000005,2.6,0.32,Graduate
2.0,39.0,1.0,9991.0,0.0,1.0,160.0,1.0,37.0,37.0,9.0,9.0,160.0,0.0,0.0,0.0,1.0,0.0,0.0,35.0,0.0,0.0,5.0,5.0,5.0,11.600000000000001,0.0,0.0,5.0,6.0,5.0,11.1666666666667,0.0,15.5,2.8000000000000003,-4.0600000000000005,Graduate
1.0,17.0,5.0,9773.0,1.0,1.0,111.0,1.0,19.0,12.0,7.0,3.0,115.9,1.0,0.0,0.0,1.0,0.0,0.0,22.0,0.0,0.0,6.0,7.0,6.0,13.5714285714286,0.0,0.0,6.0,7.0,6.0,15.2857142857143,0.0,13.9,-0.30000000000000004,0.79,Graduate
1.0,1.0,2.0,9254.0,1.0,1.0,111.0,1.0,1.0,19.0,5.0,7.0,109.30000000000001,1.0,0.0,0.0,1.0,0.0,1.0,20.0,0.0,0.0,6.0,6.0,6.0,13.8333333333333,0.0,0.0,6.0,6.0,6.0,15.0,0.0,11.100000000000001,0.6000000000000001,2.02,Graduate
1.0,1.0,1.0,9670.0,1.0,1.0,123.0,1.0,37.0,38.0,9.0,9.0,113.9,1.0,0.0,1.0,0.0,0.0,0.0,18.0,0.0,0.0,6.0,7.0,4.0,11.25,0.0,0.0,6.0,9.0,4.0,10.8571428571429,0.0,10.8,1.4000000000000001,1.74,Dropout
1.0,1.0,1.0,9238.0,1.0,1.0,133.0,1.0,37.0,37.0,9.0,9.0,121.80000000000001,1.0,0.0,0.0,1.0,0.0,1.0,18.0,0.0,0.0,6.0,7.0,5.0,10.200000000000001,0.0,0.0,6.0,9.0,4.0,11.25,0.0,12.4,0.5,1.79,Graduate
1.0,7.0,1.0,9500.0,1.0,3.0,140.0,1.0,1.0,37.0,9.0,5.0,140.0,0.0,0.0,0.0,1.0,0.0,0.0,30.0,0.0,0.0,8.0,8.0,7.0,15.675714285714301,0.0,0.0,8.0,8.0,7.0,15.675714285714301,0.0,10.8,1.4000000000000001,1.74,Graduate
1.0,18.0,1.0,9238.0,1.0,1.0,122.0,1.0,38.0,38.0,9.0,7.0,114.7,0.0,0.0,1.0,1.0,0.0,1.0,18.0,0.0,0.0,6.0,9.0,6.0,10.8333333333333,0.0,0.0,6.0,8.0,6.0,12.0,0.0,11.100000000000001,0.6000000000000001,2.02,Graduate
1.0,1.0,1.0,9254.0,1.0,1.0,128.0,1.0,19.0,19.0,7.0,8.0,120.0,1.0,0.0,0.0,1.0,0.0,1.0,20.0,0.0,0.0,6.0,6.0,6.0,14.5,0.0,0.0,6.0,7.0,5.0,15.0,0.0,12.4,0.5,1.79,Enrolled
1.0,1.0,1.0,9238.0,1.0,1.0,108.0,1.0,19.0,38.0,9.0,9.0,107.30000000000001,0.0,1.0,0.0,1.0,0.0,1.0,19.0,0.0,0.0,6.0,12.0,4.0,10.4,0.0,0.0,6.0,11.0,4.0,10.75,0.0,12.4,0.5,1.79,Enrolled
1.0,17.0,1.0,9085.0,1.0,1.0,139.0,1.0,38.0,38.0,5.0,3.0,136.20000000000002,0.0,0.0,0.0,1.0,0.0,0.0,19.0,0.0,0.0,5.0,7.0,5.0,13.0,1.0,0.0,5.0,7.0,5.0,13.3333333333333,0.0,7.6000000000000005,2.6,0.32,Graduate
1.0,1.0,2.0,9556.0,1.0,1.0,130.0,1.0,1.0,38.0,3.0,8.0,119.5,1.0,0.0,0.0,1.0,0.0,1.0,21.0,0.0,0.0,7.0,7.0,7.0,12.242857142857101,0.0,0.0,8.0,8.0,8.0,14.125,0.0,15.5,2.8000000000000003,-4.0600000000000005,Graduate
1.0,18.0,1.0,9853.0,1.0,1.0,133.1,1.0,1.0,19.0,141.0,182.0,106.0,1.0,0.0,1.0,1.0,0.0,0.0,21.0,0.0,0.0,7.0,7.0,7.0,13.0,0.0,0.0,7.0,8.0,6.0,12.5,0.0,8.9,1.4000000000000001,3.5100000000000002,Enrolled
1.0,1.0,4.0,9670.0,1.0,1.0,130.0,1.0,1.0,1.0,9.0,9.0,124.10000000000001,1.0,0.0,0.0,1.0,0.0,0.0,18.0,0.0,0.0,6.0,6.0,6.0,14.1666666666667,0.0,0.0,6.0,7.0,6.0,13.4285714285714,0.0,8.9,1.4000000000000001,3.5100000000000002,Enrolled
1.0,1.0,3.0,9147.0,1.0,1.0,143.0,1.0,1.0,1.0,5.0,7.0,133.20000000000002,1.0,0.0,0.0,1.0,0.0,1.0,18.0,0.0,0.0,5.0,11.0,4.0,14.25,0.0,0.0,5.0,7.0,4.0,12.5,0.0,12.700000000000001,3.7,-1.7000000000000002,Graduate
4.0,39.0,1.0,9085.0,1.0,1.0,110.0,1.0,37.0,37.0,90.0,90.0,110.0,0.0,0.0,0.0,0.0,0.0,0.0,35.0,0.0,0.0,5.0,14.0,1.0,12.0,2.0,0.0,5.0,11.0,2.0,10.5,1.0,9.4,-0.8,-3.12,Dropout
1.0,1.0,6.0,9500.0,1.0,1.0,120.0,41.0,1.0,1.0,9.0,6.0,114.80000000000001,1.0,0.0,0.0,1.0,0.0,0.0,21.0,1.0,0.0,7.0,11.0,4.0,13.25,0.0,0.0,7.0,9.0,5.0,13.82,0.0,11.100000000000001,0.6000000000000001,2.02,Enrolled
1.0,1.0,1.0,9500.0,1.0,1.0,140.0,1.0,38.0,37.0,9.0,7.0,130.0,1.0,0.0,0.0,1.0,1.0,1.0,18.0,0.0,0.0,7.0,7.0,6.0,13.1833333333333,0.0,0.0,7.0,7.0,6.0,13.1833333333333,0.0,7.6000000000000005,2.6,0.32,Graduate
1.0,17.0,5.0,9070.0,1.0,1.0,125.0,1.0,19.0,1.0,5.0,5.0,122.60000000000001,1.0,0.0,0.0,1.0,1.0,0.0,22.0,0.0,0.0,6.0,6.0,1.0,11.0,0.0,0.0,6.0,6.0,0.0,0.0,0.0,9.4,-0.8,-3.12,Enrolled
1.0,17.0,1.0,9500.0,1.0,1.0,134.0,1.0,38.0,1.0,9.0,6.0,133.5,1.0,0.0,0.0,1.0,1.0,1.0,20.0,0.0,0.0,7.0,8.0,7.0,11.9725,0.0,0.0,8.0,8.0,8.0,12.651250000000001,0.0,15.5,2.8000000000000003,-4.0600000000000005,Graduate
2.0,39.0,1.0,9254.0,1.0,1.0,130.0,1.0,37.0,37.0,4.0,7.0,120.0,1.0,0.0,0.0,1.0,0.0,0.0,34.0,0.0,0.0,6.0,7.0,5.0,12.4,0.0,0.0,6.0,8.0,5.0,12.8,0.0,9.4,-0.8,-3.12,Graduate
2.0,7.0,1.0,9147.0,1.0,3.0,120.0,1.0,37.0,37.0,9.0,9.0,120.0,0.0,0.0,0.0,1.0,0.0,0.0,33.0,0.0,3.0,8.0,9.0,5.0,12.600000000000001,2.0,2.0,7.0,13.0,5.0,11.25,0.0,10.8,1.4000000000000001,1.74,Enrolled
1.0,1.0,3.0,9500.0,1.0,1.0,142.0,1.0,37.0,38.0,9.0,9.0,137.3,1.0,0.0,0.0,1.0,0.0,1.0,22.0,0.0,0.0,7.0,7.0,6.0,13.9,0.0,0.0,7.0,7.0,6.0,13.9,0.0,7.6000000000000005,2.6,0.32,Graduate
1.0,17.0,3.0,9254.0,1.0,1.0,127.0,1.0,37.0,37.0,9.0,6.0,123.5,1.0,0.0,0.0,1.0,0.0,1.0,20.0,0.0,0.0,6.0,11.0,4.0,11.5,0.0,0.0,6.0,12.0,3.0,11.0,0.0,7.6000000000000005,2.6,0.32,Enrolled
2.0,39.0,1.0,9147.0,1.0,1.0,140.0,1.0,37.0,37.0,6.0,10.0,131.8,0.0,0.0,0.0,1.0,0.0,0.0,35.0,0.0,0.0,5.0,6.0,4.0,14.200000000000001,0.0,0.0,5.0,10.0,4.0,11.8571428571429,0.0,10.8,1.4000000000000001,1.74,Enrolled
2.0,39.0,1.0,9147.0,1.0,1.0,140.0,1.0,38.0,37.0,4.0,7.0,130.0,1.0,0.0,0.0,0.0,0.0,0.0,39.0,0.0,0.0,5.0,12.0,3.0,10.6666666666667,2.0,0.0,5.0,15.0,3.0,10.6666666666667,0.0,9.4,-0.8,-3.12,Dropout
1.0,18.0,6.0,9500.0,1.0,1.0,142.0,1.0,38.0,37.0,9.0,5.0,128.0,1.0,0.0,0.0,0.0,0.0,0.0,19.0,0.0,0.0,7.0,14.0,0.0,0.0,0.0,0.0,8.0,0.0,0.0,0.0,0.0,11.100000000000001,0.6000000000000001,2.02,Dropout
4.0,39.0,1.0,9254.0,1.0,1.0,120.0,1.0,37.0,37.0,9.0,8.0,95.0,0.0,0.0,0.0,1.0,0.0,1.0,36.0,0.0,0.0,6.0,10.0,6.0,11.0,0.0,0.0,6.0,14.0,3.0,11.3333333333333,0.0,10.8,1.4000000000000001,1.74,Graduate
1.0,1.0,2.0,9500.0,1.0,1.0,124.0,1.0,37.0,37.0,9.0,9.0,116.0,1.0,0.0,0.0,1.0,0.0,1.0,21.0,0.0,0.0,8.0,8.0,7.0,13.9571428571429,0.0,0.0,8.0,8.0,7.0,13.9571428571429,0.0,12.700000000000001,3.7,-1.7000000000000002,Graduate
1.0,1.0,1.0,9238.0,1.0,1.0,157.0,1.0,3.0,38.0,1.0,5.0,136.70000000000002,1.0,0.0,0.0,1.0,0.0,0.0,22.0,0.0,0.0,6.0,11.0,4.0,12.5,1.0,0.0,6.0,13.0,3.0,13.6666666666667,0.0,9.4,-0.8,-3.12,Enrolled
2.0,39.0,1.0,9238.0,1.0,1.0,126.60000000000001,1.0,38.0,38.0,9.0,7.0,107.5,0.0,0.0,1.0,1.0,0.0,1.0,42.0,0.0,0.0,6.0,8.0,6.0,13.3333333333333,0.0,0.0,6.0,7.0,6.0,15.2857142857143,0.0,11.100000000000001,0.6000000000000001,2.02,Graduate
1.0,39.0,1.0,9119.0,1.0,1.0,110.0,1.0,37.0,37.0,90.0,90.0,108.4,1.0,0.0,0.0,1.0,0.0,0.0,34.0,0.0,0.0,5.0,5.0,0.0,0.0,0.0,0.0,5.0,6.0,0.0,0.0,0.0,10.8,1.4000000000000001,1.74,Dropout
1.0,17.0,1.0,9773.0,1.0,1.0,144.0,1.0,19.0,19.0,4.0,4.0,130.70000000000002,1.0,0.0,0.0,1.0,0.0,0.0,20.0,0.0,0.0,6.0,9.0,6.0,11.6666666666667,0.0,0.0,6.0,8.0,5.0,11.600000000000001,0.0,7.6000000000000005,2.6,0.32,Enrolled
2.0,44.0,1.0,8014.0,0.0,39.0,160.0,1.0,37.0,19.0,9.0,10.0,155.9,0.0,0.0,0.0,1.0,0.0,0.0,33.0,0.0,3.0,6.0,7.0,6.0,15.714285714285701,0.0,2.0,6.0,7.0,6.0,15.5,0.0,13.9,-0.30000000000000004,0.79,Graduate
1.0,1.0,4.0,9254.0,1.0,1.0,105.0,1.0,1.0,19.0,9.0,6.0,106.10000000000001,1.0,0.0,0.0,1.0,0.0,0.0,20.0,0.0,0.0,6.0,8.0,5.0,11.0,0.0,0.0,6.0,9.0,5.0,11.4,0.0,13.9,-0.30000000000000004,0.79,Graduate
1.0,1.0,2.0,9670.0,1.0,1.0,130.0,1.0,26.0,30.0,0.0,5.0,128.6,1.0,0.0,1.0,1.0,0.0,0.0,19.0,0.0,0.0,5.0,8.0,4.0,12.25,0.0,0.0,5.0,7.0,4.0,12.75,2.0,7.6000000000000005,2.6,0.32,Graduate
2.0,43.0,1.0,9991.0,0.0,3.0,140.0,1.0,37.0,19.0,9.0,4.0,140.0,0.0,0.0,1.0,1.0,0.0,0.0,34.0,0.0,4.0,10.0,25.0,5.0,12.200000000000001,0.0,3.0,9.0,18.0,8.0,12.2222222222222,0.0,16.2,0.30000000000000004,-0.92,Dropout
1.0,1.0,1.0,9147.0,1.0,1.0,138.0,1.0,37.0,37.0,9.0,6.0,145.0,1.0,0.0,0.0,1.0,0.0,0.0,18.0,0.0,0.0,5.0,6.0,5.0,13.0,0.0,0.0,5.0,5.0,5.0,14.0,0.0,7.6000000000000005,2.6,0.32,Graduate
1.0,17.0,1.0,8014.0,0.0,1.0,120.0,1.0,38.0,37.0,6.0,6.0,113.0,0.0,0.0,0.0,1.0,0.0,1.0,24.0,0.0,0.0,6.0,11.0,4.0,12.0,0.0,0.0,6.0,7.0,6.0,13.0,0.0,10.8,1.4000000000000001,1.74,Graduate
1.0,1.0,1.0,9853.0,1.0,1.0,135.0,1.0,19.0,12.0,9.0,7.0,137.1,1.0,0.0,0.0,1.0,0.0,0.0,18.0,0.0,0.0,6.0,6.0,6.0,13.3333333333333,0.0,0.0,6.0,7.0,6.0,12.3333333333333,0.0,7.6000000000000005,2.6,0.32,Graduate
1.0,1.0,1.0,9670.0,1.0,1.0,119.0,1.0,37.0,37.0,10.0,6.0,119.7,1.0,0.0,0.0,1.0,0.0,0.0,20.0,0.0,0.0,5.0,6.0,3.0,13.0,0.0,0.0,5.0,7.0,3.0,13.0,1.0,7.6000000000000005,2.6,0.32,Enrolled
1.0,17.0,1.0,9500.0,1.0,1.0,121.0,1.0,1.0,1.0,4.0,3.0,120.5,1.0,0.0,0.0,1.0,0.0,0.0,21.0,0.0,0.0,8.0,8.0,7.0,12.91,0.0,0.0,8.0,8.0,7.0,12.91,0.0,10.8,1.4000000000000001,1.74,Graduate
1.0,1.0,5.0,9238.0,1.0,1.0,126.0,1.0,38.0,1.0,9.0,5.0,125.7,1.0,0.0,0.0,1.0,0.0,1.0,19.0,0.0,0.0,6.0,8.0,6.0,11.0,0.0,0.0,6.0,13.0,3.0,11.0,0.0,9.4,-0.8,-3.12,Graduate
1.0,17.0,4.0,9500.0,1.0,1.0,132.0,1.0,38.0,19.0,5.0,7.0,125.5,0.0,0.0,0.0,1.0,0.0,1.0,19.0,0.0,0.0,7.0,8.0,6.0,13.58,0.0,0.0,8.0,8.0,8.0,12.936250000000001,0.0,15.5,2.8000000000000003,-4.0600000000000005,Graduate
1.0,1.0,1.0,9238.0,1.0,1.0,128.0,1.0,19.0,19.0,5.0,5.0,124.5,1.0,0.0,0.0,1.0,0.0,1.0,18.0,0.0,0.0,6.0,10.0,4.0,12.4,0.0,0.0,6.0,8.0,6.0,12.5,0.0,12.4,0.5,1.79,Graduate
4.0,39.0,1.0,8014.0,0.0,1.0,160.0,1.0,37.0,37.0,5.0,5.0,126.0,0.0,0.0,0.0,1.0,0.0,1.0,38.0,0.0,4.0,9.0,13.0,8.0,12.8888888888889,0.0,2.0,7.0,9.0,7.0,13.0,0.0,13.9,-0.30000000000000004,0.79,Graduate
1.0,1.0,1.0,171.0,1.0,1.0,125.0,1.0,19.0,19.0,5.0,4.0,136.20000000000002,1.0,0.0,1.0,1.0,1.0,0.0,21.0,0.0,6.0,12.0,12.0,11.0,11.5454545454545,0.0,4.0,11.0,18.0,9.0,11.700000000000001,1.0,8.9,1.4000000000000001,3.5100000000000002,Enrolled
1.0,43.0,1.0,9147.0,1.0,1.0,127.0,25.0,1.0,5.0,9.0,10.0,124.2,1.0,0.0,0.0,1.0,1.0,0.0,23.0,1.0,0.0,5.0,6.0,1.0,10.0,0.0,0.0,5.0,5.0,0.0,0.0,0.0,15.5,2.8000000000000003,-4.0600000000000005,Enrolled
1.0,17.0,5.0,9500.0,1.0,1.0,147.0,1.0,19.0,1.0,4.0,3.0,138.5,1.0,0.0,0.0,1.0,0.0,0.0,19.0,0.0,0.0,8.0,8.0,8.0,14.34125,0.0,0.0,8.0,8.0,8.0,14.34125,0.0,9.4,-0.8,-3.12,Graduate
1.0,1.0,2.0,9773.0,1.0,1.0,130.0,1.0,38.0,37.0,5.0,3.0,122.30000000000001,1.0,0.0,1.0,0.0,0.0,0.0,18.0,0.0,0.0,6.0,8.0,6.0,14.1428571428571,0.0,0.0,6.0,6.0,5.0,12.0,0.0,13.9,-0.30000000000000004,0.79,Dropout
1.0,1.0,6.0,171.0,1.0,1.0,134.0,1.0,19.0,37.0,5.0,5.0,126.0,1.0,0.0,0.0,1.0,0.0,1.0,18.0,0.0,0.0,0.0,0.0,0.0,0.0,0.0,0.0,0.0,0.0,0.0,0.0,0.0,9.4,-0.8,-3.12,Graduate
1.0,39.0,1.0,9003.0,1.0,1.0,140.0,1.0,19.0,19.0,9.0,6.0,135.4,1.0,0.0,0.0,1.0,0.0,0.0,24.0,0.0,0.0,6.0,10.0,5.0,11.8,0.0,0.0,6.0,13.0,4.0,11.25,0.0,12.4,0.5,1.79,Enrolled
1.0,1.0,1.0,9773.0,1.0,1.0,151.0,2.0,1.0,1.0,5.0,9.0,146.5,0.0,0.0,0.0,1.0,0.0,1.0,18.0,1.0,0.0,6.0,6.0,6.0,13.3333333333333,0.0,0.0,6.0,6.0,6.0,14.1666666666667,0.0,12.700000000000001,3.7,-1.7000000000000002,Graduate
1.0,1.0,1.0,9130.0,1.0,1.0,132.0,1.0,3.0,1.0,4.0,9.0,121.9,1.0,0.0,0.0,1.0,0.0,0.0,18.0,0.0,0.0,6.0,8.0,6.0,14.5,0.0,0.0,6.0,9.0,6.0,12.8571428571429,0.0,13.9,-0.30000000000000004,0.79,Graduate
1.0,7.0,1.0,9991.0,0.0,40.0,130.0,1.0,19.0,19.0,7.0,3.0,130.0,0.0,0.0,0.0,1.0,0.0,0.0,26.0,0.0,5.0,10.0,13.0,8.0,12.6666666666667,0.0,5.0,10.0,12.0,10.0,13.4,0.0,11.100000000000001,0.6000000000000001,2.02,Graduate
1.0,1.0,1.0,9147.0,1.0,1.0,126.0,1.0,19.0,19.0,9.0,9.0,115.2,0.0,0.0,1.0,1.0,0.0,0.0,19.0,0.0,0.0,5.0,13.0,1.0,10.0,0.0,0.0,5.0,8.0,2.0,10.0,0.0,12.4,0.5,1.79,Enrolled
1.0,18.0,3.0,9670.0,1.0,1.0,119.0,1.0,38.0,38.0,9.0,9.0,115.2,1.0,0.0,0.0,1.0,0.0,1.0,19.0,0.0,0.0,6.0,10.0,0.0,0.0,0.0,0.0,6.0,6.0,0.0,0.0,0.0,12.700000000000001,3.7,-1.7000000000000002,Dropout
1.0,1.0,1.0,9254.0,1.0,1.0,123.0,1.0,38.0,37.0,5.0,5.0,125.10000000000001,0.0,0.0,0.0,1.0,0.0,0.0,19.0,0.0,0.0,6.0,12.0,4.0,11.0,0.0,0.0,6.0,6.0,4.0,12.5,0.0,16.2,0.30000000000000004,-0.92,Enrolled
1.0,1.0,1.0,9130.0,1.0,1.0,106.0,1.0,37.0,37.0,9.0,9.0,108.0,1.0,0.0,1.0,1.0,0.0,0.0,20.0,0.0,0.0,5.0,10.0,2.0,12.0,2.0,0.0,5.0,9.0,4.0,11.0,0.0,9.4,-0.8,-3.12,Dropout
1.0,1.0,3.0,9254.0,1.0,1.0,121.0,1.0,19.0,19.0,9.0,9.0,125.9,1.0,0.0,0.0,1.0,0.0,0.0,22.0,0.0,0.0,6.0,10.0,4.0,10.0,0.0,0.0,6.0,12.0,2.0,13.5,0.0,9.4,-0.8,-3.12,Enrolled
1.0,1.0,2.0,9500.0,1.0,1.0,138.0,1.0,19.0,1.0,5.0,5.0,128.0,1.0,0.0,0.0,1.0,0.0,0.0,19.0,0.0,0.0,7.0,7.0,7.0,14.2085714285714,0.0,0.0,8.0,9.0,8.0,15.127777777777801,0.0,11.100000000000001,0.6000000000000001,2.02,Graduate
1.0,1.0,5.0,9500.0,1.0,1.0,118.0,1.0,3.0,1.0,5.0,10.0,113.5,1.0,0.0,0.0,1.0,0.0,0.0,20.0,0.0,0.0,7.0,7.0,7.0,14.3071428571429,0.0,0.0,8.0,8.0,8.0,15.012500000000001,0.0,12.4,0.5,1.79,Graduate
2.0,39.0,1.0,9147.0,1.0,1.0,120.0,1.0,37.0,37.0,5.0,5.0,124.60000000000001,0.0,0.0,0.0,1.0,0.0,0.0,36.0,0.0,0.0,5.0,8.0,3.0,11.0,0.0,0.0,5.0,12.0,4.0,13.375,0.0,10.8,1.4000000000000001,1.74,Enrolled
1.0,39.0,1.0,9853.0,1.0,19.0,133.1,1.0,19.0,4.0,9.0,4.0,116.0,1.0,0.0,0.0,1.0,0.0,0.0,29.0,0.0,0.0,7.0,14.0,0.0,0.0,0.0,0.0,6.0,6.0,0.0,0.0,0.0,11.100000000000001,0.6000000000000001,2.02,Dropout
1.0,17.0,3.0,9238.0,1.0,1.0,141.0,1.0,3.0,3.0,2.0,2.0,124.9,1.0,0.0,0.0,1.0,0.0,0.0,19.0,0.0,0.0,6.0,10.0,6.0,12.0,0.0,0.0,6.0,12.0,4.0,11.0,0.0,12.700000000000001,3.7,-1.7000000000000002,Graduate
5.0,39.0,1.0,9147.0,1.0,1.0,180.0,1.0,1.0,1.0,4.0,8.0,140.5,0.0,0.0,1.0,0.0,0.0,0.0,24.0,0.0,0.0,5.0,0.0,0.0,0.0,0.0,0.0,5.0,0.0,0.0,0.0,0.0,13.9,-0.30000000000000004,0.79,Dropout
5.0,39.0,1.0,9003.0,1.0,1.0,180.0,1.0,1.0,1.0,4.0,8.0,179.60000000000002,0.0,0.0,1.0,0.0,0.0,0.0,27.0,0.0,0.0,6.0,6.0,0.0,0.0,0.0,0.0,6.0,7.0,0.0,0.0,0.0,8.9,1.4000000000000001,3.5100000000000002,Dropout
1.0,17.0,1.0,9773.0,1.0,1.0,115.0,1.0,37.0,37.0,9.0,8.0,116.10000000000001,1.0,0.0,0.0,1.0,0.0,1.0,18.0,0.0,0.0,6.0,7.0,6.0,13.8571428571429,0.0,0.0,6.0,7.0,6.0,14.2857142857143,0.0,13.9,-0.30000000000000004,0.79,Graduate
1.0,17.0,2.0,171.0,1.0,1.0,142.0,1.0,3.0,1.0,2.0,6.0,139.4,1.0,0.0,0.0,1.0,0.0,1.0,18.0,0.0,0.0,0.0,0.0,0.0,0.0,0.0,0.0,0.0,0.0,0.0,0.0,0.0,15.5,2.8000000000000003,-4.0600000000000005,Graduate
1.0,17.0,4.0,9556.0,1.0,1.0,135.0,1.0,38.0,37.0,3.0,7.0,129.0,1.0,0.0,0.0,1.0,0.0,0.0,21.0,0.0,0.0,7.0,0.0,0.0,0.0,0.0,0.0,7.0,0.0,0.0,0.0,0.0,12.700000000000001,3.7,-1.7000000000000002,Dropout
2.0,39.0,1.0,9670.0,1.0,1.0,150.0,1.0,37.0,19.0,9.0,4.0,135.6,0.0,0.0,0.0,1.0,0.0,1.0,43.0,0.0,0.0,6.0,8.0,5.0,11.0,0.0,0.0,6.0,9.0,5.0,13.0,0.0,12.4,0.5,1.79,Graduate
1.0,43.0,1.0,9147.0,1.0,1.0,153.0,1.0,1.0,19.0,9.0,10.0,147.8,0.0,0.0,0.0,1.0,0.0,1.0,18.0,0.0,0.0,5.0,9.0,5.0,13.200000000000001,0.0,0.0,5.0,13.0,5.0,14.4,5.0,16.2,0.30000000000000004,-0.92,Graduate
1.0,18.0,1.0,9085.0,1.0,1.0,153.0,1.0,37.0,37.0,9.0,9.0,138.0,1.0,0.0,0.0,1.0,0.0,1.0,21.0,0.0,0.0,6.0,7.0,6.0,13.5,0.0,0.0,6.0,6.0,3.0,15.3333333333333,0.0,8.9,1.4000000000000001,3.5100000000000002,Dropout
1.0,7.0,1.0,9147.0,1.0,3.0,150.0,1.0,6.0,27.0,1.0,7.0,150.0,0.0,0.0,0.0,1.0,0.0,0.0,26.0,0.0,0.0,5.0,5.0,0.0,0.0,0.0,0.0,5.0,0.0,0.0,0.0,0.0,9.4,-0.8,-3.12,Dropout
1.0,1.0,6.0,9500.0,1.0,1.0,144.0,1.0,1.0,19.0,9.0,4.0,130.8,1.0,0.0,0.0,1.0,0.0,1.0,19.0,0.0,0.0,8.0,8.0,7.0,14.214285714285701,0.0,0.0,8.0,8.0,7.0,14.214285714285701,0.0,12.700000000000001,3.7,-1.7000000000000002,Graduate
1.0,1.0,1.0,9085.0,1.0,1.0,130.0,1.0,37.0,11.0,90.0,90.0,122.60000000000001,0.0,0.0,0.0,1.0,0.0,0.0,18.0,0.0,0.0,5.0,5.0,5.0,13.0,0.0,0.0,5.0,5.0,5.0,12.4,0.0,7.6000000000000005,2.6,0.32,Graduate
1.0,1.0,1.0,9773.0,1.0,1.0,125.0,1.0,3.0,2.0,2.0,1.0,119.10000000000001,1.0,0.0,0.0,1.0,0.0,0.0,22.0,0.0,0.0,6.0,13.0,2.0,12.0,0.0,0.0,6.0,14.0,1.0,10.0,0.0,9.4,-0.8,-3.12,Dropout
1.0,39.0,1.0,9500.0,1.0,19.0,133.1,1.0,1.0,19.0,4.0,10.0,111.80000000000001,1.0,0.0,0.0,1.0,0.0,0.0,27.0,0.0,0.0,7.0,0.0,0.0,0.0,0.0,0.0,8.0,0.0,0.0,0.0,0.0,11.100000000000001,0.6000000000000001,2.02,Dropout
1.0,1.0,3.0,9147.0,1.0,1.0,133.0,1.0,38.0,19.0,9.0,10.0,125.0,1.0,0.0,0.0,1.0,0.0,0.0,18.0,0.0,0.0,5.0,6.0,5.0,12.8,1.0,0.0,5.0,6.0,5.0,12.600000000000001,0.0,9.4,-0.8,-3.12,Graduate
1.0,17.0,1.0,9085.0,1.0,1.0,140.0,1.0,37.0,38.0,7.0,9.0,129.9,0.0,0.0,0.0,1.0,0.0,0.0,19.0,0.0,0.0,5.0,11.0,4.0,13.600000000000001,2.0,0.0,5.0,9.0,4.0,12.200000000000001,0.0,9.4,-0.8,-3.12,Graduate
1.0,17.0,4.0,9500.0,1.0,1.0,133.0,1.0,19.0,19.0,3.0,10.0,131.1,1.0,0.0,0.0,1.0,0.0,0.0,18.0,0.0,0.0,7.0,7.0,7.0,13.9714285714286,0.0,0.0,8.0,8.0,8.0,15.75,0.0,13.9,-0.30000000000000004,0.79,Graduate
1.0,1.0,1.0,9085.0,1.0,1.0,154.0,1.0,38.0,37.0,4.0,4.0,141.4,0.0,0.0,0.0,1.0,0.0,1.0,19.0,0.0,0.0,6.0,8.0,6.0,15.0,0.0,0.0,6.0,9.0,6.0,14.8571428571429,0.0,11.100000000000001,0.6000000000000001,2.02,Graduate
1.0,39.0,1.0,9085.0,1.0,1.0,133.1,1.0,37.0,37.0,9.0,9.0,120.0,0.0,0.0,0.0,0.0,0.0,0.0,32.0,0.0,0.0,6.0,0.0,0.0,0.0,0.0,0.0,6.0,0.0,0.0,0.0,0.0,11.100000000000001,0.6000000000000001,2.02,Dropout
1.0,42.0,1.0,9500.0,1.0,1.0,168.0,1.0,37.0,1.0,9.0,4.0,133.4,1.0,0.0,0.0,1.0,0.0,0.0,23.0,0.0,20.0,26.0,27.0,26.0,15.0777777777778,0.0,14.0,17.0,17.0,17.0,15.0235294117647,0.0,15.5,2.8000000000000003,-4.0600000000000005,Graduate
1.0,17.0,3.0,9500.0,1.0,1.0,132.0,1.0,37.0,37.0,4.0,3.0,127.30000000000001,1.0,0.0,0.0,1.0,0.0,0.0,20.0,0.0,0.0,7.0,7.0,6.0,13.3833333333333,0.0,0.0,7.0,7.0,6.0,13.3833333333333,0.0,7.6000000000000005,2.6,0.32,Graduate
1.0,1.0,1.0,171.0,1.0,1.0,133.1,1.0,19.0,38.0,5.0,5.0,131.8,1.0,0.0,1.0,1.0,0.0,0.0,20.0,0.0,6.0,12.0,12.0,12.0,13.25,0.0,4.0,11.0,16.0,10.0,13.0909090909091,0.0,8.9,1.4000000000000001,3.5100000000000002,Graduate
1.0,17.0,1.0,9238.0,1.0,1.0,120.0,1.0,19.0,19.0,4.0,5.0,114.80000000000001,1.0,0.0,1.0,0.0,0.0,0.0,19.0,0.0,0.0,6.0,10.0,5.0,11.714285714285701,0.0,0.0,6.0,13.0,2.0,10.6666666666667,0.0,16.2,0.30000000000000004,-0.92,Dropout
1.0,1.0,3.0,9500.0,1.0,1.0,150.0,1.0,19.0,19.0,5.0,5.0,132.8,1.0,0.0,0.0,1.0,0.0,1.0,18.0,0.0,0.0,8.0,8.0,8.0,13.01125,0.0,0.0,8.0,8.0,8.0,13.01125,0.0,9.4,-0.8,-3.12,Graduate
1.0,44.0,1.0,9003.0,1.0,39.0,140.0,1.0,19.0,19.0,9.0,4.0,140.0,0.0,0.0,0.0,1.0,0.0,0.0,21.0,0.0,0.0,6.0,12.0,3.0,10.6666666666667,2.0,0.0,6.0,12.0,4.0,12.0,0.0,15.5,2.8000000000000003,-4.0600000000000005,Dropout
1.0,1.0,1.0,9500.0,1.0,1.0,103.0,1.0,1.0,19.0,9.0,9.0,108.30000000000001,0.0,0.0,0.0,1.0,0.0,1.0,20.0,0.0,0.0,7.0,14.0,0.0,0.0,0.0,0.0,7.0,15.0,0.0,0.0,0.0,11.100000000000001,0.6000000000000001,2.02,Enrolled
1.0,44.0,1.0,9085.0,1.0,39.0,150.0,1.0,3.0,19.0,2.0,4.0,150.0,1.0,0.0,0.0,1.0,0.0,0.0,22.0,0.0,1.0,6.0,9.0,6.0,13.0,0.0,1.0,6.0,18.0,3.0,12.6666666666667,0.0,12.4,0.5,1.79,Graduate
1.0,44.0,1.0,9991.0,0.0,39.0,160.0,1.0,37.0,37.0,9.0,9.0,160.0,0.0,0.0,0.0,1.0,0.0,0.0,26.0,0.0,0.0,5.0,5.0,5.0,12.0,0.0,0.0,5.0,7.0,5.0,11.4,0.0,12.700000000000001,3.7,-1.7000000000000002,Graduate
1.0,1.0,1.0,9070.0,1.0,1.0,131.0,1.0,37.0,37.0,3.0,3.0,131.70000000000002,1.0,0.0,0.0,1.0,0.0,0.0,20.0,0.0,0.0,6.0,6.0,6.0,12.1666666666667,0.0,0.0,6.0,7.0,5.0,13.8,0.0,12.700000000000001,3.7,-1.7000000000000002,Graduate
1.0,1.0,1.0,9500.0,1.0,1.0,114.0,1.0,19.0,38.0,5.0,3.0,112.60000000000001,1.0,0.0,0.0,1.0,0.0,0.0,19.0,0.0,0.0,7.0,10.0,6.0,11.85,0.0,0.0,8.0,10.0,7.0,13.65,0.0,16.2,0.30000000000000004,-0.92,Graduate
1.0,39.0,1.0,9991.0,0.0,1.0,120.0,1.0,37.0,37.0,9.0,9.0,111.10000000000001,0.0,0.0,0.0,1.0,0.0,0.0,31.0,0.0,0.0,5.0,8.0,4.0,11.0,0.0,0.0,5.0,6.0,5.0,11.200000000000001,0.0,7.6000000000000005,2.6,0.32,Graduate
1.0,43.0,3.0,9500.0,1.0,1.0,140.0,1.0,1.0,19.0,9.0,7.0,127.5,1.0,0.0,1.0,1.0,0.0,1.0,20.0,0.0,0.0,7.0,9.0,7.0,12.3277777777778,0.0,0.0,8.0,10.0,8.0,11.736,0.0,15.5,2.8000000000000003,-4.0600000000000005,Graduate
1.0,43.0,1.0,9085.0,1.0,1.0,130.0,1.0,19.0,38.0,7.0,7.0,120.2,1.0,0.0,0.0,1.0,0.0,0.0,20.0,0.0,0.0,5.0,9.0,4.0,12.0,0.0,0.0,5.0,10.0,5.0,13.4285714285714,1.0,10.8,1.4000000000000001,1.74,Graduate
1.0,17.0,4.0,9500.0,1.0,1.0,121.0,1.0,37.0,37.0,5.0,5.0,118.9,1.0,0.0,0.0,1.0,0.0,0.0,21.0,0.0,0.0,7.0,7.0,7.0,14.4285714285714,0.0,0.0,8.0,9.0,8.0,14.5111111111111,0.0,16.2,0.30000000000000004,-0.92,Graduate
1.0,1.0,4.0,9500.0,1.0,1.0,130.0,1.0,19.0,19.0,9.0,7.0,119.9,1.0,0.0,0.0,1.0,0.0,0.0,18.0,0.0,0.0,7.0,7.0,7.0,13.780000000000001,0.0,0.0,8.0,8.0,8.0,12.6125,0.0,12.4,0.5,1.79,Graduate
1.0,17.0,2.0,9500.0,1.0,1.0,141.0,1.0,37.0,1.0,9.0,4.0,127.30000000000001,1.0,0.0,0.0,1.0,0.0,1.0,19.0,0.0,0.0,7.0,7.0,6.0,13.8,0.0,0.0,7.0,7.0,6.0,13.8,0.0,7.6000000000000005,2.6,0.32,Graduate
1.0,1.0,1.0,9853.0,1.0,1.0,131.0,1.0,19.0,19.0,3.0,7.0,127.9,1.0,0.0,0.0,1.0,0.0,1.0,18.0,0.0,0.0,7.0,7.0,7.0,14.8571428571429,0.0,0.0,7.0,7.0,7.0,15.1428571428571,0.0,13.9,-0.30000000000000004,0.79,Graduate
4.0,39.0,1.0,9773.0,1.0,38.0,133.1,1.0,19.0,19.0,7.0,9.0,133.0,0.0,0.0,0.0,1.0,0.0,0.0,40.0,0.0,0.0,6.0,8.0,5.0,13.0,0.0,0.0,6.0,7.0,5.0,12.600000000000001,0.0,16.2,0.30000000000000004,-0.92,Enrolled
1.0,17.0,6.0,9238.0,1.0,1.0,117.0,1.0,1.0,38.0,4.0,7.0,114.60000000000001,0.0,0.0,0.0,1.0,0.0,1.0,18.0,0.0,0.0,6.0,7.0,6.0,12.1428571428571,0.0,0.0,6.0,6.0,6.0,13.3333333333333,0.0,13.9,-0.30000000000000004,0.79,Graduate
1.0,1.0,2.0,9085.0,1.0,1.0,151.0,1.0,40.0,4.0,2.0,2.0,144.5,1.0,0.0,0.0,1.0,0.0,0.0,18.0,0.0,0.0,6.0,7.0,6.0,15.6666666666667,0.0,0.0,6.0,6.0,6.0,14.8333333333333,0.0,8.9,1.4000000000000001,3.5100000000000002,Graduate
1.0,17.0,1.0,9500.0,1.0,1.0,131.0,1.0,1.0,19.0,4.0,3.0,125.4,1.0,0.0,0.0,1.0,0.0,0.0,19.0,0.0,0.0,7.0,13.0,5.0,12.5,0.0,0.0,8.0,14.0,7.0,12.1666666666667,0.0,15.5,2.8000000000000003,-4.0600000000000005,Graduate
1.0,17.0,1.0,9238.0,1.0,1.0,145.0,1.0,38.0,38.0,9.0,7.0,145.0,0.0,0.0,0.0,1.0,0.0,1.0,19.0,0.0,0.0,6.0,7.0,6.0,12.8333333333333,0.0,0.0,6.0,6.0,6.0,13.1666666666667,0.0,12.4,0.5,1.79,Graduate
1.0,39.0,1.0,9003.0,1.0,1.0,135.0,1.0,38.0,38.0,9.0,6.0,138.1,0.0,0.0,1.0,0.0,0.0,0.0,28.0,0.0,0.0,6.0,6.0,0.0,0.0,0.0,0.0,6.0,7.0,0.0,0.0,0.0,8.9,1.4000000000000001,3.5100000000000002,Dropout
1.0,17.0,1.0,9070.0,1.0,1.0,119.0,1.0,37.0,38.0,9.0,8.0,124.60000000000001,1.0,0.0,0.0,1.0,0.0,0.0,20.0,0.0,0.0,6.0,6.0,6.0,12.5,0.0,0.0,6.0,6.0,6.0,12.6666666666667,0.0,7.6000000000000005,2.6,0.32,Graduate
1.0,1.0,2.0,9773.0,1.0,1.0,122.0,1.0,37.0,37.0,9.0,9.0,130.8,1.0,0.0,0.0,1.0,0.0,0.0,18.0,0.0,0.0,6.0,14.0,4.0,11.25,0.0,0.0,6.0,9.0,5.0,13.0,0.0,9.4,-0.8,-3.12,Graduate
1.0,1.0,2.0,9500.0,1.0,1.0,155.0,1.0,1.0,1.0,4.0,3.0,140.5,1.0,0.0,0.0,1.0,0.0,0.0,18.0,0.0,0.0,7.0,7.0,6.0,15.25,0.0,0.0,7.0,7.0,6.0,15.25,0.0,7.6000000000000005,2.6,0.32,Graduate
1.0,1.0,1.0,9085.0,1.0,1.0,123.0,1.0,19.0,37.0,9.0,9.0,124.10000000000001,1.0,0.0,0.0,1.0,0.0,1.0,20.0,0.0,0.0,5.0,13.0,5.0,14.0,2.0,0.0,5.0,10.0,3.0,12.0,1.0,9.4,-0.8,-3.12,Graduate
1.0,43.0,1.0,9238.0,1.0,1.0,130.0,1.0,38.0,19.0,9.0,4.0,118.4,0.0,0.0,1.0,1.0,0.0,0.0,28.0,0.0,15.0,16.0,16.0,13.0,12.0769230769231,0.0,13.0,13.0,13.0,11.0,12.0909090909091,0.0,16.2,0.30000000000000004,-0.92,Graduate
1.0,15.0,1.0,9853.0,1.0,1.0,133.1,41.0,43.0,1.0,153.0,135.0,128.20000000000002,0.0,0.0,0.0,1.0,0.0,0.0,23.0,1.0,11.0,16.0,17.0,16.0,14.625,0.0,6.0,10.0,12.0,9.0,14.8888888888889,0.0,8.9,1.4000000000000001,3.5100000000000002,Graduate
1.0,1.0,1.0,9853.0,1.0,1.0,114.0,1.0,19.0,37.0,5.0,5.0,109.5,1.0,0.0,0.0,1.0,0.0,0.0,19.0,0.0,0.0,7.0,10.0,4.0,10.5,0.0,0.0,7.0,7.0,2.0,10.5,0.0,16.2,0.30000000000000004,-0.92,Dropout
1.0,17.0,1.0,9238.0,1.0,1.0,137.0,1.0,38.0,19.0,152.0,171.0,131.1,1.0,0.0,0.0,1.0,0.0,1.0,18.0,0.0,0.0,6.0,8.0,6.0,12.8333333333333,0.0,0.0,6.0,6.0,6.0,12.1666666666667,0.0,8.9,1.4000000000000001,3.5100000000000002,Graduate
1.0,1.0,3.0,9773.0,1.0,1.0,161.0,22.0,37.0,37.0,9.0,9.0,137.9,0.0,0.0,1.0,0.0,0.0,1.0,20.0,1.0,0.0,6.0,6.0,6.0,12.5,0.0,0.0,6.0,7.0,5.0,11.8,0.0,10.8,1.4000000000000001,1.74,Graduate
1.0,1.0,1.0,171.0,1.0,1.0,133.1,1.0,3.0,1.0,2.0,4.0,128.20000000000002,1.0,0.0,0.0,1.0,0.0,0.0,20.0,0.0,5.0,12.0,13.0,12.0,11.2307692307692,0.0,3.0,11.0,18.0,9.0,12.7777777777778,0.0,11.100000000000001,0.6000000000000001,2.02,Graduate
2.0,39.0,1.0,9991.0,0.0,1.0,133.1,1.0,37.0,37.0,9.0,9.0,126.5,0.0,0.0,0.0,1.0,0.0,0.0,27.0,0.0,0.0,5.0,5.0,2.0,10.5,0.0,0.0,5.0,5.0,0.0,0.0,0.0,7.6000000000000005,2.6,0.32,Dropout
1.0,1.0,1.0,9853.0,1.0,1.0,128.0,1.0,1.0,1.0,9.0,9.0,120.0,1.0,0.0,0.0,1.0,0.0,0.0,18.0,0.0,0.0,6.0,11.0,3.0,12.0,0.0,0.0,6.0,13.0,2.0,12.0,0.0,12.700000000000001,3.7,-1.7000000000000002,Dropout
4.0,39.0,2.0,9556.0,1.0,19.0,133.1,1.0,19.0,19.0,4.0,6.0,123.0,0.0,0.0,0.0,1.0,0.0,1.0,37.0,0.0,0.0,7.0,10.0,7.0,10.9857142857143,0.0,0.0,8.0,11.0,8.0,12.3,0.0,10.8,1.4000000000000001,1.74,Graduate
4.0,7.0,1.0,9500.0,1.0,40.0,130.0,1.0,19.0,19.0,4.0,6.0,130.0,0.0,0.0,0.0,0.0,0.0,0.0,42.0,0.0,2.0,7.0,10.0,5.0,12.620000000000001,0.0,3.0,7.0,11.0,3.0,14.1666666666667,0.0,12.4,0.5,1.79,Dropout
1.0,17.0,6.0,9500.0,1.0,1.0,147.0,1.0,1.0,38.0,4.0,8.0,141.1,1.0,0.0,0.0,1.0,0.0,0.0,20.0,0.0,0.0,7.0,9.0,6.0,13.0,0.0,0.0,8.0,8.0,8.0,14.2125,0.0,13.9,-0.30000000000000004,0.79,Dropout
2.0,39.0,1.0,9119.0,1.0,1.0,140.0,1.0,34.0,34.0,9.0,9.0,140.0,0.0,0.0,0.0,0.0,1.0,0.0,34.0,0.0,0.0,5.0,5.0,0.0,0.0,0.0,0.0,5.0,5.0,0.0,0.0,0.0,15.5,2.8000000000000003,-4.0600000000000005,Dropout
1.0,42.0,1.0,9119.0,1.0,1.0,140.0,1.0,3.0,3.0,3.0,2.0,133.6,1.0,0.0,0.0,1.0,1.0,0.0,22.0,0.0,0.0,5.0,0.0,0.0,0.0,0.0,0.0,5.0,0.0,0.0,0.0,0.0,10.8,1.4000000000000001,1.74,Dropout
2.0,39.0,2.0,9254.0,1.0,19.0,133.1,1.0,19.0,19.0,9.0,5.0,123.5,0.0,0.0,0.0,1.0,1.0,0.0,39.0,0.0,0.0,6.0,6.0,6.0,13.5,0.0,0.0,6.0,6.0,6.0,13.3333333333333,0.0,12.4,0.5,1.79,Graduate
1.0,1.0,1.0,9500.0,1.0,1.0,141.0,1.0,37.0,37.0,9.0,9.0,136.3,1.0,0.0,0.0,1.0,1.0,1.0,18.0,0.0,0.0,7.0,7.0,6.0,13.516666666666701,0.0,0.0,7.0,7.0,6.0,13.516666666666701,0.0,7.6000000000000005,2.6,0.32,Graduate
1.0,1.0,2.0,9070.0,1.0,1.0,128.0,1.0,37.0,37.0,9.0,9.0,123.5,1.0,0.0,0.0,1.0,1.0,1.0,21.0,0.0,0.0,6.0,6.0,6.0,13.1666666666667,0.0,0.0,6.0,8.0,6.0,13.2857142857143,0.0,8.9,1.4000000000000001,3.5100000000000002,Graduate
2.0,39.0,1.0,9085.0,1.0,1.0,150.0,1.0,37.0,37.0,90.0,10.0,112.0,0.0,0.0,0.0,1.0,1.0,0.0,34.0,0.0,0.0,6.0,0.0,0.0,0.0,0.0,0.0,6.0,0.0,0.0,0.0,0.0,10.8,1.4000000000000001,1.74,Dropout
1.0,44.0,1.0,9003.0,1.0,39.0,160.0,1.0,37.0,37.0,9.0,9.0,160.0,0.0,0.0,0.0,1.0,1.0,1.0,22.0,0.0,0.0,6.0,8.0,6.0,13.125,0.0,0.0,6.0,10.0,6.0,13.0,0.0,16.2,0.30000000000000004,-0.92,Graduate
1.0,39.0,1.0,9003.0,1.0,1.0,133.1,1.0,1.0,37.0,4.0,7.0,110.0,0.0,0.0,0.0,1.0,1.0,0.0,31.0,0.0,0.0,6.0,15.0,3.0,14.4,0.0,0.0,6.0,20.0,0.0,0.0,0.0,16.2,0.30000000000000004,-0.92,Dropout
1.0,18.0,3.0,9853.0,1.0,1.0,128.0,1.0,38.0,37.0,5.0,9.0,116.80000000000001,1.0,0.0,0.0,0.0,1.0,0.0,19.0,0.0,0.0,6.0,10.0,4.0,12.0,0.0,0.0,6.0,12.0,0.0,0.0,0.0,10.8,1.4000000000000001,1.74,Dropout
1.0,17.0,5.0,9254.0,1.0,1.0,114.0,1.0,38.0,1.0,5.0,9.0,109.5,0.0,0.0,0.0,1.0,1.0,0.0,19.0,0.0,0.0,5.0,5.0,0.0,0.0,0.0,0.0,5.0,10.0,0.0,0.0,0.0,10.8,1.4000000000000001,1.74,Dropout
1.0,39.0,1.0,9556.0,1.0,19.0,133.1,1.0,37.0,37.0,9.0,10.0,100.0,0.0,0.0,0.0,1.0,1.0,0.0,31.0,0.0,0.0,7.0,7.0,0.0,0.0,0.0,0.0,7.0,7.0,0.0,0.0,0.0,15.5,2.8000000000000003,-4.0600000000000005,Dropout
1.0,5.0,1.0,9147.0,1.0,1.0,126.0,1.0,19.0,38.0,5.0,6.0,117.30000000000001,1.0,0.0,0.0,1.0,0.0,0.0,19.0,0.0,0.0,5.0,15.0,3.0,10.8,0.0,0.0,5.0,6.0,3.0,10.5,0.0,13.9,-0.30000000000000004,0.79,Enrolled
2.0,39.0,2.0,9670.0,1.0,1.0,133.1,41.0,37.0,19.0,9.0,9.0,130.0,0.0,0.0,0.0,1.0,0.0,0.0,30.0,1.0,0.0,6.0,0.0,0.0,0.0,0.0,0.0,6.0,0.0,0.0,0.0,0.0,9.4,-0.8,-3.12,Dropout
1.0,51.0,1.0,9500.0,1.0,1.0,129.0,1.0,37.0,38.0,3.0,3.0,137.8,1.0,0.0,0.0,1.0,0.0,1.0,20.0,0.0,2.0,7.0,7.0,7.0,16.1314285714286,0.0,0.0,8.0,9.0,8.0,15.5222222222222,0.0,11.100000000000001,0.6000000000000001,2.02,Graduate
1.0,17.0,1.0,9500.0,1.0,1.0,140.0,1.0,19.0,38.0,7.0,7.0,136.5,1.0,0.0,0.0,1.0,0.0,1.0,18.0,0.0,0.0,7.0,7.0,7.0,14.8385714285714,0.0,0.0,8.0,9.0,8.0,14.8,0.0,12.4,0.5,1.79,Graduate
4.0,39.0,1.0,9991.0,0.0,1.0,133.1,1.0,37.0,37.0,5.0,5.0,138.70000000000002,0.0,0.0,0.0,1.0,0.0,0.0,31.0,0.0,0.0,5.0,7.0,3.0,10.3333333333333,0.0,0.0,5.0,6.0,3.0,12.0,0.0,10.8,1.4000000000000001,1.74,Dropout
1.0,17.0,1.0,9254.0,1.0,1.0,134.0,1.0,19.0,1.0,9.0,4.0,124.9,1.0,0.0,0.0,1.0,0.0,0.0,19.0,0.0,0.0,6.0,11.0,3.0,12.0,0.0,0.0,6.0,11.0,4.0,11.25,0.0,7.6000000000000005,2.6,0.32,Dropout
4.0,39.0,1.0,8014.0,0.0,1.0,133.1,1.0,37.0,37.0,9.0,7.0,140.0,0.0,0.0,0.0,1.0,0.0,1.0,43.0,0.0,0.0,6.0,6.0,0.0,0.0,0.0,0.0,5.0,5.0,0.0,0.0,0.0,8.9,1.4000000000000001,3.5100000000000002,Dropout
1.0,17.0,2.0,9254.0,1.0,1.0,132.0,1.0,38.0,38.0,9.0,8.0,122.60000000000001,1.0,0.0,0.0,1.0,0.0,1.0,20.0,0.0,0.0,6.0,6.0,6.0,13.1666666666667,0.0,0.0,6.0,6.0,6.0,14.0,0.0,13.9,-0.30000000000000004,0.79,Graduate
1.0,1.0,2.0,9500.0,1.0,1.0,131.0,1.0,1.0,1.0,5.0,9.0,129.5,1.0,0.0,0.0,1.0,0.0,1.0,19.0,0.0,0.0,8.0,8.0,8.0,13.9475,0.0,0.0,8.0,8.0,8.0,13.9475,0.0,9.4,-0.8,-3.12,Graduate
1.0,1.0,1.0,9670.0,1.0,1.0,133.1,1.0,3.0,1.0,1.0,7.0,155.0,0.0,0.0,0.0,1.0,0.0,0.0,22.0,0.0,0.0,5.0,6.0,3.0,11.3333333333333,0.0,0.0,5.0,5.0,0.0,0.0,0.0,9.4,-0.8,-3.12,Dropout
1.0,1.0,1.0,8014.0,0.0,1.0,133.1,1.0,3.0,1.0,1.0,7.0,100.0,0.0,0.0,0.0,1.0,0.0,0.0,26.0,0.0,2.0,8.0,11.0,7.0,12.75,0.0,2.0,7.0,7.0,7.0,12.2857142857143,0.0,16.2,0.30000000000000004,-0.92,Graduate
1.0,18.0,1.0,9147.0,1.0,1.0,160.0,1.0,19.0,19.0,5.0,8.0,137.6,1.0,0.0,0.0,1.0,0.0,1.0,19.0,0.0,0.0,5.0,6.0,5.0,12.600000000000001,0.0,0.0,5.0,8.0,5.0,11.25,0.0,10.8,1.4000000000000001,1.74,Graduate
1.0,7.0,1.0,9500.0,1.0,3.0,120.0,1.0,19.0,3.0,4.0,2.0,120.0,1.0,0.0,0.0,1.0,0.0,0.0,29.0,0.0,0.0,8.0,8.0,6.0,12.25,1.0,0.0,8.0,8.0,6.0,12.25,1.0,12.700000000000001,3.7,-1.7000000000000002,Dropout
1.0,15.0,1.0,9556.0,1.0,1.0,114.0,26.0,3.0,19.0,122.0,144.0,114.0,0.0,0.0,0.0,1.0,0.0,0.0,20.0,1.0,0.0,7.0,14.0,0.0,0.0,6.0,0.0,7.0,12.0,2.0,11.6666666666667,0.0,8.9,1.4000000000000001,3.5100000000000002,Enrolled
4.0,1.0,1.0,9991.0,0.0,1.0,140.0,1.0,37.0,37.0,9.0,7.0,139.0,0.0,0.0,0.0,1.0,0.0,1.0,38.0,0.0,0.0,5.0,8.0,5.0,11.0,0.0,0.0,5.0,7.0,5.0,11.4,0.0,9.4,-0.8,-3.12,Enrolled
1.0,39.0,1.0,9003.0,1.0,1.0,100.0,1.0,37.0,37.0,9.0,5.0,110.0,0.0,0.0,0.0,1.0,0.0,0.0,41.0,0.0,8.0,12.0,17.0,12.0,11.8333333333333,0.0,3.0,12.0,22.0,9.0,12.700000000000001,0.0,15.5,2.8000000000000003,-4.0600000000000005,Graduate
1.0,1.0,6.0,9500.0,1.0,1.0,139.0,1.0,19.0,38.0,4.0,9.0,128.5,1.0,0.0,0.0,1.0,0.0,0.0,19.0,0.0,0.0,8.0,10.0,6.0,13.0666666666667,0.0,0.0,8.0,10.0,6.0,13.0666666666667,0.0,12.700000000000001,3.7,-1.7000000000000002,Dropout
1.0,1.0,1.0,9070.0,1.0,1.0,136.0,1.0,1.0,38.0,4.0,5.0,132.20000000000002,0.0,0.0,1.0,1.0,0.0,0.0,19.0,0.0,0.0,6.0,6.0,6.0,13.8333333333333,0.0,0.0,6.0,8.0,6.0,13.875,0.0,10.8,1.4000000000000001,1.74,Graduate
4.0,7.0,1.0,9500.0,1.0,3.0,130.0,1.0,3.0,19.0,2.0,3.0,130.0,0.0,0.0,0.0,1.0,0.0,0.0,43.0,0.0,0.0,7.0,7.0,3.0,13.8333333333333,1.0,0.0,7.0,7.0,0.0,0.0,0.0,16.2,0.30000000000000004,-0.92,Dropout
1.0,17.0,1.0,9130.0,1.0,1.0,145.0,1.0,38.0,37.0,9.0,7.0,129.3,1.0,0.0,0.0,1.0,0.0,0.0,19.0,0.0,0.0,5.0,5.0,5.0,11.8,0.0,0.0,5.0,5.0,5.0,13.200000000000001,0.0,10.8,1.4000000000000001,1.74,Graduate
1.0,1.0,1.0,171.0,1.0,1.0,133.1,1.0,19.0,38.0,9.0,8.0,128.20000000000002,1.0,0.0,0.0,1.0,1.0,1.0,19.0,0.0,6.0,12.0,12.0,12.0,13.3333333333333,0.0,4.0,11.0,15.0,10.0,12.8181818181818,0.0,8.9,1.4000000000000001,3.5100000000000002,Enrolled
1.0,1.0,6.0,9500.0,1.0,1.0,146.0,1.0,2.0,19.0,3.0,9.0,130.3,1.0,0.0,0.0,1.0,1.0,0.0,18.0,0.0,0.0,8.0,8.0,8.0,13.746250000000002,0.0,0.0,8.0,8.0,8.0,13.746250000000002,0.0,9.4,-0.8,-3.12,Graduate
1.0,1.0,1.0,171.0,1.0,1.0,159.0,1.0,3.0,3.0,2.0,2.0,162.5,1.0,0.0,0.0,1.0,1.0,0.0,19.0,0.0,0.0,0.0,0.0,0.0,0.0,0.0,0.0,0.0,0.0,0.0,0.0,0.0,16.2,0.30000000000000004,-0.92,Dropout
2.0,39.0,1.0,8014.0,0.0,19.0,133.1,1.0,34.0,34.0,0.0,0.0,130.0,0.0,0.0,0.0,1.0,1.0,0.0,38.0,0.0,0.0,6.0,0.0,0.0,0.0,0.0,0.0,6.0,0.0,0.0,0.0,0.0,9.4,-0.8,-3.12,Dropout
2.0,7.0,1.0,9130.0,1.0,2.0,110.0,1.0,19.0,19.0,4.0,8.0,110.0,1.0,0.0,0.0,1.0,1.0,0.0,37.0,0.0,0.0,6.0,9.0,0.0,0.0,0.0,0.0,6.0,6.0,0.0,0.0,0.0,16.2,0.30000000000000004,-0.92,Dropout
1.0,39.0,1.0,9670.0,1.0,1.0,120.0,1.0,1.0,19.0,4.0,10.0,142.3,1.0,0.0,0.0,1.0,0.0,1.0,26.0,0.0,0.0,6.0,6.0,6.0,13.3333333333333,0.0,0.0,6.0,10.0,5.0,14.5,0.0,10.8,1.4000000000000001,1.74,Graduate
1.0,17.0,1.0,9238.0,1.0,1.0,130.0,1.0,37.0,37.0,9.0,9.0,122.0,1.0,0.0,0.0,1.0,0.0,1.0,21.0,0.0,0.0,6.0,8.0,1.0,10.0,0.0,0.0,6.0,13.0,5.0,11.4,0.0,12.700000000000001,3.7,-1.7000000000000002,Enrolled
1.0,1.0,3.0,9085.0,1.0,1.0,158.0,1.0,1.0,19.0,9.0,9.0,153.60000000000002,1.0,0.0,0.0,1.0,0.0,1.0,18.0,0.0,0.0,6.0,7.0,6.0,15.6666666666667,0.0,0.0,6.0,8.0,6.0,15.2857142857143,0.0,8.9,1.4000000000000001,3.5100000000000002,Graduate
1.0,1.0,1.0,9853.0,1.0,1.0,122.0,1.0,3.0,19.0,2.0,3.0,112.9,0.0,0.0,0.0,1.0,0.0,0.0,18.0,0.0,0.0,7.0,9.0,7.0,11.8571428571429,0.0,0.0,7.0,7.0,7.0,11.8571428571429,0.0,16.2,0.30000000000000004,-0.92,Graduate
1.0,1.0,1.0,9085.0,1.0,1.0,140.0,1.0,3.0,1.0,2.0,4.0,124.10000000000001,0.0,0.0,0.0,1.0,0.0,0.0,18.0,0.0,0.0,5.0,12.0,5.0,14.5,2.0,0.0,5.0,5.0,5.0,13.600000000000001,0.0,9.4,-0.8,-3.12,Graduate
1.0,17.0,1.0,9238.0,1.0,1.0,136.0,1.0,38.0,1.0,9.0,4.0,129.70000000000002,0.0,0.0,0.0,1.0,0.0,0.0,19.0,0.0,0.0,6.0,6.0,6.0,12.1666666666667,0.0,0.0,6.0,7.0,6.0,13.714285714285701,0.0,15.5,2.8000000000000003,-4.0600000000000005,Graduate
1.0,1.0,1.0,9773.0,1.0,1.0,111.0,1.0,19.0,19.0,9.0,9.0,110.0,1.0,0.0,0.0,1.0,0.0,0.0,18.0,0.0,0.0,6.0,6.0,5.0,12.600000000000001,0.0,0.0,6.0,8.0,6.0,12.0,0.0,11.100000000000001,0.6000000000000001,2.02,Graduate
1.0,17.0,2.0,9500.0,1.0,1.0,145.0,1.0,2.0,38.0,3.0,8.0,136.3,1.0,0.0,0.0,1.0,0.0,0.0,18.0,0.0,0.0,8.0,12.0,7.0,12.2857142857143,0.0,0.0,8.0,12.0,7.0,12.2857142857143,0.0,12.700000000000001,3.7,-1.7000000000000002,Enrolled
1.0,17.0,1.0,9238.0,1.0,1.0,133.1,1.0,38.0,38.0,191.0,193.0,146.0,0.0,0.0,1.0,1.0,0.0,1.0,19.0,0.0,0.0,6.0,6.0,6.0,12.6666666666667,0.0,0.0,6.0,7.0,6.0,13.0,0.0,8.9,1.4000000000000001,3.5100000000000002,Graduate
1.0,1.0,1.0,9500.0,1.0,1.0,140.0,1.0,19.0,38.0,7.0,8.0,129.9,0.0,0.0,0.0,1.0,0.0,0.0,19.0,0.0,0.0,7.0,0.0,0.0,0.0,0.0,0.0,8.0,0.0,0.0,0.0,0.0,16.2,0.30000000000000004,-0.92,Dropout
1.0,1.0,1.0,9254.0,1.0,1.0,140.0,1.0,19.0,1.0,9.0,8.0,140.9,1.0,0.0,0.0,1.0,0.0,1.0,18.0,0.0,0.0,6.0,7.0,6.0,12.8571428571429,0.0,0.0,6.0,10.0,4.0,13.0,0.0,12.700000000000001,3.7,-1.7000000000000002,Graduate
2.0,1.0,1.0,9500.0,1.0,1.0,156.0,1.0,1.0,1.0,9.0,10.0,135.5,0.0,0.0,0.0,1.0,0.0,0.0,18.0,0.0,0.0,8.0,8.0,7.0,13.9,0.0,0.0,8.0,8.0,7.0,13.9,0.0,12.700000000000001,3.7,-1.7000000000000002,Graduate
1.0,1.0,1.0,9500.0,1.0,1.0,132.0,1.0,38.0,37.0,9.0,7.0,122.0,1.0,0.0,0.0,1.0,0.0,1.0,20.0,0.0,0.0,8.0,8.0,7.0,13.817142857142901,0.0,0.0,8.0,8.0,7.0,13.817142857142901,0.0,10.8,1.4000000000000001,1.74,Graduate
1.0,53.0,1.0,9556.0,1.0,42.0,140.0,1.0,1.0,19.0,4.0,5.0,140.0,0.0,0.0,0.0,1.0,0.0,1.0,22.0,0.0,1.0,7.0,10.0,6.0,13.3142857142857,0.0,2.0,8.0,10.0,7.0,12.875,0.0,8.9,1.4000000000000001,3.5100000000000002,Graduate
1.0,1.0,1.0,9130.0,1.0,1.0,164.0,1.0,34.0,1.0,0.0,0.0,163.0,0.0,0.0,0.0,1.0,0.0,0.0,18.0,0.0,0.0,6.0,0.0,0.0,0.0,0.0,0.0,6.0,0.0,0.0,0.0,0.0,7.6000000000000005,2.6,0.32,Dropout
1.0,17.0,4.0,9254.0,1.0,1.0,113.0,1.0,38.0,19.0,7.0,7.0,107.4,1.0,0.0,0.0,1.0,0.0,1.0,19.0,0.0,0.0,6.0,6.0,6.0,12.1666666666667,0.0,0.0,6.0,6.0,6.0,12.1666666666667,0.0,12.4,0.5,1.79,Graduate
1.0,1.0,1.0,9254.0,1.0,1.0,122.0,1.0,37.0,37.0,9.0,9.0,114.30000000000001,1.0,0.0,0.0,0.0,0.0,1.0,20.0,0.0,0.0,6.0,12.0,4.0,11.25,0.0,0.0,6.0,12.0,3.0,11.3333333333333,0.0,7.6000000000000005,2.6,0.32,Dropout
1.0,43.0,1.0,9070.0,1.0,1.0,150.0,1.0,2.0,3.0,3.0,2.0,140.8,0.0,0.0,0.0,1.0,0.0,0.0,19.0,0.0,1.0,6.0,6.0,5.0,12.4,0.0,0.0,6.0,8.0,6.0,12.75,0.0,10.8,1.4000000000000001,1.74,Enrolled
1.0,1.0,2.0,9773.0,1.0,1.0,135.0,1.0,37.0,37.0,5.0,5.0,126.30000000000001,1.0,1.0,0.0,1.0,0.0,1.0,20.0,0.0,0.0,6.0,6.0,6.0,14.6666666666667,0.0,0.0,6.0,7.0,6.0,14.5714285714286,0.0,8.9,1.4000000000000001,3.5100000000000002,Graduate
1.0,39.0,1.0,9085.0,1.0,1.0,133.1,1.0,3.0,19.0,2.0,9.0,110.0,0.0,0.0,0.0,1.0,0.0,0.0,28.0,0.0,0.0,6.0,15.0,4.0,12.0,0.0,0.0,6.0,14.0,4.0,12.0,0.0,11.100000000000001,0.6000000000000001,2.02,Dropout
1.0,1.0,2.0,9085.0,1.0,1.0,122.0,1.0,1.0,1.0,193.0,101.0,126.2,0.0,0.0,0.0,1.0,0.0,0.0,19.0,0.0,0.0,6.0,8.0,6.0,14.0,0.0,0.0,6.0,18.0,3.0,12.6666666666667,0.0,12.4,0.5,1.79,Graduate
1.0,42.0,1.0,9003.0,1.0,39.0,140.0,1.0,19.0,1.0,5.0,5.0,140.0,0.0,0.0,0.0,1.0,0.0,0.0,22.0,0.0,0.0,6.0,10.0,6.0,12.5714285714286,0.0,0.0,6.0,12.0,4.0,13.6666666666667,0.0,15.5,2.8000000000000003,-4.0600000000000005,Enrolled
1.0,1.0,1.0,9085.0,1.0,1.0,138.0,1.0,1.0,3.0,9.0,1.0,123.0,1.0,0.0,0.0,1.0,0.0,0.0,19.0,0.0,1.0,6.0,14.0,6.0,15.538461538461501,0.0,0.0,6.0,9.0,6.0,12.625,0.0,15.5,2.8000000000000003,-4.0600000000000005,Graduate
1.0,1.0,3.0,9773.0,1.0,1.0,130.0,1.0,19.0,19.0,5.0,5.0,157.0,1.0,0.0,0.0,0.0,0.0,0.0,18.0,0.0,0.0,6.0,0.0,0.0,0.0,0.0,0.0,6.0,0.0,0.0,0.0,0.0,13.9,-0.30000000000000004,0.79,Dropout
1.0,5.0,1.0,9130.0,1.0,1.0,157.0,1.0,5.0,43.0,2.0,2.0,149.70000000000002,1.0,0.0,0.0,1.0,0.0,0.0,18.0,0.0,0.0,6.0,6.0,6.0,15.0,0.0,0.0,6.0,6.0,6.0,14.8333333333333,0.0,8.9,1.4000000000000001,3.5100000000000002,Graduate
1.0,43.0,1.0,9130.0,1.0,1.0,140.0,1.0,2.0,1.0,2.0,3.0,140.0,1.0,0.0,0.0,1.0,0.0,0.0,22.0,0.0,0.0,5.0,11.0,4.0,12.25,0.0,0.0,5.0,9.0,5.0,13.2857142857143,0.0,12.700000000000001,3.7,-1.7000000000000002,Graduate
1.0,53.0,1.0,9085.0,1.0,42.0,170.0,1.0,1.0,19.0,4.0,7.0,170.0,0.0,0.0,0.0,1.0,0.0,0.0,20.0,0.0,7.0,11.0,13.0,11.0,15.6923076923077,0.0,4.0,9.0,9.0,9.0,15.5555555555556,0.0,8.9,1.4000000000000001,3.5100000000000002,Graduate
1.0,39.0,1.0,9991.0,0.0,1.0,150.0,1.0,1.0,37.0,9.0,7.0,130.20000000000002,0.0,0.0,0.0,1.0,0.0,1.0,24.0,0.0,0.0,5.0,7.0,5.0,12.2857142857143,0.0,0.0,5.0,9.0,5.0,12.75,1.0,16.2,0.30000000000000004,-0.92,Graduate
1.0,17.0,1.0,171.0,1.0,1.0,146.0,1.0,1.0,38.0,9.0,9.0,135.5,1.0,0.0,1.0,1.0,0.0,0.0,22.0,0.0,12.0,17.0,19.0,12.0,11.8333333333333,0.0,10.0,17.0,22.0,11.0,11.25,0.0,11.100000000000001,0.6000000000000001,2.02,Enrolled
1.0,43.0,1.0,8014.0,0.0,1.0,120.0,1.0,38.0,19.0,5.0,4.0,118.30000000000001,0.0,0.0,0.0,1.0,0.0,0.0,20.0,0.0,2.0,6.0,6.0,6.0,12.1666666666667,0.0,0.0,6.0,7.0,5.0,14.0,0.0,12.700000000000001,3.7,-1.7000000000000002,Enrolled
1.0,1.0,1.0,9556.0,1.0,1.0,118.0,1.0,19.0,38.0,9.0,9.0,116.30000000000001,1.0,0.0,0.0,1.0,0.0,1.0,20.0,0.0,0.0,7.0,10.0,7.0,11.8888888888889,0.0,0.0,8.0,10.0,8.0,11.95625,0.0,12.700000000000001,3.7,-1.7000000000000002,Graduate
2.0,7.0,1.0,8014.0,0.0,3.0,120.0,1.0,38.0,1.0,9.0,9.0,120.0,0.0,0.0,0.0,0.0,0.0,0.0,35.0,0.0,0.0,6.0,0.0,0.0,0.0,0.0,0.0,6.0,0.0,0.0,0.0,0.0,10.8,1.4000000000000001,1.74,Dropout
1.0,1.0,1.0,9670.0,1.0,1.0,154.0,1.0,1.0,1.0,5.0,7.0,154.70000000000002,0.0,0.0,0.0,1.0,0.0,1.0,18.0,0.0,0.0,5.0,6.0,5.0,11.8,0.0,0.0,5.0,5.0,5.0,12.600000000000001,0.0,9.4,-0.8,-3.12,Graduate
1.0,17.0,2.0,9238.0,1.0,1.0,139.0,1.0,2.0,3.0,3.0,3.0,132.70000000000002,1.0,0.0,0.0,1.0,0.0,0.0,19.0,0.0,0.0,6.0,7.0,6.0,11.1666666666667,0.0,0.0,6.0,9.0,6.0,11.6666666666667,0.0,9.4,-0.8,-3.12,Graduate
1.0,18.0,1.0,9500.0,1.0,1.0,136.0,1.0,3.0,3.0,3.0,3.0,130.8,0.0,0.0,0.0,1.0,0.0,0.0,18.0,0.0,0.0,7.0,7.0,7.0,14.0571428571429,0.0,0.0,8.0,9.0,8.0,14.600000000000001,0.0,16.2,0.30000000000000004,-0.92,Graduate
1.0,1.0,2.0,9254.0,1.0,1.0,130.0,1.0,1.0,38.0,4.0,9.0,122.7,1.0,0.0,0.0,1.0,0.0,0.0,18.0,0.0,0.0,6.0,10.0,4.0,11.75,0.0,0.0,6.0,13.0,4.0,10.0,0.0,7.6000000000000005,2.6,0.32,Dropout
2.0,39.0,1.0,9238.0,1.0,19.0,133.1,1.0,1.0,2.0,4.0,6.0,130.0,0.0,0.0,0.0,1.0,0.0,0.0,31.0,0.0,0.0,6.0,6.0,6.0,13.1666666666667,0.0,0.0,6.0,8.0,6.0,13.0,0.0,9.4,-0.8,-3.12,Enrolled
1.0,17.0,1.0,9238.0,1.0,1.0,133.0,1.0,19.0,19.0,5.0,7.0,123.60000000000001,0.0,0.0,0.0,1.0,0.0,1.0,19.0,0.0,0.0,6.0,7.0,6.0,13.5,0.0,0.0,6.0,7.0,6.0,14.0,0.0,15.5,2.8000000000000003,-4.0600000000000005,Graduate
1.0,18.0,1.0,9500.0,1.0,1.0,143.0,1.0,38.0,37.0,4.0,9.0,116.5,1.0,0.0,0.0,1.0,0.0,1.0,20.0,0.0,0.0,7.0,10.0,7.0,12.625,0.0,0.0,8.0,8.0,8.0,13.0625,0.0,15.5,2.8000000000000003,-4.0600000000000005,Graduate
1.0,17.0,3.0,9085.0,1.0,1.0,117.0,1.0,19.0,38.0,5.0,7.0,111.10000000000001,0.0,0.0,0.0,1.0,0.0,0.0,21.0,0.0,0.0,6.0,0.0,0.0,0.0,0.0,0.0,6.0,0.0,0.0,0.0,0.0,15.5,2.8000000000000003,-4.0600000000000005,Dropout
1.0,1.0,3.0,9500.0,1.0,1.0,145.0,1.0,19.0,38.0,9.0,7.0,136.3,1.0,0.0,0.0,1.0,0.0,1.0,18.0,0.0,0.0,8.0,8.0,7.0,13.9714285714286,0.0,0.0,8.0,8.0,7.0,13.9714285714286,0.0,12.700000000000001,3.7,-1.7000000000000002,Graduate
1.0,1.0,5.0,9070.0,1.0,1.0,134.0,1.0,34.0,1.0,5.0,7.0,129.8,1.0,0.0,0.0,1.0,0.0,0.0,18.0,0.0,0.0,6.0,7.0,2.0,11.0,0.0,0.0,6.0,0.0,0.0,0.0,0.0,9.4,-0.8,-3.12,Dropout
2.0,39.0,1.0,9991.0,0.0,1.0,170.0,1.0,38.0,19.0,4.0,8.0,134.70000000000002,0.0,0.0,0.0,1.0,0.0,0.0,33.0,0.0,0.0,5.0,5.0,5.0,12.8,0.0,0.0,5.0,6.0,5.0,15.3333333333333,0.0,10.8,1.4000000000000001,1.74,Graduate
1.0,1.0,2.0,9670.0,1.0,1.0,143.0,1.0,37.0,37.0,9.0,7.0,131.8,1.0,0.0,0.0,1.0,0.0,1.0,18.0,0.0,0.0,6.0,8.0,6.0,13.5714285714286,0.0,0.0,6.0,6.0,5.0,12.8,0.0,12.4,0.5,1.79,Enrolled
1.0,1.0,1.0,171.0,1.0,1.0,140.0,1.0,37.0,37.0,7.0,9.0,126.80000000000001,1.0,0.0,0.0,0.0,0.0,1.0,18.0,0.0,0.0,0.0,0.0,0.0,0.0,0.0,0.0,0.0,0.0,0.0,0.0,0.0,12.700000000000001,3.7,-1.7000000000000002,Dropout
1.0,1.0,1.0,9085.0,1.0,1.0,131.0,1.0,37.0,37.0,9.0,6.0,130.70000000000002,0.0,0.0,1.0,1.0,0.0,0.0,21.0,0.0,0.0,5.0,9.0,2.0,11.5,0.0,0.0,5.0,13.0,4.0,11.0,1.0,10.8,1.4000000000000001,1.74,Enrolled
1.0,17.0,3.0,9254.0,1.0,1.0,115.0,1.0,37.0,19.0,5.0,5.0,109.80000000000001,1.0,0.0,0.0,1.0,0.0,0.0,19.0,0.0,0.0,6.0,8.0,4.0,11.25,0.0,0.0,6.0,8.0,4.0,12.0,0.0,10.8,1.4000000000000001,1.74,Enrolled
1.0,7.0,1.0,9991.0,0.0,3.0,130.0,1.0,3.0,19.0,2.0,3.0,133.9,0.0,0.0,0.0,1.0,0.0,0.0,28.0,0.0,0.0,5.0,7.0,5.0,13.714285714285701,0.0,0.0,5.0,7.0,5.0,13.1428571428571,0.0,16.2,0.30000000000000004,-0.92,Graduate
2.0,39.0,1.0,9147.0,1.0,1.0,130.0,1.0,1.0,19.0,9.0,9.0,109.9,0.0,0.0,0.0,0.0,0.0,0.0,29.0,0.0,0.0,4.0,4.0,0.0,0.0,0.0,0.0,5.0,0.0,0.0,0.0,0.0,12.700000000000001,3.7,-1.7000000000000002,Dropout
1.0,44.0,1.0,9130.0,1.0,39.0,160.0,1.0,1.0,37.0,3.0,3.0,160.0,1.0,0.0,1.0,0.0,0.0,0.0,36.0,0.0,2.0,6.0,9.0,6.0,12.0,0.0,1.0,6.0,8.0,3.0,14.6666666666667,0.0,12.4,0.5,1.79,Dropout
1.0,39.0,1.0,8014.0,0.0,19.0,133.1,1.0,37.0,37.0,9.0,7.0,106.5,0.0,0.0,0.0,1.0,0.0,1.0,32.0,0.0,0.0,6.0,7.0,6.0,12.6666666666667,0.0,0.0,6.0,7.0,6.0,13.3333333333333,0.0,12.700000000000001,3.7,-1.7000000000000002,Graduate
1.0,39.0,1.0,9500.0,1.0,1.0,130.0,1.0,38.0,37.0,5.0,7.0,120.0,1.0,0.0,0.0,1.0,0.0,1.0,25.0,0.0,0.0,8.0,11.0,7.0,13.290000000000001,3.0,0.0,8.0,11.0,7.0,13.290000000000001,3.0,9.4,-0.8,-3.12,Enrolled
2.0,43.0,1.0,9991.0,0.0,1.0,140.0,1.0,37.0,37.0,3.0,10.0,107.80000000000001,0.0,0.0,0.0,1.0,0.0,0.0,33.0,0.0,8.0,10.0,15.0,8.0,10.375,0.0,7.0,10.0,13.0,9.0,10.4444444444444,0.0,7.6000000000000005,2.6,0.32,Enrolled
2.0,43.0,1.0,8014.0,0.0,14.0,133.1,1.0,34.0,34.0,0.0,0.0,100.0,0.0,0.0,0.0,0.0,0.0,0.0,34.0,0.0,3.0,7.0,13.0,3.0,12.0,0.0,2.0,7.0,15.0,1.0,13.0,1.0,9.4,-0.8,-3.12,Dropout
2.0,39.0,1.0,8014.0,0.0,1.0,150.0,1.0,34.0,34.0,0.0,0.0,112.5,0.0,0.0,0.0,1.0,0.0,0.0,33.0,0.0,0.0,6.0,10.0,5.0,11.4,0.0,1.0,6.0,7.0,6.0,11.1666666666667,0.0,7.6000000000000005,2.6,0.32,Graduate
1.0,43.0,1.0,9991.0,0.0,1.0,140.0,1.0,37.0,38.0,9.0,8.0,135.5,0.0,0.0,1.0,0.0,0.0,0.0,29.0,0.0,0.0,5.0,15.0,2.0,13.25,0.0,0.0,5.0,12.0,3.0,12.600000000000001,3.0,16.2,0.30000000000000004,-0.92,Dropout
1.0,1.0,1.0,9500.0,1.0,1.0,145.0,1.0,1.0,1.0,4.0,10.0,145.0,0.0,0.0,0.0,1.0,0.0,0.0,18.0,0.0,0.0,7.0,7.0,6.0,13.8616666666667,0.0,0.0,8.0,16.0,0.0,0.0,1.0,12.4,0.5,1.79,Dropout
1.0,1.0,1.0,9773.0,1.0,1.0,126.0,1.0,37.0,38.0,7.0,7.0,119.0,0.0,0.0,0.0,1.0,0.0,1.0,18.0,0.0,0.0,6.0,6.0,6.0,12.1666666666667,0.0,0.0,6.0,7.0,6.0,12.1428571428571,0.0,15.5,2.8000000000000003,-4.0600000000000005,Graduate
2.0,7.0,1.0,9238.0,1.0,3.0,130.0,1.0,37.0,19.0,4.0,5.0,130.0,0.0,0.0,0.0,1.0,0.0,0.0,38.0,0.0,0.0,6.0,17.0,4.0,13.75,0.0,0.0,6.0,15.0,6.0,14.5,0.0,16.2,0.30000000000000004,-0.92,Graduate
1.0,1.0,4.0,9500.0,1.0,1.0,135.0,1.0,38.0,37.0,9.0,8.0,126.30000000000001,1.0,0.0,0.0,1.0,0.0,1.0,19.0,0.0,0.0,7.0,7.0,6.0,15.4333333333333,0.0,0.0,7.0,7.0,6.0,15.4333333333333,0.0,7.6000000000000005,2.6,0.32,Graduate
4.0,39.0,1.0,8014.0,0.0,19.0,133.1,1.0,37.0,37.0,9.0,9.0,113.5,0.0,0.0,0.0,1.0,0.0,1.0,39.0,0.0,0.0,6.0,6.0,6.0,13.8333333333333,0.0,0.0,6.0,6.0,6.0,15.5,0.0,11.100000000000001,0.6000000000000001,2.02,Graduate
1.0,43.0,1.0,9991.0,0.0,3.0,120.0,1.0,37.0,37.0,9.0,9.0,120.0,0.0,0.0,0.0,1.0,0.0,0.0,37.0,0.0,7.0,14.0,21.0,12.0,11.8333333333333,0.0,11.0,12.0,15.0,11.0,11.3636363636364,0.0,12.700000000000001,3.7,-1.7000000000000002,Graduate
1.0,17.0,2.0,9556.0,1.0,1.0,120.0,1.0,37.0,37.0,5.0,5.0,111.30000000000001,1.0,0.0,0.0,1.0,0.0,0.0,32.0,0.0,0.0,7.0,7.0,0.0,0.0,0.0,0.0,8.0,8.0,0.0,0.0,0.0,16.2,0.30000000000000004,-0.92,Dropout
1.0,18.0,1.0,9238.0,1.0,1.0,147.0,1.0,38.0,34.0,4.0,0.0,130.20000000000002,0.0,0.0,0.0,1.0,0.0,0.0,18.0,0.0,0.0,1.0,1.0,0.0,0.0,1.0,0.0,6.0,0.0,0.0,0.0,0.0,10.8,1.4000000000000001,1.74,Dropout
1.0,43.0,1.0,9556.0,1.0,1.0,149.0,1.0,1.0,1.0,4.0,8.0,140.20000000000002,1.0,1.0,0.0,1.0,0.0,0.0,20.0,0.0,1.0,7.0,9.0,7.0,12.3333333333333,0.0,0.0,8.0,8.0,8.0,12.625,0.0,12.700000000000001,3.7,-1.7000000000000002,Enrolled
1.0,1.0,5.0,9070.0,1.0,1.0,124.0,1.0,37.0,37.0,9.0,9.0,113.9,1.0,0.0,0.0,1.0,0.0,0.0,20.0,0.0,0.0,6.0,6.0,6.0,11.1666666666667,0.0,0.0,6.0,6.0,6.0,12.1666666666667,0.0,7.6000000000000005,2.6,0.32,Graduate
1.0,17.0,1.0,9085.0,1.0,1.0,133.1,1.0,37.0,37.0,9.0,9.0,99.0,1.0,0.0,0.0,1.0,0.0,1.0,23.0,0.0,0.0,6.0,6.0,6.0,14.6666666666667,0.0,0.0,6.0,8.0,6.0,12.4285714285714,0.0,8.9,1.4000000000000001,3.5100000000000002,Graduate
1.0,1.0,2.0,9147.0,1.0,1.0,125.0,1.0,1.0,19.0,4.0,9.0,124.0,1.0,0.0,0.0,1.0,0.0,0.0,19.0,0.0,0.0,5.0,5.0,5.0,11.200000000000001,0.0,0.0,5.0,11.0,4.0,11.75,0.0,10.8,1.4000000000000001,1.74,Enrolled
1.0,1.0,1.0,9238.0,1.0,1.0,141.0,1.0,37.0,38.0,9.0,10.0,138.9,0.0,0.0,0.0,1.0,0.0,0.0,18.0,0.0,0.0,6.0,9.0,6.0,13.714285714285701,0.0,0.0,6.0,6.0,6.0,14.1666666666667,0.0,13.9,-0.30000000000000004,0.79,Graduate
1.0,1.0,1.0,9147.0,1.0,1.0,131.0,1.0,38.0,19.0,9.0,9.0,130.0,1.0,0.0,0.0,1.0,1.0,0.0,19.0,0.0,0.0,5.0,5.0,5.0,12.8,0.0,0.0,5.0,10.0,5.0,11.4444444444444,0.0,10.8,1.4000000000000001,1.74,Graduate
1.0,17.0,4.0,9773.0,1.0,1.0,118.0,1.0,1.0,38.0,5.0,7.0,120.80000000000001,1.0,0.0,0.0,1.0,0.0,0.0,20.0,0.0,0.0,6.0,9.0,4.0,13.25,0.0,0.0,6.0,11.0,5.0,11.8,0.0,12.4,0.5,1.79,Graduate
1.0,1.0,6.0,9500.0,1.0,1.0,129.0,1.0,37.0,19.0,9.0,7.0,127.80000000000001,1.0,0.0,0.0,1.0,0.0,0.0,19.0,0.0,0.0,8.0,10.0,6.0,13.780000000000001,1.0,0.0,8.0,10.0,6.0,13.780000000000001,1.0,9.4,-0.8,-3.12,Dropout
1.0,17.0,3.0,9500.0,1.0,1.0,136.0,1.0,37.0,38.0,4.0,5.0,126.0,1.0,0.0,0.0,1.0,0.0,0.0,19.0,0.0,0.0,8.0,8.0,7.0,15.11,0.0,0.0,8.0,8.0,7.0,15.11,0.0,10.8,1.4000000000000001,1.74,Graduate
1.0,1.0,2.0,9238.0,1.0,1.0,134.0,1.0,1.0,19.0,4.0,5.0,126.0,0.0,0.0,0.0,1.0,0.0,0.0,18.0,0.0,0.0,6.0,10.0,4.0,11.0,0.0,0.0,6.0,8.0,5.0,11.200000000000001,0.0,10.8,1.4000000000000001,1.74,Graduate
1.0,1.0,1.0,9500.0,1.0,1.0,153.0,1.0,38.0,19.0,9.0,5.0,138.5,1.0,0.0,0.0,1.0,0.0,1.0,20.0,0.0,0.0,8.0,8.0,7.0,15.7985714285714,0.0,0.0,8.0,8.0,7.0,15.7985714285714,0.0,10.8,1.4000000000000001,1.74,Graduate
1.0,1.0,3.0,9500.0,1.0,1.0,119.0,1.0,19.0,37.0,9.0,9.0,119.4,1.0,0.0,0.0,1.0,0.0,0.0,20.0,0.0,0.0,7.0,7.0,7.0,13.775714285714301,0.0,0.0,8.0,8.0,8.0,15.6,0.0,12.4,0.5,1.79,Graduate
4.0,39.0,1.0,9500.0,1.0,1.0,140.0,1.0,38.0,37.0,7.0,7.0,101.5,1.0,0.0,0.0,1.0,0.0,0.0,24.0,0.0,0.0,8.0,11.0,7.0,12.16,0.0,0.0,8.0,11.0,7.0,12.16,0.0,10.8,1.4000000000000001,1.74,Graduate
4.0,39.0,2.0,9556.0,1.0,1.0,133.1,1.0,38.0,37.0,7.0,7.0,101.5,1.0,0.0,0.0,1.0,0.0,0.0,24.0,0.0,0.0,7.0,0.0,0.0,0.0,0.0,0.0,7.0,0.0,0.0,0.0,0.0,10.8,1.4000000000000001,1.74,Dropout
1.0,17.0,2.0,9773.0,1.0,1.0,130.0,1.0,2.0,1.0,2.0,7.0,126.2,1.0,0.0,0.0,1.0,0.0,0.0,20.0,0.0,0.0,6.0,6.0,6.0,14.3333333333333,0.0,0.0,6.0,6.0,6.0,15.5,0.0,12.4,0.5,1.79,Graduate
1.0,1.0,3.0,9070.0,1.0,1.0,128.0,1.0,19.0,19.0,3.0,3.0,129.8,1.0,0.0,0.0,1.0,0.0,0.0,20.0,0.0,0.0,6.0,6.0,6.0,11.8333333333333,0.0,0.0,6.0,6.0,3.0,13.3333333333333,0.0,9.4,-0.8,-3.12,Enrolled
1.0,1.0,1.0,9085.0,1.0,1.0,145.0,1.0,38.0,37.0,3.0,9.0,138.4,1.0,0.0,0.0,0.0,0.0,0.0,18.0,0.0,0.0,6.0,7.0,6.0,14.8333333333333,0.0,0.0,6.0,8.0,6.0,12.5,0.0,8.9,1.4000000000000001,3.5100000000000002,Enrolled
1.0,1.0,1.0,9500.0,1.0,1.0,146.0,1.0,1.0,37.0,9.0,9.0,129.3,0.0,0.0,0.0,1.0,0.0,0.0,18.0,0.0,0.0,8.0,8.0,7.0,14.200000000000001,0.0,0.0,8.0,8.0,7.0,14.200000000000001,0.0,12.700000000000001,3.7,-1.7000000000000002,Graduate
1.0,1.0,1.0,9085.0,1.0,1.0,119.0,1.0,2.0,1.0,4.0,3.0,113.10000000000001,1.0,0.0,0.0,1.0,0.0,0.0,21.0,0.0,0.0,5.0,6.0,5.0,12.200000000000001,0.0,0.0,5.0,5.0,5.0,13.200000000000001,0.0,10.8,1.4000000000000001,1.74,Graduate
1.0,17.0,1.0,9853.0,1.0,1.0,160.0,1.0,1.0,38.0,4.0,10.0,144.3,1.0,0.0,0.0,1.0,0.0,0.0,18.0,0.0,0.0,6.0,10.0,4.0,13.0,0.0,0.0,6.0,9.0,5.0,13.6666666666667,0.0,9.4,-0.8,-3.12,Graduate
1.0,17.0,5.0,9500.0,1.0,1.0,144.0,1.0,19.0,1.0,5.0,3.0,141.0,1.0,0.0,0.0,1.0,0.0,1.0,19.0,0.0,0.0,8.0,8.0,7.0,12.4857142857143,0.0,0.0,8.0,8.0,7.0,12.4857142857143,0.0,12.700000000000001,3.7,-1.7000000000000002,Graduate
1.0,7.0,1.0,9085.0,1.0,40.0,130.0,1.0,1.0,1.0,4.0,4.0,130.0,1.0,0.0,0.0,1.0,0.0,0.0,22.0,0.0,0.0,6.0,7.0,6.0,17.0,0.0,0.0,6.0,7.0,6.0,16.2857142857143,0.0,11.100000000000001,0.6000000000000001,2.02,Graduate
1.0,17.0,3.0,9238.0,1.0,1.0,122.0,1.0,19.0,19.0,7.0,7.0,117.5,1.0,0.0,0.0,1.0,0.0,0.0,19.0,0.0,0.0,6.0,7.0,5.0,10.8,0.0,0.0,6.0,9.0,6.0,10.1666666666667,0.0,8.9,1.4000000000000001,3.5100000000000002,Graduate
1.0,1.0,3.0,9500.0,1.0,1.0,153.0,6.0,37.0,37.0,9.0,9.0,131.8,1.0,0.0,0.0,1.0,0.0,0.0,18.0,1.0,0.0,7.0,7.0,6.0,14.7166666666667,0.0,0.0,7.0,7.0,6.0,14.7166666666667,0.0,7.6000000000000005,2.6,0.32,Graduate
1.0,1.0,1.0,9085.0,1.0,1.0,147.0,1.0,37.0,19.0,9.0,5.0,133.70000000000002,1.0,0.0,0.0,1.0,0.0,1.0,19.0,0.0,0.0,5.0,10.0,2.0,13.5,0.0,0.0,5.0,11.0,5.0,11.4,1.0,10.8,1.4000000000000001,1.74,Enrolled
1.0,43.0,1.0,9500.0,1.0,1.0,121.0,1.0,38.0,19.0,5.0,5.0,115.4,1.0,0.0,0.0,1.0,0.0,1.0,24.0,0.0,0.0,8.0,8.0,7.0,11.9714285714286,0.0,0.0,8.0,8.0,7.0,11.9714285714286,0.0,12.700000000000001,3.7,-1.7000000000000002,Enrolled
1.0,1.0,3.0,9085.0,1.0,1.0,134.0,1.0,38.0,19.0,9.0,5.0,129.1,0.0,0.0,0.0,1.0,0.0,0.0,19.0,0.0,0.0,5.0,7.0,3.0,12.0,0.0,0.0,5.0,7.0,4.0,13.5,0.0,7.6000000000000005,2.6,0.32,Enrolled
1.0,1.0,1.0,8014.0,0.0,1.0,133.0,1.0,38.0,38.0,5.0,2.0,135.5,0.0,0.0,0.0,1.0,0.0,0.0,34.0,0.0,0.0,6.0,7.0,6.0,12.3333333333333,0.0,0.0,6.0,6.0,6.0,11.6666666666667,0.0,10.8,1.4000000000000001,1.74,Graduate
1.0,17.0,5.0,9085.0,1.0,1.0,118.0,1.0,38.0,38.0,9.0,9.0,112.4,1.0,0.0,0.0,1.0,0.0,0.0,19.0,0.0,0.0,12.0,22.0,6.0,15.307692307692301,0.0,0.0,10.0,13.0,6.0,13.875,0.0,15.5,2.8000000000000003,-4.0600000000000005,Graduate
1.0,1.0,1.0,9500.0,1.0,1.0,137.0,1.0,37.0,37.0,7.0,9.0,130.8,1.0,0.0,0.0,1.0,0.0,1.0,18.0,0.0,0.0,7.0,7.0,6.0,12.6666666666667,0.0,0.0,7.0,7.0,6.0,12.6666666666667,0.0,7.6000000000000005,2.6,0.32,Graduate
1.0,1.0,5.0,9500.0,1.0,1.0,143.0,1.0,37.0,37.0,9.0,5.0,131.6,1.0,0.0,0.0,1.0,0.0,1.0,19.0,0.0,0.0,7.0,10.0,7.0,14.368,0.0,0.0,8.0,8.0,8.0,14.44875,0.0,15.5,2.8000000000000003,-4.0600000000000005,Graduate
1.0,39.0,1.0,9500.0,1.0,1.0,123.0,1.0,19.0,1.0,1.0,1.0,140.8,0.0,0.0,0.0,1.0,0.0,0.0,25.0,0.0,0.0,8.0,8.0,7.0,12.0842857142857,0.0,0.0,8.0,8.0,7.0,12.0842857142857,0.0,10.8,1.4000000000000001,1.74,Graduate
1.0,44.0,1.0,9085.0,1.0,39.0,140.0,1.0,3.0,38.0,2.0,9.0,140.0,1.0,0.0,0.0,1.0,0.0,0.0,21.0,0.0,7.0,12.0,18.0,8.0,12.25,0.0,4.0,12.0,27.0,8.0,12.200000000000001,0.0,12.4,0.5,1.79,Enrolled
1.0,1.0,1.0,9254.0,1.0,1.0,118.0,1.0,37.0,37.0,7.0,7.0,114.2,0.0,0.0,0.0,1.0,0.0,0.0,18.0,0.0,0.0,6.0,10.0,5.0,12.200000000000001,0.0,0.0,6.0,10.0,5.0,11.600000000000001,0.0,16.2,0.30000000000000004,-0.92,Enrolled
1.0,1.0,1.0,9238.0,1.0,1.0,142.0,1.0,34.0,38.0,4.0,7.0,127.30000000000001,0.0,0.0,0.0,1.0,0.0,1.0,18.0,0.0,0.0,6.0,12.0,4.0,11.0,0.0,0.0,6.0,9.0,6.0,11.5,0.0,9.4,-0.8,-3.12,Graduate
1.0,1.0,1.0,8014.0,0.0,1.0,115.0,1.0,38.0,38.0,9.0,7.0,115.0,1.0,0.0,0.0,1.0,0.0,0.0,28.0,0.0,0.0,6.0,8.0,5.0,12.8,0.0,0.0,6.0,8.0,5.0,11.0,0.0,9.4,-0.8,-3.12,Graduate
5.0,43.0,1.0,9500.0,1.0,1.0,131.0,1.0,1.0,38.0,5.0,5.0,118.80000000000001,0.0,0.0,0.0,1.0,0.0,1.0,18.0,0.0,0.0,8.0,8.0,7.0,11.8571428571429,0.0,0.0,8.0,8.0,7.0,11.8571428571429,0.0,12.700000000000001,3.7,-1.7000000000000002,Graduate
2.0,39.0,1.0,9254.0,1.0,1.0,130.0,1.0,37.0,37.0,9.0,9.0,125.0,0.0,0.0,0.0,1.0,0.0,0.0,41.0,0.0,0.0,6.0,8.0,6.0,12.2857142857143,0.0,0.0,6.0,10.0,5.0,13.0,0.0,8.9,1.4000000000000001,3.5100000000000002,Graduate
1.0,17.0,2.0,9853.0,1.0,1.0,133.1,1.0,37.0,37.0,5.0,0.0,111.5,0.0,0.0,0.0,1.0,0.0,0.0,18.0,0.0,0.0,6.0,11.0,3.0,12.3333333333333,0.0,0.0,6.0,11.0,4.0,13.5,0.0,7.6000000000000005,2.6,0.32,Dropout
1.0,17.0,1.0,9238.0,1.0,1.0,134.0,1.0,38.0,19.0,7.0,7.0,124.2,0.0,0.0,0.0,1.0,0.0,1.0,21.0,0.0,0.0,6.0,11.0,4.0,11.25,0.0,0.0,6.0,12.0,4.0,11.4,0.0,15.5,2.8000000000000003,-4.0600000000000005,Graduate
4.0,7.0,1.0,9238.0,1.0,40.0,130.0,1.0,34.0,34.0,99.0,99.0,130.0,0.0,0.0,1.0,1.0,0.0,0.0,41.0,0.0,0.0,6.0,0.0,0.0,0.0,0.0,0.0,6.0,0.0,0.0,0.0,0.0,11.100000000000001,0.6000000000000001,2.02,Dropout
1.0,7.0,1.0,9070.0,1.0,3.0,133.1,1.0,3.0,5.0,2.0,2.0,120.0,1.0,0.0,0.0,1.0,0.0,0.0,32.0,0.0,0.0,3.0,3.0,2.0,16.0,0.0,0.0,3.0,3.0,1.0,16.0,0.0,7.6000000000000005,2.6,0.32,Dropout
1.0,43.0,1.0,8014.0,0.0,12.0,114.0,1.0,34.0,34.0,0.0,99.0,110.0,0.0,0.0,0.0,1.0,0.0,0.0,29.0,0.0,0.0,6.0,10.0,6.0,11.6666666666667,0.0,0.0,6.0,7.0,6.0,11.0,0.0,7.6000000000000005,2.6,0.32,Graduate
1.0,39.0,1.0,9556.0,1.0,1.0,130.0,1.0,19.0,38.0,9.0,8.0,113.30000000000001,0.0,0.0,0.0,1.0,0.0,0.0,24.0,0.0,0.0,7.0,15.0,5.0,12.4,0.0,0.0,8.0,14.0,7.0,12.15,0.0,12.4,0.5,1.79,Enrolled
1.0,43.0,1.0,9556.0,1.0,1.0,128.0,1.0,38.0,38.0,7.0,8.0,123.5,1.0,0.0,0.0,1.0,0.0,0.0,22.0,0.0,0.0,7.0,14.0,6.0,10.744444444444401,1.0,0.0,8.0,10.0,8.0,11.8375,0.0,12.700000000000001,3.7,-1.7000000000000002,Enrolled
1.0,1.0,1.0,9238.0,1.0,1.0,133.1,1.0,19.0,1.0,1.0,3.0,101.0,0.0,0.0,0.0,1.0,0.0,0.0,21.0,0.0,0.0,6.0,0.0,0.0,0.0,0.0,0.0,6.0,0.0,0.0,0.0,0.0,15.5,2.8000000000000003,-4.0600000000000005,Dropout
2.0,39.0,1.0,9500.0,1.0,19.0,133.1,1.0,37.0,38.0,9.0,10.0,120.9,1.0,0.0,0.0,1.0,0.0,0.0,39.0,0.0,0.0,7.0,12.0,4.0,12.0,0.0,0.0,7.0,13.0,4.0,12.5625,0.0,11.100000000000001,0.6000000000000001,2.02,Dropout
4.0,39.0,1.0,9085.0,1.0,1.0,140.0,1.0,37.0,37.0,9.0,9.0,154.60000000000002,0.0,0.0,0.0,0.0,0.0,1.0,44.0,0.0,0.0,6.0,12.0,4.0,12.75,0.0,0.0,6.0,15.0,2.0,10.0,0.0,8.9,1.4000000000000001,3.5100000000000002,Enrolled
1.0,1.0,1.0,9147.0,1.0,1.0,117.0,1.0,37.0,37.0,9.0,9.0,120.2,1.0,0.0,0.0,1.0,0.0,0.0,20.0,0.0,0.0,5.0,9.0,2.0,10.0,0.0,0.0,5.0,10.0,2.0,11.0,0.0,7.6000000000000005,2.6,0.32,Enrolled
1.0,43.0,3.0,9500.0,1.0,1.0,139.0,1.0,38.0,37.0,9.0,8.0,146.5,0.0,0.0,0.0,1.0,0.0,0.0,21.0,0.0,11.0,14.0,26.0,12.0,13.4173913043478,1.0,11.0,14.0,26.0,12.0,13.4173913043478,1.0,7.6000000000000005,2.6,0.32,Graduate
1.0,1.0,1.0,9773.0,1.0,1.0,159.0,1.0,34.0,26.0,0.0,6.0,160.10000000000002,1.0,0.0,0.0,1.0,0.0,0.0,18.0,0.0,0.0,6.0,6.0,6.0,15.1666666666667,0.0,0.0,6.0,7.0,6.0,14.8571428571429,0.0,7.6000000000000005,2.6,0.32,Graduate
1.0,39.0,1.0,9003.0,1.0,1.0,140.0,1.0,37.0,37.0,5.0,5.0,150.0,0.0,0.0,1.0,1.0,0.0,0.0,34.0,0.0,0.0,6.0,10.0,5.0,13.8333333333333,0.0,0.0,6.0,13.0,5.0,12.5,0.0,16.2,0.30000000000000004,-0.92,Graduate
1.0,1.0,3.0,9085.0,1.0,1.0,140.0,1.0,10.0,19.0,90.0,90.0,135.8,1.0,0.0,0.0,1.0,0.0,0.0,18.0,0.0,0.0,5.0,6.0,5.0,13.3333333333333,0.0,0.0,5.0,7.0,4.0,14.8,0.0,7.6000000000000005,2.6,0.32,Graduate
1.0,1.0,1.0,171.0,1.0,1.0,135.0,1.0,19.0,4.0,9.0,2.0,143.8,1.0,0.0,1.0,1.0,0.0,0.0,19.0,0.0,0.0,0.0,0.0,0.0,0.0,0.0,0.0,0.0,0.0,0.0,0.0,0.0,12.700000000000001,3.7,-1.7000000000000002,Enrolled
1.0,1.0,1.0,9853.0,1.0,1.0,121.0,1.0,37.0,19.0,6.0,7.0,116.80000000000001,1.0,0.0,0.0,1.0,0.0,0.0,18.0,0.0,0.0,6.0,11.0,3.0,11.6666666666667,0.0,0.0,6.0,11.0,3.0,10.6666666666667,0.0,9.4,-0.8,-3.12,Dropout
1.0,1.0,5.0,9085.0,1.0,1.0,124.0,1.0,3.0,19.0,2.0,3.0,113.9,1.0,0.0,0.0,1.0,0.0,0.0,19.0,0.0,0.0,6.0,12.0,5.0,15.0,0.0,0.0,6.0,9.0,6.0,13.4285714285714,0.0,16.2,0.30000000000000004,-0.92,Graduate
1.0,1.0,3.0,9500.0,1.0,1.0,131.0,1.0,37.0,37.0,9.0,9.0,118.0,1.0,0.0,0.0,1.0,0.0,1.0,18.0,0.0,0.0,8.0,8.0,7.0,13.242857142857101,0.0,0.0,8.0,8.0,7.0,13.242857142857101,0.0,12.700000000000001,3.7,-1.7000000000000002,Enrolled
1.0,1.0,5.0,9130.0,1.0,1.0,160.0,1.0,3.0,1.0,2.0,9.0,150.20000000000002,1.0,0.0,0.0,1.0,0.0,0.0,19.0,0.0,0.0,5.0,13.0,1.0,13.0,0.0,0.0,5.0,7.0,2.0,12.5,0.0,12.700000000000001,3.7,-1.7000000000000002,Dropout
1.0,1.0,2.0,9500.0,1.0,1.0,120.0,1.0,3.0,37.0,4.0,7.0,115.10000000000001,1.0,0.0,0.0,1.0,0.0,1.0,19.0,0.0,0.0,7.0,8.0,6.0,13.075000000000001,0.0,0.0,8.0,10.0,7.0,12.05,0.0,12.4,0.5,1.79,Graduate
1.0,1.0,1.0,9670.0,1.0,1.0,140.0,1.0,19.0,19.0,5.0,9.0,131.3,1.0,0.0,0.0,1.0,0.0,1.0,18.0,0.0,0.0,6.0,6.0,6.0,13.5,0.0,0.0,6.0,9.0,6.0,13.6666666666667,0.0,10.8,1.4000000000000001,1.74,Graduate
1.0,44.0,1.0,9991.0,0.0,39.0,120.0,1.0,37.0,37.0,7.0,7.0,120.0,1.0,0.0,0.0,1.0,0.0,1.0,23.0,0.0,2.0,6.0,8.0,5.0,11.8,0.0,2.0,6.0,8.0,6.0,12.3333333333333,0.0,9.4,-0.8,-3.12,Graduate
1.0,17.0,2.0,9254.0,1.0,1.0,118.0,22.0,19.0,37.0,9.0,9.0,110.30000000000001,1.0,0.0,0.0,0.0,0.0,0.0,18.0,1.0,0.0,6.0,7.0,5.0,12.600000000000001,0.0,0.0,6.0,6.0,5.0,11.8,0.0,11.100000000000001,0.6000000000000001,2.02,Enrolled
4.0,43.0,1.0,9853.0,1.0,1.0,133.1,100.0,19.0,22.0,90.0,90.0,100.0,0.0,0.0,0.0,1.0,0.0,0.0,33.0,1.0,0.0,6.0,6.0,6.0,12.1666666666667,0.0,0.0,6.0,9.0,3.0,11.0,0.0,7.6000000000000005,2.6,0.32,Dropout
1.0,17.0,2.0,9238.0,1.0,1.0,111.0,1.0,19.0,38.0,9.0,9.0,110.7,1.0,0.0,0.0,1.0,0.0,0.0,19.0,0.0,0.0,6.0,9.0,6.0,12.1666666666667,0.0,0.0,6.0,9.0,6.0,11.0,0.0,8.9,1.4000000000000001,3.5100000000000002,Graduate
1.0,43.0,3.0,171.0,1.0,1.0,140.0,1.0,37.0,38.0,7.0,7.0,143.4,1.0,0.0,0.0,1.0,0.0,0.0,21.0,0.0,0.0,0.0,0.0,0.0,0.0,0.0,0.0,0.0,0.0,0.0,0.0,0.0,9.4,-0.8,-3.12,Dropout
1.0,1.0,6.0,9500.0,1.0,1.0,125.0,1.0,19.0,19.0,9.0,9.0,115.9,0.0,0.0,0.0,1.0,0.0,0.0,18.0,0.0,0.0,7.0,7.0,7.0,13.5571428571429,0.0,0.0,8.0,9.0,8.0,13.200000000000001,0.0,12.4,0.5,1.79,Graduate
1.0,18.0,1.0,9991.0,0.0,1.0,133.1,1.0,38.0,38.0,5.0,5.0,145.0,0.0,0.0,0.0,1.0,0.0,1.0,21.0,0.0,0.0,5.0,6.0,4.0,12.25,0.0,0.0,5.0,8.0,4.0,11.8,0.0,10.8,1.4000000000000001,1.74,Enrolled
1.0,17.0,2.0,9070.0,1.0,1.0,136.0,1.0,19.0,38.0,4.0,7.0,140.9,1.0,0.0,0.0,1.0,0.0,0.0,19.0,0.0,0.0,6.0,6.0,6.0,14.3333333333333,0.0,0.0,6.0,6.0,6.0,13.5,0.0,9.4,-0.8,-3.12,Graduate
1.0,1.0,2.0,9773.0,1.0,1.0,115.0,1.0,34.0,38.0,0.0,5.0,108.4,1.0,0.0,0.0,1.0,0.0,0.0,20.0,0.0,0.0,6.0,10.0,4.0,10.5,0.0,0.0,6.0,8.0,4.0,11.75,0.0,7.6000000000000005,2.6,0.32,Graduate
1.0,1.0,1.0,9773.0,1.0,1.0,116.0,1.0,37.0,37.0,0.0,5.0,114.30000000000001,1.0,0.0,0.0,1.0,0.0,0.0,20.0,0.0,0.0,4.0,8.0,0.0,0.0,0.0,0.0,4.0,8.0,0.0,0.0,0.0,7.6000000000000005,2.6,0.32,Dropout
1.0,18.0,5.0,9853.0,1.0,1.0,110.0,1.0,19.0,37.0,7.0,7.0,110.0,1.0,0.0,0.0,1.0,0.0,0.0,20.0,0.0,0.0,6.0,10.0,4.0,12.75,0.0,0.0,6.0,14.0,3.0,11.3333333333333,0.0,10.8,1.4000000000000001,1.74,Enrolled
1.0,1.0,1.0,9238.0,1.0,1.0,135.0,1.0,38.0,38.0,4.0,7.0,121.7,1.0,0.0,0.0,1.0,0.0,1.0,18.0,0.0,0.0,6.0,14.0,0.0,0.0,0.0,0.0,6.0,9.0,4.0,11.0,0.0,7.6000000000000005,2.6,0.32,Enrolled
1.0,43.0,2.0,9147.0,1.0,1.0,131.0,1.0,19.0,37.0,5.0,9.0,123.7,1.0,0.0,0.0,1.0,0.0,0.0,18.0,0.0,0.0,5.0,10.0,1.0,14.0,0.0,0.0,5.0,10.0,1.0,14.0,0.0,7.6000000000000005,2.6,0.32,Enrolled
1.0,1.0,2.0,9500.0,1.0,1.0,124.0,1.0,37.0,37.0,7.0,7.0,116.5,1.0,0.0,0.0,1.0,0.0,1.0,20.0,0.0,0.0,7.0,9.0,7.0,14.0933333333333,0.0,0.0,8.0,8.0,8.0,15.0,0.0,11.100000000000001,0.6000000000000001,2.02,Graduate
1.0,1.0,1.0,9238.0,1.0,1.0,163.0,1.0,37.0,37.0,5.0,6.0,155.0,0.0,0.0,0.0,1.0,0.0,1.0,21.0,0.0,0.0,6.0,6.0,6.0,13.3333333333333,0.0,0.0,6.0,8.0,6.0,13.1666666666667,0.0,9.4,-0.8,-3.12,Graduate
1.0,43.0,1.0,9500.0,1.0,1.0,137.0,1.0,38.0,19.0,9.0,5.0,129.3,1.0,0.0,0.0,1.0,0.0,0.0,19.0,0.0,0.0,8.0,12.0,7.0,12.0714285714286,0.0,0.0,8.0,12.0,7.0,12.0714285714286,0.0,12.700000000000001,3.7,-1.7000000000000002,Graduate
1.0,1.0,3.0,9254.0,1.0,1.0,128.0,1.0,19.0,1.0,7.0,9.0,121.7,1.0,0.0,0.0,1.0,0.0,1.0,18.0,0.0,0.0,6.0,6.0,6.0,12.6666666666667,0.0,0.0,6.0,6.0,6.0,12.5,0.0,12.4,0.5,1.79,Graduate
1.0,39.0,1.0,9085.0,1.0,1.0,133.1,1.0,37.0,37.0,9.0,9.0,148.20000000000002,1.0,0.0,1.0,1.0,0.0,0.0,27.0,0.0,0.0,6.0,11.0,6.0,12.125,0.0,0.0,6.0,16.0,5.0,12.0,0.0,12.4,0.5,1.79,Enrolled
1.0,1.0,2.0,9500.0,1.0,1.0,133.1,1.0,19.0,38.0,7.0,9.0,125.5,1.0,0.0,0.0,1.0,0.0,1.0,21.0,0.0,0.0,7.0,9.0,7.0,13.200000000000001,0.0,0.0,8.0,9.0,7.0,13.2575,0.0,15.5,2.8000000000000003,-4.0600000000000005,Graduate
1.0,17.0,4.0,9500.0,1.0,1.0,148.0,1.0,3.0,19.0,4.0,7.0,131.9,1.0,0.0,0.0,1.0,0.0,1.0,18.0,0.0,0.0,7.0,8.0,7.0,14.15,0.0,0.0,8.0,8.0,8.0,14.51125,0.0,15.5,2.8000000000000003,-4.0600000000000005,Graduate
1.0,17.0,1.0,9853.0,1.0,1.0,127.0,1.0,38.0,37.0,5.0,7.0,121.80000000000001,1.0,0.0,1.0,1.0,0.0,0.0,18.0,0.0,0.0,6.0,12.0,4.0,13.5,0.0,0.0,6.0,14.0,3.0,10.6666666666667,0.0,10.8,1.4000000000000001,1.74,Enrolled
1.0,43.0,1.0,9853.0,1.0,1.0,110.0,1.0,37.0,37.0,9.0,9.0,107.7,0.0,0.0,1.0,0.0,0.0,0.0,28.0,0.0,0.0,6.0,0.0,0.0,0.0,0.0,0.0,5.0,10.0,0.0,0.0,0.0,10.8,1.4000000000000001,1.74,Dropout
1.0,39.0,1.0,9556.0,1.0,1.0,133.1,1.0,44.0,40.0,2.0,2.0,115.5,0.0,0.0,0.0,1.0,0.0,0.0,36.0,0.0,0.0,7.0,13.0,5.0,12.200000000000001,0.0,0.0,7.0,14.0,3.0,11.4,0.0,11.100000000000001,0.6000000000000001,2.02,Dropout
1.0,1.0,1.0,9085.0,1.0,1.0,145.0,1.0,38.0,38.0,9.0,10.0,139.8,1.0,0.0,0.0,1.0,0.0,0.0,20.0,0.0,0.0,5.0,6.0,5.0,14.8,1.0,0.0,5.0,6.0,5.0,14.0,0.0,12.700000000000001,3.7,-1.7000000000000002,Graduate
1.0,1.0,1.0,9238.0,1.0,1.0,136.0,1.0,38.0,38.0,0.0,7.0,133.20000000000002,1.0,0.0,0.0,1.0,0.0,0.0,19.0,0.0,0.0,6.0,8.0,5.0,11.0,0.0,0.0,6.0,13.0,5.0,11.4,0.0,7.6000000000000005,2.6,0.32,Graduate
1.0,1.0,1.0,9991.0,0.0,1.0,131.0,1.0,19.0,37.0,9.0,9.0,118.4,1.0,0.0,0.0,1.0,0.0,0.0,20.0,0.0,0.0,5.0,10.0,0.0,0.0,0.0,0.0,5.0,10.0,0.0,0.0,3.0,7.6000000000000005,2.6,0.32,Enrolled
1.0,17.0,2.0,9085.0,1.0,1.0,138.0,1.0,37.0,37.0,9.0,7.0,123.30000000000001,1.0,0.0,0.0,1.0,0.0,0.0,19.0,0.0,0.0,5.0,15.0,3.0,14.0,3.0,0.0,5.0,10.0,4.0,11.75,1.0,9.4,-0.8,-3.12,Enrolled
2.0,39.0,1.0,8014.0,0.0,1.0,150.0,1.0,37.0,38.0,3.0,7.0,134.5,0.0,0.0,0.0,1.0,0.0,0.0,28.0,0.0,0.0,6.0,8.0,5.0,11.8333333333333,0.0,0.0,6.0,6.0,6.0,13.0,0.0,16.2,0.30000000000000004,-0.92,Graduate
1.0,1.0,1.0,9670.0,1.0,1.0,112.0,1.0,37.0,1.0,7.0,0.0,110.60000000000001,0.0,0.0,0.0,1.0,0.0,0.0,20.0,0.0,0.0,5.0,7.0,4.0,11.75,0.0,0.0,5.0,7.0,5.0,11.8,1.0,7.6000000000000005,2.6,0.32,Graduate
1.0,42.0,1.0,9254.0,1.0,1.0,154.0,1.0,38.0,37.0,1.0,1.0,154.0,1.0,0.0,0.0,1.0,0.0,0.0,28.0,0.0,8.0,14.0,22.0,12.0,12.3333333333333,0.0,3.0,12.0,20.0,8.0,12.0,0.0,9.4,-0.8,-3.12,Graduate
1.0,43.0,1.0,9991.0,0.0,39.0,160.0,1.0,37.0,37.0,9.0,9.0,160.0,0.0,0.0,0.0,1.0,0.0,0.0,24.0,0.0,3.0,10.0,16.0,3.0,11.6666666666667,0.0,3.0,10.0,24.0,6.0,11.8333333333333,0.0,9.4,-0.8,-3.12,Dropout
1.0,44.0,1.0,9085.0,1.0,39.0,140.0,1.0,1.0,39.0,3.0,9.0,140.0,1.0,0.0,0.0,1.0,0.0,0.0,20.0,0.0,1.0,6.0,9.0,6.0,12.6666666666667,0.0,1.0,6.0,10.0,4.0,11.5,0.0,13.9,-0.30000000000000004,0.79,Enrolled
1.0,17.0,2.0,9853.0,1.0,1.0,150.0,1.0,37.0,37.0,5.0,6.0,132.5,1.0,0.0,0.0,1.0,0.0,0.0,22.0,0.0,0.0,6.0,9.0,4.0,12.25,0.0,0.0,6.0,8.0,5.0,11.600000000000001,0.0,10.8,1.4000000000000001,1.74,Enrolled
1.0,17.0,2.0,9254.0,1.0,1.0,141.0,1.0,1.0,4.0,4.0,4.0,127.7,0.0,0.0,0.0,1.0,0.0,1.0,18.0,0.0,0.0,6.0,7.0,6.0,11.2857142857143,0.0,0.0,6.0,9.0,4.0,13.5,0.0,16.2,0.30000000000000004,-0.92,Graduate
1.0,1.0,5.0,9147.0,1.0,1.0,122.0,1.0,38.0,38.0,9.0,9.0,117.5,1.0,0.0,1.0,0.0,0.0,0.0,22.0,0.0,0.0,5.0,12.0,2.0,11.5,0.0,0.0,5.0,12.0,0.0,0.0,0.0,12.700000000000001,3.7,-1.7000000000000002,Dropout
1.0,1.0,5.0,9254.0,1.0,1.0,120.0,1.0,37.0,37.0,9.0,7.0,127.0,1.0,0.0,0.0,1.0,0.0,1.0,18.0,0.0,0.0,6.0,10.0,6.0,11.6666666666667,0.0,0.0,6.0,10.0,4.0,12.25,0.0,9.4,-0.8,-3.12,Graduate
1.0,1.0,1.0,9500.0,1.0,1.0,139.0,1.0,19.0,37.0,5.0,5.0,125.5,0.0,0.0,0.0,1.0,0.0,1.0,21.0,0.0,0.0,8.0,8.0,7.0,13.5142857142857,0.0,0.0,8.0,8.0,7.0,13.5142857142857,0.0,12.700000000000001,3.7,-1.7000000000000002,Graduate
1.0,17.0,6.0,9773.0,1.0,1.0,138.0,1.0,1.0,1.0,4.0,2.0,140.5,1.0,0.0,0.0,1.0,0.0,0.0,19.0,0.0,0.0,6.0,7.0,6.0,13.0,0.0,0.0,6.0,9.0,6.0,13.714285714285701,0.0,7.6000000000000005,2.6,0.32,Graduate
1.0,5.0,1.0,9853.0,1.0,1.0,119.0,1.0,1.0,38.0,5.0,8.0,118.30000000000001,1.0,0.0,0.0,1.0,0.0,0.0,22.0,0.0,0.0,6.0,11.0,3.0,15.0,0.0,0.0,6.0,11.0,4.0,10.25,0.0,9.4,-0.8,-3.12,Enrolled
1.0,1.0,1.0,9500.0,1.0,1.0,129.0,1.0,38.0,38.0,5.0,5.0,120.80000000000001,1.0,0.0,0.0,1.0,0.0,1.0,20.0,0.0,0.0,8.0,8.0,7.0,12.7442857142857,0.0,0.0,8.0,8.0,7.0,12.7442857142857,0.0,10.8,1.4000000000000001,1.74,Graduate
1.0,1.0,1.0,9147.0,1.0,1.0,133.1,1.0,37.0,37.0,191.0,154.0,95.0,0.0,0.0,0.0,1.0,0.0,0.0,20.0,0.0,0.0,5.0,10.0,4.0,11.75,0.0,0.0,5.0,8.0,5.0,11.8,0.0,11.100000000000001,0.6000000000000001,2.02,Graduate
1.0,17.0,1.0,8014.0,0.0,1.0,125.0,1.0,37.0,37.0,5.0,6.0,122.2,1.0,0.0,1.0,1.0,0.0,0.0,19.0,0.0,0.0,6.0,6.0,6.0,12.1666666666667,0.0,0.0,6.0,7.0,6.0,11.6666666666667,0.0,10.8,1.4000000000000001,1.74,Graduate
1.0,17.0,1.0,171.0,1.0,1.0,125.0,1.0,1.0,1.0,7.0,3.0,143.9,1.0,0.0,0.0,1.0,0.0,0.0,20.0,0.0,0.0,0.0,0.0,0.0,0.0,0.0,0.0,0.0,0.0,0.0,0.0,0.0,15.5,2.8000000000000003,-4.0600000000000005,Enrolled
1.0,1.0,2.0,9070.0,1.0,1.0,137.0,1.0,19.0,38.0,9.0,9.0,127.2,1.0,0.0,0.0,1.0,0.0,1.0,20.0,0.0,1.0,6.0,9.0,5.0,13.4,1.0,0.0,6.0,9.0,6.0,12.375,0.0,13.9,-0.30000000000000004,0.79,Graduate
1.0,1.0,1.0,9238.0,1.0,1.0,123.0,1.0,34.0,38.0,0.0,7.0,120.2,1.0,0.0,0.0,1.0,0.0,0.0,20.0,0.0,0.0,6.0,9.0,5.0,11.8,0.0,0.0,6.0,10.0,4.0,11.5,0.0,7.6000000000000005,2.6,0.32,Dropout
1.0,1.0,3.0,9500.0,1.0,1.0,154.0,1.0,1.0,37.0,4.0,9.0,134.8,1.0,0.0,0.0,1.0,0.0,0.0,19.0,0.0,0.0,7.0,7.0,6.0,13.533333333333301,0.0,0.0,7.0,7.0,6.0,13.533333333333301,0.0,7.6000000000000005,2.6,0.32,Graduate
1.0,1.0,1.0,9254.0,1.0,1.0,144.0,1.0,19.0,19.0,9.0,9.0,142.6,1.0,0.0,0.0,1.0,0.0,1.0,18.0,0.0,0.0,6.0,7.0,6.0,14.1666666666667,0.0,0.0,6.0,10.0,4.0,14.0,0.0,15.5,2.8000000000000003,-4.0600000000000005,Graduate
1.0,1.0,1.0,9500.0,1.0,1.0,153.0,1.0,38.0,37.0,7.0,8.0,147.9,0.0,0.0,0.0,1.0,0.0,1.0,18.0,0.0,0.0,7.0,7.0,7.0,14.652857142857101,0.0,0.0,8.0,9.0,8.0,14.7555555555556,0.0,12.4,0.5,1.79,Graduate
1.0,1.0,1.0,171.0,1.0,1.0,152.0,1.0,1.0,38.0,4.0,9.0,160.4,1.0,0.0,0.0,0.0,0.0,0.0,19.0,0.0,0.0,0.0,0.0,0.0,0.0,0.0,0.0,0.0,0.0,0.0,0.0,0.0,7.6000000000000005,2.6,0.32,Dropout
1.0,1.0,1.0,9147.0,1.0,1.0,150.0,103.0,37.0,37.0,9.0,9.0,134.6,0.0,0.0,0.0,1.0,1.0,0.0,20.0,1.0,0.0,5.0,5.0,5.0,13.600000000000001,0.0,0.0,5.0,7.0,5.0,13.0,0.0,9.4,-0.8,-3.12,Graduate
1.0,1.0,1.0,9254.0,1.0,1.0,129.0,1.0,19.0,1.0,3.0,7.0,121.0,0.0,0.0,0.0,1.0,0.0,1.0,22.0,0.0,0.0,6.0,9.0,6.0,12.8333333333333,0.0,0.0,6.0,6.0,4.0,13.25,0.0,16.2,0.30000000000000004,-0.92,Graduate
1.0,1.0,1.0,9238.0,1.0,1.0,150.0,1.0,19.0,37.0,5.0,4.0,142.70000000000002,1.0,0.0,0.0,1.0,0.0,1.0,18.0,0.0,0.0,6.0,6.0,6.0,14.6666666666667,0.0,0.0,6.0,6.0,6.0,15.1666666666667,0.0,9.4,-0.8,-3.12,Graduate
1.0,17.0,2.0,9773.0,1.0,1.0,125.0,1.0,1.0,1.0,4.0,8.0,115.60000000000001,1.0,0.0,0.0,1.0,0.0,0.0,19.0,0.0,0.0,6.0,6.0,6.0,13.3333333333333,0.0,0.0,6.0,6.0,6.0,14.6666666666667,0.0,12.4,0.5,1.79,Graduate
1.0,1.0,1.0,9238.0,1.0,1.0,133.1,1.0,19.0,37.0,9.0,9.0,130.0,0.0,0.0,0.0,0.0,0.0,1.0,20.0,0.0,0.0,6.0,10.0,5.0,13.4,0.0,0.0,6.0,9.0,5.0,11.4,0.0,10.8,1.4000000000000001,1.74,Graduate
1.0,1.0,2.0,9500.0,1.0,1.0,140.0,1.0,38.0,37.0,5.0,6.0,124.30000000000001,1.0,0.0,0.0,1.0,0.0,1.0,19.0,0.0,0.0,7.0,9.0,7.0,13.3125,0.0,0.0,8.0,8.0,8.0,15.637500000000001,0.0,13.9,-0.30000000000000004,0.79,Graduate
1.0,1.0,1.0,171.0,1.0,1.0,140.0,1.0,19.0,37.0,5.0,6.0,137.9,1.0,0.0,1.0,0.0,0.0,0.0,18.0,0.0,0.0,0.0,0.0,0.0,0.0,0.0,0.0,0.0,0.0,0.0,0.0,0.0,8.9,1.4000000000000001,3.5100000000000002,Dropout
1.0,1.0,6.0,9773.0,1.0,1.0,133.1,1.0,1.0,37.0,3.0,3.0,100.0,1.0,0.0,1.0,0.0,0.0,0.0,20.0,0.0,0.0,4.0,4.0,0.0,0.0,0.0,0.0,5.0,5.0,0.0,0.0,0.0,12.4,0.5,1.79,Dropout
1.0,1.0,2.0,9773.0,1.0,1.0,132.0,1.0,1.0,2.0,9.0,3.0,128.20000000000002,1.0,0.0,0.0,1.0,0.0,1.0,19.0,0.0,0.0,6.0,7.0,6.0,12.3333333333333,0.0,0.0,6.0,6.0,6.0,13.5,0.0,9.4,-0.8,-3.12,Graduate
1.0,17.0,3.0,9773.0,1.0,1.0,135.0,1.0,1.0,19.0,5.0,7.0,135.0,0.0,0.0,0.0,1.0,0.0,0.0,18.0,0.0,0.0,6.0,6.0,6.0,13.5,0.0,0.0,6.0,6.0,6.0,13.3333333333333,0.0,12.4,0.5,1.79,Enrolled
1.0,16.0,4.0,9238.0,1.0,1.0,135.0,1.0,37.0,37.0,9.0,9.0,121.0,1.0,0.0,0.0,1.0,0.0,0.0,18.0,0.0,0.0,6.0,8.0,5.0,13.0,0.0,0.0,6.0,7.0,6.0,11.8333333333333,0.0,10.8,1.4000000000000001,1.74,Graduate
1.0,1.0,1.0,9670.0,1.0,1.0,133.1,1.0,34.0,38.0,0.0,4.0,147.0,0.0,0.0,0.0,1.0,0.0,0.0,22.0,0.0,0.0,5.0,6.0,2.0,12.5,0.0,0.0,5.0,5.0,0.0,0.0,0.0,9.4,-0.8,-3.12,Dropout
1.0,1.0,1.0,9238.0,1.0,1.0,168.0,1.0,37.0,37.0,9.0,9.0,149.5,0.0,0.0,0.0,1.0,0.0,0.0,18.0,0.0,0.0,6.0,10.0,6.0,17.0,0.0,0.0,6.0,11.0,6.0,16.0,0.0,12.4,0.5,1.79,Graduate
1.0,1.0,1.0,9238.0,1.0,1.0,143.0,1.0,19.0,1.0,9.0,9.0,144.4,1.0,0.0,0.0,1.0,0.0,0.0,20.0,0.0,0.0,6.0,7.0,6.0,13.5,0.0,0.0,6.0,6.0,6.0,13.0,0.0,10.8,1.4000000000000001,1.74,Graduate
1.0,17.0,2.0,9254.0,1.0,1.0,116.0,1.0,19.0,38.0,5.0,5.0,116.0,1.0,0.0,0.0,1.0,0.0,0.0,19.0,0.0,0.0,6.0,7.0,6.0,12.714285714285701,0.0,0.0,6.0,6.0,6.0,11.8333333333333,0.0,8.9,1.4000000000000001,3.5100000000000002,Graduate
1.0,43.0,1.0,9500.0,1.0,1.0,134.0,1.0,38.0,19.0,5.0,8.0,120.7,0.0,0.0,0.0,1.0,0.0,1.0,19.0,0.0,0.0,7.0,9.0,6.0,13.0,0.0,0.0,8.0,11.0,8.0,13.927272727272701,0.0,16.2,0.30000000000000004,-0.92,Graduate
1.0,44.0,1.0,9238.0,1.0,39.0,140.0,1.0,38.0,19.0,5.0,0.0,141.8,0.0,0.0,0.0,1.0,0.0,0.0,21.0,0.0,3.0,6.0,7.0,6.0,12.5714285714286,0.0,2.0,6.0,6.0,6.0,13.5,0.0,12.4,0.5,1.79,Graduate
1.0,17.0,2.0,8014.0,0.0,1.0,133.0,1.0,19.0,1.0,5.0,5.0,119.7,1.0,0.0,0.0,1.0,0.0,1.0,19.0,0.0,0.0,6.0,10.0,4.0,11.5,0.0,0.0,6.0,11.0,6.0,11.5,0.0,9.4,-0.8,-3.12,Dropout
1.0,1.0,6.0,9238.0,1.0,1.0,125.0,1.0,38.0,1.0,7.0,4.0,118.4,1.0,0.0,0.0,1.0,0.0,1.0,19.0,0.0,0.0,6.0,6.0,6.0,13.5,0.0,0.0,6.0,7.0,6.0,13.2857142857143,0.0,11.100000000000001,0.6000000000000001,2.02,Graduate
2.0,39.0,1.0,8014.0,0.0,1.0,133.1,1.0,37.0,37.0,5.0,4.0,134.5,0.0,0.0,0.0,1.0,0.0,0.0,45.0,0.0,0.0,6.0,8.0,5.0,13.600000000000001,0.0,0.0,6.0,7.0,5.0,13.0,0.0,15.5,2.8000000000000003,-4.0600000000000005,Enrolled
2.0,39.0,1.0,9085.0,1.0,1.0,133.1,1.0,36.0,36.0,99.0,5.0,128.20000000000002,0.0,0.0,0.0,0.0,0.0,1.0,28.0,0.0,0.0,5.0,14.0,1.0,12.0,3.0,0.0,5.0,5.0,0.0,0.0,5.0,9.4,-0.8,-3.12,Dropout
2.0,43.0,1.0,9500.0,1.0,1.0,137.0,1.0,3.0,3.0,2.0,2.0,115.0,0.0,0.0,0.0,1.0,0.0,0.0,28.0,0.0,0.0,7.0,8.0,7.0,14.950000000000001,0.0,0.0,8.0,8.0,8.0,14.7375,0.0,13.9,-0.30000000000000004,0.79,Graduate
1.0,39.0,1.0,9991.0,0.0,1.0,140.0,1.0,38.0,19.0,9.0,5.0,130.0,0.0,0.0,1.0,1.0,0.0,0.0,25.0,0.0,0.0,5.0,10.0,4.0,11.25,0.0,0.0,5.0,9.0,4.0,12.0,0.0,12.700000000000001,3.7,-1.7000000000000002,Enrolled
1.0,43.0,1.0,9670.0,1.0,1.0,134.0,1.0,1.0,38.0,4.0,4.0,120.7,0.0,0.0,1.0,0.0,0.0,0.0,19.0,0.0,0.0,6.0,13.0,3.0,10.6666666666667,0.0,0.0,6.0,6.0,4.0,12.25,0.0,15.5,2.8000000000000003,-4.0600000000000005,Dropout
1.0,1.0,5.0,9500.0,1.0,1.0,139.0,1.0,38.0,38.0,9.0,5.0,130.5,1.0,0.0,0.0,1.0,0.0,0.0,19.0,0.0,0.0,8.0,8.0,7.0,14.992857142857101,0.0,0.0,8.0,8.0,7.0,14.992857142857101,0.0,10.8,1.4000000000000001,1.74,Graduate
1.0,1.0,2.0,9147.0,1.0,1.0,113.0,1.0,38.0,38.0,9.0,5.0,107.4,1.0,0.0,0.0,1.0,1.0,0.0,20.0,0.0,0.0,5.0,12.0,3.0,10.5,0.0,0.0,5.0,10.0,4.0,11.25,0.0,12.4,0.5,1.79,Enrolled
1.0,1.0,3.0,9238.0,1.0,1.0,133.1,1.0,1.0,1.0,9.0,9.0,100.0,1.0,0.0,0.0,1.0,1.0,0.0,22.0,0.0,0.0,6.0,6.0,4.0,11.25,0.0,0.0,6.0,7.0,3.0,11.0,0.0,8.9,1.4000000000000001,3.5100000000000002,Enrolled
1.0,43.0,1.0,9773.0,1.0,1.0,132.0,1.0,38.0,19.0,9.0,9.0,125.0,1.0,0.0,0.0,1.0,1.0,1.0,20.0,0.0,0.0,6.0,6.0,6.0,12.3333333333333,0.0,0.0,6.0,7.0,6.0,14.0,0.0,12.4,0.5,1.79,Graduate
1.0,1.0,4.0,9500.0,1.0,1.0,127.0,1.0,19.0,37.0,7.0,7.0,121.5,1.0,0.0,0.0,1.0,1.0,0.0,20.0,0.0,0.0,7.0,7.0,6.0,13.016666666666701,0.0,0.0,7.0,7.0,6.0,13.016666666666701,0.0,7.6000000000000005,2.6,0.32,Enrolled
1.0,1.0,1.0,9085.0,1.0,1.0,123.0,1.0,38.0,19.0,4.0,90.0,127.2,0.0,0.0,1.0,0.0,1.0,0.0,20.0,0.0,0.0,5.0,7.0,3.0,11.3333333333333,0.0,0.0,5.0,8.0,2.0,11.5,0.0,7.6000000000000005,2.6,0.32,Dropout
1.0,39.0,1.0,9085.0,1.0,40.0,130.0,1.0,3.0,2.0,3.0,2.0,160.0,1.0,0.0,0.0,1.0,0.0,0.0,27.0,0.0,0.0,6.0,7.0,6.0,16.1428571428571,0.0,0.0,6.0,7.0,6.0,14.6666666666667,0.0,13.9,-0.30000000000000004,0.79,Graduate
1.0,51.0,1.0,9085.0,1.0,1.0,125.0,1.0,1.0,1.0,9.0,4.0,120.0,0.0,0.0,0.0,1.0,0.0,0.0,22.0,0.0,0.0,6.0,8.0,6.0,14.8333333333333,0.0,0.0,6.0,10.0,5.0,13.8333333333333,0.0,11.100000000000001,0.6000000000000001,2.02,Graduate
1.0,1.0,3.0,9500.0,1.0,1.0,140.0,1.0,37.0,37.0,9.0,9.0,141.5,1.0,0.0,1.0,0.0,0.0,0.0,19.0,0.0,0.0,8.0,8.0,7.0,13.327142857142901,0.0,0.0,8.0,8.0,7.0,13.327142857142901,0.0,10.8,1.4000000000000001,1.74,Dropout
1.0,17.0,1.0,9238.0,1.0,1.0,111.0,1.0,19.0,38.0,3.0,3.0,111.4,1.0,0.0,0.0,0.0,0.0,0.0,19.0,0.0,0.0,6.0,13.0,4.0,11.0,0.0,0.0,6.0,13.0,2.0,11.5,0.0,12.700000000000001,3.7,-1.7000000000000002,Dropout
1.0,1.0,1.0,9070.0,1.0,1.0,132.0,1.0,4.0,39.0,2.0,2.0,136.6,1.0,0.0,0.0,1.0,0.0,0.0,18.0,0.0,1.0,6.0,10.0,6.0,11.714285714285701,1.0,0.0,6.0,15.0,6.0,10.375,0.0,13.9,-0.30000000000000004,0.79,Enrolled
1.0,1.0,1.0,171.0,1.0,1.0,150.0,1.0,3.0,3.0,2.0,5.0,154.60000000000002,1.0,0.0,0.0,1.0,0.0,0.0,19.0,0.0,6.0,12.0,13.0,12.0,12.3333333333333,0.0,4.0,11.0,12.0,10.0,12.7272727272727,0.0,8.9,1.4000000000000001,3.5100000000000002,Dropout
1.0,18.0,4.0,9853.0,1.0,1.0,118.0,1.0,19.0,37.0,9.0,6.0,111.4,1.0,0.0,1.0,0.0,0.0,0.0,20.0,0.0,0.0,7.0,9.0,0.0,0.0,0.0,0.0,6.0,6.0,0.0,0.0,0.0,11.100000000000001,0.6000000000000001,2.02,Dropout
2.0,43.0,1.0,9991.0,0.0,1.0,150.0,1.0,38.0,19.0,3.0,3.0,120.10000000000001,0.0,0.0,0.0,0.0,0.0,0.0,39.0,0.0,11.0,15.0,15.0,12.0,11.9166666666667,0.0,8.0,13.0,14.0,8.0,11.25,0.0,10.8,1.4000000000000001,1.74,Dropout
2.0,39.0,2.0,8014.0,0.0,19.0,100.0,1.0,37.0,37.0,4.0,7.0,100.0,0.0,0.0,1.0,1.0,0.0,0.0,37.0,0.0,0.0,6.0,9.0,6.0,11.8333333333333,0.0,0.0,6.0,7.0,6.0,11.0,0.0,7.6000000000000005,2.6,0.32,Graduate
2.0,39.0,1.0,9500.0,1.0,3.0,130.0,1.0,1.0,1.0,4.0,6.0,140.0,0.0,0.0,1.0,0.0,0.0,0.0,30.0,0.0,3.0,7.0,11.0,3.0,12.3333333333333,0.0,3.0,7.0,9.0,3.0,11.6666666666667,0.0,13.9,-0.30000000000000004,0.79,Dropout
2.0,43.0,1.0,9991.0,0.0,3.0,130.0,1.0,37.0,37.0,9.0,9.0,130.0,0.0,0.0,0.0,1.0,0.0,0.0,41.0,0.0,5.0,10.0,11.0,10.0,14.3,0.0,5.0,10.0,10.0,10.0,14.200000000000001,0.0,12.700000000000001,3.7,-1.7000000000000002,Graduate
4.0,39.0,1.0,9500.0,1.0,19.0,133.1,1.0,37.0,37.0,5.0,7.0,100.0,0.0,0.0,0.0,0.0,0.0,0.0,40.0,0.0,0.0,8.0,11.0,5.0,11.832,4.0,0.0,8.0,11.0,5.0,11.832,4.0,9.4,-0.8,-3.12,Dropout
1.0,1.0,1.0,9147.0,1.0,1.0,112.0,1.0,9.0,22.0,4.0,3.0,106.10000000000001,0.0,0.0,0.0,1.0,0.0,0.0,20.0,0.0,0.0,5.0,13.0,2.0,10.0,1.0,0.0,5.0,10.0,0.0,0.0,0.0,9.4,-0.8,-3.12,Dropout
2.0,1.0,1.0,9991.0,0.0,1.0,144.0,1.0,19.0,19.0,9.0,9.0,151.4,0.0,0.0,0.0,1.0,0.0,0.0,28.0,0.0,0.0,5.0,5.0,5.0,12.0,0.0,0.0,5.0,6.0,5.0,11.600000000000001,0.0,7.6000000000000005,2.6,0.32,Graduate
1.0,18.0,2.0,9853.0,1.0,1.0,120.0,1.0,19.0,37.0,9.0,4.0,113.7,1.0,0.0,1.0,0.0,0.0,0.0,19.0,0.0,0.0,7.0,11.0,5.0,12.200000000000001,0.0,0.0,7.0,13.0,0.0,0.0,0.0,12.4,0.5,1.79,Dropout
1.0,1.0,1.0,9670.0,1.0,1.0,121.0,1.0,37.0,37.0,5.0,9.0,116.5,1.0,0.0,0.0,1.0,0.0,0.0,23.0,0.0,0.0,5.0,7.0,3.0,11.3333333333333,0.0,0.0,5.0,5.0,4.0,11.25,0.0,7.6000000000000005,2.6,0.32,Dropout
1.0,7.0,1.0,8014.0,0.0,4.0,120.0,1.0,2.0,3.0,2.0,2.0,120.0,0.0,0.0,0.0,1.0,0.0,0.0,18.0,0.0,10.0,16.0,24.0,13.0,13.8461538461538,0.0,7.0,11.0,15.0,9.0,12.5555555555556,0.0,15.5,2.8000000000000003,-4.0600000000000005,Dropout
1.0,39.0,1.0,9500.0,1.0,1.0,100.0,1.0,1.0,19.0,4.0,8.0,122.0,0.0,0.0,0.0,1.0,0.0,0.0,24.0,0.0,0.0,8.0,8.0,7.0,12.412857142857101,0.0,0.0,8.0,8.0,7.0,12.412857142857101,0.0,10.8,1.4000000000000001,1.74,Graduate
1.0,17.0,5.0,9670.0,1.0,1.0,115.0,1.0,1.0,19.0,5.0,5.0,117.10000000000001,0.0,0.0,0.0,1.0,0.0,0.0,21.0,0.0,0.0,5.0,7.0,3.0,12.6666666666667,0.0,0.0,5.0,6.0,4.0,12.75,1.0,7.6000000000000005,2.6,0.32,Enrolled
1.0,1.0,2.0,9500.0,1.0,1.0,123.0,1.0,19.0,19.0,7.0,7.0,120.80000000000001,1.0,0.0,0.0,1.0,0.0,0.0,19.0,0.0,0.0,8.0,11.0,7.0,12.5457142857143,0.0,0.0,8.0,11.0,7.0,12.5457142857143,0.0,10.8,1.4000000000000001,1.74,Graduate
1.0,1.0,1.0,9773.0,1.0,1.0,134.0,1.0,37.0,19.0,9.0,10.0,141.4,1.0,0.0,0.0,1.0,0.0,0.0,19.0,0.0,0.0,6.0,12.0,3.0,13.0,0.0,0.0,6.0,13.0,2.0,14.0,0.0,9.4,-0.8,-3.12,Dropout
1.0,39.0,1.0,9003.0,1.0,1.0,123.0,1.0,37.0,37.0,9.0,9.0,110.0,0.0,0.0,1.0,0.0,0.0,0.0,48.0,0.0,0.0,6.0,6.0,0.0,0.0,0.0,0.0,6.0,6.0,0.0,0.0,0.0,11.100000000000001,0.6000000000000001,2.02,Dropout
2.0,43.0,1.0,9991.0,0.0,2.0,120.0,1.0,37.0,37.0,9.0,9.0,120.0,0.0,0.0,0.0,0.0,0.0,0.0,38.0,0.0,9.0,12.0,12.0,9.0,12.2222222222222,2.0,9.0,12.0,12.0,9.0,13.0,0.0,9.4,-0.8,-3.12,Dropout
1.0,17.0,1.0,9147.0,1.0,1.0,131.0,1.0,1.0,37.0,3.0,7.0,120.2,0.0,0.0,0.0,1.0,0.0,0.0,19.0,0.0,0.0,5.0,10.0,5.0,13.2857142857143,0.0,0.0,5.0,8.0,5.0,13.0,0.0,12.700000000000001,3.7,-1.7000000000000002,Graduate
2.0,39.0,1.0,9991.0,0.0,12.0,133.1,1.0,37.0,1.0,9.0,4.0,138.4,0.0,0.0,0.0,1.0,1.0,0.0,30.0,0.0,0.0,5.0,7.0,3.0,11.6666666666667,0.0,0.0,5.0,8.0,1.0,11.0,0.0,7.6000000000000005,2.6,0.32,Dropout
1.0,44.0,1.0,9003.0,1.0,39.0,150.0,1.0,37.0,19.0,9.0,9.0,150.0,0.0,0.0,0.0,1.0,1.0,1.0,24.0,0.0,0.0,6.0,9.0,6.0,13.5555555555556,0.0,0.0,6.0,7.0,6.0,12.6666666666667,0.0,13.9,-0.30000000000000004,0.79,Graduate
1.0,17.0,5.0,9773.0,1.0,1.0,134.0,1.0,1.0,19.0,9.0,5.0,121.80000000000001,1.0,0.0,0.0,1.0,1.0,0.0,19.0,0.0,0.0,6.0,6.0,6.0,13.1666666666667,0.0,0.0,6.0,8.0,6.0,12.4285714285714,0.0,16.2,0.30000000000000004,-0.92,Graduate
1.0,44.0,1.0,171.0,1.0,39.0,140.0,1.0,1.0,1.0,9.0,9.0,140.0,0.0,0.0,0.0,1.0,1.0,0.0,21.0,0.0,0.0,0.0,0.0,0.0,0.0,0.0,0.0,0.0,0.0,0.0,0.0,0.0,15.5,2.8000000000000003,-4.0600000000000005,Enrolled
1.0,1.0,1.0,9254.0,1.0,1.0,117.0,1.0,1.0,1.0,5.0,5.0,116.30000000000001,1.0,0.0,0.0,1.0,1.0,1.0,21.0,0.0,0.0,6.0,6.0,6.0,11.6666666666667,0.0,0.0,6.0,7.0,5.0,12.200000000000001,0.0,10.8,1.4000000000000001,1.74,Graduate
1.0,1.0,2.0,9991.0,0.0,1.0,143.0,1.0,5.0,1.0,4.0,4.0,131.5,0.0,0.0,0.0,1.0,1.0,0.0,19.0,0.0,0.0,5.0,11.0,4.0,11.0,0.0,0.0,5.0,8.0,4.0,12.25,0.0,15.5,2.8000000000000003,-4.0600000000000005,Dropout
1.0,17.0,2.0,9070.0,1.0,1.0,142.0,1.0,3.0,1.0,2.0,4.0,141.0,1.0,0.0,0.0,1.0,1.0,0.0,18.0,0.0,0.0,6.0,6.0,6.0,13.0,0.0,0.0,6.0,8.0,1.0,10.0,0.0,10.8,1.4000000000000001,1.74,Enrolled
1.0,17.0,1.0,9070.0,1.0,1.0,132.0,1.0,37.0,38.0,9.0,7.0,138.0,0.0,0.0,0.0,1.0,1.0,1.0,18.0,0.0,0.0,6.0,6.0,6.0,13.6666666666667,0.0,0.0,6.0,6.0,6.0,12.0,0.0,12.4,0.5,1.79,Graduate
1.0,17.0,4.0,9119.0,1.0,1.0,138.0,1.0,1.0,3.0,1.0,4.0,127.5,1.0,0.0,0.0,1.0,1.0,0.0,19.0,0.0,0.0,5.0,6.0,5.0,14.600000000000001,0.0,0.0,5.0,5.0,5.0,15.200000000000001,0.0,8.9,1.4000000000000001,3.5100000000000002,Dropout
1.0,1.0,1.0,9500.0,1.0,1.0,131.0,1.0,1.0,19.0,9.0,9.0,127.0,0.0,0.0,0.0,1.0,1.0,1.0,19.0,0.0,0.0,8.0,8.0,7.0,12.5142857142857,0.0,0.0,8.0,8.0,7.0,12.5142857142857,0.0,12.700000000000001,3.7,-1.7000000000000002,Graduate
1.0,17.0,2.0,9085.0,1.0,1.0,123.0,1.0,3.0,19.0,2.0,9.0,118.9,0.0,0.0,0.0,1.0,1.0,0.0,18.0,0.0,0.0,5.0,5.0,3.0,14.0,0.0,0.0,5.0,7.0,3.0,12.6666666666667,0.0,7.6000000000000005,2.6,0.32,Enrolled
1.0,1.0,1.0,9254.0,1.0,1.0,131.0,1.0,37.0,19.0,9.0,9.0,134.5,1.0,0.0,0.0,1.0,1.0,0.0,25.0,0.0,0.0,6.0,8.0,6.0,13.1666666666667,0.0,0.0,6.0,8.0,5.0,12.600000000000001,0.0,7.6000000000000005,2.6,0.32,Enrolled
1.0,17.0,1.0,9119.0,1.0,1.0,141.0,1.0,37.0,1.0,9.0,2.0,133.0,1.0,0.0,0.0,1.0,1.0,0.0,18.0,0.0,0.0,5.0,10.0,4.0,13.0,0.0,0.0,5.0,10.0,3.0,12.3333333333333,3.0,7.6000000000000005,2.6,0.32,Enrolled
5.0,39.0,1.0,9147.0,1.0,1.0,133.1,1.0,1.0,19.0,4.0,7.0,114.0,0.0,0.0,0.0,0.0,1.0,0.0,29.0,0.0,0.0,5.0,5.0,1.0,13.0,0.0,0.0,5.0,5.0,0.0,0.0,0.0,8.9,1.4000000000000001,3.5100000000000002,Dropout
1.0,17.0,1.0,9119.0,1.0,1.0,116.0,1.0,19.0,37.0,90.0,5.0,116.7,1.0,0.0,0.0,1.0,1.0,0.0,21.0,0.0,0.0,5.0,10.0,1.0,10.0,0.0,0.0,5.0,8.0,3.0,13.6666666666667,3.0,7.6000000000000005,2.6,0.32,Dropout
1.0,1.0,3.0,9773.0,1.0,1.0,123.0,1.0,1.0,1.0,4.0,7.0,125.10000000000001,1.0,0.0,1.0,1.0,1.0,1.0,18.0,0.0,0.0,6.0,6.0,6.0,14.3333333333333,0.0,0.0,6.0,6.0,6.0,15.3333333333333,0.0,11.100000000000001,0.6000000000000001,2.02,Graduate
1.0,17.0,1.0,9254.0,1.0,1.0,133.0,1.0,19.0,1.0,9.0,9.0,137.20000000000002,0.0,0.0,0.0,1.0,1.0,1.0,20.0,0.0,0.0,6.0,6.0,0.0,0.0,0.0,0.0,6.0,12.0,0.0,0.0,0.0,10.8,1.4000000000000001,1.74,Dropout
1.0,39.0,1.0,9991.0,0.0,1.0,133.1,1.0,19.0,37.0,9.0,7.0,111.4,0.0,0.0,0.0,1.0,1.0,0.0,27.0,0.0,0.0,5.0,7.0,1.0,11.0,0.0,0.0,5.0,7.0,0.0,0.0,0.0,13.9,-0.30000000000000004,0.79,Dropout
1.0,1.0,1.0,9085.0,1.0,1.0,133.1,1.0,3.0,1.0,4.0,9.0,105.0,1.0,0.0,0.0,1.0,1.0,0.0,21.0,0.0,0.0,6.0,15.0,3.0,11.25,0.0,0.0,6.0,9.0,0.0,0.0,0.0,12.4,0.5,1.79,Enrolled
1.0,18.0,2.0,9147.0,1.0,1.0,140.0,1.0,37.0,37.0,5.0,9.0,124.30000000000001,1.0,0.0,0.0,1.0,1.0,0.0,20.0,0.0,0.0,5.0,7.0,4.0,10.75,0.0,0.0,5.0,12.0,3.0,10.5714285714286,0.0,10.8,1.4000000000000001,1.74,Dropout
1.0,39.0,1.0,9147.0,1.0,19.0,100.0,1.0,38.0,19.0,7.0,9.0,132.0,0.0,0.0,1.0,0.0,1.0,0.0,28.0,0.0,0.0,5.0,7.0,1.0,11.0,0.0,0.0,5.0,9.0,0.0,0.0,0.0,10.8,1.4000000000000001,1.74,Dropout
1.0,39.0,2.0,9556.0,1.0,1.0,130.0,1.0,37.0,19.0,9.0,8.0,110.0,0.0,0.0,0.0,1.0,1.0,1.0,24.0,0.0,0.0,7.0,13.0,6.0,10.8571428571429,0.0,0.0,7.0,7.0,7.0,11.8571428571429,0.0,12.700000000000001,3.7,-1.7000000000000002,Enrolled
1.0,1.0,5.0,9147.0,1.0,1.0,134.0,1.0,3.0,2.0,2.0,2.0,134.70000000000002,0.0,0.0,0.0,1.0,1.0,0.0,22.0,0.0,1.0,5.0,10.0,4.0,11.75,0.0,0.0,5.0,10.0,3.0,11.0,0.0,7.6000000000000005,2.6,0.32,Enrolled
1.0,1.0,1.0,9085.0,1.0,1.0,134.0,1.0,37.0,19.0,9.0,9.0,136.8,1.0,0.0,0.0,1.0,1.0,0.0,20.0,0.0,0.0,5.0,8.0,5.0,12.8,0.0,0.0,5.0,9.0,4.0,13.6666666666667,1.0,10.8,1.4000000000000001,1.74,Graduate
1.0,44.0,1.0,9085.0,1.0,39.0,160.0,1.0,1.0,1.0,4.0,4.0,160.0,0.0,0.0,0.0,1.0,1.0,0.0,21.0,0.0,1.0,5.0,15.0,3.0,12.3333333333333,2.0,0.0,5.0,7.0,5.0,11.4,0.0,9.4,-0.8,-3.12,Graduate
1.0,44.0,1.0,9003.0,1.0,39.0,130.0,1.0,1.0,3.0,9.0,2.0,130.0,1.0,0.0,1.0,0.0,1.0,0.0,23.0,0.0,0.0,6.0,12.0,2.0,11.3333333333333,0.0,0.0,6.0,8.0,2.0,13.0,0.0,13.9,-0.30000000000000004,0.79,Dropout
1.0,1.0,1.0,9238.0,1.0,1.0,141.0,1.0,19.0,1.0,7.0,3.0,128.8,1.0,0.0,0.0,1.0,1.0,0.0,18.0,0.0,0.0,6.0,10.0,5.0,11.600000000000001,0.0,0.0,6.0,6.0,6.0,11.1666666666667,0.0,10.8,1.4000000000000001,1.74,Graduate
1.0,1.0,1.0,171.0,1.0,1.0,147.0,1.0,1.0,12.0,4.0,4.0,148.4,1.0,0.0,0.0,1.0,1.0,1.0,20.0,0.0,8.0,14.0,15.0,12.0,10.9230769230769,0.0,7.0,13.0,14.0,11.0,12.181818181818201,0.0,11.100000000000001,0.6000000000000001,2.02,Graduate
1.0,1.0,1.0,171.0,1.0,1.0,137.0,1.0,1.0,38.0,4.0,5.0,130.4,1.0,0.0,0.0,1.0,1.0,0.0,19.0,0.0,0.0,0.0,0.0,0.0,0.0,0.0,0.0,0.0,0.0,0.0,0.0,0.0,15.5,2.8000000000000003,-4.0600000000000005,Graduate
2.0,39.0,1.0,9500.0,1.0,3.0,130.0,1.0,1.0,1.0,4.0,6.0,126.0,0.0,0.0,0.0,1.0,1.0,0.0,32.0,0.0,0.0,7.0,7.0,7.0,13.6285714285714,0.0,0.0,8.0,8.0,8.0,13.912500000000001,0.0,13.9,-0.30000000000000004,0.79,Graduate
1.0,1.0,6.0,9254.0,1.0,1.0,119.0,1.0,19.0,19.0,9.0,9.0,118.7,1.0,0.0,0.0,1.0,1.0,0.0,20.0,0.0,0.0,6.0,16.0,3.0,10.3333333333333,0.0,0.0,6.0,16.0,1.0,11.0,0.0,10.8,1.4000000000000001,1.74,Dropout
1.0,39.0,1.0,9003.0,1.0,1.0,130.0,1.0,38.0,37.0,7.0,7.0,120.0,0.0,0.0,0.0,1.0,1.0,0.0,32.0,0.0,12.0,18.0,25.0,18.0,13.7368421052632,0.0,10.0,13.0,15.0,12.0,13.75,1.0,15.5,2.8000000000000003,-4.0600000000000005,Graduate
1.0,39.0,1.0,9003.0,1.0,1.0,130.0,1.0,38.0,19.0,9.0,6.0,120.0,1.0,0.0,0.0,1.0,1.0,0.0,28.0,0.0,7.0,13.0,19.0,8.0,11.625,0.0,5.0,10.0,17.0,6.0,11.0,0.0,15.5,2.8000000000000003,-4.0600000000000005,Enrolled
1.0,44.0,1.0,9070.0,1.0,39.0,120.0,1.0,1.0,38.0,5.0,5.0,116.30000000000001,1.0,1.0,0.0,1.0,1.0,1.0,21.0,0.0,2.0,7.0,7.0,4.0,11.5,0.0,5.0,9.0,10.0,7.0,12.1428571428571,0.0,12.4,0.5,1.79,Graduate
1.0,1.0,1.0,9773.0,1.0,1.0,130.0,1.0,38.0,37.0,9.0,6.0,133.9,0.0,0.0,0.0,1.0,1.0,1.0,19.0,0.0,0.0,6.0,8.0,5.0,14.0,0.0,0.0,6.0,8.0,6.0,13.0,0.0,10.8,1.4000000000000001,1.74,Graduate
1.0,39.0,1.0,9991.0,0.0,39.0,150.0,1.0,19.0,19.0,9.0,9.0,150.3,0.0,0.0,0.0,1.0,1.0,0.0,24.0,0.0,0.0,5.0,7.0,3.0,11.3333333333333,0.0,0.0,5.0,6.0,0.0,0.0,0.0,10.8,1.4000000000000001,1.74,Dropout
1.0,17.0,1.0,9147.0,1.0,1.0,120.0,1.0,38.0,38.0,9.0,8.0,118.30000000000001,0.0,0.0,0.0,1.0,1.0,0.0,18.0,0.0,0.0,5.0,13.0,1.0,10.0,0.0,0.0,5.0,5.0,1.0,10.0,0.0,12.700000000000001,3.7,-1.7000000000000002,Dropout
1.0,44.0,1.0,9003.0,1.0,39.0,130.0,1.0,1.0,37.0,6.0,6.0,130.0,1.0,0.0,0.0,1.0,1.0,0.0,20.0,0.0,0.0,6.0,14.0,5.0,11.714285714285701,0.0,0.0,6.0,15.0,5.0,12.0,0.0,16.2,0.30000000000000004,-0.92,Graduate
1.0,43.0,1.0,171.0,1.0,39.0,140.0,1.0,38.0,37.0,9.0,7.0,140.0,0.0,0.0,0.0,0.0,1.0,0.0,25.0,0.0,0.0,0.0,0.0,0.0,0.0,0.0,0.0,0.0,0.0,0.0,0.0,0.0,15.5,2.8000000000000003,-4.0600000000000005,Dropout
1.0,17.0,6.0,9147.0,1.0,1.0,130.0,1.0,37.0,37.0,9.0,9.0,110.4,1.0,0.0,0.0,1.0,1.0,0.0,25.0,0.0,13.0,15.0,15.0,13.0,10.7692307692308,0.0,11.0,14.0,15.0,12.0,11.8333333333333,0.0,7.6000000000000005,2.6,0.32,Dropout
1.0,17.0,4.0,9773.0,1.0,1.0,147.0,1.0,1.0,1.0,4.0,5.0,139.70000000000002,1.0,0.0,0.0,1.0,1.0,0.0,18.0,0.0,0.0,6.0,10.0,5.0,11.600000000000001,0.0,0.0,6.0,6.0,6.0,12.0,0.0,9.4,-0.8,-3.12,Dropout
1.0,1.0,1.0,9147.0,1.0,1.0,148.0,1.0,19.0,1.0,7.0,5.0,138.3,1.0,0.0,0.0,1.0,1.0,0.0,19.0,0.0,0.0,5.0,6.0,4.0,13.75,0.0,0.0,5.0,5.0,0.0,0.0,0.0,12.4,0.5,1.79,Dropout
1.0,1.0,5.0,9147.0,1.0,1.0,133.0,1.0,19.0,3.0,9.0,9.0,123.2,1.0,0.0,0.0,1.0,1.0,0.0,18.0,0.0,0.0,5.0,14.0,4.0,11.0,0.0,0.0,5.0,9.0,5.0,10.5,0.0,13.9,-0.30000000000000004,0.79,Dropout
1.0,42.0,1.0,9147.0,1.0,1.0,135.0,1.0,19.0,1.0,4.0,4.0,120.0,0.0,0.0,0.0,0.0,1.0,0.0,25.0,0.0,0.0,5.0,6.0,0.0,0.0,0.0,0.0,5.0,5.0,0.0,0.0,0.0,15.5,2.8000000000000003,-4.0600000000000005,Dropout
1.0,39.0,1.0,171.0,1.0,1.0,116.0,1.0,34.0,34.0,0.0,0.0,127.0,1.0,0.0,0.0,1.0,1.0,0.0,38.0,0.0,0.0,0.0,0.0,0.0,0.0,0.0,0.0,0.0,0.0,0.0,0.0,0.0,7.6000000000000005,2.6,0.32,Dropout
1.0,44.0,1.0,171.0,1.0,39.0,110.0,1.0,1.0,1.0,1.0,7.0,114.2,0.0,0.0,0.0,1.0,1.0,0.0,19.0,0.0,0.0,0.0,0.0,0.0,0.0,0.0,0.0,0.0,0.0,0.0,0.0,0.0,12.4,0.5,1.79,Dropout
1.0,1.0,4.0,9773.0,1.0,1.0,133.0,1.0,1.0,19.0,9.0,9.0,119.7,1.0,0.0,0.0,1.0,1.0,0.0,19.0,0.0,0.0,6.0,7.0,6.0,12.3333333333333,0.0,0.0,6.0,10.0,5.0,13.200000000000001,0.0,16.2,0.30000000000000004,-0.92,Graduate
1.0,44.0,1.0,9085.0,1.0,39.0,150.0,1.0,38.0,37.0,9.0,4.0,150.0,1.0,0.0,0.0,1.0,1.0,1.0,22.0,0.0,0.0,6.0,9.0,6.0,13.4285714285714,0.0,1.0,6.0,12.0,6.0,13.625,0.0,12.4,0.5,1.79,Graduate
1.0,1.0,6.0,9119.0,1.0,1.0,135.0,1.0,2.0,1.0,3.0,5.0,123.5,1.0,0.0,0.0,1.0,1.0,0.0,18.0,0.0,0.0,5.0,10.0,0.0,0.0,0.0,0.0,5.0,10.0,1.0,10.0,3.0,7.6000000000000005,2.6,0.32,Enrolled
1.0,7.0,1.0,9991.0,0.0,3.0,130.0,1.0,19.0,19.0,3.0,9.0,130.0,0.0,0.0,0.0,0.0,1.0,0.0,32.0,0.0,0.0,5.0,12.0,4.0,14.75,0.0,0.0,5.0,9.0,2.0,15.0,0.0,16.2,0.30000000000000004,-0.92,Dropout
1.0,43.0,1.0,9853.0,1.0,1.0,130.0,1.0,2.0,39.0,2.0,5.0,124.60000000000001,0.0,0.0,0.0,1.0,1.0,0.0,37.0,0.0,19.0,21.0,21.0,21.0,12.476190476190501,0.0,13.0,19.0,19.0,19.0,12.210526315789501,0.0,12.4,0.5,1.79,Graduate
1.0,17.0,1.0,9119.0,1.0,1.0,132.0,1.0,37.0,37.0,9.0,6.0,119.4,1.0,0.0,0.0,1.0,1.0,0.0,21.0,0.0,0.0,5.0,8.0,0.0,0.0,0.0,0.0,5.0,5.0,0.0,0.0,0.0,7.6000000000000005,2.6,0.32,Dropout
1.0,1.0,1.0,9254.0,1.0,1.0,125.0,1.0,1.0,3.0,4.0,1.0,121.9,1.0,0.0,0.0,1.0,1.0,0.0,18.0,0.0,0.0,6.0,15.0,3.0,11.6666666666667,0.0,0.0,6.0,14.0,2.0,12.5,0.0,10.8,1.4000000000000001,1.74,Dropout
1.0,1.0,3.0,9070.0,1.0,1.0,118.0,1.0,43.0,3.0,123.0,123.0,110.0,1.0,0.0,1.0,1.0,1.0,0.0,19.0,0.0,0.0,6.0,6.0,6.0,12.0,0.0,0.0,6.0,7.0,6.0,13.5714285714286,0.0,8.9,1.4000000000000001,3.5100000000000002,Graduate
1.0,17.0,1.0,9670.0,1.0,1.0,118.0,1.0,1.0,19.0,4.0,8.0,118.7,0.0,0.0,0.0,1.0,1.0,1.0,19.0,0.0,0.0,6.0,7.0,6.0,12.0,0.0,0.0,6.0,6.0,6.0,14.0,0.0,12.4,0.5,1.79,Graduate
1.0,1.0,1.0,171.0,1.0,1.0,161.0,41.0,1.0,1.0,9.0,7.0,163.10000000000002,1.0,0.0,0.0,0.0,0.0,0.0,19.0,1.0,6.0,12.0,12.0,12.0,15.25,0.0,4.0,11.0,12.0,11.0,15.0,0.0,8.9,1.4000000000000001,3.5100000000000002,Graduate
1.0,17.0,1.0,9773.0,1.0,1.0,136.0,1.0,19.0,38.0,9.0,9.0,121.7,1.0,0.0,0.0,1.0,1.0,1.0,19.0,0.0,0.0,6.0,9.0,5.0,12.4,0.0,0.0,6.0,6.0,6.0,13.1666666666667,0.0,12.700000000000001,3.7,-1.7000000000000002,Graduate
1.0,15.0,1.0,9147.0,1.0,1.0,135.0,26.0,1.0,1.0,9.0,7.0,135.0,0.0,0.0,1.0,1.0,1.0,0.0,21.0,1.0,0.0,5.0,9.0,3.0,12.3333333333333,0.0,0.0,5.0,8.0,4.0,11.25,0.0,8.9,1.4000000000000001,3.5100000000000002,Enrolled
4.0,39.0,1.0,9991.0,0.0,1.0,147.0,1.0,19.0,19.0,7.0,8.0,147.9,0.0,0.0,0.0,1.0,0.0,0.0,28.0,0.0,0.0,5.0,8.0,4.0,11.5,0.0,0.0,5.0,7.0,4.0,12.0,0.0,10.8,1.4000000000000001,1.74,Enrolled
1.0,1.0,1.0,9773.0,1.0,1.0,124.0,17.0,1.0,1.0,3.0,5.0,118.10000000000001,1.0,0.0,1.0,0.0,0.0,0.0,19.0,1.0,0.0,6.0,8.0,5.0,12.200000000000001,0.0,0.0,6.0,6.0,4.0,11.75,0.0,16.2,0.30000000000000004,-0.92,Dropout
1.0,39.0,1.0,9991.0,0.0,19.0,133.1,1.0,37.0,37.0,9.0,6.0,105.30000000000001,0.0,0.0,1.0,1.0,0.0,0.0,28.0,0.0,0.0,5.0,14.0,2.0,10.5,0.0,0.0,5.0,6.0,0.0,0.0,0.0,12.4,0.5,1.79,Dropout
1.0,1.0,1.0,9500.0,1.0,1.0,141.0,1.0,19.0,19.0,7.0,9.0,139.8,0.0,0.0,0.0,1.0,0.0,1.0,19.0,0.0,0.0,8.0,8.0,7.0,14.4,0.0,0.0,8.0,8.0,7.0,14.4,0.0,12.700000000000001,3.7,-1.7000000000000002,Graduate
2.0,7.0,1.0,8014.0,0.0,3.0,130.0,1.0,19.0,38.0,3.0,7.0,130.0,0.0,0.0,0.0,1.0,0.0,0.0,32.0,0.0,8.0,14.0,18.0,13.0,12.8461538461538,0.0,7.0,11.0,19.0,10.0,12.8,0.0,10.8,1.4000000000000001,1.74,Graduate
1.0,39.0,1.0,8014.0,0.0,39.0,110.0,1.0,19.0,37.0,9.0,8.0,127.5,0.0,0.0,1.0,0.0,0.0,0.0,26.0,0.0,0.0,6.0,13.0,4.0,12.0,0.0,0.0,6.0,7.0,5.0,13.200000000000001,0.0,16.2,0.30000000000000004,-0.92,Dropout
2.0,39.0,1.0,9147.0,1.0,12.0,133.1,1.0,37.0,37.0,9.0,9.0,120.0,0.0,0.0,0.0,1.0,0.0,0.0,25.0,0.0,0.0,5.0,0.0,0.0,0.0,0.0,0.0,5.0,0.0,0.0,0.0,0.0,9.4,-0.8,-3.12,Dropout
2.0,43.0,2.0,9853.0,1.0,1.0,130.0,1.0,38.0,31.0,4.0,1.0,124.2,0.0,0.0,0.0,1.0,0.0,0.0,31.0,0.0,3.0,7.0,8.0,6.0,13.6666666666667,0.0,1.0,6.0,8.0,5.0,13.5,0.0,9.4,-0.8,-3.12,Dropout
1.0,17.0,1.0,9238.0,1.0,1.0,120.0,1.0,37.0,1.0,9.0,5.0,113.4,1.0,0.0,0.0,1.0,0.0,1.0,20.0,0.0,0.0,6.0,10.0,5.0,11.8571428571429,0.0,0.0,6.0,8.0,6.0,11.6666666666667,0.0,12.700000000000001,3.7,-1.7000000000000002,Graduate
1.0,1.0,4.0,9238.0,1.0,1.0,133.1,1.0,1.0,37.0,8.0,9.0,118.0,1.0,0.0,0.0,1.0,0.0,0.0,19.0,0.0,0.0,6.0,0.0,0.0,0.0,0.0,0.0,6.0,0.0,0.0,0.0,0.0,12.700000000000001,3.7,-1.7000000000000002,Dropout
1.0,17.0,1.0,171.0,1.0,1.0,145.0,1.0,37.0,19.0,5.0,9.0,130.0,1.0,0.0,0.0,1.0,0.0,0.0,23.0,0.0,0.0,0.0,0.0,0.0,0.0,0.0,0.0,0.0,0.0,0.0,0.0,0.0,11.100000000000001,0.6000000000000001,2.02,Dropout
1.0,1.0,1.0,9238.0,1.0,1.0,131.0,1.0,37.0,1.0,9.0,9.0,135.9,1.0,0.0,0.0,1.0,0.0,0.0,18.0,0.0,0.0,6.0,8.0,5.0,13.200000000000001,0.0,0.0,6.0,6.0,6.0,11.3333333333333,0.0,9.4,-0.8,-3.12,Graduate
1.0,1.0,2.0,9238.0,1.0,1.0,147.0,1.0,19.0,38.0,9.0,8.0,135.8,1.0,0.0,0.0,1.0,0.0,1.0,19.0,0.0,0.0,6.0,8.0,6.0,12.714285714285701,0.0,0.0,6.0,12.0,5.0,11.0,0.0,13.9,-0.30000000000000004,0.79,Dropout
1.0,1.0,1.0,9254.0,1.0,1.0,138.0,1.0,38.0,19.0,9.0,10.0,133.1,0.0,0.0,0.0,1.0,0.0,0.0,18.0,0.0,0.0,6.0,6.0,6.0,12.5,0.0,0.0,6.0,6.0,6.0,12.6666666666667,0.0,15.5,2.8000000000000003,-4.0600000000000005,Graduate
1.0,1.0,1.0,9147.0,1.0,1.0,123.0,1.0,1.0,1.0,4.0,6.0,118.80000000000001,1.0,0.0,0.0,1.0,0.0,0.0,21.0,0.0,0.0,5.0,9.0,3.0,10.6666666666667,0.0,0.0,5.0,13.0,2.0,12.5,0.0,7.6000000000000005,2.6,0.32,Enrolled
1.0,1.0,2.0,9773.0,1.0,1.0,129.0,1.0,37.0,37.0,9.0,7.0,117.10000000000001,1.0,0.0,0.0,1.0,0.0,0.0,20.0,0.0,0.0,6.0,12.0,1.0,17.0,0.0,0.0,6.0,12.0,1.0,17.0,0.0,9.4,-0.8,-3.12,Enrolled
1.0,1.0,1.0,9085.0,1.0,1.0,125.0,1.0,1.0,19.0,4.0,9.0,114.5,1.0,0.0,0.0,1.0,0.0,0.0,24.0,0.0,0.0,5.0,6.0,5.0,13.0,1.0,0.0,5.0,9.0,4.0,13.25,0.0,12.700000000000001,3.7,-1.7000000000000002,Graduate
1.0,1.0,1.0,9670.0,1.0,1.0,131.0,1.0,37.0,37.0,9.0,6.0,127.2,0.0,0.0,0.0,1.0,0.0,1.0,18.0,0.0,0.0,5.0,7.0,3.0,12.6666666666667,0.0,0.0,5.0,5.0,4.0,12.5,0.0,9.4,-0.8,-3.12,Enrolled
1.0,42.0,1.0,9500.0,1.0,1.0,100.0,1.0,3.0,37.0,2.0,6.0,130.0,1.0,0.0,0.0,1.0,0.0,0.0,25.0,0.0,0.0,14.0,14.0,12.0,13.2916666666667,1.0,0.0,14.0,14.0,12.0,13.2916666666667,1.0,7.6000000000000005,2.6,0.32,Graduate
1.0,17.0,1.0,9085.0,1.0,1.0,120.0,1.0,2.0,3.0,2.0,2.0,116.10000000000001,0.0,0.0,0.0,1.0,0.0,0.0,20.0,0.0,0.0,5.0,12.0,3.0,11.6666666666667,2.0,0.0,5.0,11.0,4.0,11.5,1.0,9.4,-0.8,-3.12,Graduate
1.0,17.0,2.0,9500.0,1.0,1.0,145.0,1.0,19.0,37.0,5.0,9.0,130.5,1.0,0.0,0.0,1.0,0.0,0.0,18.0,0.0,0.0,8.0,8.0,7.0,14.24,0.0,0.0,8.0,8.0,7.0,14.24,0.0,10.8,1.4000000000000001,1.74,Graduate
1.0,39.0,1.0,9670.0,1.0,1.0,120.0,1.0,34.0,34.0,0.0,0.0,104.0,1.0,0.0,0.0,1.0,0.0,0.0,24.0,0.0,0.0,5.0,10.0,3.0,13.0,0.0,0.0,5.0,11.0,3.0,11.3333333333333,0.0,7.6000000000000005,2.6,0.32,Dropout
1.0,17.0,2.0,9500.0,1.0,1.0,140.0,1.0,1.0,1.0,5.0,10.0,128.5,1.0,0.0,0.0,1.0,0.0,0.0,18.0,0.0,0.0,7.0,9.0,5.0,14.06,0.0,0.0,7.0,9.0,6.0,12.5714285714286,0.0,12.4,0.5,1.79,Enrolled
1.0,17.0,5.0,9238.0,1.0,1.0,134.0,1.0,38.0,37.0,9.0,9.0,126.0,0.0,0.0,1.0,0.0,0.0,0.0,21.0,0.0,0.0,6.0,10.0,5.0,11.8333333333333,0.0,0.0,6.0,10.0,5.0,13.200000000000001,0.0,13.9,-0.30000000000000004,0.79,Dropout
1.0,1.0,1.0,9773.0,1.0,1.0,140.0,1.0,1.0,19.0,5.0,10.0,141.1,1.0,0.0,0.0,1.0,0.0,0.0,18.0,0.0,0.0,6.0,6.0,6.0,12.8333333333333,0.0,0.0,6.0,6.0,6.0,13.3333333333333,0.0,9.4,-0.8,-3.12,Graduate
1.0,17.0,2.0,9254.0,1.0,1.0,107.0,1.0,12.0,19.0,5.0,5.0,102.80000000000001,1.0,0.0,0.0,1.0,0.0,0.0,20.0,0.0,0.0,6.0,16.0,1.0,10.0,0.0,0.0,6.0,12.0,0.0,0.0,0.0,10.8,1.4000000000000001,1.74,Dropout
1.0,17.0,5.0,9147.0,1.0,1.0,133.0,1.0,1.0,1.0,4.0,4.0,129.20000000000002,1.0,0.0,0.0,1.0,0.0,0.0,19.0,0.0,0.0,5.0,9.0,2.0,11.0,0.0,0.0,5.0,12.0,2.0,10.0,0.0,7.6000000000000005,2.6,0.32,Dropout
1.0,1.0,1.0,9500.0,1.0,1.0,127.0,1.0,3.0,1.0,2.0,9.0,119.30000000000001,1.0,0.0,0.0,1.0,0.0,0.0,20.0,0.0,0.0,7.0,7.0,7.0,14.105714285714301,0.0,0.0,8.0,8.0,8.0,13.662500000000001,0.0,11.100000000000001,0.6000000000000001,2.02,Graduate
1.0,1.0,5.0,9500.0,1.0,1.0,141.0,1.0,38.0,19.0,9.0,6.0,126.30000000000001,1.0,0.0,0.0,1.0,0.0,0.0,20.0,0.0,0.0,8.0,12.0,7.0,12.4714285714286,0.0,0.0,8.0,12.0,7.0,12.4714285714286,0.0,12.700000000000001,3.7,-1.7000000000000002,Graduate
1.0,44.0,1.0,9085.0,1.0,39.0,140.0,1.0,3.0,1.0,4.0,3.0,140.0,1.0,0.0,0.0,1.0,0.0,1.0,20.0,0.0,2.0,6.0,11.0,6.0,11.8333333333333,0.0,1.0,6.0,17.0,5.0,11.8571428571429,0.0,12.4,0.5,1.79,Graduate
1.0,1.0,3.0,9070.0,1.0,1.0,150.0,1.0,1.0,1.0,4.0,8.0,131.5,1.0,0.0,0.0,1.0,0.0,0.0,20.0,0.0,0.0,6.0,6.0,6.0,12.5,0.0,0.0,6.0,6.0,6.0,12.8333333333333,0.0,7.6000000000000005,2.6,0.32,Graduate
1.0,1.0,6.0,9853.0,1.0,1.0,140.0,1.0,38.0,38.0,9.0,7.0,137.6,1.0,0.0,0.0,1.0,0.0,0.0,18.0,0.0,0.0,6.0,7.0,6.0,11.6666666666667,0.0,0.0,6.0,7.0,6.0,12.3333333333333,0.0,10.8,1.4000000000000001,1.74,Dropout
1.0,1.0,1.0,171.0,1.0,1.0,141.0,1.0,3.0,1.0,4.0,4.0,142.8,1.0,0.0,0.0,1.0,0.0,0.0,18.0,0.0,0.0,0.0,0.0,0.0,0.0,0.0,0.0,0.0,0.0,0.0,0.0,0.0,12.4,0.5,1.79,Graduate
4.0,39.0,1.0,9991.0,0.0,1.0,150.0,1.0,37.0,38.0,9.0,9.0,146.20000000000002,0.0,0.0,0.0,1.0,0.0,0.0,30.0,0.0,0.0,5.0,11.0,3.0,10.3333333333333,0.0,0.0,5.0,10.0,4.0,12.8,0.0,12.4,0.5,1.79,Enrolled
1.0,1.0,2.0,9085.0,1.0,1.0,160.0,1.0,4.0,19.0,2.0,5.0,162.10000000000002,1.0,0.0,0.0,1.0,0.0,0.0,18.0,0.0,0.0,5.0,8.0,5.0,16.1666666666667,2.0,0.0,5.0,9.0,5.0,14.2857142857143,1.0,9.4,-0.8,-3.12,Graduate
1.0,39.0,1.0,9085.0,1.0,19.0,133.1,1.0,37.0,37.0,4.0,8.0,140.0,0.0,0.0,0.0,1.0,0.0,0.0,35.0,0.0,0.0,6.0,11.0,3.0,12.6666666666667,0.0,0.0,6.0,7.0,0.0,0.0,0.0,11.100000000000001,0.6000000000000001,2.02,Dropout
1.0,39.0,1.0,8014.0,0.0,1.0,133.1,1.0,19.0,37.0,7.0,8.0,120.0,0.0,0.0,1.0,0.0,0.0,0.0,31.0,0.0,0.0,6.0,14.0,2.0,10.5,0.0,0.0,6.0,6.0,3.0,12.3333333333333,0.0,11.100000000000001,0.6000000000000001,2.02,Dropout
1.0,43.0,1.0,9254.0,1.0,1.0,134.0,1.0,37.0,37.0,9.0,9.0,133.3,1.0,0.0,1.0,1.0,0.0,0.0,19.0,0.0,0.0,6.0,13.0,2.0,11.5,0.0,0.0,6.0,13.0,1.0,11.0,0.0,7.6000000000000005,2.6,0.32,Dropout
1.0,1.0,4.0,9238.0,1.0,1.0,130.0,1.0,1.0,19.0,4.0,5.0,124.80000000000001,1.0,0.0,0.0,1.0,0.0,0.0,19.0,0.0,0.0,6.0,6.0,6.0,13.0,0.0,0.0,6.0,8.0,5.0,13.4,0.0,8.9,1.4000000000000001,3.5100000000000002,Graduate
1.0,17.0,4.0,9500.0,1.0,1.0,140.0,1.0,19.0,37.0,4.0,8.0,133.3,1.0,0.0,0.0,1.0,0.0,0.0,19.0,0.0,0.0,7.0,7.0,6.0,11.9666666666667,0.0,0.0,7.0,7.0,6.0,11.9666666666667,0.0,7.6000000000000005,2.6,0.32,Graduate
1.0,17.0,1.0,9500.0,1.0,1.0,145.0,1.0,3.0,3.0,2.0,3.0,141.8,0.0,0.0,0.0,1.0,0.0,0.0,19.0,0.0,0.0,8.0,8.0,8.0,13.3475,0.0,0.0,8.0,8.0,8.0,13.3475,0.0,9.4,-0.8,-3.12,Graduate
1.0,1.0,3.0,9085.0,1.0,1.0,133.0,1.0,1.0,38.0,9.0,90.0,128.20000000000002,0.0,0.0,0.0,1.0,0.0,0.0,21.0,0.0,0.0,5.0,7.0,5.0,12.0,0.0,0.0,5.0,7.0,4.0,12.5,0.0,7.6000000000000005,2.6,0.32,Graduate
1.0,17.0,3.0,9853.0,1.0,1.0,133.1,1.0,34.0,34.0,0.0,0.0,115.0,0.0,0.0,0.0,1.0,0.0,0.0,18.0,0.0,0.0,6.0,10.0,2.0,10.5,0.0,0.0,6.0,13.0,0.0,0.0,0.0,7.6000000000000005,2.6,0.32,Dropout
1.0,17.0,1.0,9238.0,1.0,1.0,132.0,1.0,37.0,37.0,9.0,9.0,123.60000000000001,1.0,0.0,0.0,1.0,0.0,0.0,18.0,0.0,0.0,6.0,9.0,4.0,11.5,0.0,0.0,6.0,10.0,4.0,10.75,0.0,7.6000000000000005,2.6,0.32,Enrolled
1.0,1.0,2.0,171.0,1.0,1.0,117.0,1.0,38.0,38.0,4.0,9.0,120.2,1.0,0.0,0.0,1.0,1.0,0.0,19.0,0.0,0.0,0.0,0.0,0.0,0.0,0.0,0.0,0.0,0.0,0.0,0.0,0.0,7.6000000000000005,2.6,0.32,Graduate
1.0,1.0,1.0,9670.0,1.0,1.0,127.0,1.0,3.0,19.0,3.0,9.0,127.0,1.0,0.0,0.0,1.0,1.0,0.0,18.0,0.0,0.0,6.0,9.0,6.0,13.5714285714286,0.0,0.0,6.0,11.0,4.0,14.0,0.0,12.4,0.5,1.79,Graduate
1.0,17.0,1.0,9085.0,1.0,1.0,134.0,1.0,19.0,19.0,1.0,1.0,120.4,1.0,0.0,0.0,1.0,1.0,0.0,18.0,0.0,0.0,6.0,10.0,6.0,14.700000000000001,0.0,0.0,6.0,10.0,6.0,12.0,0.0,16.2,0.30000000000000004,-0.92,Graduate
1.0,39.0,1.0,9991.0,0.0,1.0,120.0,1.0,37.0,37.0,9.0,9.0,120.0,1.0,0.0,0.0,0.0,1.0,0.0,25.0,0.0,0.0,5.0,5.0,0.0,0.0,0.0,0.0,5.0,5.0,0.0,0.0,0.0,9.4,-0.8,-3.12,Dropout
1.0,1.0,1.0,9500.0,1.0,1.0,136.0,1.0,2.0,2.0,3.0,3.0,120.0,1.0,0.0,0.0,1.0,1.0,0.0,18.0,0.0,0.0,7.0,8.0,6.0,11.8333333333333,0.0,0.0,7.0,8.0,6.0,11.8333333333333,0.0,7.6000000000000005,2.6,0.32,Enrolled
1.0,1.0,3.0,171.0,1.0,1.0,137.0,1.0,1.0,3.0,5.0,2.0,133.9,1.0,0.0,0.0,1.0,1.0,0.0,19.0,0.0,0.0,0.0,0.0,0.0,0.0,0.0,0.0,0.0,0.0,0.0,0.0,0.0,12.700000000000001,3.7,-1.7000000000000002,Graduate
1.0,1.0,6.0,9500.0,1.0,1.0,118.0,1.0,38.0,19.0,3.0,3.0,113.5,1.0,0.0,0.0,1.0,1.0,0.0,18.0,0.0,0.0,7.0,7.0,7.0,13.175714285714301,0.0,0.0,8.0,8.0,8.0,14.925,0.0,12.4,0.5,1.79,Graduate
1.0,39.0,1.0,9003.0,1.0,1.0,130.0,1.0,12.0,12.0,9.0,9.0,126.10000000000001,0.0,0.0,0.0,1.0,1.0,0.0,24.0,0.0,0.0,6.0,7.0,0.0,0.0,0.0,0.0,6.0,10.0,0.0,0.0,0.0,12.4,0.5,1.79,Dropout
1.0,1.0,1.0,9238.0,1.0,1.0,124.0,1.0,37.0,37.0,7.0,9.0,121.2,0.0,0.0,0.0,1.0,0.0,0.0,19.0,0.0,0.0,6.0,12.0,2.0,13.0,0.0,0.0,6.0,9.0,6.0,10.8333333333333,0.0,7.6000000000000005,2.6,0.32,Enrolled
5.0,7.0,1.0,9500.0,1.0,40.0,150.0,1.0,37.0,37.0,4.0,9.0,150.0,0.0,0.0,0.0,1.0,0.0,0.0,29.0,0.0,1.0,8.0,11.0,7.0,13.742857142857101,0.0,1.0,8.0,11.0,7.0,13.742857142857101,0.0,12.700000000000001,3.7,-1.7000000000000002,Graduate
1.0,43.0,1.0,9991.0,0.0,1.0,161.0,1.0,37.0,37.0,9.0,9.0,100.0,1.0,0.0,0.0,1.0,0.0,0.0,27.0,0.0,0.0,5.0,5.0,0.0,0.0,0.0,0.0,5.0,5.0,0.0,0.0,0.0,7.6000000000000005,2.6,0.32,Dropout
1.0,17.0,6.0,9500.0,1.0,1.0,143.0,1.0,38.0,1.0,9.0,10.0,127.30000000000001,1.0,0.0,0.0,1.0,0.0,0.0,18.0,0.0,0.0,7.0,8.0,7.0,12.2171428571429,0.0,0.0,8.0,11.0,7.0,12.11875,0.0,11.100000000000001,0.6000000000000001,2.02,Graduate
2.0,43.0,1.0,9991.0,0.0,1.0,130.0,1.0,37.0,37.0,9.0,9.0,103.80000000000001,0.0,0.0,0.0,1.0,0.0,0.0,28.0,0.0,14.0,15.0,15.0,14.0,11.0714285714286,0.0,12.0,14.0,16.0,12.0,11.3333333333333,1.0,9.4,-0.8,-3.12,Dropout
2.0,39.0,1.0,9853.0,1.0,19.0,133.1,1.0,37.0,37.0,9.0,9.0,131.0,0.0,0.0,0.0,1.0,0.0,1.0,32.0,0.0,0.0,7.0,10.0,7.0,13.4285714285714,0.0,2.0,8.0,8.0,8.0,13.25,0.0,13.9,-0.30000000000000004,0.79,Graduate
1.0,39.0,1.0,9991.0,0.0,1.0,110.0,1.0,37.0,37.0,7.0,7.0,133.9,0.0,0.0,0.0,1.0,0.0,0.0,30.0,0.0,0.0,5.0,7.0,5.0,11.4,0.0,0.0,5.0,6.0,5.0,13.6666666666667,0.0,10.8,1.4000000000000001,1.74,Dropout
1.0,7.0,1.0,9500.0,1.0,2.0,140.0,1.0,38.0,37.0,7.0,8.0,140.0,0.0,0.0,0.0,1.0,0.0,0.0,29.0,0.0,0.0,8.0,14.0,4.0,11.325000000000001,1.0,0.0,8.0,14.0,4.0,11.325000000000001,1.0,12.700000000000001,3.7,-1.7000000000000002,Dropout
1.0,1.0,2.0,9238.0,1.0,1.0,145.0,1.0,1.0,19.0,4.0,8.0,121.4,0.0,0.0,0.0,1.0,0.0,0.0,20.0,0.0,0.0,6.0,13.0,0.0,0.0,0.0,0.0,5.0,11.0,0.0,0.0,0.0,9.4,-0.8,-3.12,Enrolled
1.0,1.0,1.0,9500.0,1.0,1.0,131.0,1.0,1.0,1.0,9.0,9.0,122.0,0.0,0.0,0.0,1.0,0.0,0.0,19.0,0.0,0.0,8.0,8.0,7.0,15.0,0.0,0.0,8.0,8.0,7.0,15.0,0.0,12.700000000000001,3.7,-1.7000000000000002,Graduate
1.0,39.0,2.0,8014.0,0.0,1.0,141.0,1.0,37.0,37.0,9.0,9.0,150.5,0.0,0.0,0.0,1.0,0.0,0.0,29.0,0.0,0.0,6.0,7.0,6.0,13.1666666666667,0.0,0.0,6.0,8.0,6.0,15.625,0.0,12.4,0.5,1.79,Graduate
2.0,1.0,1.0,9238.0,1.0,1.0,145.0,1.0,37.0,34.0,9.0,7.0,139.4,0.0,0.0,0.0,0.0,0.0,0.0,27.0,0.0,0.0,6.0,12.0,2.0,11.0,0.0,0.0,6.0,14.0,4.0,10.5,0.0,9.4,-0.8,-3.12,Dropout
1.0,1.0,1.0,9238.0,1.0,1.0,122.0,1.0,19.0,19.0,193.0,194.0,112.60000000000001,0.0,0.0,0.0,1.0,0.0,0.0,19.0,0.0,0.0,6.0,0.0,0.0,0.0,0.0,0.0,6.0,0.0,0.0,0.0,0.0,12.4,0.5,1.79,Dropout
1.0,17.0,1.0,9670.0,1.0,1.0,118.0,1.0,37.0,38.0,8.0,7.0,115.2,1.0,0.0,0.0,1.0,0.0,1.0,21.0,0.0,0.0,5.0,7.0,3.0,12.3333333333333,0.0,0.0,5.0,5.0,2.0,12.5,0.0,7.6000000000000005,2.6,0.32,Dropout
2.0,1.0,1.0,9991.0,0.0,1.0,150.0,1.0,37.0,37.0,9.0,9.0,131.8,0.0,0.0,0.0,0.0,0.0,0.0,29.0,0.0,0.0,5.0,6.0,4.0,12.25,0.0,0.0,5.0,6.0,5.0,10.1666666666667,0.0,10.8,1.4000000000000001,1.74,Dropout
2.0,43.0,1.0,9147.0,1.0,2.0,120.0,1.0,37.0,37.0,9.0,9.0,122.80000000000001,0.0,0.0,1.0,0.0,0.0,0.0,42.0,0.0,13.0,13.0,13.0,13.0,11.9230769230769,0.0,12.0,12.0,12.0,12.0,12.5,0.0,15.5,2.8000000000000003,-4.0600000000000005,Dropout
1.0,1.0,1.0,9238.0,1.0,1.0,167.0,1.0,19.0,19.0,9.0,7.0,156.20000000000002,0.0,0.0,0.0,1.0,0.0,1.0,18.0,0.0,0.0,6.0,6.0,6.0,14.3333333333333,0.0,0.0,6.0,7.0,6.0,14.1428571428571,0.0,15.5,2.8000000000000003,-4.0600000000000005,Graduate
1.0,39.0,1.0,9085.0,1.0,1.0,150.0,1.0,38.0,38.0,9.0,9.0,132.0,1.0,0.0,0.0,1.0,0.0,0.0,24.0,0.0,0.0,5.0,6.0,5.0,12.0,0.0,0.0,5.0,5.0,5.0,13.0,0.0,10.8,1.4000000000000001,1.74,Graduate
2.0,7.0,1.0,9500.0,1.0,3.0,130.0,1.0,37.0,37.0,9.0,5.0,130.0,0.0,0.0,0.0,1.0,0.0,0.0,32.0,0.0,0.0,7.0,9.0,7.0,13.7611111111111,0.0,1.0,8.0,11.0,7.0,12.06375,0.0,15.5,2.8000000000000003,-4.0600000000000005,Enrolled
1.0,1.0,1.0,9147.0,1.0,1.0,151.0,1.0,37.0,1.0,4.0,10.0,138.4,0.0,0.0,0.0,1.0,0.0,0.0,18.0,0.0,0.0,5.0,6.0,4.0,11.25,0.0,0.0,5.0,8.0,5.0,11.0,0.0,10.8,1.4000000000000001,1.74,Enrolled
1.0,39.0,1.0,9991.0,0.0,1.0,120.0,1.0,38.0,38.0,5.0,7.0,146.20000000000002,0.0,0.0,0.0,1.0,0.0,0.0,27.0,0.0,0.0,5.0,10.0,3.0,12.3333333333333,0.0,0.0,5.0,10.0,3.0,10.6666666666667,0.0,11.100000000000001,0.6000000000000001,2.02,Graduate
1.0,1.0,4.0,9500.0,1.0,1.0,168.0,1.0,38.0,1.0,9.0,10.0,166.0,1.0,0.0,0.0,1.0,0.0,0.0,18.0,0.0,0.0,8.0,8.0,8.0,14.888750000000002,0.0,0.0,8.0,8.0,8.0,14.888750000000002,0.0,9.4,-0.8,-3.12,Graduate
1.0,17.0,3.0,9773.0,1.0,1.0,153.0,1.0,34.0,34.0,99.0,99.0,133.1,1.0,0.0,1.0,1.0,0.0,1.0,19.0,0.0,0.0,6.0,8.0,6.0,12.1666666666667,0.0,0.0,6.0,8.0,5.0,12.4,0.0,9.4,-0.8,-3.12,Dropout
1.0,1.0,2.0,9773.0,1.0,1.0,131.0,1.0,19.0,37.0,9.0,10.0,121.9,1.0,0.0,0.0,1.0,0.0,1.0,18.0,0.0,0.0,6.0,7.0,6.0,12.6666666666667,0.0,0.0,6.0,6.0,6.0,13.3333333333333,0.0,11.100000000000001,0.6000000000000001,2.02,Graduate
1.0,5.0,4.0,9853.0,1.0,1.0,116.0,1.0,3.0,38.0,3.0,8.0,110.4,1.0,0.0,0.0,1.0,0.0,0.0,21.0,0.0,0.0,6.0,9.0,5.0,12.600000000000001,0.0,0.0,6.0,9.0,3.0,11.6666666666667,0.0,9.4,-0.8,-3.12,Enrolled
1.0,39.0,1.0,9147.0,1.0,1.0,160.0,1.0,38.0,38.0,7.0,9.0,121.4,0.0,1.0,0.0,1.0,0.0,1.0,26.0,0.0,0.0,5.0,8.0,4.0,13.0,0.0,0.0,5.0,10.0,4.0,12.25,2.0,16.2,0.30000000000000004,-0.92,Graduate
1.0,1.0,1.0,9254.0,1.0,1.0,152.0,1.0,37.0,19.0,9.0,9.0,137.0,1.0,0.0,0.0,1.0,0.0,1.0,22.0,0.0,0.0,6.0,9.0,6.0,13.875,0.0,0.0,6.0,6.0,6.0,14.3333333333333,0.0,9.4,-0.8,-3.12,Graduate
2.0,39.0,1.0,9991.0,0.0,1.0,133.1,1.0,37.0,37.0,6.0,3.0,140.0,0.0,0.0,1.0,1.0,1.0,0.0,37.0,0.0,0.0,5.0,10.0,4.0,10.75,0.0,0.0,5.0,12.0,3.0,13.3333333333333,0.0,9.4,-0.8,-3.12,Dropout
1.0,7.0,1.0,9085.0,1.0,3.0,150.0,1.0,19.0,37.0,90.0,90.0,140.0,0.0,0.0,0.0,1.0,1.0,0.0,24.0,0.0,3.0,5.0,10.0,3.0,14.6666666666667,1.0,0.0,5.0,5.0,0.0,0.0,0.0,7.6000000000000005,2.6,0.32,Dropout
1.0,18.0,2.0,9853.0,1.0,1.0,168.0,1.0,1.0,19.0,3.0,9.0,126.80000000000001,1.0,0.0,0.0,1.0,1.0,0.0,18.0,0.0,0.0,6.0,7.0,5.0,12.600000000000001,0.0,0.0,6.0,6.0,6.0,13.0,0.0,10.8,1.4000000000000001,1.74,Enrolled
1.0,17.0,3.0,9500.0,1.0,1.0,137.0,1.0,1.0,1.0,4.0,10.0,124.80000000000001,1.0,0.0,0.0,1.0,1.0,1.0,19.0,0.0,0.0,7.0,11.0,6.0,12.412500000000001,0.0,0.0,8.0,12.0,7.0,11.262500000000001,0.0,15.5,2.8000000000000003,-4.0600000000000005,Graduate
2.0,39.0,1.0,9130.0,1.0,19.0,133.1,1.0,2.0,1.0,8.0,8.0,120.0,1.0,0.0,1.0,0.0,1.0,0.0,28.0,0.0,0.0,6.0,12.0,1.0,11.0,0.0,0.0,6.0,9.0,2.0,10.5,0.0,16.2,0.30000000000000004,-0.92,Dropout
1.0,1.0,4.0,9500.0,1.0,1.0,160.0,1.0,37.0,37.0,7.0,7.0,133.0,1.0,0.0,0.0,1.0,1.0,1.0,18.0,0.0,0.0,8.0,8.0,7.0,14.3142857142857,0.0,0.0,8.0,8.0,7.0,14.3142857142857,0.0,12.700000000000001,3.7,-1.7000000000000002,Graduate
1.0,1.0,1.0,9070.0,1.0,1.0,145.0,1.0,1.0,38.0,5.0,7.0,127.5,1.0,0.0,0.0,1.0,1.0,0.0,20.0,0.0,0.0,6.0,6.0,4.0,12.0,0.0,0.0,6.0,8.0,2.0,11.3333333333333,0.0,10.8,1.4000000000000001,1.74,Enrolled
1.0,1.0,1.0,9773.0,1.0,1.0,138.0,1.0,1.0,19.0,4.0,4.0,131.70000000000002,1.0,0.0,0.0,1.0,1.0,0.0,18.0,0.0,0.0,6.0,6.0,6.0,12.8333333333333,0.0,0.0,6.0,7.0,6.0,13.2857142857143,0.0,15.5,2.8000000000000003,-4.0600000000000005,Graduate
2.0,39.0,1.0,9773.0,1.0,1.0,100.0,1.0,37.0,37.0,9.0,9.0,133.0,0.0,0.0,0.0,1.0,1.0,0.0,47.0,0.0,0.0,6.0,8.0,5.0,11.4,0.0,0.0,6.0,10.0,6.0,11.6666666666667,0.0,12.700000000000001,3.7,-1.7000000000000002,Dropout
2.0,43.0,1.0,9991.0,0.0,1.0,140.0,1.0,37.0,37.0,4.0,1.0,122.7,0.0,0.0,0.0,1.0,1.0,0.0,38.0,0.0,0.0,5.0,5.0,5.0,14.600000000000001,0.0,0.0,5.0,6.0,5.0,14.3333333333333,0.0,13.9,-0.30000000000000004,0.79,Graduate
1.0,1.0,1.0,9070.0,1.0,1.0,124.0,1.0,37.0,19.0,9.0,4.0,121.2,0.0,0.0,0.0,1.0,1.0,1.0,20.0,0.0,1.0,6.0,7.0,6.0,13.5,0.0,1.0,6.0,9.0,5.0,12.5,0.0,10.8,1.4000000000000001,1.74,Graduate
1.0,44.0,1.0,9130.0,1.0,39.0,150.0,1.0,37.0,37.0,9.0,3.0,150.0,1.0,0.0,0.0,1.0,1.0,0.0,21.0,0.0,1.0,6.0,8.0,6.0,12.5,0.0,0.0,6.0,11.0,3.0,13.3333333333333,0.0,13.9,-0.30000000000000004,0.79,Dropout
1.0,43.0,1.0,9070.0,1.0,1.0,125.0,1.0,19.0,19.0,7.0,8.0,133.4,1.0,0.0,0.0,1.0,1.0,1.0,19.0,0.0,4.0,6.0,6.0,4.0,13.0,0.0,2.0,6.0,7.0,5.0,12.200000000000001,0.0,13.9,-0.30000000000000004,0.79,Enrolled
1.0,43.0,1.0,33.0,1.0,1.0,143.0,1.0,37.0,1.0,9.0,10.0,121.2,1.0,0.0,0.0,1.0,1.0,0.0,25.0,0.0,5.0,10.0,13.0,5.0,11.600000000000001,0.0,2.0,8.0,10.0,2.0,13.0,0.0,12.4,0.5,1.79,Enrolled
1.0,1.0,1.0,9130.0,1.0,1.0,137.0,1.0,3.0,38.0,3.0,5.0,129.3,1.0,0.0,0.0,1.0,0.0,0.0,18.0,0.0,0.0,5.0,6.0,5.0,11.8,1.0,0.0,5.0,8.0,5.0,11.600000000000001,0.0,9.4,-0.8,-3.12,Graduate
4.0,39.0,1.0,9500.0,1.0,19.0,133.1,1.0,37.0,37.0,6.0,6.0,117.80000000000001,0.0,0.0,1.0,0.0,0.0,0.0,46.0,0.0,0.0,7.0,14.0,3.0,12.3333333333333,0.0,0.0,7.0,12.0,3.0,11.0833333333333,0.0,11.100000000000001,0.6000000000000001,2.02,Dropout
1.0,43.0,2.0,9500.0,1.0,1.0,136.0,1.0,38.0,38.0,9.0,5.0,131.3,0.0,0.0,0.0,1.0,0.0,0.0,23.0,0.0,11.0,14.0,15.0,12.0,12.625,1.0,11.0,14.0,15.0,12.0,12.625,1.0,7.6000000000000005,2.6,0.32,Graduate
1.0,1.0,1.0,9070.0,1.0,1.0,132.0,1.0,1.0,1.0,9.0,9.0,133.8,1.0,0.0,0.0,1.0,0.0,1.0,20.0,0.0,0.0,6.0,6.0,6.0,13.8333333333333,0.0,0.0,6.0,6.0,6.0,13.5,0.0,16.2,0.30000000000000004,-0.92,Graduate
1.0,44.0,1.0,9070.0,1.0,39.0,120.0,1.0,3.0,38.0,3.0,9.0,120.0,0.0,0.0,0.0,1.0,1.0,0.0,20.0,0.0,2.0,7.0,7.0,6.0,12.5,0.0,5.0,9.0,10.0,7.0,13.1428571428571,1.0,16.2,0.30000000000000004,-0.92,Graduate
1.0,1.0,6.0,9773.0,1.0,1.0,125.0,1.0,1.0,1.0,5.0,4.0,122.2,0.0,0.0,0.0,1.0,1.0,0.0,19.0,0.0,0.0,6.0,7.0,5.0,13.600000000000001,0.0,0.0,6.0,8.0,5.0,12.6666666666667,0.0,15.5,2.8000000000000003,-4.0600000000000005,Graduate
1.0,1.0,2.0,9773.0,1.0,1.0,120.0,105.0,1.0,1.0,9.0,9.0,119.0,1.0,0.0,1.0,0.0,0.0,0.0,18.0,1.0,0.0,6.0,6.0,6.0,12.0,0.0,0.0,6.0,6.0,2.0,11.0,0.0,11.100000000000001,0.6000000000000001,2.02,Dropout
1.0,1.0,1.0,9500.0,1.0,1.0,154.0,1.0,37.0,37.0,9.0,9.0,149.5,1.0,0.0,0.0,1.0,0.0,1.0,30.0,0.0,0.0,7.0,8.0,7.0,14.912500000000001,0.0,0.0,8.0,9.0,1.0,13.5,0.0,13.9,-0.30000000000000004,0.79,Dropout
1.0,1.0,1.0,9147.0,1.0,1.0,180.0,1.0,37.0,37.0,7.0,4.0,153.8,1.0,0.0,0.0,1.0,0.0,1.0,20.0,0.0,0.0,5.0,5.0,5.0,13.8,0.0,0.0,5.0,6.0,5.0,12.0,0.0,9.4,-0.8,-3.12,Graduate
1.0,10.0,1.0,9773.0,1.0,1.0,152.0,22.0,38.0,37.0,5.0,9.0,152.0,1.0,0.0,0.0,1.0,0.0,0.0,22.0,1.0,0.0,6.0,8.0,6.0,11.6666666666667,0.0,0.0,6.0,6.0,6.0,13.0,0.0,12.700000000000001,3.7,-1.7000000000000002,Graduate
